"Identical","LAB_SEED","Orientation1","Orientation2","PPList","Picture1","Picture2","acc","accuracy","average_response_time","avg_rt","background","bidi","canvas_backend","clock_backend","color_backend","compensation","coordinates","correct","correct_Pictures_response","correct_Start_NOR","correct_Target_response_Prac","correct_Welcome_PP_NOR","correct_count","correct_response","count_Check_This","count_Disable_Mouse","count_EXP","count_LAB_SEED","count_Language_Selection","count_List_Select","count_List_Selection","count_Pictures_Break","count_Pictures_End","count_Pictures_Exp","count_Pictures_Fixation","count_Pictures_Fixation_Prac","count_Pictures_Prac","count_Pictures_Start","count_Pictures_Target","count_Pictures_Trial","count_Pictures_Welcome","count_Pictures_loop","count_Pictures_response","count_Pictures_response_correct","count_Pictures_response_noans","count_Pictures_response_wrong","count_Prac","count_Prac_Count","count_Prac_Reset","count_Prac_Trial","count_Prac_loop","count_Prac_seq","count_Prac_setup","count_Start_DE","count_Start_E","count_Start_HUN","count_Start_NOR","count_Start_PL","count_Start_POR","count_Start_SC","count_Start_TC","count_Start_THAI","count_Start_TUR","count_Target_Prac","count_Target_response_Prac","count_Target_response_correct_Prac","count_Target_response_noans_Prac","count_Target_response_wrong_Prac","count_Trial_logger","count_Welcome_PP_DE","count_Welcome_PP_E","count_Welcome_PP_HUN","count_Welcome_PP_NOR","count_Welcome_PP_PL","count_Welcome_PP_POR","count_Welcome_PP_SC","count_Welcome_PP_TC","count_Welcome_PP_THAI","count_Welcome_PP_TUR","datetime","de","description","disable_garbage_collection","empty_column","en","experiment_file","experiment_path","font_bold","font_family","font_italic","font_size","font_underline","foreground","form_clicks","form_response","fullscreen","height","hun","keyboard_backend","live_row","live_row_Pictures_loop","live_row_Prac","live_row_Prac_loop","logfile","mouse_backend","nor","opensesame_codename","opensesame_version","osf_always_upload_experiment","osf_id","pol","por","repeat_cycle","reset_loop","response","response_Pictures_Break","response_Pictures_End","response_Pictures_response","response_Start_DE","response_Start_E","response_Start_HUN","response_Start_NOR","response_Start_PL","response_Start_POR","response_Start_SC","response_Start_TC","response_Start_THAI","response_Start_TUR","response_Target_response_Prac","response_Welcome_PP_DE","response_Welcome_PP_E","response_Welcome_PP_HUN","response_Welcome_PP_NOR","response_Welcome_PP_PL","response_Welcome_PP_POR","response_Welcome_PP_SC","response_Welcome_PP_TC","response_Welcome_PP_THAI","response_Welcome_PP_TUR","response_time","response_time_Pictures_Break","response_time_Pictures_End","response_time_Pictures_response","response_time_Start_DE","response_time_Start_E","response_time_Start_HUN","response_time_Start_NOR","response_time_Start_PL","response_time_Start_POR","response_time_Start_SC","response_time_Start_TC","response_time_Start_THAI","response_time_Start_TUR","response_time_Target_response_Prac","response_time_Welcome_PP_DE","response_time_Welcome_PP_E","response_time_Welcome_PP_HUN","response_time_Welcome_PP_NOR","response_time_Welcome_PP_PL","response_time_Welcome_PP_POR","response_time_Welcome_PP_SC","response_time_Welcome_PP_TC","response_time_Welcome_PP_THAI","response_time_Welcome_PP_TUR","round_decimals","sampler_backend","sc","sound_buf_size","sound_channels","sound_freq","sound_sample_size","start","subject_nr","subject_parity","tc","thai","time_Check_This","time_Disable_Mouse","time_EXP","time_LAB_SEED","time_Language_Selection","time_List_Select","time_List_Selection","time_Pictures_Break","time_Pictures_End","time_Pictures_Exp","time_Pictures_Fixation","time_Pictures_Fixation_Prac","time_Pictures_Prac","time_Pictures_Start","time_Pictures_Target","time_Pictures_Trial","time_Pictures_Welcome","time_Pictures_loop","time_Pictures_response","time_Pictures_response_correct","time_Pictures_response_noans","time_Pictures_response_wrong","time_Prac","time_Prac_Count","time_Prac_Reset","time_Prac_Trial","time_Prac_loop","time_Prac_seq","time_Prac_setup","time_Start_DE","time_Start_E","time_Start_HUN","time_Start_NOR","time_Start_PL","time_Start_POR","time_Start_SC","time_Start_TC","time_Start_THAI","time_Start_TUR","time_Target_Prac","time_Target_response_Prac","time_Target_response_correct_Prac","time_Target_response_noans_Prac","time_Target_response_wrong_Prac","time_Trial_logger","time_Welcome_PP_DE","time_Welcome_PP_E","time_Welcome_PP_HUN","time_Welcome_PP_NOR","time_Welcome_PP_PL","time_Welcome_PP_POR","time_Welcome_PP_SC","time_Welcome_PP_TC","time_Welcome_PP_THAI","time_Welcome_PP_TUR","title","total_correct","total_response_time","total_responses","tur","uniform_coordinates","width"
"F","5293","F","F","PP_LIST3.csv","umberella.jpg","flower.jpg","58.8235294118","58.8235294118","750.549019608","750.549019608","#ffffff","yes","legacy","legacy","legacy","0","uniform","1","1","undefined","1","undefined","6","f","0","0","0","0","0","0","0","NA","0","0","0","49","0","0","0","0","0","0","0","0","0","0","0","49","21","49","21","21","0","0","0","0","0","0","0","0","0","0","0","49","49","49","49","49","0","0","0","0","0","0","0","0","0","0","0","01/09/20 12:21:55","no","Matching Tasks","yes","","no","OrientationCrossLanguages_2018PSA_PP_1.2.4.osexp","\\homer.uit.no\kkl012\Desktop\PSA","no","chinese-japanese-korean","no","18","no","#0000ff","no","Norsk","yes","768","no","legacy","0","0","22","5","//homer.uit.no/kkl012/Desktop/PSA/NOR_004_PP_46.csv","legacy","yes","Kafkaesque Koffka","3.2.8","yes","5a7ce671e83246000deafe81","no","no","0","0","f","NA","NA","f","NA","NA","NA","space","NA","NA","NA","NA","NA","NA","j","NA","NA","NA","space","NA","NA","NA","NA","NA","NA","638","NA","NA","638","NA","NA","NA","8104","NA","NA","NA","NA","NA","NA","556","NA","NA","NA","2737","NA","NA","NA","NA","NA","NA","2","legacy","no","1024","2","48000","-16","EXP","46","even","no","no","NA","9760","3225","3230","7309","9748","9748","NA","NA","116543","116656","106835","12510","108426","117157","116654","9760","116543","117157","117798","NA","NA","12510","108394","98994","106833","98994","98993","12510","NA","NA","NA","108428","NA","NA","NA","NA","NA","NA","107336","107336","107894","49015","98470","118298","NA","NA","NA","9762","NA","NA","NA","NA","NA","NA","Orientation_PSA2018","30","38278","51","no","yes","1024"
"F","5293","F","F","PP_LIST3.csv","sutcse.jpg","pumpkin.jpg","59.6153846154","59.6153846154","747.153846154","747.153846154","#ffffff","yes","legacy","legacy","legacy","0","uniform","1","1","undefined","1","undefined","6","f","0","0","0","0","0","0","0","NA","1","0","1","49","0","0","1","1","0","0","1","1","1","1","0","49","21","49","21","21","0","0","0","0","0","0","0","0","0","0","0","49","49","49","49","49","1","0","0","0","0","0","0","0","0","0","0","01/09/20 12:21:55","no","Matching Tasks","yes","","no","OrientationCrossLanguages_2018PSA_PP_1.2.4.osexp","\\homer.uit.no\kkl012\Desktop\PSA","no","chinese-japanese-korean","no","18","no","#0000ff","no","Norsk","yes","768","no","legacy","1","1","22","5","//homer.uit.no/kkl012/Desktop/PSA/NOR_004_PP_46.csv","legacy","yes","Kafkaesque Koffka","3.2.8","yes","5a7ce671e83246000deafe81","no","no","0","0","f","NA","NA","f","NA","NA","NA","space","NA","NA","NA","NA","NA","NA","j","NA","NA","NA","space","NA","NA","NA","NA","NA","NA","574","NA","NA","574","NA","NA","NA","8104","NA","NA","NA","NA","NA","NA","556","NA","NA","NA","2737","NA","NA","NA","NA","NA","NA","2","legacy","no","1024","2","48000","-16","EXP","46","even","no","no","NA","9760","3225","3230","7309","9748","9748","NA","NA","116543","118416","106835","12510","108426","118917","118414","9760","116543","118917","119494","NA","NA","12510","108394","98994","106833","98994","98993","12510","NA","NA","NA","108428","NA","NA","NA","NA","NA","NA","107336","107336","107894","49015","98470","119994","NA","NA","NA","9762","NA","NA","NA","NA","NA","NA","Orientation_PSA2018","31","38852","52","no","yes","1024"
"F","5293","F","F","PP_LIST3.csv","needle.jpg","tiger.jpg","60.3773584906","60.3773584906","744.377358491","744.377358491","#ffffff","yes","legacy","legacy","legacy","0","uniform","1","1","undefined","1","undefined","6","f","0","0","0","0","0","0","0","NA","2","0","2","49","0","0","2","2","0","0","2","2","2","2","0","49","21","49","21","21","0","0","0","0","0","0","0","0","0","0","0","49","49","49","49","49","2","0","0","0","0","0","0","0","0","0","0","01/09/20 12:21:55","no","Matching Tasks","yes","","no","OrientationCrossLanguages_2018PSA_PP_1.2.4.osexp","\\homer.uit.no\kkl012\Desktop\PSA","no","chinese-japanese-korean","no","18","no","#0000ff","no","Norsk","yes","768","no","legacy","2","2","22","5","//homer.uit.no/kkl012/Desktop/PSA/NOR_004_PP_46.csv","legacy","yes","Kafkaesque Koffka","3.2.8","yes","5a7ce671e83246000deafe81","no","no","0","0","f","NA","NA","f","NA","NA","NA","space","NA","NA","NA","NA","NA","NA","j","NA","NA","NA","space","NA","NA","NA","NA","NA","NA","600","NA","NA","600","NA","NA","NA","8104","NA","NA","NA","NA","NA","NA","556","NA","NA","NA","2737","NA","NA","NA","NA","NA","NA","2","legacy","no","1024","2","48000","-16","EXP","46","even","no","no","NA","9760","3225","3230","7309","9748","9748","NA","NA","116543","120102","106835","12510","108426","120604","120101","9760","116543","120604","121206","NA","NA","12510","108394","98994","106833","98994","98993","12510","NA","NA","NA","108428","NA","NA","NA","NA","NA","NA","107336","107336","107894","49015","98470","121706","NA","NA","NA","9762","NA","NA","NA","NA","NA","NA","Orientation_PSA2018","32","39452","53","no","yes","1024"
"N","5293","H","V","PP_LIST3.csv","batH.jpg","batV.jpg","61.1111111111","61.1111111111","740.944444444","740.944444444","#ffffff","yes","legacy","legacy","legacy","0","uniform","1","1","undefined","1","undefined","6","j","0","0","0","0","0","0","0","NA","3","0","3","49","0","0","3","3","0","0","3","3","3","3","0","49","21","49","21","21","0","0","0","0","0","0","0","0","0","0","0","49","49","49","49","49","3","0","0","0","0","0","0","0","0","0","0","01/09/20 12:21:55","no","Matching Tasks","yes","","no","OrientationCrossLanguages_2018PSA_PP_1.2.4.osexp","\\homer.uit.no\kkl012\Desktop\PSA","no","chinese-japanese-korean","no","18","no","#0000ff","no","Norsk","yes","768","no","legacy","3","3","22","5","//homer.uit.no/kkl012/Desktop/PSA/NOR_004_PP_46.csv","legacy","yes","Kafkaesque Koffka","3.2.8","yes","5a7ce671e83246000deafe81","no","no","0","0","j","NA","NA","j","NA","NA","NA","space","NA","NA","NA","NA","NA","NA","j","NA","NA","NA","space","NA","NA","NA","NA","NA","NA","559","NA","NA","559","NA","NA","NA","8104","NA","NA","NA","NA","NA","NA","556","NA","NA","NA","2737","NA","NA","NA","NA","NA","NA","2","legacy","no","1024","2","48000","-16","EXP","46","even","no","no","NA","9760","3225","3230","7309","9748","9748","NA","NA","116543","121823","106835","12510","108426","122324","121821","9760","116543","122324","122886","NA","NA","12510","108394","98994","106833","98994","98993","12510","NA","NA","NA","108428","NA","NA","NA","NA","NA","NA","107336","107336","107894","49015","98470","123386","NA","NA","NA","9762","NA","NA","NA","NA","NA","NA","Orientation_PSA2018","33","40011","54","no","yes","1024"
"N","5293","H","V","PP_LIST3.csv","bottleH.jpg","bottleV.jpg","61.8181818182","61.8181818182","738.909090909","738.909090909","#ffffff","yes","legacy","legacy","legacy","0","uniform","1","1","undefined","1","undefined","6","j","0","0","0","0","0","0","0","NA","4","0","4","49","0","0","4","4","0","0","4","4","4","4","0","49","21","49","21","21","0","0","0","0","0","0","0","0","0","0","0","49","49","49","49","49","4","0","0","0","0","0","0","0","0","0","0","01/09/20 12:21:55","no","Matching Tasks","yes","","no","OrientationCrossLanguages_2018PSA_PP_1.2.4.osexp","\\homer.uit.no\kkl012\Desktop\PSA","no","chinese-japanese-korean","no","18","no","#0000ff","no","Norsk","yes","768","no","legacy","4","4","22","5","//homer.uit.no/kkl012/Desktop/PSA/NOR_004_PP_46.csv","legacy","yes","Kafkaesque Koffka","3.2.8","yes","5a7ce671e83246000deafe81","no","no","0","0","j","NA","NA","j","NA","NA","NA","space","NA","NA","NA","NA","NA","NA","j","NA","NA","NA","space","NA","NA","NA","NA","NA","NA","629","NA","NA","629","NA","NA","NA","8104","NA","NA","NA","NA","NA","NA","556","NA","NA","NA","2737","NA","NA","NA","NA","NA","NA","2","legacy","no","1024","2","48000","-16","EXP","46","even","no","no","NA","9760","3225","3230","7309","9748","9748","NA","NA","116543","123498","106835","12510","108426","123999","123496","9760","116543","123999","124630","NA","NA","12510","108394","98994","106833","98994","98993","12510","NA","NA","NA","108428","NA","NA","NA","NA","NA","NA","107336","107336","107894","49015","98470","125130","NA","NA","NA","9762","NA","NA","NA","NA","NA","NA","Orientation_PSA2018","34","40640","55","no","yes","1024"
"F","5293","F","F","PP_LIST3.csv","spider.jpg","couch.jpg","62.5","62.5","735.839285714","735.839285714","#ffffff","yes","legacy","legacy","legacy","0","uniform","1","1","undefined","1","undefined","6","f","0","0","0","0","0","0","0","NA","5","0","5","49","0","0","5","5","0","0","5","5","5","5","0","49","21","49","21","21","0","0","0","0","0","0","0","0","0","0","0","49","49","49","49","49","5","0","0","0","0","0","0","0","0","0","0","01/09/20 12:21:55","no","Matching Tasks","yes","","no","OrientationCrossLanguages_2018PSA_PP_1.2.4.osexp","\\homer.uit.no\kkl012\Desktop\PSA","no","chinese-japanese-korean","no","18","no","#0000ff","no","Norsk","yes","768","no","legacy","5","5","22","5","//homer.uit.no/kkl012/Desktop/PSA/NOR_004_PP_46.csv","legacy","yes","Kafkaesque Koffka","3.2.8","yes","5a7ce671e83246000deafe81","no","no","0","0","f","NA","NA","f","NA","NA","NA","space","NA","NA","NA","NA","NA","NA","j","NA","NA","NA","space","NA","NA","NA","NA","NA","NA","567","NA","NA","567","NA","NA","NA","8104","NA","NA","NA","NA","NA","NA","556","NA","NA","NA","2737","NA","NA","NA","NA","NA","NA","2","legacy","no","1024","2","48000","-16","EXP","46","even","no","no","NA","9760","3225","3230","7309","9748","9748","NA","NA","116543","125240","106835","12510","108426","125741","125238","9760","116543","125741","126310","NA","NA","12510","108394","98994","106833","98994","98993","12510","NA","NA","NA","108428","NA","NA","NA","NA","NA","NA","107336","107336","107894","49015","98470","126810","NA","NA","NA","9762","NA","NA","NA","NA","NA","NA","Orientation_PSA2018","35","41207","56","no","yes","1024"
"Y","5293","V","V","PP_LIST3.csv","tireV.jpg","tireV.jpg","63.1578947368","63.1578947368","733.192982456","733.192982456","#ffffff","yes","legacy","legacy","legacy","0","uniform","1","1","undefined","1","undefined","6","j","0","0","0","0","0","0","0","NA","6","0","6","49","0","0","6","6","0","0","6","6","6","6","0","49","21","49","21","21","0","0","0","0","0","0","0","0","0","0","0","49","49","49","49","49","6","0","0","0","0","0","0","0","0","0","0","01/09/20 12:21:55","no","Matching Tasks","yes","","no","OrientationCrossLanguages_2018PSA_PP_1.2.4.osexp","\\homer.uit.no\kkl012\Desktop\PSA","no","chinese-japanese-korean","no","18","no","#0000ff","no","Norsk","yes","768","no","legacy","6","6","22","5","//homer.uit.no/kkl012/Desktop/PSA/NOR_004_PP_46.csv","legacy","yes","Kafkaesque Koffka","3.2.8","yes","5a7ce671e83246000deafe81","no","no","0","0","j","NA","NA","j","NA","NA","NA","space","NA","NA","NA","NA","NA","NA","j","NA","NA","NA","space","NA","NA","NA","NA","NA","NA","585","NA","NA","585","NA","NA","NA","8104","NA","NA","NA","NA","NA","NA","556","NA","NA","NA","2737","NA","NA","NA","NA","NA","NA","2","legacy","no","1024","2","48000","-16","EXP","46","even","no","no","NA","9760","3225","3230","7309","9748","9748","NA","NA","116543","126932","106835","12510","108426","127434","126930","9760","116543","127434","128022","NA","NA","12510","108394","98994","106833","98994","98993","12510","NA","NA","NA","108428","NA","NA","NA","NA","NA","NA","107336","107336","107894","49015","98470","128522","NA","NA","NA","9762","NA","NA","NA","NA","NA","NA","Orientation_PSA2018","36","41792","57","no","yes","1024"
"F","5293","F","F","PP_LIST3.csv","ladder.jpg","house.jpg","63.7931034483","63.7931034483","729.75862069","729.75862069","#ffffff","yes","legacy","legacy","legacy","0","uniform","1","1","undefined","1","undefined","6","f","0","0","0","0","0","0","0","NA","7","0","7","49","0","0","7","7","0","0","7","7","7","7","0","49","21","49","21","21","0","0","0","0","0","0","0","0","0","0","0","49","49","49","49","49","7","0","0","0","0","0","0","0","0","0","0","01/09/20 12:21:55","no","Matching Tasks","yes","","no","OrientationCrossLanguages_2018PSA_PP_1.2.4.osexp","\\homer.uit.no\kkl012\Desktop\PSA","no","chinese-japanese-korean","no","18","no","#0000ff","no","Norsk","yes","768","no","legacy","7","7","22","5","//homer.uit.no/kkl012/Desktop/PSA/NOR_004_PP_46.csv","legacy","yes","Kafkaesque Koffka","3.2.8","yes","5a7ce671e83246000deafe81","no","no","0","0","f","NA","NA","f","NA","NA","NA","space","NA","NA","NA","NA","NA","NA","j","NA","NA","NA","space","NA","NA","NA","NA","NA","NA","534","NA","NA","534","NA","NA","NA","8104","NA","NA","NA","NA","NA","NA","556","NA","NA","NA","2737","NA","NA","NA","NA","NA","NA","2","legacy","no","1024","2","48000","-16","EXP","46","even","no","no","NA","9760","3225","3230","7309","9748","9748","NA","NA","116543","128633","106835","12510","108426","129134","128631","9760","116543","129134","129670","NA","NA","12510","108394","98994","106833","98994","98993","12510","NA","NA","NA","108428","NA","NA","NA","NA","NA","NA","107336","107336","107894","49015","98470","130170","NA","NA","NA","9762","NA","NA","NA","NA","NA","NA","Orientation_PSA2018","37","42326","58","no","yes","1024"
"F","5293","F","F","PP_LIST3.csv","knife.jpg","ladder.jpg","64.406779661","64.406779661","729.423728814","729.423728814","#ffffff","yes","legacy","legacy","legacy","0","uniform","1","1","undefined","1","undefined","6","f","0","0","0","0","0","0","0","NA","8","0","8","49","0","0","8","8","0","0","8","8","8","8","0","49","21","49","21","21","0","0","0","0","0","0","0","0","0","0","0","49","49","49","49","49","8","0","0","0","0","0","0","0","0","0","0","01/09/20 12:21:55","no","Matching Tasks","yes","","no","OrientationCrossLanguages_2018PSA_PP_1.2.4.osexp","\\homer.uit.no\kkl012\Desktop\PSA","no","chinese-japanese-korean","no","18","no","#0000ff","no","Norsk","yes","768","no","legacy","8","8","22","5","//homer.uit.no/kkl012/Desktop/PSA/NOR_004_PP_46.csv","legacy","yes","Kafkaesque Koffka","3.2.8","yes","5a7ce671e83246000deafe81","no","no","0","0","f","NA","NA","f","NA","NA","NA","space","NA","NA","NA","NA","NA","NA","j","NA","NA","NA","space","NA","NA","NA","NA","NA","NA","710","NA","NA","710","NA","NA","NA","8104","NA","NA","NA","NA","NA","NA","556","NA","NA","NA","2737","NA","NA","NA","NA","NA","NA","2","legacy","no","1024","2","48000","-16","EXP","46","even","no","no","NA","9760","3225","3230","7309","9748","9748","NA","NA","116543","130281","106835","12510","108426","130782","130279","9760","116543","130782","131495","NA","NA","12510","108394","98994","106833","98994","98993","12510","NA","NA","NA","108428","NA","NA","NA","NA","NA","NA","107336","107336","107894","49015","98470","131995","NA","NA","NA","9762","NA","NA","NA","NA","NA","NA","Orientation_PSA2018","38","43036","59","no","yes","1024"
"Y","5293","H","H","PP_LIST3.csv","guitarH.jpg","guitarH.jpg","65","65","727.483333333","727.483333333","#ffffff","yes","legacy","legacy","legacy","0","uniform","1","1","undefined","1","undefined","6","j","0","0","0","0","0","0","0","NA","9","0","9","49","0","0","9","9","0","0","9","9","9","9","0","49","21","49","21","21","0","0","0","0","0","0","0","0","0","0","0","49","49","49","49","49","9","0","0","0","0","0","0","0","0","0","0","01/09/20 12:21:55","no","Matching Tasks","yes","","no","OrientationCrossLanguages_2018PSA_PP_1.2.4.osexp","\\homer.uit.no\kkl012\Desktop\PSA","no","chinese-japanese-korean","no","18","no","#0000ff","no","Norsk","yes","768","no","legacy","9","9","22","5","//homer.uit.no/kkl012/Desktop/PSA/NOR_004_PP_46.csv","legacy","yes","Kafkaesque Koffka","3.2.8","yes","5a7ce671e83246000deafe81","no","no","0","0","j","NA","NA","j","NA","NA","NA","space","NA","NA","NA","NA","NA","NA","j","NA","NA","NA","space","NA","NA","NA","NA","NA","NA","613","NA","NA","613","NA","NA","NA","8104","NA","NA","NA","NA","NA","NA","556","NA","NA","NA","2737","NA","NA","NA","NA","NA","NA","2","legacy","no","1024","2","48000","-16","EXP","46","even","no","no","NA","9760","3225","3230","7309","9748","9748","NA","NA","116543","132106","106835","12510","108426","132607","132104","9760","116543","132607","133222","NA","NA","12510","108394","98994","106833","98994","98993","12510","NA","NA","NA","108428","NA","NA","NA","NA","NA","NA","107336","107336","107894","49015","98470","133722","NA","NA","NA","9762","NA","NA","NA","NA","NA","NA","Orientation_PSA2018","39","43649","60","no","yes","1024"
"N","5293","V","H","PP_LIST3.csv","brushV.jpg","brushH.jpg","65.5737704918","65.5737704918","727.573770492","727.573770492","#ffffff","yes","legacy","legacy","legacy","0","uniform","1","1","undefined","1","undefined","6","j","0","0","0","0","0","0","0","NA","10","0","10","49","0","0","10","10","0","0","10","10","10","10","0","49","21","49","21","21","0","0","0","0","0","0","0","0","0","0","0","49","49","49","49","49","10","0","0","0","0","0","0","0","0","0","0","01/09/20 12:21:55","no","Matching Tasks","yes","","no","OrientationCrossLanguages_2018PSA_PP_1.2.4.osexp","\\homer.uit.no\kkl012\Desktop\PSA","no","chinese-japanese-korean","no","18","no","#0000ff","no","Norsk","yes","768","no","legacy","10","10","22","5","//homer.uit.no/kkl012/Desktop/PSA/NOR_004_PP_46.csv","legacy","yes","Kafkaesque Koffka","3.2.8","yes","5a7ce671e83246000deafe81","no","no","0","0","j","NA","NA","j","NA","NA","NA","space","NA","NA","NA","NA","NA","NA","j","NA","NA","NA","space","NA","NA","NA","NA","NA","NA","733","NA","NA","733","NA","NA","NA","8104","NA","NA","NA","NA","NA","NA","556","NA","NA","NA","2737","NA","NA","NA","NA","NA","NA","2","legacy","no","1024","2","48000","-16","EXP","46","even","no","no","NA","9760","3225","3230","7309","9748","9748","NA","NA","116543","133841","106835","12510","108426","134342","133839","9760","116543","134342","135078","NA","NA","12510","108394","98994","106833","98994","98993","12510","NA","NA","NA","108428","NA","NA","NA","NA","NA","NA","107336","107336","107894","49015","98470","135578","NA","NA","NA","9762","NA","NA","NA","NA","NA","NA","Orientation_PSA2018","40","44382","61","no","yes","1024"
"F","5293","F","F","PP_LIST3.csv","watch.jpg","skirt.jpg","66.1290322581","66.1290322581","724.080645161","724.080645161","#ffffff","yes","legacy","legacy","legacy","0","uniform","1","1","undefined","1","undefined","6","f","0","0","0","0","0","0","0","NA","11","0","11","49","0","0","11","11","0","0","11","11","11","11","0","49","21","49","21","21","0","0","0","0","0","0","0","0","0","0","0","49","49","49","49","49","11","0","0","0","0","0","0","0","0","0","0","01/09/20 12:21:55","no","Matching Tasks","yes","","no","OrientationCrossLanguages_2018PSA_PP_1.2.4.osexp","\\homer.uit.no\kkl012\Desktop\PSA","no","chinese-japanese-korean","no","18","no","#0000ff","no","Norsk","yes","768","no","legacy","11","11","22","5","//homer.uit.no/kkl012/Desktop/PSA/NOR_004_PP_46.csv","legacy","yes","Kafkaesque Koffka","3.2.8","yes","5a7ce671e83246000deafe81","no","no","0","0","f","NA","NA","f","NA","NA","NA","space","NA","NA","NA","NA","NA","NA","j","NA","NA","NA","space","NA","NA","NA","NA","NA","NA","511","NA","NA","511","NA","NA","NA","8104","NA","NA","NA","NA","NA","NA","556","NA","NA","NA","2737","NA","NA","NA","NA","NA","NA","2","legacy","no","1024","2","48000","-16","EXP","46","even","no","no","NA","9760","3225","3230","7309","9748","9748","NA","NA","116543","135696","106835","12510","108426","136197","135694","9760","116543","136197","136710","NA","NA","12510","108394","98994","106833","98994","98993","12510","NA","NA","NA","108428","NA","NA","NA","NA","NA","NA","107336","107336","107894","49015","98470","137210","NA","NA","NA","9762","NA","NA","NA","NA","NA","NA","Orientation_PSA2018","41","44893","62","no","yes","1024"
"N","5293","H","V","PP_LIST3.csv","bookH.jpg","bookV.jpg","66.6666666667","66.6666666667","721.047619048","721.047619048","#ffffff","yes","legacy","legacy","legacy","0","uniform","1","1","undefined","1","undefined","6","j","0","0","0","0","0","0","0","NA","12","0","12","49","0","0","12","12","0","0","12","12","12","12","0","49","21","49","21","21","0","0","0","0","0","0","0","0","0","0","0","49","49","49","49","49","12","0","0","0","0","0","0","0","0","0","0","01/09/20 12:21:55","no","Matching Tasks","yes","","no","OrientationCrossLanguages_2018PSA_PP_1.2.4.osexp","\\homer.uit.no\kkl012\Desktop\PSA","no","chinese-japanese-korean","no","18","no","#0000ff","no","Norsk","yes","768","no","legacy","12","12","22","5","//homer.uit.no/kkl012/Desktop/PSA/NOR_004_PP_46.csv","legacy","yes","Kafkaesque Koffka","3.2.8","yes","5a7ce671e83246000deafe81","no","no","0","0","j","NA","NA","j","NA","NA","NA","space","NA","NA","NA","NA","NA","NA","j","NA","NA","NA","space","NA","NA","NA","NA","NA","NA","533","NA","NA","533","NA","NA","NA","8104","NA","NA","NA","NA","NA","NA","556","NA","NA","NA","2737","NA","NA","NA","NA","NA","NA","2","legacy","no","1024","2","48000","-16","EXP","46","even","no","no","NA","9760","3225","3230","7309","9748","9748","NA","NA","116543","137321","106835","12510","108426","137822","137319","9760","116543","137822","138358","NA","NA","12510","108394","98994","106833","98994","98993","12510","NA","NA","NA","108428","NA","NA","NA","NA","NA","NA","107336","107336","107894","49015","98470","138858","NA","NA","NA","9762","NA","NA","NA","NA","NA","NA","Orientation_PSA2018","42","45426","63","no","yes","1024"
"N","5293","V","H","PP_LIST3.csv","crayonV.jpg","crayonH.jpg","67.1875","67.1875","719.4375","719.4375","#ffffff","yes","legacy","legacy","legacy","0","uniform","1","1","undefined","1","undefined","6","j","0","0","0","0","0","0","0","NA","13","0","13","49","0","0","13","13","0","0","13","13","13","13","0","49","21","49","21","21","0","0","0","0","0","0","0","0","0","0","0","49","49","49","49","49","13","0","0","0","0","0","0","0","0","0","0","01/09/20 12:21:55","no","Matching Tasks","yes","","no","OrientationCrossLanguages_2018PSA_PP_1.2.4.osexp","\\homer.uit.no\kkl012\Desktop\PSA","no","chinese-japanese-korean","no","18","no","#0000ff","no","Norsk","yes","768","no","legacy","13","13","22","5","//homer.uit.no/kkl012/Desktop/PSA/NOR_004_PP_46.csv","legacy","yes","Kafkaesque Koffka","3.2.8","yes","5a7ce671e83246000deafe81","no","no","0","0","j","NA","NA","j","NA","NA","NA","space","NA","NA","NA","NA","NA","NA","j","NA","NA","NA","space","NA","NA","NA","NA","NA","NA","618","NA","NA","618","NA","NA","NA","8104","NA","NA","NA","NA","NA","NA","556","NA","NA","NA","2737","NA","NA","NA","NA","NA","NA","2","legacy","no","1024","2","48000","-16","EXP","46","even","no","no","NA","9760","3225","3230","7309","9748","9748","NA","NA","116543","138979","106835","12510","108426","139481","138977","9760","116543","139481","140101","NA","NA","12510","108394","98994","106833","98994","98993","12510","NA","NA","NA","108428","NA","NA","NA","NA","NA","NA","107336","107336","107894","49015","98470","140602","NA","NA","NA","9762","NA","NA","NA","NA","NA","NA","Orientation_PSA2018","43","46044","64","no","yes","1024"
"F","5293","F","F","PP_LIST3.csv","tapedispenser.jpg","wrench.jpg","67.6923076923","67.6923076923","717.907692308","717.907692308","#ffffff","yes","legacy","legacy","legacy","0","uniform","1","1","undefined","1","undefined","6","f","0","0","0","0","0","0","0","NA","14","0","14","49","0","0","14","14","0","0","14","14","14","14","0","49","21","49","21","21","0","0","0","0","0","0","0","0","0","0","0","49","49","49","49","49","14","0","0","0","0","0","0","0","0","0","0","01/09/20 12:21:55","no","Matching Tasks","yes","","no","OrientationCrossLanguages_2018PSA_PP_1.2.4.osexp","\\homer.uit.no\kkl012\Desktop\PSA","no","chinese-japanese-korean","no","18","no","#0000ff","no","Norsk","yes","768","no","legacy","14","14","22","5","//homer.uit.no/kkl012/Desktop/PSA/NOR_004_PP_46.csv","legacy","yes","Kafkaesque Koffka","3.2.8","yes","5a7ce671e83246000deafe81","no","no","0","0","f","NA","NA","f","NA","NA","NA","space","NA","NA","NA","NA","NA","NA","j","NA","NA","NA","space","NA","NA","NA","NA","NA","NA","620","NA","NA","620","NA","NA","NA","8104","NA","NA","NA","NA","NA","NA","556","NA","NA","NA","2737","NA","NA","NA","NA","NA","NA","2","legacy","no","1024","2","48000","-16","EXP","46","even","no","no","NA","9760","3225","3230","7309","9748","9748","NA","NA","116543","140720","106835","12510","108426","141224","140718","9760","116543","141224","141846","NA","NA","12510","108394","98994","106833","98994","98993","12510","NA","NA","NA","108428","NA","NA","NA","NA","NA","NA","107336","107336","107894","49015","98470","142346","NA","NA","NA","9762","NA","NA","NA","NA","NA","NA","Orientation_PSA2018","44","46664","65","no","yes","1024"
"Y","5293","V","V","PP_LIST3.csv","screwV.jpg","screwV.jpg","68.1818181818","68.1818181818","717.787878788","717.787878788","#ffffff","yes","legacy","legacy","legacy","0","uniform","1","1","undefined","1","undefined","6","j","0","0","0","0","0","0","0","NA","15","0","15","49","0","0","15","15","0","0","15","15","15","15","0","49","21","49","21","21","0","0","0","0","0","0","0","0","0","0","0","49","49","49","49","49","15","0","0","0","0","0","0","0","0","0","0","01/09/20 12:21:55","no","Matching Tasks","yes","","no","OrientationCrossLanguages_2018PSA_PP_1.2.4.osexp","\\homer.uit.no\kkl012\Desktop\PSA","no","chinese-japanese-korean","no","18","no","#0000ff","no","Norsk","yes","768","no","legacy","15","15","22","5","//homer.uit.no/kkl012/Desktop/PSA/NOR_004_PP_46.csv","legacy","yes","Kafkaesque Koffka","3.2.8","yes","5a7ce671e83246000deafe81","no","no","0","0","j","NA","NA","j","NA","NA","NA","space","NA","NA","NA","NA","NA","NA","j","NA","NA","NA","space","NA","NA","NA","NA","NA","NA","710","NA","NA","710","NA","NA","NA","8104","NA","NA","NA","NA","NA","NA","556","NA","NA","NA","2737","NA","NA","NA","NA","NA","NA","2","legacy","no","1024","2","48000","-16","EXP","46","even","no","no","NA","9760","3225","3230","7309","9748","9748","NA","NA","116543","142457","106835","12510","108426","142958","142455","9760","116543","142958","143671","NA","NA","12510","108394","98994","106833","98994","98993","12510","NA","NA","NA","108428","NA","NA","NA","NA","NA","NA","107336","107336","107894","49015","98470","144171","NA","NA","NA","9762","NA","NA","NA","NA","NA","NA","Orientation_PSA2018","45","47374","66","no","yes","1024"
"N","5293","H","V","PP_LIST3.csv","axeH.jpg","axeV.jpg","68.6567164179","68.6567164179","717.641791045","717.641791045","#ffffff","yes","legacy","legacy","legacy","0","uniform","1","1","undefined","1","undefined","6","j","0","0","0","0","0","0","0","NA","16","0","16","49","0","0","16","16","0","0","16","16","16","16","0","49","21","49","21","21","0","0","0","0","0","0","0","0","0","0","0","49","49","49","49","49","16","0","0","0","0","0","0","0","0","0","0","01/09/20 12:21:55","no","Matching Tasks","yes","","no","OrientationCrossLanguages_2018PSA_PP_1.2.4.osexp","\\homer.uit.no\kkl012\Desktop\PSA","no","chinese-japanese-korean","no","18","no","#0000ff","no","Norsk","yes","768","no","legacy","16","16","22","5","//homer.uit.no/kkl012/Desktop/PSA/NOR_004_PP_46.csv","legacy","yes","Kafkaesque Koffka","3.2.8","yes","5a7ce671e83246000deafe81","no","no","0","0","j","NA","NA","j","NA","NA","NA","space","NA","NA","NA","NA","NA","NA","j","NA","NA","NA","space","NA","NA","NA","NA","NA","NA","708","NA","NA","708","NA","NA","NA","8104","NA","NA","NA","NA","NA","NA","556","NA","NA","NA","2737","NA","NA","NA","NA","NA","NA","2","legacy","no","1024","2","48000","-16","EXP","46","even","no","no","NA","9760","3225","3230","7309","9748","9748","NA","NA","116543","144283","106835","12510","108426","144784","144280","9760","116543","144784","145494","NA","NA","12510","108394","98994","106833","98994","98993","12510","NA","NA","NA","108428","NA","NA","NA","NA","NA","NA","107336","107336","107894","49015","98470","145995","NA","NA","NA","9762","NA","NA","NA","NA","NA","NA","Orientation_PSA2018","46","48082","67","no","yes","1024"
"F","5293","F","F","PP_LIST3.csv","ring.jpg","stove.jpg","69.1176470588","69.1176470588","716.558823529","716.558823529","#ffffff","yes","legacy","legacy","legacy","0","uniform","1","1","undefined","1","undefined","6","f","0","0","0","0","0","0","0","NA","17","0","17","49","0","0","17","17","0","0","17","17","17","17","0","49","21","49","21","21","0","0","0","0","0","0","0","0","0","0","0","49","49","49","49","49","17","0","0","0","0","0","0","0","0","0","0","01/09/20 12:21:55","no","Matching Tasks","yes","","no","OrientationCrossLanguages_2018PSA_PP_1.2.4.osexp","\\homer.uit.no\kkl012\Desktop\PSA","no","chinese-japanese-korean","no","18","no","#0000ff","no","Norsk","yes","768","no","legacy","17","17","22","5","//homer.uit.no/kkl012/Desktop/PSA/NOR_004_PP_46.csv","legacy","yes","Kafkaesque Koffka","3.2.8","yes","5a7ce671e83246000deafe81","no","no","0","0","f","NA","NA","f","NA","NA","NA","space","NA","NA","NA","NA","NA","NA","j","NA","NA","NA","space","NA","NA","NA","NA","NA","NA","644","NA","NA","644","NA","NA","NA","8104","NA","NA","NA","NA","NA","NA","556","NA","NA","NA","2737","NA","NA","NA","NA","NA","NA","2","legacy","no","1024","2","48000","-16","EXP","46","even","no","no","NA","9760","3225","3230","7309","9748","9748","NA","NA","116543","146103","106835","12510","108426","146607","146101","9760","116543","146607","147254","NA","NA","12510","108394","98994","106833","98994","98993","12510","NA","NA","NA","108428","NA","NA","NA","NA","NA","NA","107336","107336","107894","49015","98470","147754","NA","NA","NA","9762","NA","NA","NA","NA","NA","NA","Orientation_PSA2018","47","48726","68","no","yes","1024"
"F","5293","F","F","PP_LIST3.csv","house.jpg","ring.jpg","69.5652173913","69.5652173913","718.15942029","718.15942029","#ffffff","yes","legacy","legacy","legacy","0","uniform","1","1","undefined","1","undefined","6","f","0","0","0","0","0","0","0","NA","18","0","18","49","0","0","18","18","0","0","18","18","18","18","0","49","21","49","21","21","0","0","0","0","0","0","0","0","0","0","0","49","49","49","49","49","18","0","0","0","0","0","0","0","0","0","0","01/09/20 12:21:55","no","Matching Tasks","yes","","no","OrientationCrossLanguages_2018PSA_PP_1.2.4.osexp","\\homer.uit.no\kkl012\Desktop\PSA","no","chinese-japanese-korean","no","18","no","#0000ff","no","Norsk","yes","768","no","legacy","18","18","22","5","//homer.uit.no/kkl012/Desktop/PSA/NOR_004_PP_46.csv","legacy","yes","Kafkaesque Koffka","3.2.8","yes","5a7ce671e83246000deafe81","no","no","0","0","f","NA","NA","f","NA","NA","NA","space","NA","NA","NA","NA","NA","NA","j","NA","NA","NA","space","NA","NA","NA","NA","NA","NA","827","NA","NA","827","NA","NA","NA","8104","NA","NA","NA","NA","NA","NA","556","NA","NA","NA","2737","NA","NA","NA","NA","NA","NA","2","legacy","no","1024","2","48000","-16","EXP","46","even","no","no","NA","9760","3225","3230","7309","9748","9748","NA","NA","116543","147875","106835","12510","108426","148376","147873","9760","116543","148376","149206","NA","NA","12510","108394","98994","106833","98994","98993","12510","NA","NA","NA","108428","NA","NA","NA","NA","NA","NA","107336","107336","107894","49015","98470","149706","NA","NA","NA","9762","NA","NA","NA","NA","NA","NA","Orientation_PSA2018","48","49553","69","no","yes","1024"
"N","5293","V","H","PP_LIST3.csv","flashV.jpg","flashH.jpg","70","70","714.942857143","714.942857143","#ffffff","yes","legacy","legacy","legacy","0","uniform","1","1","undefined","1","undefined","6","j","0","0","0","0","0","0","0","NA","19","0","19","49","0","0","19","19","0","0","19","19","19","19","0","49","21","49","21","21","0","0","0","0","0","0","0","0","0","0","0","49","49","49","49","49","19","0","0","0","0","0","0","0","0","0","0","01/09/20 12:21:55","no","Matching Tasks","yes","","no","OrientationCrossLanguages_2018PSA_PP_1.2.4.osexp","\\homer.uit.no\kkl012\Desktop\PSA","no","chinese-japanese-korean","no","18","no","#0000ff","no","Norsk","yes","768","no","legacy","19","19","22","5","//homer.uit.no/kkl012/Desktop/PSA/NOR_004_PP_46.csv","legacy","yes","Kafkaesque Koffka","3.2.8","yes","5a7ce671e83246000deafe81","no","no","0","0","j","NA","NA","j","NA","NA","NA","space","NA","NA","NA","NA","NA","NA","j","NA","NA","NA","space","NA","NA","NA","NA","NA","NA","493","NA","NA","493","NA","NA","NA","8104","NA","NA","NA","NA","NA","NA","556","NA","NA","NA","2737","NA","NA","NA","NA","NA","NA","2","legacy","no","1024","2","48000","-16","EXP","46","even","no","no","NA","9760","3225","3230","7309","9748","9748","NA","NA","116543","149825","106835","12510","108426","150326","149823","9760","116543","150326","150822","NA","NA","12510","108394","98994","106833","98994","98993","12510","NA","NA","NA","108428","NA","NA","NA","NA","NA","NA","107336","107336","107894","49015","98470","151322","NA","NA","NA","9762","NA","NA","NA","NA","NA","NA","Orientation_PSA2018","49","50046","70","no","yes","1024"
"F","5293","F","F","PP_LIST3.csv","piano.jpg","sutcse.jpg","70.4225352113","70.4225352113","711.492957746","711.492957746","#ffffff","yes","legacy","legacy","legacy","0","uniform","1","1","undefined","1","undefined","6","f","0","0","0","0","0","0","0","NA","20","0","20","49","0","0","20","20","0","0","20","20","20","20","0","49","21","49","21","21","0","0","0","0","0","0","0","0","0","0","0","49","49","49","49","49","20","0","0","0","0","0","0","0","0","0","0","01/09/20 12:21:55","no","Matching Tasks","yes","","no","OrientationCrossLanguages_2018PSA_PP_1.2.4.osexp","\\homer.uit.no\kkl012\Desktop\PSA","no","chinese-japanese-korean","no","18","no","#0000ff","no","Norsk","yes","768","no","legacy","20","20","22","5","//homer.uit.no/kkl012/Desktop/PSA/NOR_004_PP_46.csv","legacy","yes","Kafkaesque Koffka","3.2.8","yes","5a7ce671e83246000deafe81","no","no","0","0","f","NA","NA","f","NA","NA","NA","space","NA","NA","NA","NA","NA","NA","j","NA","NA","NA","space","NA","NA","NA","NA","NA","NA","470","NA","NA","470","NA","NA","NA","8104","NA","NA","NA","NA","NA","NA","556","NA","NA","NA","2737","NA","NA","NA","NA","NA","NA","2","legacy","no","1024","2","48000","-16","EXP","46","even","no","no","NA","9760","3225","3230","7309","9748","9748","NA","NA","116543","151432","106835","12510","108426","151933","151430","9760","116543","151933","152406","NA","NA","12510","108394","98994","106833","98994","98993","12510","NA","NA","NA","108428","NA","NA","NA","NA","NA","NA","107336","107336","107894","49015","98470","152906","NA","NA","NA","9762","NA","NA","NA","NA","NA","NA","Orientation_PSA2018","50","50516","71","no","yes","1024"
"F","5293","F","F","PP_LIST3.csv","stove.jpg","ftball.jpg","70.8333333333","70.8333333333","710.583333333","710.583333333","#ffffff","yes","legacy","legacy","legacy","0","uniform","1","1","undefined","1","undefined","6","f","0","0","0","0","0","0","0","NA","21","0","21","49","0","0","21","21","0","0","21","21","21","21","0","49","21","49","21","21","0","0","0","0","0","0","0","0","0","0","0","49","49","49","49","49","21","0","0","0","0","0","0","0","0","0","0","01/09/20 12:21:55","no","Matching Tasks","yes","","no","OrientationCrossLanguages_2018PSA_PP_1.2.4.osexp","\\homer.uit.no\kkl012\Desktop\PSA","no","chinese-japanese-korean","no","18","no","#0000ff","no","Norsk","yes","768","no","legacy","21","21","22","5","//homer.uit.no/kkl012/Desktop/PSA/NOR_004_PP_46.csv","legacy","yes","Kafkaesque Koffka","3.2.8","yes","5a7ce671e83246000deafe81","no","no","0","0","f","NA","NA","f","NA","NA","NA","space","NA","NA","NA","NA","NA","NA","j","NA","NA","NA","space","NA","NA","NA","NA","NA","NA","646","NA","NA","646","NA","NA","NA","8104","NA","NA","NA","NA","NA","NA","556","NA","NA","NA","2737","NA","NA","NA","NA","NA","NA","2","legacy","no","1024","2","48000","-16","EXP","46","even","no","no","NA","9760","3225","3230","7309","9748","9748","NA","NA","116543","153015","106835","12510","108426","153517","153014","9760","116543","153517","154166","NA","NA","12510","108394","98994","106833","98994","98993","12510","NA","NA","NA","108428","NA","NA","NA","NA","NA","NA","107336","107336","107894","49015","98470","154666","NA","NA","NA","9762","NA","NA","NA","NA","NA","NA","Orientation_PSA2018","51","51162","72","no","yes","1024"
"N","5293","V","H","PP_LIST3.csv","caterpillarV.jpg","caterpillarH.jpg","71.2328767123","71.2328767123","708.904109589","708.904109589","#ffffff","yes","legacy","legacy","legacy","0","uniform","1","1","undefined","1","undefined","6","j","0","0","0","0","0","0","0","NA","22","0","22","49","0","0","22","22","0","0","22","22","22","22","0","49","21","49","21","21","0","0","0","0","0","0","0","0","0","0","0","49","49","49","49","49","22","0","0","0","0","0","0","0","0","0","0","01/09/20 12:21:55","no","Matching Tasks","yes","","no","OrientationCrossLanguages_2018PSA_PP_1.2.4.osexp","\\homer.uit.no\kkl012\Desktop\PSA","no","chinese-japanese-korean","no","18","no","#0000ff","no","Norsk","yes","768","no","legacy","22","22","22","5","//homer.uit.no/kkl012/Desktop/PSA/NOR_004_PP_46.csv","legacy","yes","Kafkaesque Koffka","3.2.8","yes","5a7ce671e83246000deafe81","no","no","0","0","j","NA","NA","j","NA","NA","NA","space","NA","NA","NA","NA","NA","NA","j","NA","NA","NA","space","NA","NA","NA","NA","NA","NA","588","NA","NA","588","NA","NA","NA","8104","NA","NA","NA","NA","NA","NA","556","NA","NA","NA","2737","NA","NA","NA","NA","NA","NA","2","legacy","no","1024","2","48000","-16","EXP","46","even","no","no","NA","9760","3225","3230","7309","9748","9748","NA","NA","116543","154786","106835","12510","108426","155287","154784","9760","116543","155287","155878","NA","NA","12510","108394","98994","106833","98994","98993","12510","NA","NA","NA","108428","NA","NA","NA","NA","NA","NA","107336","107336","107894","49015","98470","156378","NA","NA","NA","9762","NA","NA","NA","NA","NA","NA","Orientation_PSA2018","52","51750","73","no","yes","1024"
"Y","5293","H","H","PP_LIST3.csv","glassH.jpg","glassH.jpg","71.6216216216","71.6216216216","706.405405405","706.405405405","#ffffff","yes","legacy","legacy","legacy","0","uniform","1","1","undefined","1","undefined","6","j","0","0","0","0","0","0","0","NA","23","0","23","49","0","0","23","23","0","0","23","23","23","23","0","49","21","49","21","21","0","0","0","0","0","0","0","0","0","0","0","49","49","49","49","49","23","0","0","0","0","0","0","0","0","0","0","01/09/20 12:21:55","no","Matching Tasks","yes","","no","OrientationCrossLanguages_2018PSA_PP_1.2.4.osexp","\\homer.uit.no\kkl012\Desktop\PSA","no","chinese-japanese-korean","no","18","no","#0000ff","no","Norsk","yes","768","no","legacy","23","23","22","5","//homer.uit.no/kkl012/Desktop/PSA/NOR_004_PP_46.csv","legacy","yes","Kafkaesque Koffka","3.2.8","yes","5a7ce671e83246000deafe81","no","no","0","0","j","NA","NA","j","NA","NA","NA","space","NA","NA","NA","NA","NA","NA","j","NA","NA","NA","space","NA","NA","NA","NA","NA","NA","524","NA","NA","524","NA","NA","NA","8104","NA","NA","NA","NA","NA","NA","556","NA","NA","NA","2737","NA","NA","NA","NA","NA","NA","2","legacy","no","1024","2","48000","-16","EXP","46","even","no","no","NA","9760","3225","3230","7309","9748","9748","NA","NA","116543","156498","106835","12510","108426","156999","156496","9760","116543","156999","157526","NA","NA","12510","108394","98994","106833","98994","98993","12510","NA","NA","NA","108428","NA","NA","NA","NA","NA","NA","107336","107336","107894","49015","98470","158026","NA","NA","NA","9762","NA","NA","NA","NA","NA","NA","Orientation_PSA2018","53","52274","74","no","yes","1024"
"N","5293","H","V","PP_LIST3.csv","bowlH.jpg","bowlV.jpg","100","100","584","584","#ffffff","yes","legacy","legacy","legacy","0","uniform","1","1","undefined","1","undefined","6","j","0","0","0","0","0","0","0","0","24","0","24","49","0","0","24","24","0","0","24","24","24","24","0","49","21","49","21","21","0","0","0","0","0","0","0","0","0","0","0","49","49","49","49","49","24","0","0","0","0","0","0","0","0","0","0","01/09/20 12:21:55","no","Matching Tasks","yes","","no","OrientationCrossLanguages_2018PSA_PP_1.2.4.osexp","\\homer.uit.no\kkl012\Desktop\PSA","no","chinese-japanese-korean","no","18","no","#0000ff","no","Norsk","yes","768","no","legacy","24","24","22","5","//homer.uit.no/kkl012/Desktop/PSA/NOR_004_PP_46.csv","legacy","yes","Kafkaesque Koffka","3.2.8","yes","5a7ce671e83246000deafe81","no","no","0","0","j","space","NA","j","NA","NA","NA","space","NA","NA","NA","NA","NA","NA","j","NA","NA","NA","space","NA","NA","NA","NA","NA","NA","584","2685","NA","584","NA","NA","NA","8104","NA","NA","NA","NA","NA","NA","556","NA","NA","NA","2737","NA","NA","NA","NA","NA","NA","2","legacy","no","1024","2","48000","-16","EXP","46","even","no","no","NA","9760","3225","3230","7309","9748","9748","158070","NA","116543","160871","106835","12510","108426","161372","160869","9760","116543","161372","161958","NA","NA","12510","108394","98994","106833","98994","98993","12510","NA","NA","NA","108428","NA","NA","NA","NA","NA","NA","107336","107336","107894","49015","98470","162458","NA","NA","NA","9762","NA","NA","NA","NA","NA","NA","Orientation_PSA2018","1","584","1","no","yes","1024"
"Y","5293","H","H","PP_LIST3.csv","nailH.jpg","nailH.jpg","50","50","486","486","#ffffff","yes","legacy","legacy","legacy","0","uniform","0","0","undefined","1","undefined","6","j","0","0","0","0","0","0","0","0","25","0","25","49","0","0","25","25","0","0","25","25","25","25","0","49","21","49","21","21","0","0","0","0","0","0","0","0","0","0","0","49","49","49","49","49","25","0","0","0","0","0","0","0","0","0","0","01/09/20 12:21:55","no","Matching Tasks","yes","","no","OrientationCrossLanguages_2018PSA_PP_1.2.4.osexp","\\homer.uit.no\kkl012\Desktop\PSA","no","chinese-japanese-korean","no","18","no","#0000ff","no","Norsk","yes","768","no","legacy","25","25","22","5","//homer.uit.no/kkl012/Desktop/PSA/NOR_004_PP_46.csv","legacy","yes","Kafkaesque Koffka","3.2.8","yes","5a7ce671e83246000deafe81","no","no","0","0","f","space","NA","f","NA","NA","NA","space","NA","NA","NA","NA","NA","NA","j","NA","NA","NA","space","NA","NA","NA","NA","NA","NA","388","2685","NA","388","NA","NA","NA","8104","NA","NA","NA","NA","NA","NA","556","NA","NA","NA","2737","NA","NA","NA","NA","NA","NA","2","legacy","no","1024","2","48000","-16","EXP","46","even","no","no","NA","9760","3225","3230","7309","9748","9748","158070","NA","116543","162570","106835","12510","108426","163071","162568","9760","116543","163071","161958","NA","163462","12510","108394","98994","106833","98994","98993","12510","NA","NA","NA","108428","NA","NA","NA","NA","NA","NA","107336","107336","107894","49015","98470","163962","NA","NA","NA","9762","NA","NA","NA","NA","NA","NA","Orientation_PSA2018","1","972","2","no","yes","1024"
"F","5293","F","F","PP_LIST3.csv","couch.jpg","spider.jpg","66.6666666667","66.6666666667","518.666666667","518.666666667","#ffffff","yes","legacy","legacy","legacy","0","uniform","1","1","undefined","1","undefined","6","f","0","0","0","0","0","0","0","0","26","0","26","49","0","0","26","26","0","0","26","26","26","26","0","49","21","49","21","21","0","0","0","0","0","0","0","0","0","0","0","49","49","49","49","49","26","0","0","0","0","0","0","0","0","0","0","01/09/20 12:21:55","no","Matching Tasks","yes","","no","OrientationCrossLanguages_2018PSA_PP_1.2.4.osexp","\\homer.uit.no\kkl012\Desktop\PSA","no","chinese-japanese-korean","no","18","no","#0000ff","no","Norsk","yes","768","no","legacy","26","26","22","5","//homer.uit.no/kkl012/Desktop/PSA/NOR_004_PP_46.csv","legacy","yes","Kafkaesque Koffka","3.2.8","yes","5a7ce671e83246000deafe81","no","no","0","0","f","space","NA","f","NA","NA","NA","space","NA","NA","NA","NA","NA","NA","j","NA","NA","NA","space","NA","NA","NA","NA","NA","NA","584","2685","NA","584","NA","NA","NA","8104","NA","NA","NA","NA","NA","NA","556","NA","NA","NA","2737","NA","NA","NA","NA","NA","NA","2","legacy","no","1024","2","48000","-16","EXP","46","even","no","no","NA","9760","3225","3230","7309","9748","9748","158070","NA","116543","164071","106835","12510","108426","164572","164069","9760","116543","164572","165158","NA","163462","12510","108394","98994","106833","98994","98993","12510","NA","NA","NA","108428","NA","NA","NA","NA","NA","NA","107336","107336","107894","49015","98470","165658","NA","NA","NA","9762","NA","NA","NA","NA","NA","NA","Orientation_PSA2018","2","1556","3","no","yes","1024"
"Y","5293","V","V","PP_LIST3.csv","plateV.jpg","plateV.jpg","75","75","544.75","544.75","#ffffff","yes","legacy","legacy","legacy","0","uniform","1","1","undefined","1","undefined","6","j","0","0","0","0","0","0","0","0","27","0","27","49","0","0","27","27","0","0","27","27","27","27","0","49","21","49","21","21","0","0","0","0","0","0","0","0","0","0","0","49","49","49","49","49","27","0","0","0","0","0","0","0","0","0","0","01/09/20 12:21:55","no","Matching Tasks","yes","","no","OrientationCrossLanguages_2018PSA_PP_1.2.4.osexp","\\homer.uit.no\kkl012\Desktop\PSA","no","chinese-japanese-korean","no","18","no","#0000ff","no","Norsk","yes","768","no","legacy","27","27","22","5","//homer.uit.no/kkl012/Desktop/PSA/NOR_004_PP_46.csv","legacy","yes","Kafkaesque Koffka","3.2.8","yes","5a7ce671e83246000deafe81","no","no","0","0","j","space","NA","j","NA","NA","NA","space","NA","NA","NA","NA","NA","NA","j","NA","NA","NA","space","NA","NA","NA","NA","NA","NA","623","2685","NA","623","NA","NA","NA","8104","NA","NA","NA","NA","NA","NA","556","NA","NA","NA","2737","NA","NA","NA","NA","NA","NA","2","legacy","no","1024","2","48000","-16","EXP","46","even","no","no","NA","9760","3225","3230","7309","9748","9748","158070","NA","116543","165775","106835","12510","108426","166276","165774","9760","116543","166276","166901","NA","163462","12510","108394","98994","106833","98994","98993","12510","NA","NA","NA","108428","NA","NA","NA","NA","NA","NA","107336","107336","107894","49015","98470","167402","NA","NA","NA","9762","NA","NA","NA","NA","NA","NA","Orientation_PSA2018","3","2179","4","no","yes","1024"
"Y","5293","H","H","PP_LIST3.csv","ironH.jpg","ironH.jpg","80","80","539.4","539.4","#ffffff","yes","legacy","legacy","legacy","0","uniform","1","1","undefined","1","undefined","6","j","0","0","0","0","0","0","0","0","28","0","28","49","0","0","28","28","0","0","28","28","28","28","0","49","21","49","21","21","0","0","0","0","0","0","0","0","0","0","0","49","49","49","49","49","28","0","0","0","0","0","0","0","0","0","0","01/09/20 12:21:55","no","Matching Tasks","yes","","no","OrientationCrossLanguages_2018PSA_PP_1.2.4.osexp","\\homer.uit.no\kkl012\Desktop\PSA","no","chinese-japanese-korean","no","18","no","#0000ff","no","Norsk","yes","768","no","legacy","28","28","22","5","//homer.uit.no/kkl012/Desktop/PSA/NOR_004_PP_46.csv","legacy","yes","Kafkaesque Koffka","3.2.8","yes","5a7ce671e83246000deafe81","no","no","0","0","j","space","NA","j","NA","NA","NA","space","NA","NA","NA","NA","NA","NA","j","NA","NA","NA","space","NA","NA","NA","NA","NA","NA","518","2685","NA","518","NA","NA","NA","8104","NA","NA","NA","NA","NA","NA","556","NA","NA","NA","2737","NA","NA","NA","NA","NA","NA","2","legacy","no","1024","2","48000","-16","EXP","46","even","no","no","NA","9760","3225","3230","7309","9748","9748","158070","NA","116543","167513","106835","12510","108426","168014","167511","9760","116543","168014","168534","NA","163462","12510","108394","98994","106833","98994","98993","12510","NA","NA","NA","108428","NA","NA","NA","NA","NA","NA","107336","107336","107894","49015","98470","169034","NA","NA","NA","9762","NA","NA","NA","NA","NA","NA","Orientation_PSA2018","4","2697","5","no","yes","1024"
"F","5293","F","F","PP_LIST3.csv","buggy.jpg","glass.jpg","83.3333333333","83.3333333333","546.666666667","546.666666667","#ffffff","yes","legacy","legacy","legacy","0","uniform","1","1","undefined","1","undefined","6","f","0","0","0","0","0","0","0","0","29","0","29","49","0","0","29","29","0","0","29","29","29","29","0","49","21","49","21","21","0","0","0","0","0","0","0","0","0","0","0","49","49","49","49","49","29","0","0","0","0","0","0","0","0","0","0","01/09/20 12:21:55","no","Matching Tasks","yes","","no","OrientationCrossLanguages_2018PSA_PP_1.2.4.osexp","\\homer.uit.no\kkl012\Desktop\PSA","no","chinese-japanese-korean","no","18","no","#0000ff","no","Norsk","yes","768","no","legacy","29","29","22","5","//homer.uit.no/kkl012/Desktop/PSA/NOR_004_PP_46.csv","legacy","yes","Kafkaesque Koffka","3.2.8","yes","5a7ce671e83246000deafe81","no","no","0","0","f","space","NA","f","NA","NA","NA","space","NA","NA","NA","NA","NA","NA","j","NA","NA","NA","space","NA","NA","NA","NA","NA","NA","583","2685","NA","583","NA","NA","NA","8104","NA","NA","NA","NA","NA","NA","556","NA","NA","NA","2737","NA","NA","NA","NA","NA","NA","2","legacy","no","1024","2","48000","-16","EXP","46","even","no","no","NA","9760","3225","3230","7309","9748","9748","158070","NA","116543","169143","106835","12510","108426","169645","169141","9760","116543","169645","170230","NA","163462","12510","108394","98994","106833","98994","98993","12510","NA","NA","NA","108428","NA","NA","NA","NA","NA","NA","107336","107336","107894","49015","98470","170730","NA","NA","NA","9762","NA","NA","NA","NA","NA","NA","Orientation_PSA2018","5","3280","6","no","yes","1024"
"N","5293","V","H","PP_LIST3.csv","fire_extinguisherV.jpg","fire_extinguisherH.jpg","85.7142857143","85.7142857143","548.285714286","548.285714286","#ffffff","yes","legacy","legacy","legacy","0","uniform","1","1","undefined","1","undefined","6","j","0","0","0","0","0","0","0","0","30","0","30","49","0","0","30","30","0","0","30","30","30","30","0","49","21","49","21","21","0","0","0","0","0","0","0","0","0","0","0","49","49","49","49","49","30","0","0","0","0","0","0","0","0","0","0","01/09/20 12:21:55","no","Matching Tasks","yes","","no","OrientationCrossLanguages_2018PSA_PP_1.2.4.osexp","\\homer.uit.no\kkl012\Desktop\PSA","no","chinese-japanese-korean","no","18","no","#0000ff","no","Norsk","yes","768","no","legacy","30","30","22","5","//homer.uit.no/kkl012/Desktop/PSA/NOR_004_PP_46.csv","legacy","yes","Kafkaesque Koffka","3.2.8","yes","5a7ce671e83246000deafe81","no","no","0","0","j","space","NA","j","NA","NA","NA","space","NA","NA","NA","NA","NA","NA","j","NA","NA","NA","space","NA","NA","NA","NA","NA","NA","558","2685","NA","558","NA","NA","NA","8104","NA","NA","NA","NA","NA","NA","556","NA","NA","NA","2737","NA","NA","NA","NA","NA","NA","2","legacy","no","1024","2","48000","-16","EXP","46","even","no","no","NA","9760","3225","3230","7309","9748","9748","158070","NA","116543","170849","106835","12510","108426","171350","170847","9760","116543","171350","171910","NA","163462","12510","108394","98994","106833","98994","98993","12510","NA","NA","NA","108428","NA","NA","NA","NA","NA","NA","107336","107336","107894","49015","98470","172410","NA","NA","NA","9762","NA","NA","NA","NA","NA","NA","Orientation_PSA2018","6","3838","7","no","yes","1024"
"N","5293","H","V","PP_LIST3.csv","broomH.jpg","broomV.jpg","87.5","87.5","558.625","558.625","#ffffff","yes","legacy","legacy","legacy","0","uniform","1","1","undefined","1","undefined","6","j","0","0","0","0","0","0","0","0","31","0","31","49","0","0","31","31","0","0","31","31","31","31","0","49","21","49","21","21","0","0","0","0","0","0","0","0","0","0","0","49","49","49","49","49","31","0","0","0","0","0","0","0","0","0","0","01/09/20 12:21:55","no","Matching Tasks","yes","","no","OrientationCrossLanguages_2018PSA_PP_1.2.4.osexp","\\homer.uit.no\kkl012\Desktop\PSA","no","chinese-japanese-korean","no","18","no","#0000ff","no","Norsk","yes","768","no","legacy","31","31","22","5","//homer.uit.no/kkl012/Desktop/PSA/NOR_004_PP_46.csv","legacy","yes","Kafkaesque Koffka","3.2.8","yes","5a7ce671e83246000deafe81","no","no","0","0","j","space","NA","j","NA","NA","NA","space","NA","NA","NA","NA","NA","NA","j","NA","NA","NA","space","NA","NA","NA","NA","NA","NA","631","2685","NA","631","NA","NA","NA","8104","NA","NA","NA","NA","NA","NA","556","NA","NA","NA","2737","NA","NA","NA","NA","NA","NA","2","legacy","no","1024","2","48000","-16","EXP","46","even","no","no","NA","9760","3225","3230","7309","9748","9748","158070","NA","116543","172519","106835","12510","108426","173020","172517","9760","116543","173020","173654","NA","163462","12510","108394","98994","106833","98994","98993","12510","NA","NA","NA","108428","NA","NA","NA","NA","NA","NA","107336","107336","107894","49015","98470","174154","NA","NA","NA","9762","NA","NA","NA","NA","NA","NA","Orientation_PSA2018","7","4469","8","no","yes","1024"
"Y","5293","V","V","PP_LIST3.csv","saltV.jpg","saltV.jpg","88.8888888889","88.8888888889","575.111111111","575.111111111","#ffffff","yes","legacy","legacy","legacy","0","uniform","1","1","undefined","1","undefined","6","j","0","0","0","0","0","0","0","0","32","0","32","49","0","0","32","32","0","0","32","32","32","32","0","49","21","49","21","21","0","0","0","0","0","0","0","0","0","0","0","49","49","49","49","49","32","0","0","0","0","0","0","0","0","0","0","01/09/20 12:21:55","no","Matching Tasks","yes","","no","OrientationCrossLanguages_2018PSA_PP_1.2.4.osexp","\\homer.uit.no\kkl012\Desktop\PSA","no","chinese-japanese-korean","no","18","no","#0000ff","no","Norsk","yes","768","no","legacy","32","32","22","5","//homer.uit.no/kkl012/Desktop/PSA/NOR_004_PP_46.csv","legacy","yes","Kafkaesque Koffka","3.2.8","yes","5a7ce671e83246000deafe81","no","no","0","0","j","space","NA","j","NA","NA","NA","space","NA","NA","NA","NA","NA","NA","j","NA","NA","NA","space","NA","NA","NA","NA","NA","NA","707","2685","NA","707","NA","NA","NA","8104","NA","NA","NA","NA","NA","NA","556","NA","NA","NA","2737","NA","NA","NA","NA","NA","NA","2","legacy","no","1024","2","48000","-16","EXP","46","even","no","no","NA","9760","3225","3230","7309","9748","9748","158070","NA","116543","174266","106835","12510","108426","174768","174265","9760","116543","174768","175477","NA","163462","12510","108394","98994","106833","98994","98993","12510","NA","NA","NA","108428","NA","NA","NA","NA","NA","NA","107336","107336","107894","49015","98470","175978","NA","NA","NA","9762","NA","NA","NA","NA","NA","NA","Orientation_PSA2018","8","5176","9","no","yes","1024"
"F","5293","F","F","PP_LIST3.csv","tiger.jpg","wndmil.jpg","90","90","577.5","577.5","#ffffff","yes","legacy","legacy","legacy","0","uniform","1","1","undefined","1","undefined","6","f","0","0","0","0","0","0","0","0","33","0","33","49","0","0","33","33","0","0","33","33","33","33","0","49","21","49","21","21","0","0","0","0","0","0","0","0","0","0","0","49","49","49","49","49","33","0","0","0","0","0","0","0","0","0","0","01/09/20 12:21:55","no","Matching Tasks","yes","","no","OrientationCrossLanguages_2018PSA_PP_1.2.4.osexp","\\homer.uit.no\kkl012\Desktop\PSA","no","chinese-japanese-korean","no","18","no","#0000ff","no","Norsk","yes","768","no","legacy","33","33","22","5","//homer.uit.no/kkl012/Desktop/PSA/NOR_004_PP_46.csv","legacy","yes","Kafkaesque Koffka","3.2.8","yes","5a7ce671e83246000deafe81","no","no","0","0","f","space","NA","f","NA","NA","NA","space","NA","NA","NA","NA","NA","NA","j","NA","NA","NA","space","NA","NA","NA","NA","NA","NA","599","2685","NA","599","NA","NA","NA","8104","NA","NA","NA","NA","NA","NA","556","NA","NA","NA","2737","NA","NA","NA","NA","NA","NA","2","legacy","no","1024","2","48000","-16","EXP","46","even","no","no","NA","9760","3225","3230","7309","9748","9748","158070","NA","116543","176087","106835","12510","108426","176588","176085","9760","116543","176588","177190","NA","163462","12510","108394","98994","106833","98994","98993","12510","NA","NA","NA","108428","NA","NA","NA","NA","NA","NA","107336","107336","107894","49015","98470","177690","NA","NA","NA","9762","NA","NA","NA","NA","NA","NA","Orientation_PSA2018","9","5775","10","no","yes","1024"
"F","5293","F","F","PP_LIST3.csv","wndmil.jpg","mitten.jpg","90.9090909091","90.9090909091","586.454545455","586.454545455","#ffffff","yes","legacy","legacy","legacy","0","uniform","1","1","undefined","1","undefined","6","f","0","0","0","0","0","0","0","0","34","0","34","49","0","0","34","34","0","0","34","34","34","34","0","49","21","49","21","21","0","0","0","0","0","0","0","0","0","0","0","49","49","49","49","49","34","0","0","0","0","0","0","0","0","0","0","01/09/20 12:21:55","no","Matching Tasks","yes","","no","OrientationCrossLanguages_2018PSA_PP_1.2.4.osexp","\\homer.uit.no\kkl012\Desktop\PSA","no","chinese-japanese-korean","no","18","no","#0000ff","no","Norsk","yes","768","no","legacy","34","34","22","5","//homer.uit.no/kkl012/Desktop/PSA/NOR_004_PP_46.csv","legacy","yes","Kafkaesque Koffka","3.2.8","yes","5a7ce671e83246000deafe81","no","no","0","0","f","space","NA","f","NA","NA","NA","space","NA","NA","NA","NA","NA","NA","j","NA","NA","NA","space","NA","NA","NA","NA","NA","NA","676","2685","NA","676","NA","NA","NA","8104","NA","NA","NA","NA","NA","NA","556","NA","NA","NA","2737","NA","NA","NA","NA","NA","NA","2","legacy","no","1024","2","48000","-16","EXP","46","even","no","no","NA","9760","3225","3230","7309","9748","9748","158070","NA","116543","177800","106835","12510","108426","178304","177798","9760","116543","178304","178982","NA","163462","12510","108394","98994","106833","98994","98993","12510","NA","NA","NA","108428","NA","NA","NA","NA","NA","NA","107336","107336","107894","49015","98470","179482","NA","NA","NA","9762","NA","NA","NA","NA","NA","NA","Orientation_PSA2018","10","6451","11","no","yes","1024"
"F","5293","F","F","PP_LIST3.csv","pumpkin.jpg","trmpet.jpg","91.6666666667","91.6666666667","586","586","#ffffff","yes","legacy","legacy","legacy","0","uniform","1","1","undefined","1","undefined","6","f","0","0","0","0","0","0","0","0","35","0","35","49","0","0","35","35","0","0","35","35","35","35","0","49","21","49","21","21","0","0","0","0","0","0","0","0","0","0","0","49","49","49","49","49","35","0","0","0","0","0","0","0","0","0","0","01/09/20 12:21:55","no","Matching Tasks","yes","","no","OrientationCrossLanguages_2018PSA_PP_1.2.4.osexp","\\homer.uit.no\kkl012\Desktop\PSA","no","chinese-japanese-korean","no","18","no","#0000ff","no","Norsk","yes","768","no","legacy","35","35","22","5","//homer.uit.no/kkl012/Desktop/PSA/NOR_004_PP_46.csv","legacy","yes","Kafkaesque Koffka","3.2.8","yes","5a7ce671e83246000deafe81","no","no","0","0","f","space","NA","f","NA","NA","NA","space","NA","NA","NA","NA","NA","NA","j","NA","NA","NA","space","NA","NA","NA","NA","NA","NA","581","2685","NA","581","NA","NA","NA","8104","NA","NA","NA","NA","NA","NA","556","NA","NA","NA","2737","NA","NA","NA","NA","NA","NA","2","legacy","no","1024","2","48000","-16","EXP","46","even","no","no","NA","9760","3225","3230","7309","9748","9748","158070","NA","116543","179591","106835","12510","108426","180095","179589","9760","116543","180095","180678","NA","163462","12510","108394","98994","106833","98994","98993","12510","NA","NA","NA","108428","NA","NA","NA","NA","NA","NA","107336","107336","107894","49015","98470","181178","NA","NA","NA","9762","NA","NA","NA","NA","NA","NA","Orientation_PSA2018","11","7032","12","no","yes","1024"
"N","5293","V","H","PP_LIST3.csv","clothespinV.jpg","clothespinH.jpg","92.3076923077","92.3076923077","589.923076923","589.923076923","#ffffff","yes","legacy","legacy","legacy","0","uniform","1","1","undefined","1","undefined","6","j","0","0","0","0","0","0","0","0","36","0","36","49","0","0","36","36","0","0","36","36","36","36","0","49","21","49","21","21","0","0","0","0","0","0","0","0","0","0","0","49","49","49","49","49","36","0","0","0","0","0","0","0","0","0","0","01/09/20 12:21:55","no","Matching Tasks","yes","","no","OrientationCrossLanguages_2018PSA_PP_1.2.4.osexp","\\homer.uit.no\kkl012\Desktop\PSA","no","chinese-japanese-korean","no","18","no","#0000ff","no","Norsk","yes","768","no","legacy","36","36","22","5","//homer.uit.no/kkl012/Desktop/PSA/NOR_004_PP_46.csv","legacy","yes","Kafkaesque Koffka","3.2.8","yes","5a7ce671e83246000deafe81","no","no","0","0","j","space","NA","j","NA","NA","NA","space","NA","NA","NA","NA","NA","NA","j","NA","NA","NA","space","NA","NA","NA","NA","NA","NA","637","2685","NA","637","NA","NA","NA","8104","NA","NA","NA","NA","NA","NA","556","NA","NA","NA","2737","NA","NA","NA","NA","NA","NA","2","legacy","no","1024","2","48000","-16","EXP","46","even","no","no","NA","9760","3225","3230","7309","9748","9748","158070","NA","116543","181297","106835","12510","108426","181798","181295","9760","116543","181798","182438","NA","163462","12510","108394","98994","106833","98994","98993","12510","NA","NA","NA","108428","NA","NA","NA","NA","NA","NA","107336","107336","107894","49015","98470","182938","NA","NA","NA","9762","NA","NA","NA","NA","NA","NA","Orientation_PSA2018","12","7669","13","no","yes","1024"
"F","5293","F","F","PP_LIST3.csv","skirt.jpg","tlphon.jpg","92.8571428571","92.8571428571","591.714285714","591.714285714","#ffffff","yes","legacy","legacy","legacy","0","uniform","1","1","undefined","1","undefined","6","f","0","0","0","0","0","0","0","0","37","0","37","49","0","0","37","37","0","0","37","37","37","37","0","49","21","49","21","21","0","0","0","0","0","0","0","0","0","0","0","49","49","49","49","49","37","0","0","0","0","0","0","0","0","0","0","01/09/20 12:21:55","no","Matching Tasks","yes","","no","OrientationCrossLanguages_2018PSA_PP_1.2.4.osexp","\\homer.uit.no\kkl012\Desktop\PSA","no","chinese-japanese-korean","no","18","no","#0000ff","no","Norsk","yes","768","no","legacy","37","37","22","5","//homer.uit.no/kkl012/Desktop/PSA/NOR_004_PP_46.csv","legacy","yes","Kafkaesque Koffka","3.2.8","yes","5a7ce671e83246000deafe81","no","no","0","0","f","space","NA","f","NA","NA","NA","space","NA","NA","NA","NA","NA","NA","j","NA","NA","NA","space","NA","NA","NA","NA","NA","NA","615","2685","NA","615","NA","NA","NA","8104","NA","NA","NA","NA","NA","NA","556","NA","NA","NA","2737","NA","NA","NA","NA","NA","NA","2","legacy","no","1024","2","48000","-16","EXP","46","even","no","no","NA","9760","3225","3230","7309","9748","9748","158070","NA","116543","183047","106835","12510","108426","183548","183045","9760","116543","183548","184166","NA","163462","12510","108394","98994","106833","98994","98993","12510","NA","NA","NA","108428","NA","NA","NA","NA","NA","NA","107336","107336","107894","49015","98470","184666","NA","NA","NA","9762","NA","NA","NA","NA","NA","NA","Orientation_PSA2018","13","8284","14","no","yes","1024"
"F","5293","F","F","PP_LIST3.csv","trmpet.jpg","tapedispenser.jpg","86.6666666667","86.6666666667","590.133333333","590.133333333","#ffffff","yes","legacy","legacy","legacy","0","uniform","0","0","undefined","1","undefined","6","f","0","0","0","0","0","0","0","0","38","0","38","49","0","0","38","38","0","0","38","38","38","38","0","49","21","49","21","21","0","0","0","0","0","0","0","0","0","0","0","49","49","49","49","49","38","0","0","0","0","0","0","0","0","0","0","01/09/20 12:21:55","no","Matching Tasks","yes","","no","OrientationCrossLanguages_2018PSA_PP_1.2.4.osexp","\\homer.uit.no\kkl012\Desktop\PSA","no","chinese-japanese-korean","no","18","no","#0000ff","no","Norsk","yes","768","no","legacy","38","38","22","5","//homer.uit.no/kkl012/Desktop/PSA/NOR_004_PP_46.csv","legacy","yes","Kafkaesque Koffka","3.2.8","yes","5a7ce671e83246000deafe81","no","no","0","0","j","space","NA","j","NA","NA","NA","space","NA","NA","NA","NA","NA","NA","j","NA","NA","NA","space","NA","NA","NA","NA","NA","NA","568","2685","NA","568","NA","NA","NA","8104","NA","NA","NA","NA","NA","NA","556","NA","NA","NA","2737","NA","NA","NA","NA","NA","NA","2","legacy","no","1024","2","48000","-16","EXP","46","even","no","no","NA","9760","3225","3230","7309","9748","9748","158070","NA","116543","184775","106835","12510","108426","185276","184773","9760","116543","185276","184166","NA","185846","12510","108394","98994","106833","98994","98993","12510","NA","NA","NA","108428","NA","NA","NA","NA","NA","NA","107336","107336","107894","49015","98470","186346","NA","NA","NA","9762","NA","NA","NA","NA","NA","NA","Orientation_PSA2018","13","8852","15","no","yes","1024"
"Y","5293","V","V","PP_LIST3.csv","penV.jpg","penV.jpg","87.5","87.5","588.5","588.5","#ffffff","yes","legacy","legacy","legacy","0","uniform","1","1","undefined","1","undefined","6","j","0","0","0","0","0","0","0","0","39","0","39","49","0","0","39","39","0","0","39","39","39","39","0","49","21","49","21","21","0","0","0","0","0","0","0","0","0","0","0","49","49","49","49","49","39","0","0","0","0","0","0","0","0","0","0","01/09/20 12:21:55","no","Matching Tasks","yes","","no","OrientationCrossLanguages_2018PSA_PP_1.2.4.osexp","\\homer.uit.no\kkl012\Desktop\PSA","no","chinese-japanese-korean","no","18","no","#0000ff","no","Norsk","yes","768","no","legacy","39","39","22","5","//homer.uit.no/kkl012/Desktop/PSA/NOR_004_PP_46.csv","legacy","yes","Kafkaesque Koffka","3.2.8","yes","5a7ce671e83246000deafe81","no","no","0","0","j","space","NA","j","NA","NA","NA","space","NA","NA","NA","NA","NA","NA","j","NA","NA","NA","space","NA","NA","NA","NA","NA","NA","564","2685","NA","564","NA","NA","NA","8104","NA","NA","NA","NA","NA","NA","556","NA","NA","NA","2737","NA","NA","NA","NA","NA","NA","2","legacy","no","1024","2","48000","-16","EXP","46","even","no","no","NA","9760","3225","3230","7309","9748","9748","158070","NA","116543","186458","106835","12510","108426","186959","186456","9760","116543","186960","187526","NA","185846","12510","108394","98994","106833","98994","98993","12510","NA","NA","NA","108428","NA","NA","NA","NA","NA","NA","107336","107336","107894","49015","98470","188026","NA","NA","NA","9762","NA","NA","NA","NA","NA","NA","Orientation_PSA2018","14","9416","16","no","yes","1024"
"F","5293","F","F","PP_LIST3.csv","ftball.jpg","nut.jpg","88.2352941176","88.2352941176","590.941176471","590.941176471","#ffffff","yes","legacy","legacy","legacy","0","uniform","1","1","undefined","1","undefined","6","f","0","0","0","0","0","0","0","0","40","0","40","49","0","0","40","40","0","0","40","40","40","40","0","49","21","49","21","21","0","0","0","0","0","0","0","0","0","0","0","49","49","49","49","49","40","0","0","0","0","0","0","0","0","0","0","01/09/20 12:21:55","no","Matching Tasks","yes","","no","OrientationCrossLanguages_2018PSA_PP_1.2.4.osexp","\\homer.uit.no\kkl012\Desktop\PSA","no","chinese-japanese-korean","no","18","no","#0000ff","no","Norsk","yes","768","no","legacy","40","40","22","5","//homer.uit.no/kkl012/Desktop/PSA/NOR_004_PP_46.csv","legacy","yes","Kafkaesque Koffka","3.2.8","yes","5a7ce671e83246000deafe81","no","no","0","0","f","space","NA","f","NA","NA","NA","space","NA","NA","NA","NA","NA","NA","j","NA","NA","NA","space","NA","NA","NA","NA","NA","NA","630","2685","NA","630","NA","NA","NA","8104","NA","NA","NA","NA","NA","NA","556","NA","NA","NA","2737","NA","NA","NA","NA","NA","NA","2","legacy","no","1024","2","48000","-16","EXP","46","even","no","no","NA","9760","3225","3230","7309","9748","9748","158070","NA","116543","188136","106835","12510","108426","188637","188134","9760","116543","188637","189270","NA","185846","12510","108394","98994","106833","98994","98993","12510","NA","NA","NA","108428","NA","NA","NA","NA","NA","NA","107336","107336","107894","49015","98470","189770","NA","NA","NA","9762","NA","NA","NA","NA","NA","NA","Orientation_PSA2018","15","10046","17","no","yes","1024"
"F","5293","F","F","PP_LIST3.csv","mitten.jpg","needle.jpg","88.8888888889","88.8888888889","599.333333333","599.333333333","#ffffff","yes","legacy","legacy","legacy","0","uniform","1","1","undefined","1","undefined","6","f","0","0","0","0","0","0","0","0","41","0","41","49","0","0","41","41","0","0","41","41","41","41","0","49","21","49","21","21","0","0","0","0","0","0","0","0","0","0","0","49","49","49","49","49","41","0","0","0","0","0","0","0","0","0","0","01/09/20 12:21:55","no","Matching Tasks","yes","","no","OrientationCrossLanguages_2018PSA_PP_1.2.4.osexp","\\homer.uit.no\kkl012\Desktop\PSA","no","chinese-japanese-korean","no","18","no","#0000ff","no","Norsk","yes","768","no","legacy","41","41","22","5","//homer.uit.no/kkl012/Desktop/PSA/NOR_004_PP_46.csv","legacy","yes","Kafkaesque Koffka","3.2.8","yes","5a7ce671e83246000deafe81","no","no","0","0","f","space","NA","f","NA","NA","NA","space","NA","NA","NA","NA","NA","NA","j","NA","NA","NA","space","NA","NA","NA","NA","NA","NA","742","2685","NA","742","NA","NA","NA","8104","NA","NA","NA","NA","NA","NA","556","NA","NA","NA","2737","NA","NA","NA","NA","NA","NA","2","legacy","no","1024","2","48000","-16","EXP","46","even","no","no","NA","9760","3225","3230","7309","9748","9748","158070","NA","116543","189880","106835","12510","108426","190381","189878","9760","116543","190381","191126","NA","185846","12510","108394","98994","106833","98994","98993","12510","NA","NA","NA","108428","NA","NA","NA","NA","NA","NA","107336","107336","107894","49015","98470","191626","NA","NA","NA","9762","NA","NA","NA","NA","NA","NA","Orientation_PSA2018","16","10788","18","no","yes","1024"
"F","5293","F","F","PP_LIST3.csv","nut.jpg","watch.jpg","89.4736842105","89.4736842105","603.631578947","603.631578947","#ffffff","yes","legacy","legacy","legacy","0","uniform","1","1","undefined","1","undefined","6","f","0","0","0","0","0","0","0","0","42","0","42","49","0","0","42","42","0","0","42","42","42","42","0","49","21","49","21","21","0","0","0","0","0","0","0","0","0","0","0","49","49","49","49","49","42","0","0","0","0","0","0","0","0","0","0","01/09/20 12:21:55","no","Matching Tasks","yes","","no","OrientationCrossLanguages_2018PSA_PP_1.2.4.osexp","\\homer.uit.no\kkl012\Desktop\PSA","no","chinese-japanese-korean","no","18","no","#0000ff","no","Norsk","yes","768","no","legacy","42","42","22","5","//homer.uit.no/kkl012/Desktop/PSA/NOR_004_PP_46.csv","legacy","yes","Kafkaesque Koffka","3.2.8","yes","5a7ce671e83246000deafe81","no","no","0","0","f","space","NA","f","NA","NA","NA","space","NA","NA","NA","NA","NA","NA","j","NA","NA","NA","space","NA","NA","NA","NA","NA","NA","681","2685","NA","681","NA","NA","NA","8104","NA","NA","NA","NA","NA","NA","556","NA","NA","NA","2737","NA","NA","NA","NA","NA","NA","2","legacy","no","1024","2","48000","-16","EXP","46","even","no","no","NA","9760","3225","3230","7309","9748","9748","158070","NA","116543","191734","106835","12510","108426","192235","191732","9760","116543","192235","192918","NA","185846","12510","108394","98994","106833","98994","98993","12510","NA","NA","NA","108428","NA","NA","NA","NA","NA","NA","107336","107336","107894","49015","98470","193418","NA","NA","NA","9762","NA","NA","NA","NA","NA","NA","Orientation_PSA2018","17","11469","19","no","yes","1024"
"Y","5293","V","V","PP_LIST3.csv","scssorV.jpg","scssorV.jpg","90","90","601.6","601.6","#ffffff","yes","legacy","legacy","legacy","0","uniform","1","1","undefined","1","undefined","6","j","0","0","0","0","0","0","0","0","43","0","43","49","0","0","43","43","0","0","43","43","43","43","0","49","21","49","21","21","0","0","0","0","0","0","0","0","0","0","0","49","49","49","49","49","43","0","0","0","0","0","0","0","0","0","0","01/09/20 12:21:55","no","Matching Tasks","yes","","no","OrientationCrossLanguages_2018PSA_PP_1.2.4.osexp","\\homer.uit.no\kkl012\Desktop\PSA","no","chinese-japanese-korean","no","18","no","#0000ff","no","Norsk","yes","768","no","legacy","43","43","22","5","//homer.uit.no/kkl012/Desktop/PSA/NOR_004_PP_46.csv","legacy","yes","Kafkaesque Koffka","3.2.8","yes","5a7ce671e83246000deafe81","no","no","0","0","j","space","NA","j","NA","NA","NA","space","NA","NA","NA","NA","NA","NA","j","NA","NA","NA","space","NA","NA","NA","NA","NA","NA","563","2685","NA","563","NA","NA","NA","8104","NA","NA","NA","NA","NA","NA","556","NA","NA","NA","2737","NA","NA","NA","NA","NA","NA","2","legacy","no","1024","2","48000","-16","EXP","46","even","no","no","NA","9760","3225","3230","7309","9748","9748","158070","NA","116543","193531","106835","12510","108426","194032","193529","9760","116543","194032","194598","NA","185846","12510","108394","98994","106833","98994","98993","12510","NA","NA","NA","108428","NA","NA","NA","NA","NA","NA","107336","107336","107894","49015","98470","195098","NA","NA","NA","9762","NA","NA","NA","NA","NA","NA","Orientation_PSA2018","18","12032","20","no","yes","1024"
"Y","5293","H","H","PP_LIST3.csv","pencilH.jpg","pencilH.jpg","90.4761904762","90.4761904762","600.428571429","600.428571429","#ffffff","yes","legacy","legacy","legacy","0","uniform","1","1","undefined","1","undefined","6","j","0","0","0","0","0","0","0","0","44","0","44","49","0","0","44","44","0","0","44","44","44","44","0","49","21","49","21","21","0","0","0","0","0","0","0","0","0","0","0","49","49","49","49","49","44","0","0","0","0","0","0","0","0","0","0","01/09/20 12:21:55","no","Matching Tasks","yes","","no","OrientationCrossLanguages_2018PSA_PP_1.2.4.osexp","\\homer.uit.no\kkl012\Desktop\PSA","no","chinese-japanese-korean","no","18","no","#0000ff","no","Norsk","yes","768","no","legacy","44","44","22","5","//homer.uit.no/kkl012/Desktop/PSA/NOR_004_PP_46.csv","legacy","yes","Kafkaesque Koffka","3.2.8","yes","5a7ce671e83246000deafe81","no","no","0","0","j","space","NA","j","NA","NA","NA","space","NA","NA","NA","NA","NA","NA","j","NA","NA","NA","space","NA","NA","NA","NA","NA","NA","577","2685","NA","577","NA","NA","NA","8104","NA","NA","NA","NA","NA","NA","556","NA","NA","NA","2737","NA","NA","NA","NA","NA","NA","2","legacy","no","1024","2","48000","-16","EXP","46","even","no","no","NA","9760","3225","3230","7309","9748","9748","158070","NA","116543","195213","106835","12510","108426","195714","195211","9760","116543","195714","196294","NA","185846","12510","108394","98994","106833","98994","98993","12510","NA","NA","NA","108428","NA","NA","NA","NA","NA","NA","107336","107336","107894","49015","98470","196794","NA","NA","NA","9762","NA","NA","NA","NA","NA","NA","Orientation_PSA2018","19","12609","21","no","yes","1024"
"F","5293","F","F","PP_LIST3.csv","wrench.jpg","piano.jpg","90.9090909091","90.9090909091","598.681818182","598.681818182","#ffffff","yes","legacy","legacy","legacy","0","uniform","1","1","undefined","1","undefined","6","f","0","0","0","0","0","0","0","0","45","0","45","49","0","0","45","45","0","0","45","45","45","45","0","49","21","49","21","21","0","0","0","0","0","0","0","0","0","0","0","49","49","49","49","49","45","0","0","0","0","0","0","0","0","0","0","01/09/20 12:21:55","no","Matching Tasks","yes","","no","OrientationCrossLanguages_2018PSA_PP_1.2.4.osexp","\\homer.uit.no\kkl012\Desktop\PSA","no","chinese-japanese-korean","no","18","no","#0000ff","no","Norsk","yes","768","no","legacy","45","45","22","5","//homer.uit.no/kkl012/Desktop/PSA/NOR_004_PP_46.csv","legacy","yes","Kafkaesque Koffka","3.2.8","yes","5a7ce671e83246000deafe81","no","no","0","0","f","space","NA","f","NA","NA","NA","space","NA","NA","NA","NA","NA","NA","j","NA","NA","NA","space","NA","NA","NA","NA","NA","NA","562","2685","NA","562","NA","NA","NA","8104","NA","NA","NA","NA","NA","NA","556","NA","NA","NA","2737","NA","NA","NA","NA","NA","NA","2","legacy","no","1024","2","48000","-16","EXP","46","even","no","no","NA","9760","3225","3230","7309","9748","9748","158070","NA","116543","196908","106835","12510","108426","197409","196906","9760","116543","197409","197973","NA","185846","12510","108394","98994","106833","98994","98993","12510","NA","NA","NA","108428","NA","NA","NA","NA","NA","NA","107336","107336","107894","49015","98470","198473","NA","NA","NA","9762","NA","NA","NA","NA","NA","NA","Orientation_PSA2018","20","13171","22","no","yes","1024"
"Y","5293","H","H","PP_LIST3.csv","keyH.jpg","keyH.jpg","91.3043478261","91.3043478261","595.826086957","595.826086957","#ffffff","yes","legacy","legacy","legacy","0","uniform","1","1","undefined","1","undefined","6","j","0","0","0","0","0","0","0","0","46","0","46","49","0","0","46","46","0","0","46","46","46","46","0","49","21","49","21","21","0","0","0","0","0","0","0","0","0","0","0","49","49","49","49","49","46","0","0","0","0","0","0","0","0","0","0","01/09/20 12:21:55","no","Matching Tasks","yes","","no","OrientationCrossLanguages_2018PSA_PP_1.2.4.osexp","\\homer.uit.no\kkl012\Desktop\PSA","no","chinese-japanese-korean","no","18","no","#0000ff","no","Norsk","yes","768","no","legacy","46","46","22","5","//homer.uit.no/kkl012/Desktop/PSA/NOR_004_PP_46.csv","legacy","yes","Kafkaesque Koffka","3.2.8","yes","5a7ce671e83246000deafe81","no","no","0","0","j","space","NA","j","NA","NA","NA","space","NA","NA","NA","NA","NA","NA","j","NA","NA","NA","space","NA","NA","NA","NA","NA","NA","533","2685","NA","533","NA","NA","NA","8104","NA","NA","NA","NA","NA","NA","556","NA","NA","NA","2737","NA","NA","NA","NA","NA","NA","2","legacy","no","1024","2","48000","-16","EXP","46","even","no","no","NA","9760","3225","3230","7309","9748","9748","158070","NA","116543","198585","106835","12510","108426","199086","198583","9760","116543","199086","199622","NA","185846","12510","108394","98994","106833","98994","98993","12510","NA","NA","NA","108428","NA","NA","NA","NA","NA","NA","107336","107336","107894","49015","98470","200122","NA","NA","NA","9762","NA","NA","NA","NA","NA","NA","Orientation_PSA2018","21","13704","23","no","yes","1024"
"F","5293","F","F","PP_LIST3.csv","tlphon.jpg","knife.jpg","91.6666666667","91.6666666667","593.291666667","593.291666667","#ffffff","yes","legacy","legacy","legacy","0","uniform","1","1","undefined","1","undefined","6","f","0","0","0","0","0","0","0","0","47","0","47","49","0","0","47","47","0","0","47","47","47","47","0","49","21","49","21","21","0","0","0","0","0","0","0","0","0","0","0","49","49","49","49","49","47","0","0","0","0","0","0","0","0","0","0","01/09/20 12:21:55","no","Matching Tasks","yes","","no","OrientationCrossLanguages_2018PSA_PP_1.2.4.osexp","\\homer.uit.no\kkl012\Desktop\PSA","no","chinese-japanese-korean","no","18","no","#0000ff","no","Norsk","yes","768","no","legacy","47","47","22","5","//homer.uit.no/kkl012/Desktop/PSA/NOR_004_PP_46.csv","legacy","yes","Kafkaesque Koffka","3.2.8","yes","5a7ce671e83246000deafe81","no","no","0","0","f","space","NA","f","NA","NA","NA","space","NA","NA","NA","NA","NA","NA","j","NA","NA","NA","space","NA","NA","NA","NA","NA","NA","535","2685","NA","535","NA","NA","NA","8104","NA","NA","NA","NA","NA","NA","556","NA","NA","NA","2737","NA","NA","NA","NA","NA","NA","2","legacy","no","1024","2","48000","-16","EXP","46","even","no","no","NA","9760","3225","3230","7309","9748","9748","158070","NA","116543","200232","106835","12510","108426","200733","200230","9760","116543","200733","201270","NA","185846","12510","108394","98994","106833","98994","98993","12510","NA","NA","NA","108428","NA","NA","NA","NA","NA","NA","107336","107336","107894","49015","98470","201770","NA","NA","NA","9762","NA","NA","NA","NA","NA","NA","Orientation_PSA2018","22","14239","24","no","yes","1024"
