"Identical","LAB_SEED","Orientation1","Orientation2","PPList","Picture1","Picture2","acc","accuracy","average_response_time","avg_rt","background","bidi","canvas_backend","clock_backend","color_backend","compensation","coordinates","correct","correct_Pictures_response","correct_Start_HUN","correct_Target_response_Prac","correct_Welcome_PP_HUN","correct_count","correct_response","count_Check_This","count_Disable_Mouse","count_EXP","count_LAB_SEED","count_Language_Selection","count_List_Select","count_List_Selection","count_Pictures_Break","count_Pictures_End","count_Pictures_Exp","count_Pictures_Fixation","count_Pictures_Fixation_Prac","count_Pictures_Prac","count_Pictures_Start","count_Pictures_Target","count_Pictures_Trial","count_Pictures_Welcome","count_Pictures_loop","count_Pictures_response","count_Pictures_response_correct","count_Pictures_response_noans","count_Pictures_response_wrong","count_Prac","count_Prac_Count","count_Prac_Reset","count_Prac_Trial","count_Prac_loop","count_Prac_seq","count_Prac_setup","count_Start_DE","count_Start_E","count_Start_HUN","count_Start_NOR","count_Start_PL","count_Start_SC","count_Start_TC","count_Start_THAI","count_Target_Prac","count_Target_response_Prac","count_Target_response_correct_Prac","count_Target_response_noans_Prac","count_Target_response_wrong_Prac","count_Trial_logger","count_Welcome_PP_DE","count_Welcome_PP_E","count_Welcome_PP_HUN","count_Welcome_PP_NOR","count_Welcome_PP_PL","count_Welcome_PP_SC","count_Welcome_PP_TC","count_Welcome_PP_THAI","datetime","de","description","disable_garbage_collection","empty_column","en","experiment_file","experiment_path","font_bold","font_family","font_italic","font_size","font_underline","foreground","form_clicks","form_response","fullscreen","height","hun","keyboard_backend","live_row","live_row_Pictures_loop","live_row_Prac","live_row_Prac_loop","logfile","mouse_backend","nor","opensesame_codename","opensesame_version","osf_always_upload_experiment","osf_id","pol","repeat_cycle","reset_loop","response","response_Pictures_Break","response_Pictures_End","response_Pictures_response","response_Start_DE","response_Start_E","response_Start_HUN","response_Start_NOR","response_Start_PL","response_Start_SC","response_Start_TC","response_Start_THAI","response_Target_response_Prac","response_Welcome_PP_DE","response_Welcome_PP_E","response_Welcome_PP_HUN","response_Welcome_PP_NOR","response_Welcome_PP_PL","response_Welcome_PP_SC","response_Welcome_PP_TC","response_Welcome_PP_THAI","response_time","response_time_Pictures_Break","response_time_Pictures_End","response_time_Pictures_response","response_time_Start_DE","response_time_Start_E","response_time_Start_HUN","response_time_Start_NOR","response_time_Start_PL","response_time_Start_SC","response_time_Start_TC","response_time_Start_THAI","response_time_Target_response_Prac","response_time_Welcome_PP_DE","response_time_Welcome_PP_E","response_time_Welcome_PP_HUN","response_time_Welcome_PP_NOR","response_time_Welcome_PP_PL","response_time_Welcome_PP_SC","response_time_Welcome_PP_TC","response_time_Welcome_PP_THAI","round_decimals","sampler_backend","sc","sound_buf_size","sound_channels","sound_freq","sound_sample_size","start","subject_nr","subject_parity","tc","thai","time_Check_This","time_Disable_Mouse","time_EXP","time_LAB_SEED","time_Language_Selection","time_List_Select","time_List_Selection","time_Pictures_Break","time_Pictures_End","time_Pictures_Exp","time_Pictures_Fixation","time_Pictures_Fixation_Prac","time_Pictures_Prac","time_Pictures_Start","time_Pictures_Target","time_Pictures_Trial","time_Pictures_Welcome","time_Pictures_loop","time_Pictures_response","time_Pictures_response_correct","time_Pictures_response_noans","time_Pictures_response_wrong","time_Prac","time_Prac_Count","time_Prac_Reset","time_Prac_Trial","time_Prac_loop","time_Prac_seq","time_Prac_setup","time_Start_DE","time_Start_E","time_Start_HUN","time_Start_NOR","time_Start_PL","time_Start_SC","time_Start_TC","time_Start_THAI","time_Target_Prac","time_Target_response_Prac","time_Target_response_correct_Prac","time_Target_response_noans_Prac","time_Target_response_wrong_Prac","time_Trial_logger","time_Welcome_PP_DE","time_Welcome_PP_E","time_Welcome_PP_HUN","time_Welcome_PP_NOR","time_Welcome_PP_PL","time_Welcome_PP_SC","time_Welcome_PP_TC","time_Welcome_PP_THAI","title","total_correct","total_response_time","total_responses","uniform_coordinates","width"
"Y","64 47","V","V","PP_LIST3.csv","screwV.jpg","screwV.jpg","100","100","708.714285714","708.714285714","#ffffff","yes","legacy","legacy","legacy","0","uniform","1","1","undefined","1","undefined","6","j","0","0","0","0","0","0","0","NA","0","0","0","5","0","0","0","0","0","0","0","0","0","0","0","5","0","5","0","0","0","0","0","0","0","0","0","0","0","5","5","5","5","5","0","0","0","0","0","0","0","0","0","10/04/19 16:58:55","no","Matching Tasks","yes","","no","OrientationCrossLanguages_2018PSA_PP_1.2.4.osexp","C:\Users\User\Desktop\PSA","no","chinese-japanese-korean","no","18","no","#0000ff","no","Magyar","yes","768","yes","legacy","0","0","1","5","PP-73.csv","legacy","no","Kafkaesque Koffka","3.2.4","yes","5a7ce671e83246000deafe81","no","0","0","j","NA","NA","j","NA","NA","space","NA","NA","NA","NA","NA","f","NA","NA","space","NA","NA","NA","NA","NA","517","NA","NA","517","NA","NA","2987","NA","NA","NA","NA","NA","568","NA","NA","26564","NA","NA","NA","NA","NA","2","legacy","no","1024","2","48000","-16","EXP","73","odd","no","no","NA","13946","1401","1402","12049","13932","13932","NA","NA","54541","54644","49921","40525","51539","55146","54642","13946","54541","55147","55666","NA","NA","40525","51494","40546","49919","40546","40546","40525","NA","NA","51541","NA","NA","NA","NA","NA","50423","50424","50994","NA","NA","56166","NA","NA","13948","NA","NA","NA","NA","NA","Orientation_PSA2018","7","4961","7","yes","1024"
"Y","64 47","V","V","PP_LIST3.csv","plateV.jpg","plateV.jpg","100","100","688.875","688.875","#ffffff","yes","legacy","legacy","legacy","0","uniform","1","1","undefined","1","undefined","6","j","0","0","0","0","0","0","0","NA","1","0","1","5","0","0","1","1","0","0","1","1","1","1","0","5","0","5","0","0","0","0","0","0","0","0","0","0","0","5","5","5","5","5","1","0","0","0","0","0","0","0","0","10/04/19 16:58:55","no","Matching Tasks","yes","","no","OrientationCrossLanguages_2018PSA_PP_1.2.4.osexp","C:\Users\User\Desktop\PSA","no","chinese-japanese-korean","no","18","no","#0000ff","no","Magyar","yes","768","yes","legacy","1","1","1","5","PP-73.csv","legacy","no","Kafkaesque Koffka","3.2.4","yes","5a7ce671e83246000deafe81","no","0","0","j","NA","NA","j","NA","NA","space","NA","NA","NA","NA","NA","f","NA","NA","space","NA","NA","NA","NA","NA","550","NA","NA","550","NA","NA","2987","NA","NA","NA","NA","NA","568","NA","NA","26564","NA","NA","NA","NA","NA","2","legacy","no","1024","2","48000","-16","EXP","73","odd","no","no","NA","13946","1401","1402","12049","13932","13932","NA","NA","54541","56355","49921","40525","51539","56857","56353","13946","54541","56858","57410","NA","NA","40525","51494","40546","49919","40546","40546","40525","NA","NA","51541","NA","NA","NA","NA","NA","50423","50424","50994","NA","NA","57910","NA","NA","13948","NA","NA","NA","NA","NA","Orientation_PSA2018","8","5511","8","yes","1024"
"Y","64 47","V","V","PP_LIST3.csv","tireV.jpg","tireV.jpg","100","100","676.888888889","676.888888889","#ffffff","yes","legacy","legacy","legacy","0","uniform","1","1","undefined","1","undefined","6","j","0","0","0","0","0","0","0","NA","2","0","2","5","0","0","2","2","0","0","2","2","2","2","0","5","0","5","0","0","0","0","0","0","0","0","0","0","0","5","5","5","5","5","2","0","0","0","0","0","0","0","0","10/04/19 16:58:55","no","Matching Tasks","yes","","no","OrientationCrossLanguages_2018PSA_PP_1.2.4.osexp","C:\Users\User\Desktop\PSA","no","chinese-japanese-korean","no","18","no","#0000ff","no","Magyar","yes","768","yes","legacy","2","2","1","5","PP-73.csv","legacy","no","Kafkaesque Koffka","3.2.4","yes","5a7ce671e83246000deafe81","no","0","0","j","NA","NA","j","NA","NA","space","NA","NA","NA","NA","NA","f","NA","NA","space","NA","NA","NA","NA","NA","581","NA","NA","581","NA","NA","2987","NA","NA","NA","NA","NA","568","NA","NA","26564","NA","NA","NA","NA","NA","2","legacy","no","1024","2","48000","-16","EXP","73","odd","no","no","NA","13946","1401","1402","12049","13932","13932","NA","NA","54541","58044","49921","40525","51539","58547","58042","13946","54541","58547","59130","NA","NA","40525","51494","40546","49919","40546","40546","40525","NA","NA","51541","NA","NA","NA","NA","NA","50423","50424","50994","NA","NA","59630","NA","NA","13948","NA","NA","NA","NA","NA","Orientation_PSA2018","9","6092","9","yes","1024"
"F","64 47","F","F","PP_LIST3.csv","wndmil.jpg","mitten.jpg","100","100","652.9","652.9","#ffffff","yes","legacy","legacy","legacy","0","uniform","1","1","undefined","1","undefined","6","f","0","0","0","0","0","0","0","NA","3","0","3","5","0","0","3","3","0","0","3","3","3","3","0","5","0","5","0","0","0","0","0","0","0","0","0","0","0","5","5","5","5","5","3","0","0","0","0","0","0","0","0","10/04/19 16:58:55","no","Matching Tasks","yes","","no","OrientationCrossLanguages_2018PSA_PP_1.2.4.osexp","C:\Users\User\Desktop\PSA","no","chinese-japanese-korean","no","18","no","#0000ff","no","Magyar","yes","768","yes","legacy","3","3","1","5","PP-73.csv","legacy","no","Kafkaesque Koffka","3.2.4","yes","5a7ce671e83246000deafe81","no","0","0","f","NA","NA","f","NA","NA","space","NA","NA","NA","NA","NA","f","NA","NA","space","NA","NA","NA","NA","NA","437","NA","NA","437","NA","NA","2987","NA","NA","NA","NA","NA","568","NA","NA","26564","NA","NA","NA","NA","NA","2","legacy","no","1024","2","48000","-16","EXP","73","odd","no","no","NA","13946","1401","1402","12049","13932","13932","NA","NA","54541","59787","49921","40525","51539","60290","59785","13946","54541","60291","60730","NA","NA","40525","51494","40546","49919","40546","40546","40525","NA","NA","51541","NA","NA","NA","NA","NA","50423","50424","50994","NA","NA","61230","NA","NA","13948","NA","NA","NA","NA","NA","Orientation_PSA2018","10","6529","10","yes","1024"
"Y","64 47","H","H","PP_LIST3.csv","guitarH.jpg","guitarH.jpg","100","100","651.909090909","651.909090909","#ffffff","yes","legacy","legacy","legacy","0","uniform","1","1","undefined","1","undefined","6","j","0","0","0","0","0","0","0","NA","4","0","4","5","0","0","4","4","0","0","4","4","4","4","0","5","0","5","0","0","0","0","0","0","0","0","0","0","0","5","5","5","5","5","4","0","0","0","0","0","0","0","0","10/04/19 16:58:55","no","Matching Tasks","yes","","no","OrientationCrossLanguages_2018PSA_PP_1.2.4.osexp","C:\Users\User\Desktop\PSA","no","chinese-japanese-korean","no","18","no","#0000ff","no","Magyar","yes","768","yes","legacy","4","4","1","5","PP-73.csv","legacy","no","Kafkaesque Koffka","3.2.4","yes","5a7ce671e83246000deafe81","no","0","0","j","NA","NA","j","NA","NA","space","NA","NA","NA","NA","NA","f","NA","NA","space","NA","NA","NA","NA","NA","642","NA","NA","642","NA","NA","2987","NA","NA","NA","NA","NA","568","NA","NA","26564","NA","NA","NA","NA","NA","2","legacy","no","1024","2","48000","-16","EXP","73","odd","no","no","NA","13946","1401","1402","12049","13932","13932","NA","NA","54541","61382","49921","40525","51539","61884","61380","13946","54541","61885","62531","NA","NA","40525","51494","40546","49919","40546","40546","40525","NA","NA","51541","NA","NA","NA","NA","NA","50423","50424","50994","NA","NA","63031","NA","NA","13948","NA","NA","NA","NA","NA","Orientation_PSA2018","11","7171","11","yes","1024"
"F","64 47","F","F","PP_LIST3.csv","trmpet.jpg","tapedispenser.jpg","100","100","637.75","637.75","#ffffff","yes","legacy","legacy","legacy","0","uniform","1","1","undefined","1","undefined","6","f","0","0","0","0","0","0","0","NA","5","0","5","5","0","0","5","5","0","0","5","5","5","5","0","5","0","5","0","0","0","0","0","0","0","0","0","0","0","5","5","5","5","5","5","0","0","0","0","0","0","0","0","10/04/19 16:58:55","no","Matching Tasks","yes","","no","OrientationCrossLanguages_2018PSA_PP_1.2.4.osexp","C:\Users\User\Desktop\PSA","no","chinese-japanese-korean","no","18","no","#0000ff","no","Magyar","yes","768","yes","legacy","5","5","1","5","PP-73.csv","legacy","no","Kafkaesque Koffka","3.2.4","yes","5a7ce671e83246000deafe81","no","0","0","f","NA","NA","f","NA","NA","space","NA","NA","NA","NA","NA","f","NA","NA","space","NA","NA","NA","NA","NA","482","NA","NA","482","NA","NA","2987","NA","NA","NA","NA","NA","568","NA","NA","26564","NA","NA","NA","NA","NA","2","legacy","no","1024","2","48000","-16","EXP","73","odd","no","no","NA","13946","1401","1402","12049","13932","13932","NA","NA","54541","63175","49921","40525","51539","63677","63173","13946","54541","63678","64163","NA","NA","40525","51494","40546","49919","40546","40546","40525","NA","NA","51541","NA","NA","NA","NA","NA","50423","50424","50994","NA","NA","64663","NA","NA","13948","NA","NA","NA","NA","NA","Orientation_PSA2018","12","7653","12","yes","1024"
"Y","64 47","H","H","PP_LIST3.csv","pencilH.jpg","pencilH.jpg","100","100","624.769230769","624.769230769","#ffffff","yes","legacy","legacy","legacy","0","uniform","1","1","undefined","1","undefined","6","j","0","0","0","0","0","0","0","NA","6","0","6","5","0","0","6","6","0","0","6","6","6","6","0","5","0","5","0","0","0","0","0","0","0","0","0","0","0","5","5","5","5","5","6","0","0","0","0","0","0","0","0","10/04/19 16:58:55","no","Matching Tasks","yes","","no","OrientationCrossLanguages_2018PSA_PP_1.2.4.osexp","C:\Users\User\Desktop\PSA","no","chinese-japanese-korean","no","18","no","#0000ff","no","Magyar","yes","768","yes","legacy","6","6","1","5","PP-73.csv","legacy","no","Kafkaesque Koffka","3.2.4","yes","5a7ce671e83246000deafe81","no","0","0","j","NA","NA","j","NA","NA","space","NA","NA","NA","NA","NA","f","NA","NA","space","NA","NA","NA","NA","NA","469","NA","NA","469","NA","NA","2987","NA","NA","NA","NA","NA","568","NA","NA","26564","NA","NA","NA","NA","NA","2","legacy","no","1024","2","48000","-16","EXP","73","odd","no","no","NA","13946","1401","1402","12049","13932","13932","NA","NA","54541","64804","49921","40525","51539","65306","64802","13946","54541","65307","65778","NA","NA","40525","51494","40546","49919","40546","40546","40525","NA","NA","51541","NA","NA","NA","NA","NA","50423","50424","50994","NA","NA","66278","NA","NA","13948","NA","NA","NA","NA","NA","Orientation_PSA2018","13","8122","13","yes","1024"
"F","64 47","F","F","PP_LIST3.csv","wrench.jpg","piano.jpg","100","100","611.142857143","611.142857143","#ffffff","yes","legacy","legacy","legacy","0","uniform","1","1","undefined","1","undefined","6","f","0","0","0","0","0","0","0","NA","7","0","7","5","0","0","7","7","0","0","7","7","7","7","0","5","0","5","0","0","0","0","0","0","0","0","0","0","0","5","5","5","5","5","7","0","0","0","0","0","0","0","0","10/04/19 16:58:55","no","Matching Tasks","yes","","no","OrientationCrossLanguages_2018PSA_PP_1.2.4.osexp","C:\Users\User\Desktop\PSA","no","chinese-japanese-korean","no","18","no","#0000ff","no","Magyar","yes","768","yes","legacy","7","7","1","5","PP-73.csv","legacy","no","Kafkaesque Koffka","3.2.4","yes","5a7ce671e83246000deafe81","no","0","0","f","NA","NA","f","NA","NA","space","NA","NA","NA","NA","NA","f","NA","NA","space","NA","NA","NA","NA","NA","434","NA","NA","434","NA","NA","2987","NA","NA","NA","NA","NA","568","NA","NA","26564","NA","NA","NA","NA","NA","2","legacy","no","1024","2","48000","-16","EXP","73","odd","no","no","NA","13946","1401","1402","12049","13932","13932","NA","NA","54541","66487","49921","40525","51539","66989","66485","13946","54541","66990","67426","NA","NA","40525","51494","40546","49919","40546","40546","40525","NA","NA","51541","NA","NA","NA","NA","NA","50423","50424","50994","NA","NA","67926","NA","NA","13948","NA","NA","NA","NA","NA","Orientation_PSA2018","14","8556","14","yes","1024"
"F","64 47","F","F","PP_LIST3.csv","house.jpg","ring.jpg","100","100","618.533333333","618.533333333","#ffffff","yes","legacy","legacy","legacy","0","uniform","1","1","undefined","1","undefined","6","f","0","0","0","0","0","0","0","NA","8","0","8","5","0","0","8","8","0","0","8","8","8","8","0","5","0","5","0","0","0","0","0","0","0","0","0","0","0","5","5","5","5","5","8","0","0","0","0","0","0","0","0","10/04/19 16:58:55","no","Matching Tasks","yes","","no","OrientationCrossLanguages_2018PSA_PP_1.2.4.osexp","C:\Users\User\Desktop\PSA","no","chinese-japanese-korean","no","18","no","#0000ff","no","Magyar","yes","768","yes","legacy","8","8","1","5","PP-73.csv","legacy","no","Kafkaesque Koffka","3.2.4","yes","5a7ce671e83246000deafe81","no","0","0","f","NA","NA","f","NA","NA","space","NA","NA","NA","NA","NA","f","NA","NA","space","NA","NA","NA","NA","NA","722","NA","NA","722","NA","NA","2987","NA","NA","NA","NA","NA","568","NA","NA","26564","NA","NA","NA","NA","NA","2","legacy","no","1024","2","48000","-16","EXP","73","odd","no","no","NA","13946","1401","1402","12049","13932","13932","NA","NA","54541","68079","49921","40525","51539","68581","68077","13946","54541","68582","69306","NA","NA","40525","51494","40546","49919","40546","40546","40525","NA","NA","51541","NA","NA","NA","NA","NA","50423","50424","50994","NA","NA","69806","NA","NA","13948","NA","NA","NA","NA","NA","Orientation_PSA2018","15","9278","15","yes","1024"
"F","64 47","F","F","PP_LIST3.csv","ftball.jpg","nut.jpg","100","100","609.5625","609.5625","#ffffff","yes","legacy","legacy","legacy","0","uniform","1","1","undefined","1","undefined","6","f","0","0","0","0","0","0","0","NA","9","0","9","5","0","0","9","9","0","0","9","9","9","9","0","5","0","5","0","0","0","0","0","0","0","0","0","0","0","5","5","5","5","5","9","0","0","0","0","0","0","0","0","10/04/19 16:58:55","no","Matching Tasks","yes","","no","OrientationCrossLanguages_2018PSA_PP_1.2.4.osexp","C:\Users\User\Desktop\PSA","no","chinese-japanese-korean","no","18","no","#0000ff","no","Magyar","yes","768","yes","legacy","9","9","1","5","PP-73.csv","legacy","no","Kafkaesque Koffka","3.2.4","yes","5a7ce671e83246000deafe81","no","0","0","f","NA","NA","f","NA","NA","space","NA","NA","NA","NA","NA","f","NA","NA","space","NA","NA","NA","NA","NA","475","NA","NA","475","NA","NA","2987","NA","NA","NA","NA","NA","568","NA","NA","26564","NA","NA","NA","NA","NA","2","legacy","no","1024","2","48000","-16","EXP","73","odd","no","no","NA","13946","1401","1402","12049","13932","13932","NA","NA","54541","69958","49921","40525","51539","70460","69956","13946","54541","70461","70938","NA","NA","40525","51494","40546","49919","40546","40546","40525","NA","NA","51541","NA","NA","NA","NA","NA","50423","50424","50994","NA","NA","71438","NA","NA","13948","NA","NA","NA","NA","NA","Orientation_PSA2018","16","9753","16","yes","1024"
"F","64 47","F","F","PP_LIST3.csv","tapedispenser.jpg","wrench.jpg","100","100","600.882352941","600.882352941","#ffffff","yes","legacy","legacy","legacy","0","uniform","1","1","undefined","1","undefined","6","f","0","0","0","0","0","0","0","NA","10","0","10","5","0","0","10","10","0","0","10","10","10","10","0","5","0","5","0","0","0","0","0","0","0","0","0","0","0","5","5","5","5","5","10","0","0","0","0","0","0","0","0","10/04/19 16:58:55","no","Matching Tasks","yes","","no","OrientationCrossLanguages_2018PSA_PP_1.2.4.osexp","C:\Users\User\Desktop\PSA","no","chinese-japanese-korean","no","18","no","#0000ff","no","Magyar","yes","768","yes","legacy","10","10","1","5","PP-73.csv","legacy","no","Kafkaesque Koffka","3.2.4","yes","5a7ce671e83246000deafe81","no","0","0","f","NA","NA","f","NA","NA","space","NA","NA","NA","NA","NA","f","NA","NA","space","NA","NA","NA","NA","NA","462","NA","NA","462","NA","NA","2987","NA","NA","NA","NA","NA","568","NA","NA","26564","NA","NA","NA","NA","NA","2","legacy","no","1024","2","48000","-16","EXP","73","odd","no","no","NA","13946","1401","1402","12049","13932","13932","NA","NA","54541","71579","49921","40525","51539","72081","71577","13946","54541","72082","72546","NA","NA","40525","51494","40546","49919","40546","40546","40525","NA","NA","51541","NA","NA","NA","NA","NA","50423","50424","50994","NA","NA","73046","NA","NA","13948","NA","NA","NA","NA","NA","Orientation_PSA2018","17","10215","17","yes","1024"
"F","64 47","F","F","PP_LIST3.csv","pumpkin.jpg","trmpet.jpg","100","100","588.833333333","588.833333333","#ffffff","yes","legacy","legacy","legacy","0","uniform","1","1","undefined","1","undefined","6","f","0","0","0","0","0","0","0","NA","11","0","11","5","0","0","11","11","0","0","11","11","11","11","0","5","0","5","0","0","0","0","0","0","0","0","0","0","0","5","5","5","5","5","11","0","0","0","0","0","0","0","0","10/04/19 16:58:55","no","Matching Tasks","yes","","no","OrientationCrossLanguages_2018PSA_PP_1.2.4.osexp","C:\Users\User\Desktop\PSA","no","chinese-japanese-korean","no","18","no","#0000ff","no","Magyar","yes","768","yes","legacy","11","11","1","5","PP-73.csv","legacy","no","Kafkaesque Koffka","3.2.4","yes","5a7ce671e83246000deafe81","no","0","0","f","NA","NA","f","NA","NA","space","NA","NA","NA","NA","NA","f","NA","NA","space","NA","NA","NA","NA","NA","384","NA","NA","384","NA","NA","2987","NA","NA","NA","NA","NA","568","NA","NA","26564","NA","NA","NA","NA","NA","2","legacy","no","1024","2","48000","-16","EXP","73","odd","no","no","NA","13946","1401","1402","12049","13932","13932","NA","NA","54541","73184","49921","40525","51539","73687","73182","13946","54541","73688","74074","NA","NA","40525","51494","40546","49919","40546","40546","40525","NA","NA","51541","NA","NA","NA","NA","NA","50423","50424","50994","NA","NA","74574","NA","NA","13948","NA","NA","NA","NA","NA","Orientation_PSA2018","18","10599","18","yes","1024"
"Y","64 47","V","V","PP_LIST3.csv","penV.jpg","penV.jpg","100","100","594.526315789","594.526315789","#ffffff","yes","legacy","legacy","legacy","0","uniform","1","1","undefined","1","undefined","6","j","0","0","0","0","0","0","0","NA","12","0","12","5","0","0","12","12","0","0","12","12","12","12","0","5","0","5","0","0","0","0","0","0","0","0","0","0","0","5","5","5","5","5","12","0","0","0","0","0","0","0","0","10/04/19 16:58:55","no","Matching Tasks","yes","","no","OrientationCrossLanguages_2018PSA_PP_1.2.4.osexp","C:\Users\User\Desktop\PSA","no","chinese-japanese-korean","no","18","no","#0000ff","no","Magyar","yes","768","yes","legacy","12","12","1","5","PP-73.csv","legacy","no","Kafkaesque Koffka","3.2.4","yes","5a7ce671e83246000deafe81","no","0","0","j","NA","NA","j","NA","NA","space","NA","NA","NA","NA","NA","f","NA","NA","space","NA","NA","NA","NA","NA","697","NA","NA","697","NA","NA","2987","NA","NA","NA","NA","NA","568","NA","NA","26564","NA","NA","NA","NA","NA","2","legacy","no","1024","2","48000","-16","EXP","73","odd","no","no","NA","13946","1401","1402","12049","13932","13932","NA","NA","54541","74727","49921","40525","51539","75229","74725","13946","54541","75230","75930","NA","NA","40525","51494","40546","49919","40546","40546","40525","NA","NA","51541","NA","NA","NA","NA","NA","50423","50424","50994","NA","NA","76430","NA","NA","13948","NA","NA","NA","NA","NA","Orientation_PSA2018","19","11296","19","yes","1024"
"F","64 47","F","F","PP_LIST3.csv","couch.jpg","spider.jpg","100","100","601.4","601.4","#ffffff","yes","legacy","legacy","legacy","0","uniform","1","1","undefined","1","undefined","6","f","0","0","0","0","0","0","0","NA","13","0","13","5","0","0","13","13","0","0","13","13","13","13","0","5","0","5","0","0","0","0","0","0","0","0","0","0","0","5","5","5","5","5","13","0","0","0","0","0","0","0","0","10/04/19 16:58:55","no","Matching Tasks","yes","","no","OrientationCrossLanguages_2018PSA_PP_1.2.4.osexp","C:\Users\User\Desktop\PSA","no","chinese-japanese-korean","no","18","no","#0000ff","no","Magyar","yes","768","yes","legacy","13","13","1","5","PP-73.csv","legacy","no","Kafkaesque Koffka","3.2.4","yes","5a7ce671e83246000deafe81","no","0","0","f","NA","NA","f","NA","NA","space","NA","NA","NA","NA","NA","f","NA","NA","space","NA","NA","NA","NA","NA","732","NA","NA","732","NA","NA","2987","NA","NA","NA","NA","NA","568","NA","NA","26564","NA","NA","NA","NA","NA","2","legacy","no","1024","2","48000","-16","EXP","73","odd","no","no","NA","13946","1401","1402","12049","13932","13932","NA","NA","54541","76565","49921","40525","51539","77067","76563","13946","54541","77068","77802","NA","NA","40525","51494","40546","49919","40546","40546","40525","NA","NA","51541","NA","NA","NA","NA","NA","50423","50424","50994","NA","NA","78303","NA","NA","13948","NA","NA","NA","NA","NA","Orientation_PSA2018","20","12028","20","yes","1024"
"N","64 47","V","H","PP_LIST3.csv","flashV.jpg","flashH.jpg","95.2380952381","95.2380952381","642.904761905","642.904761905","#ffffff","yes","legacy","legacy","legacy","0","uniform","0","0","undefined","1","undefined","6","j","0","0","0","0","0","0","0","NA","14","0","14","5","0","0","14","14","0","0","14","14","14","14","0","5","0","5","0","0","0","0","0","0","0","0","0","0","0","5","5","5","5","5","14","0","0","0","0","0","0","0","0","10/04/19 16:58:55","no","Matching Tasks","yes","","no","OrientationCrossLanguages_2018PSA_PP_1.2.4.osexp","C:\Users\User\Desktop\PSA","no","chinese-japanese-korean","no","18","no","#0000ff","no","Magyar","yes","768","yes","legacy","14","14","1","5","PP-73.csv","legacy","no","Kafkaesque Koffka","3.2.4","yes","5a7ce671e83246000deafe81","no","0","0","f","NA","NA","f","NA","NA","space","NA","NA","NA","NA","NA","f","NA","NA","space","NA","NA","NA","NA","NA","1473","NA","NA","1473","NA","NA","2987","NA","NA","NA","NA","NA","568","NA","NA","26564","NA","NA","NA","NA","NA","2","legacy","no","1024","2","48000","-16","EXP","73","odd","no","no","NA","13946","1401","1402","12049","13932","13932","NA","NA","54541","78455","49921","40525","51539","78958","78453","13946","54541","78959","77802","NA","80434","40525","51494","40546","49919","40546","40546","40525","NA","NA","51541","NA","NA","NA","NA","NA","50423","50424","50994","NA","NA","80934","NA","NA","13948","NA","NA","NA","NA","NA","Orientation_PSA2018","20","13501","21","yes","1024"
"N","64 47","H","V","PP_LIST3.csv","batH.jpg","batV.jpg","95.4545454545","95.4545454545","653.863636364","653.863636364","#ffffff","yes","legacy","legacy","legacy","0","uniform","1","1","undefined","1","undefined","6","j","0","0","0","0","0","0","0","NA","15","0","15","5","0","0","15","15","0","0","15","15","15","15","0","5","0","5","0","0","0","0","0","0","0","0","0","0","0","5","5","5","5","5","15","0","0","0","0","0","0","0","0","10/04/19 16:58:55","no","Matching Tasks","yes","","no","OrientationCrossLanguages_2018PSA_PP_1.2.4.osexp","C:\Users\User\Desktop\PSA","no","chinese-japanese-korean","no","18","no","#0000ff","no","Magyar","yes","768","yes","legacy","15","15","1","5","PP-73.csv","legacy","no","Kafkaesque Koffka","3.2.4","yes","5a7ce671e83246000deafe81","no","0","0","j","NA","NA","j","NA","NA","space","NA","NA","NA","NA","NA","f","NA","NA","space","NA","NA","NA","NA","NA","884","NA","NA","884","NA","NA","2987","NA","NA","NA","NA","NA","568","NA","NA","26564","NA","NA","NA","NA","NA","2","legacy","no","1024","2","48000","-16","EXP","73","odd","no","no","NA","13946","1401","1402","12049","13932","13932","NA","NA","54541","81093","49921","40525","51539","81595","81091","13946","54541","81596","82482","NA","80434","40525","51494","40546","49919","40546","40546","40525","NA","NA","51541","NA","NA","NA","NA","NA","50423","50424","50994","NA","NA","82982","NA","NA","13948","NA","NA","NA","NA","NA","Orientation_PSA2018","21","14385","22","yes","1024"
"F","64 47","F","F","PP_LIST3.csv","needle.jpg","tiger.jpg","95.652173913","95.652173913","656.043478261","656.043478261","#ffffff","yes","legacy","legacy","legacy","0","uniform","1","1","undefined","1","undefined","6","f","0","0","0","0","0","0","0","NA","16","0","16","5","0","0","16","16","0","0","16","16","16","16","0","5","0","5","0","0","0","0","0","0","0","0","0","0","0","5","5","5","5","5","16","0","0","0","0","0","0","0","0","10/04/19 16:58:55","no","Matching Tasks","yes","","no","OrientationCrossLanguages_2018PSA_PP_1.2.4.osexp","C:\Users\User\Desktop\PSA","no","chinese-japanese-korean","no","18","no","#0000ff","no","Magyar","yes","768","yes","legacy","16","16","1","5","PP-73.csv","legacy","no","Kafkaesque Koffka","3.2.4","yes","5a7ce671e83246000deafe81","no","0","0","f","NA","NA","f","NA","NA","space","NA","NA","NA","NA","NA","f","NA","NA","space","NA","NA","NA","NA","NA","704","NA","NA","704","NA","NA","2987","NA","NA","NA","NA","NA","568","NA","NA","26564","NA","NA","NA","NA","NA","2","legacy","no","1024","2","48000","-16","EXP","73","odd","no","no","NA","13946","1401","1402","12049","13932","13932","NA","NA","54541","83137","49921","40525","51539","83639","83135","13946","54541","83640","84346","NA","80434","40525","51494","40546","49919","40546","40546","40525","NA","NA","51541","NA","NA","NA","NA","NA","50423","50424","50994","NA","NA","84846","NA","NA","13948","NA","NA","NA","NA","NA","Orientation_PSA2018","22","15089","23","yes","1024"
"N","64 47","H","V","PP_LIST3.csv","bookH.jpg","bookV.jpg","95.8333333333","95.8333333333","664.708333333","664.708333333","#ffffff","yes","legacy","legacy","legacy","0","uniform","1","1","undefined","1","undefined","6","j","0","0","0","0","0","0","0","NA","17","0","17","5","0","0","17","17","0","0","17","17","17","17","0","5","0","5","0","0","0","0","0","0","0","0","0","0","0","5","5","5","5","5","17","0","0","0","0","0","0","0","0","10/04/19 16:58:55","no","Matching Tasks","yes","","no","OrientationCrossLanguages_2018PSA_PP_1.2.4.osexp","C:\Users\User\Desktop\PSA","no","chinese-japanese-korean","no","18","no","#0000ff","no","Magyar","yes","768","yes","legacy","17","17","1","5","PP-73.csv","legacy","no","Kafkaesque Koffka","3.2.4","yes","5a7ce671e83246000deafe81","no","0","0","j","NA","NA","j","NA","NA","space","NA","NA","NA","NA","NA","f","NA","NA","space","NA","NA","NA","NA","NA","864","NA","NA","864","NA","NA","2987","NA","NA","NA","NA","NA","568","NA","NA","26564","NA","NA","NA","NA","NA","2","legacy","no","1024","2","48000","-16","EXP","73","odd","no","no","NA","13946","1401","1402","12049","13932","13932","NA","NA","54541","84993","49921","40525","51539","85495","84991","13946","54541","85496","86363","NA","80434","40525","51494","40546","49919","40546","40546","40525","NA","NA","51541","NA","NA","NA","NA","NA","50423","50424","50994","NA","NA","86863","NA","NA","13948","NA","NA","NA","NA","NA","Orientation_PSA2018","23","15953","24","yes","1024"
"N","64 47","H","V","PP_LIST3.csv","bowlH.jpg","bowlV.jpg","96","96","662.24","662.24","#ffffff","yes","legacy","legacy","legacy","0","uniform","1","1","undefined","1","undefined","6","j","0","0","0","0","0","0","0","NA","18","0","18","5","0","0","18","18","0","0","18","18","18","18","0","5","0","5","0","0","0","0","0","0","0","0","0","0","0","5","5","5","5","5","18","0","0","0","0","0","0","0","0","10/04/19 16:58:55","no","Matching Tasks","yes","","no","OrientationCrossLanguages_2018PSA_PP_1.2.4.osexp","C:\Users\User\Desktop\PSA","no","chinese-japanese-korean","no","18","no","#0000ff","no","Magyar","yes","768","yes","legacy","18","18","1","5","PP-73.csv","legacy","no","Kafkaesque Koffka","3.2.4","yes","5a7ce671e83246000deafe81","no","0","0","j","NA","NA","j","NA","NA","space","NA","NA","NA","NA","NA","f","NA","NA","space","NA","NA","NA","NA","NA","603","NA","NA","603","NA","NA","2987","NA","NA","NA","NA","NA","568","NA","NA","26564","NA","NA","NA","NA","NA","2","legacy","no","1024","2","48000","-16","EXP","73","odd","no","no","NA","13946","1401","1402","12049","13932","13932","NA","NA","54541","87030","49921","40525","51539","87532","87028","13946","54541","87533","88138","NA","80434","40525","51494","40546","49919","40546","40546","40525","NA","NA","51541","NA","NA","NA","NA","NA","50423","50424","50994","NA","NA","88638","NA","NA","13948","NA","NA","NA","NA","NA","Orientation_PSA2018","24","16556","25","yes","1024"
"F","64 47","F","F","PP_LIST3.csv","skirt.jpg","tlphon.jpg","96.1538461538","96.1538461538","670.807692308","670.807692308","#ffffff","yes","legacy","legacy","legacy","0","uniform","1","1","undefined","1","undefined","6","f","0","0","0","0","0","0","0","NA","19","0","19","5","0","0","19","19","0","0","19","19","19","19","0","5","0","5","0","0","0","0","0","0","0","0","0","0","0","5","5","5","5","5","19","0","0","0","0","0","0","0","0","10/04/19 16:58:55","no","Matching Tasks","yes","","no","OrientationCrossLanguages_2018PSA_PP_1.2.4.osexp","C:\Users\User\Desktop\PSA","no","chinese-japanese-korean","no","18","no","#0000ff","no","Magyar","yes","768","yes","legacy","19","19","1","5","PP-73.csv","legacy","no","Kafkaesque Koffka","3.2.4","yes","5a7ce671e83246000deafe81","no","0","0","f","NA","NA","f","NA","NA","space","NA","NA","NA","NA","NA","f","NA","NA","space","NA","NA","NA","NA","NA","885","NA","NA","885","NA","NA","2987","NA","NA","NA","NA","NA","568","NA","NA","26564","NA","NA","NA","NA","NA","2","legacy","no","1024","2","48000","-16","EXP","73","odd","no","no","NA","13946","1401","1402","12049","13932","13932","NA","NA","54541","88780","49921","40525","51539","89282","88778","13946","54541","89283","90170","NA","80434","40525","51494","40546","49919","40546","40546","40525","NA","NA","51541","NA","NA","NA","NA","NA","50423","50424","50994","NA","NA","90671","NA","NA","13948","NA","NA","NA","NA","NA","Orientation_PSA2018","25","17441","26","yes","1024"
"N","64 47","H","V","PP_LIST3.csv","bottleH.jpg","bottleV.jpg","96.2962962963","96.2962962963","675.074074074","675.074074074","#ffffff","yes","legacy","legacy","legacy","0","uniform","1","1","undefined","1","undefined","6","j","0","0","0","0","0","0","0","NA","20","0","20","5","0","0","20","20","0","0","20","20","20","20","0","5","0","5","0","0","0","0","0","0","0","0","0","0","0","5","5","5","5","5","20","0","0","0","0","0","0","0","0","10/04/19 16:58:55","no","Matching Tasks","yes","","no","OrientationCrossLanguages_2018PSA_PP_1.2.4.osexp","C:\Users\User\Desktop\PSA","no","chinese-japanese-korean","no","18","no","#0000ff","no","Magyar","yes","768","yes","legacy","20","20","1","5","PP-73.csv","legacy","no","Kafkaesque Koffka","3.2.4","yes","5a7ce671e83246000deafe81","no","0","0","j","NA","NA","j","NA","NA","space","NA","NA","NA","NA","NA","f","NA","NA","space","NA","NA","NA","NA","NA","786","NA","NA","786","NA","NA","2987","NA","NA","NA","NA","NA","568","NA","NA","26564","NA","NA","NA","NA","NA","2","legacy","no","1024","2","48000","-16","EXP","73","odd","no","no","NA","13946","1401","1402","12049","13932","13932","NA","NA","54541","90831","49921","40525","51539","91333","90829","13946","54541","91334","92122","NA","80434","40525","51494","40546","49919","40546","40546","40525","NA","NA","51541","NA","NA","NA","NA","NA","50423","50424","50994","NA","NA","92622","NA","NA","13948","NA","NA","NA","NA","NA","Orientation_PSA2018","26","18227","27","yes","1024"
"F","64 47","F","F","PP_LIST3.csv","ring.jpg","stove.jpg","96.4285714286","96.4285714286","675.464285714","675.464285714","#ffffff","yes","legacy","legacy","legacy","0","uniform","1","1","undefined","1","undefined","6","f","0","0","0","0","0","0","0","NA","21","0","21","5","0","0","21","21","0","0","21","21","21","21","0","5","0","5","0","0","0","0","0","0","0","0","0","0","0","5","5","5","5","5","21","0","0","0","0","0","0","0","0","10/04/19 16:58:55","no","Matching Tasks","yes","","no","OrientationCrossLanguages_2018PSA_PP_1.2.4.osexp","C:\Users\User\Desktop\PSA","no","chinese-japanese-korean","no","18","no","#0000ff","no","Magyar","yes","768","yes","legacy","21","21","1","5","PP-73.csv","legacy","no","Kafkaesque Koffka","3.2.4","yes","5a7ce671e83246000deafe81","no","0","0","f","NA","NA","f","NA","NA","space","NA","NA","NA","NA","NA","f","NA","NA","space","NA","NA","NA","NA","NA","686","NA","NA","686","NA","NA","2987","NA","NA","NA","NA","NA","568","NA","NA","26564","NA","NA","NA","NA","NA","2","legacy","no","1024","2","48000","-16","EXP","73","odd","no","no","NA","13946","1401","1402","12049","13932","13932","NA","NA","54541","92778","49921","40525","51539","93280","92776","13946","54541","93281","93970","NA","80434","40525","51494","40546","49919","40546","40546","40525","NA","NA","51541","NA","NA","NA","NA","NA","50423","50424","50994","NA","NA","94470","NA","NA","13948","NA","NA","NA","NA","NA","Orientation_PSA2018","27","18913","28","yes","1024"
"F","64 47","F","F","PP_LIST3.csv","piano.jpg","sutcse.jpg","96.5517241379","96.5517241379","672.620689655","672.620689655","#ffffff","yes","legacy","legacy","legacy","0","uniform","1","1","undefined","1","undefined","6","f","0","0","0","0","0","0","0","NA","22","0","22","5","0","0","22","22","0","0","22","22","22","22","0","5","0","5","0","0","0","0","0","0","0","0","0","0","0","5","5","5","5","5","22","0","0","0","0","0","0","0","0","10/04/19 16:58:55","no","Matching Tasks","yes","","no","OrientationCrossLanguages_2018PSA_PP_1.2.4.osexp","C:\Users\User\Desktop\PSA","no","chinese-japanese-korean","no","18","no","#0000ff","no","Magyar","yes","768","yes","legacy","22","22","1","5","PP-73.csv","legacy","no","Kafkaesque Koffka","3.2.4","yes","5a7ce671e83246000deafe81","no","0","0","f","NA","NA","f","NA","NA","space","NA","NA","NA","NA","NA","f","NA","NA","space","NA","NA","NA","NA","NA","593","NA","NA","593","NA","NA","2987","NA","NA","NA","NA","NA","568","NA","NA","26564","NA","NA","NA","NA","NA","2","legacy","no","1024","2","48000","-16","EXP","73","odd","no","no","NA","13946","1401","1402","12049","13932","13932","NA","NA","54541","94616","49921","40525","51539","95118","94614","13946","54541","95119","95714","NA","80434","40525","51494","40546","49919","40546","40546","40525","NA","NA","51541","NA","NA","NA","NA","NA","50423","50424","50994","NA","NA","96214","NA","NA","13948","NA","NA","NA","NA","NA","Orientation_PSA2018","28","19506","29","yes","1024"
"Y","64 47","V","V","PP_LIST3.csv","scssorV.jpg","scssorV.jpg","96.6666666667","96.6666666667","669.533333333","669.533333333","#ffffff","yes","legacy","legacy","legacy","0","uniform","1","1","undefined","1","undefined","6","j","0","0","0","0","0","0","0","NA","23","0","23","5","0","0","23","23","0","0","23","23","23","23","0","5","0","5","0","0","0","0","0","0","0","0","0","0","0","5","5","5","5","5","23","0","0","0","0","0","0","0","0","10/04/19 16:58:55","no","Matching Tasks","yes","","no","OrientationCrossLanguages_2018PSA_PP_1.2.4.osexp","C:\Users\User\Desktop\PSA","no","chinese-japanese-korean","no","18","no","#0000ff","no","Magyar","yes","768","yes","legacy","23","23","1","5","PP-73.csv","legacy","no","Kafkaesque Koffka","3.2.4","yes","5a7ce671e83246000deafe81","no","0","0","j","NA","NA","j","NA","NA","space","NA","NA","NA","NA","NA","f","NA","NA","space","NA","NA","NA","NA","NA","580","NA","NA","580","NA","NA","2987","NA","NA","NA","NA","NA","568","NA","NA","26564","NA","NA","NA","NA","NA","2","legacy","no","1024","2","48000","-16","EXP","73","odd","no","no","NA","13946","1401","1402","12049","13932","13932","NA","NA","54541","96364","49921","40525","51539","96866","96362","13946","54541","96867","97450","NA","80434","40525","51494","40546","49919","40546","40546","40525","NA","NA","51541","NA","NA","NA","NA","NA","50423","50424","50994","NA","NA","97950","NA","NA","13948","NA","NA","NA","NA","NA","Orientation_PSA2018","29","20086","30","yes","1024"
"N","64 47","H","V","PP_LIST3.csv","broomH.jpg","broomV.jpg","100","100","783","783","#ffffff","yes","legacy","legacy","legacy","0","uniform","1","1","undefined","1","undefined","6","j","0","0","0","0","0","0","0","0","24","0","24","5","0","0","24","24","0","0","24","24","24","24","0","5","0","5","0","0","0","0","0","0","0","0","0","0","0","5","5","5","5","5","24","0","0","0","0","0","0","0","0","10/04/19 16:58:55","no","Matching Tasks","yes","","no","OrientationCrossLanguages_2018PSA_PP_1.2.4.osexp","C:\Users\User\Desktop\PSA","no","chinese-japanese-korean","no","18","no","#0000ff","no","Magyar","yes","768","yes","legacy","24","24","1","5","PP-73.csv","legacy","no","Kafkaesque Koffka","3.2.4","yes","5a7ce671e83246000deafe81","no","0","0","j","space","NA","j","NA","NA","space","NA","NA","NA","NA","NA","f","NA","NA","space","NA","NA","NA","NA","NA","783","1996","NA","783","NA","NA","2987","NA","NA","NA","NA","NA","568","NA","NA","26564","NA","NA","NA","NA","NA","2","legacy","no","1024","2","48000","-16","EXP","73","odd","no","no","NA","13946","1401","1402","12049","13932","13932","98028","NA","54541","100130","49921","40525","51539","100632","100128","13946","54541","100633","101418","NA","80434","40525","51494","40546","49919","40546","40546","40525","NA","NA","51541","NA","NA","NA","NA","NA","50423","50424","50994","NA","NA","101918","NA","NA","13948","NA","NA","NA","NA","NA","Orientation_PSA2018","1","783","1","yes","1024"
"Y","64 47","H","H","PP_LIST3.csv","glassH.jpg","glassH.jpg","100","100","703","703","#ffffff","yes","legacy","legacy","legacy","0","uniform","1","1","undefined","1","undefined","6","j","0","0","0","0","0","0","0","0","25","0","25","5","0","0","25","25","0","0","25","25","25","25","0","5","0","5","0","0","0","0","0","0","0","0","0","0","0","5","5","5","5","5","25","0","0","0","0","0","0","0","0","10/04/19 16:58:55","no","Matching Tasks","yes","","no","OrientationCrossLanguages_2018PSA_PP_1.2.4.osexp","C:\Users\User\Desktop\PSA","no","chinese-japanese-korean","no","18","no","#0000ff","no","Magyar","yes","768","yes","legacy","25","25","1","5","PP-73.csv","legacy","no","Kafkaesque Koffka","3.2.4","yes","5a7ce671e83246000deafe81","no","0","0","j","space","NA","j","NA","NA","space","NA","NA","NA","NA","NA","f","NA","NA","space","NA","NA","NA","NA","NA","623","1996","NA","623","NA","NA","2987","NA","NA","NA","NA","NA","568","NA","NA","26564","NA","NA","NA","NA","NA","2","legacy","no","1024","2","48000","-16","EXP","73","odd","no","no","NA","13946","1401","1402","12049","13932","13932","98028","NA","54541","102090","49921","40525","51539","102592","102088","13946","54541","102593","103218","NA","80434","40525","51494","40546","49919","40546","40546","40525","NA","NA","51541","NA","NA","NA","NA","NA","50423","50424","50994","NA","NA","103718","NA","NA","13948","NA","NA","NA","NA","NA","Orientation_PSA2018","2","1406","2","yes","1024"
"Y","64 47","H","H","PP_LIST3.csv","ironH.jpg","ironH.jpg","100","100","733.333333333","733.333333333","#ffffff","yes","legacy","legacy","legacy","0","uniform","1","1","undefined","1","undefined","6","j","0","0","0","0","0","0","0","0","26","0","26","5","0","0","26","26","0","0","26","26","26","26","0","5","0","5","0","0","0","0","0","0","0","0","0","0","0","5","5","5","5","5","26","0","0","0","0","0","0","0","0","10/04/19 16:58:55","no","Matching Tasks","yes","","no","OrientationCrossLanguages_2018PSA_PP_1.2.4.osexp","C:\Users\User\Desktop\PSA","no","chinese-japanese-korean","no","18","no","#0000ff","no","Magyar","yes","768","yes","legacy","26","26","1","5","PP-73.csv","legacy","no","Kafkaesque Koffka","3.2.4","yes","5a7ce671e83246000deafe81","no","0","0","j","space","NA","j","NA","NA","space","NA","NA","NA","NA","NA","f","NA","NA","space","NA","NA","NA","NA","NA","794","1996","NA","794","NA","NA","2987","NA","NA","NA","NA","NA","568","NA","NA","26564","NA","NA","NA","NA","NA","2","legacy","no","1024","2","48000","-16","EXP","73","odd","no","no","NA","13946","1401","1402","12049","13932","13932","98028","NA","54541","103863","49921","40525","51539","104365","103861","13946","54541","104366","105163","NA","80434","40525","51494","40546","49919","40546","40546","40525","NA","NA","51541","NA","NA","NA","NA","NA","50423","50424","50994","NA","NA","105663","NA","NA","13948","NA","NA","NA","NA","NA","Orientation_PSA2018","3","2200","3","yes","1024"
"Y","64 47","H","H","PP_LIST3.csv","keyH.jpg","keyH.jpg","100","100","726.75","726.75","#ffffff","yes","legacy","legacy","legacy","0","uniform","1","1","undefined","1","undefined","6","j","0","0","0","0","0","0","0","0","27","0","27","5","0","0","27","27","0","0","27","27","27","27","0","5","0","5","0","0","0","0","0","0","0","0","0","0","0","5","5","5","5","5","27","0","0","0","0","0","0","0","0","10/04/19 16:58:55","no","Matching Tasks","yes","","no","OrientationCrossLanguages_2018PSA_PP_1.2.4.osexp","C:\Users\User\Desktop\PSA","no","chinese-japanese-korean","no","18","no","#0000ff","no","Magyar","yes","768","yes","legacy","27","27","1","5","PP-73.csv","legacy","no","Kafkaesque Koffka","3.2.4","yes","5a7ce671e83246000deafe81","no","0","0","j","space","NA","j","NA","NA","space","NA","NA","NA","NA","NA","f","NA","NA","space","NA","NA","NA","NA","NA","707","1996","NA","707","NA","NA","2987","NA","NA","NA","NA","NA","568","NA","NA","26564","NA","NA","NA","NA","NA","2","legacy","no","1024","2","48000","-16","EXP","73","odd","no","no","NA","13946","1401","1402","12049","13932","13932","98028","NA","54541","105812","49921","40525","51539","106315","105811","13946","54541","106316","107025","NA","80434","40525","51494","40546","49919","40546","40546","40525","NA","NA","51541","NA","NA","NA","NA","NA","50423","50424","50994","NA","NA","107526","NA","NA","13948","NA","NA","NA","NA","NA","Orientation_PSA2018","4","2907","4","yes","1024"
"N","64 47","V","H","PP_LIST3.csv","caterpillarV.jpg","caterpillarH.jpg","100","100","712.6","712.6","#ffffff","yes","legacy","legacy","legacy","0","uniform","1","1","undefined","1","undefined","6","j","0","0","0","0","0","0","0","0","28","0","28","5","0","0","28","28","0","0","28","28","28","28","0","5","0","5","0","0","0","0","0","0","0","0","0","0","0","5","5","5","5","5","28","0","0","0","0","0","0","0","0","10/04/19 16:58:55","no","Matching Tasks","yes","","no","OrientationCrossLanguages_2018PSA_PP_1.2.4.osexp","C:\Users\User\Desktop\PSA","no","chinese-japanese-korean","no","18","no","#0000ff","no","Magyar","yes","768","yes","legacy","28","28","1","5","PP-73.csv","legacy","no","Kafkaesque Koffka","3.2.4","yes","5a7ce671e83246000deafe81","no","0","0","j","space","NA","j","NA","NA","space","NA","NA","NA","NA","NA","f","NA","NA","space","NA","NA","NA","NA","NA","656","1996","NA","656","NA","NA","2987","NA","NA","NA","NA","NA","568","NA","NA","26564","NA","NA","NA","NA","NA","2","legacy","no","1024","2","48000","-16","EXP","73","odd","no","no","NA","13946","1401","1402","12049","13932","13932","98028","NA","54541","107680","49921","40525","51539","108182","107678","13946","54541","108183","108842","NA","80434","40525","51494","40546","49919","40546","40546","40525","NA","NA","51541","NA","NA","NA","NA","NA","50423","50424","50994","NA","NA","109342","NA","NA","13948","NA","NA","NA","NA","NA","Orientation_PSA2018","5","3563","5","yes","1024"
"F","64 47","F","F","PP_LIST3.csv","sutcse.jpg","pumpkin.jpg","100","100","719.166666667","719.166666667","#ffffff","yes","legacy","legacy","legacy","0","uniform","1","1","undefined","1","undefined","6","f","0","0","0","0","0","0","0","0","29","0","29","5","0","0","29","29","0","0","29","29","29","29","0","5","0","5","0","0","0","0","0","0","0","0","0","0","0","5","5","5","5","5","29","0","0","0","0","0","0","0","0","10/04/19 16:58:55","no","Matching Tasks","yes","","no","OrientationCrossLanguages_2018PSA_PP_1.2.4.osexp","C:\Users\User\Desktop\PSA","no","chinese-japanese-korean","no","18","no","#0000ff","no","Magyar","yes","768","yes","legacy","29","29","1","5","PP-73.csv","legacy","no","Kafkaesque Koffka","3.2.4","yes","5a7ce671e83246000deafe81","no","0","0","f","space","NA","f","NA","NA","space","NA","NA","NA","NA","NA","f","NA","NA","space","NA","NA","NA","NA","NA","752","1996","NA","752","NA","NA","2987","NA","NA","NA","NA","NA","568","NA","NA","26564","NA","NA","NA","NA","NA","2","legacy","no","1024","2","48000","-16","EXP","73","odd","no","no","NA","13946","1401","1402","12049","13932","13932","98028","NA","54541","109497","49921","40525","51539","109999","109495","13946","54541","110000","110754","NA","80434","40525","51494","40546","49919","40546","40546","40525","NA","NA","51541","NA","NA","NA","NA","NA","50423","50424","50994","NA","NA","111254","NA","NA","13948","NA","NA","NA","NA","NA","Orientation_PSA2018","6","4315","6","yes","1024"
"F","64 47","F","F","PP_LIST3.csv","buggy.jpg","glass.jpg","100","100","730.714285714","730.714285714","#ffffff","yes","legacy","legacy","legacy","0","uniform","1","1","undefined","1","undefined","6","f","0","0","0","0","0","0","0","0","30","0","30","5","0","0","30","30","0","0","30","30","30","30","0","5","0","5","0","0","0","0","0","0","0","0","0","0","0","5","5","5","5","5","30","0","0","0","0","0","0","0","0","10/04/19 16:58:55","no","Matching Tasks","yes","","no","OrientationCrossLanguages_2018PSA_PP_1.2.4.osexp","C:\Users\User\Desktop\PSA","no","chinese-japanese-korean","no","18","no","#0000ff","no","Magyar","yes","768","yes","legacy","30","30","1","5","PP-73.csv","legacy","no","Kafkaesque Koffka","3.2.4","yes","5a7ce671e83246000deafe81","no","0","0","f","space","NA","f","NA","NA","space","NA","NA","NA","NA","NA","f","NA","NA","space","NA","NA","NA","NA","NA","800","1996","NA","800","NA","NA","2987","NA","NA","NA","NA","NA","568","NA","NA","26564","NA","NA","NA","NA","NA","2","legacy","no","1024","2","48000","-16","EXP","73","odd","no","no","NA","13946","1401","1402","12049","13932","13932","98028","NA","54541","111393","49921","40525","51539","111895","111391","13946","54541","111896","112698","NA","80434","40525","51494","40546","49919","40546","40546","40525","NA","NA","51541","NA","NA","NA","NA","NA","50423","50424","50994","NA","NA","113198","NA","NA","13948","NA","NA","NA","NA","NA","Orientation_PSA2018","7","5115","7","yes","1024"
"F","64 47","F","F","PP_LIST3.csv","spider.jpg","couch.jpg","100","100","708.5","708.5","#ffffff","yes","legacy","legacy","legacy","0","uniform","1","1","undefined","1","undefined","6","f","0","0","0","0","0","0","0","0","31","0","31","5","0","0","31","31","0","0","31","31","31","31","0","5","0","5","0","0","0","0","0","0","0","0","0","0","0","5","5","5","5","5","31","0","0","0","0","0","0","0","0","10/04/19 16:58:55","no","Matching Tasks","yes","","no","OrientationCrossLanguages_2018PSA_PP_1.2.4.osexp","C:\Users\User\Desktop\PSA","no","chinese-japanese-korean","no","18","no","#0000ff","no","Magyar","yes","768","yes","legacy","31","31","1","5","PP-73.csv","legacy","no","Kafkaesque Koffka","3.2.4","yes","5a7ce671e83246000deafe81","no","0","0","f","space","NA","f","NA","NA","space","NA","NA","NA","NA","NA","f","NA","NA","space","NA","NA","NA","NA","NA","553","1996","NA","553","NA","NA","2987","NA","NA","NA","NA","NA","568","NA","NA","26564","NA","NA","NA","NA","NA","2","legacy","no","1024","2","48000","-16","EXP","73","odd","no","no","NA","13946","1401","1402","12049","13932","13932","98028","NA","54541","113360","49921","40525","51539","113862","113358","13946","54541","113863","114418","NA","80434","40525","51494","40546","49919","40546","40546","40525","NA","NA","51541","NA","NA","NA","NA","NA","50423","50424","50994","NA","NA","114918","NA","NA","13948","NA","NA","NA","NA","NA","Orientation_PSA2018","8","5668","8","yes","1024"
"F","64 47","F","F","PP_LIST3.csv","tlphon.jpg","knife.jpg","100","100","684.333333333","684.333333333","#ffffff","yes","legacy","legacy","legacy","0","uniform","1","1","undefined","1","undefined","6","f","0","0","0","0","0","0","0","0","32","0","32","5","0","0","32","32","0","0","32","32","32","32","0","5","0","5","0","0","0","0","0","0","0","0","0","0","0","5","5","5","5","5","32","0","0","0","0","0","0","0","0","10/04/19 16:58:55","no","Matching Tasks","yes","","no","OrientationCrossLanguages_2018PSA_PP_1.2.4.osexp","C:\Users\User\Desktop\PSA","no","chinese-japanese-korean","no","18","no","#0000ff","no","Magyar","yes","768","yes","legacy","32","32","1","5","PP-73.csv","legacy","no","Kafkaesque Koffka","3.2.4","yes","5a7ce671e83246000deafe81","no","0","0","f","space","NA","f","NA","NA","space","NA","NA","NA","NA","NA","f","NA","NA","space","NA","NA","NA","NA","NA","491","1996","NA","491","NA","NA","2987","NA","NA","NA","NA","NA","568","NA","NA","26564","NA","NA","NA","NA","NA","2","legacy","no","1024","2","48000","-16","EXP","73","odd","no","no","NA","13946","1401","1402","12049","13932","13932","98028","NA","54541","115053","49921","40525","51539","115555","115051","13946","54541","115556","116049","NA","80434","40525","51494","40546","49919","40546","40546","40525","NA","NA","51541","NA","NA","NA","NA","NA","50423","50424","50994","NA","NA","116549","NA","NA","13948","NA","NA","NA","NA","NA","Orientation_PSA2018","9","6159","9","yes","1024"
"F","64 47","F","F","PP_LIST3.csv","stove.jpg","ftball.jpg","100","100","670.7","670.7","#ffffff","yes","legacy","legacy","legacy","0","uniform","1","1","undefined","1","undefined","6","f","0","0","0","0","0","0","0","0","33","0","33","5","0","0","33","33","0","0","33","33","33","33","0","5","0","5","0","0","0","0","0","0","0","0","0","0","0","5","5","5","5","5","33","0","0","0","0","0","0","0","0","10/04/19 16:58:55","no","Matching Tasks","yes","","no","OrientationCrossLanguages_2018PSA_PP_1.2.4.osexp","C:\Users\User\Desktop\PSA","no","chinese-japanese-korean","no","18","no","#0000ff","no","Magyar","yes","768","yes","legacy","33","33","1","5","PP-73.csv","legacy","no","Kafkaesque Koffka","3.2.4","yes","5a7ce671e83246000deafe81","no","0","0","f","space","NA","f","NA","NA","space","NA","NA","NA","NA","NA","f","NA","NA","space","NA","NA","NA","NA","NA","548","1996","NA","548","NA","NA","2987","NA","NA","NA","NA","NA","568","NA","NA","26564","NA","NA","NA","NA","NA","2","legacy","no","1024","2","48000","-16","EXP","73","odd","no","no","NA","13946","1401","1402","12049","13932","13932","98028","NA","54541","116701","49921","40525","51539","117203","116699","13946","54541","117204","117754","NA","80434","40525","51494","40546","49919","40546","40546","40525","NA","NA","51541","NA","NA","NA","NA","NA","50423","50424","50994","NA","NA","118254","NA","NA","13948","NA","NA","NA","NA","NA","Orientation_PSA2018","10","6707","10","yes","1024"
"F","64 47","F","F","PP_LIST3.csv","watch.jpg","skirt.jpg","100","100","681.363636364","681.363636364","#ffffff","yes","legacy","legacy","legacy","0","uniform","1","1","undefined","1","undefined","6","f","0","0","0","0","0","0","0","0","34","0","34","5","0","0","34","34","0","0","34","34","34","34","0","5","0","5","0","0","0","0","0","0","0","0","0","0","0","5","5","5","5","5","34","0","0","0","0","0","0","0","0","10/04/19 16:58:55","no","Matching Tasks","yes","","no","OrientationCrossLanguages_2018PSA_PP_1.2.4.osexp","C:\Users\User\Desktop\PSA","no","chinese-japanese-korean","no","18","no","#0000ff","no","Magyar","yes","768","yes","legacy","34","34","1","5","PP-73.csv","legacy","no","Kafkaesque Koffka","3.2.4","yes","5a7ce671e83246000deafe81","no","0","0","f","space","NA","f","NA","NA","space","NA","NA","NA","NA","NA","f","NA","NA","space","NA","NA","NA","NA","NA","788","1996","NA","788","NA","NA","2987","NA","NA","NA","NA","NA","568","NA","NA","26564","NA","NA","NA","NA","NA","2","legacy","no","1024","2","48000","-16","EXP","73","odd","no","no","NA","13946","1401","1402","12049","13932","13932","98028","NA","54541","118405","49921","40525","51539","118907","118403","13946","54541","118908","119698","NA","80434","40525","51494","40546","49919","40546","40546","40525","NA","NA","51541","NA","NA","NA","NA","NA","50423","50424","50994","NA","NA","120198","NA","NA","13948","NA","NA","NA","NA","NA","Orientation_PSA2018","11","7495","11","yes","1024"
"N","64 47","V","H","PP_LIST3.csv","brushV.jpg","brushH.jpg","91.6666666667","91.6666666667","670.5","670.5","#ffffff","yes","legacy","legacy","legacy","0","uniform","0","0","undefined","1","undefined","6","j","0","0","0","0","0","0","0","0","35","0","35","5","0","0","35","35","0","0","35","35","35","35","0","5","0","5","0","0","0","0","0","0","0","0","0","0","0","5","5","5","5","5","35","0","0","0","0","0","0","0","0","10/04/19 16:58:55","no","Matching Tasks","yes","","no","OrientationCrossLanguages_2018PSA_PP_1.2.4.osexp","C:\Users\User\Desktop\PSA","no","chinese-japanese-korean","no","18","no","#0000ff","no","Magyar","yes","768","yes","legacy","35","35","1","5","PP-73.csv","legacy","no","Kafkaesque Koffka","3.2.4","yes","5a7ce671e83246000deafe81","no","0","0","f","space","NA","f","NA","NA","space","NA","NA","NA","NA","NA","f","NA","NA","space","NA","NA","NA","NA","NA","551","1996","NA","551","NA","NA","2987","NA","NA","NA","NA","NA","568","NA","NA","26564","NA","NA","NA","NA","NA","2","legacy","no","1024","2","48000","-16","EXP","73","odd","no","no","NA","13946","1401","1402","12049","13932","13932","98028","NA","54541","120353","49921","40525","51539","120855","120351","13946","54541","120856","119698","NA","121409","40525","51494","40546","49919","40546","40546","40525","NA","NA","51541","NA","NA","NA","NA","NA","50423","50424","50994","NA","NA","121910","NA","NA","13948","NA","NA","NA","NA","NA","Orientation_PSA2018","11","8046","12","yes","1024"
"N","64 47","V","H","PP_LIST3.csv","crayonV.jpg","crayonH.jpg","92.3076923077","92.3076923077","668.615384615","668.615384615","#ffffff","yes","legacy","legacy","legacy","0","uniform","1","1","undefined","1","undefined","6","j","0","0","0","0","0","0","0","0","36","0","36","5","0","0","36","36","0","0","36","36","36","36","0","5","0","5","0","0","0","0","0","0","0","0","0","0","0","5","5","5","5","5","36","0","0","0","0","0","0","0","0","10/04/19 16:58:55","no","Matching Tasks","yes","","no","OrientationCrossLanguages_2018PSA_PP_1.2.4.osexp","C:\Users\User\Desktop\PSA","no","chinese-japanese-korean","no","18","no","#0000ff","no","Magyar","yes","768","yes","legacy","36","36","1","5","PP-73.csv","legacy","no","Kafkaesque Koffka","3.2.4","yes","5a7ce671e83246000deafe81","no","0","0","j","space","NA","j","NA","NA","space","NA","NA","NA","NA","NA","f","NA","NA","space","NA","NA","NA","NA","NA","646","1996","NA","646","NA","NA","2987","NA","NA","NA","NA","NA","568","NA","NA","26564","NA","NA","NA","NA","NA","2","legacy","no","1024","2","48000","-16","EXP","73","odd","no","no","NA","13946","1401","1402","12049","13932","13932","98028","NA","54541","122068","49921","40525","51539","122569","122066","13946","54541","122570","123218","NA","121409","40525","51494","40546","49919","40546","40546","40525","NA","NA","51541","NA","NA","NA","NA","NA","50423","50424","50994","NA","NA","123718","NA","NA","13948","NA","NA","NA","NA","NA","Orientation_PSA2018","12","8692","13","yes","1024"
"F","64 47","F","F","PP_LIST3.csv","umberella.jpg","flower.jpg","92.8571428571","92.8571428571","661.357142857","661.357142857","#ffffff","yes","legacy","legacy","legacy","0","uniform","1","1","undefined","1","undefined","6","f","0","0","0","0","0","0","0","0","37","0","37","5","0","0","37","37","0","0","37","37","37","37","0","5","0","5","0","0","0","0","0","0","0","0","0","0","0","5","5","5","5","5","37","0","0","0","0","0","0","0","0","10/04/19 16:58:55","no","Matching Tasks","yes","","no","OrientationCrossLanguages_2018PSA_PP_1.2.4.osexp","C:\Users\User\Desktop\PSA","no","chinese-japanese-korean","no","18","no","#0000ff","no","Magyar","yes","768","yes","legacy","37","37","1","5","PP-73.csv","legacy","no","Kafkaesque Koffka","3.2.4","yes","5a7ce671e83246000deafe81","no","0","0","f","space","NA","f","NA","NA","space","NA","NA","NA","NA","NA","f","NA","NA","space","NA","NA","NA","NA","NA","567","1996","NA","567","NA","NA","2987","NA","NA","NA","NA","NA","568","NA","NA","26564","NA","NA","NA","NA","NA","2","legacy","no","1024","2","48000","-16","EXP","73","odd","no","no","NA","13946","1401","1402","12049","13932","13932","98028","NA","54541","123858","49921","40525","51539","124360","123856","13946","54541","124361","124930","NA","121409","40525","51494","40546","49919","40546","40546","40525","NA","NA","51541","NA","NA","NA","NA","NA","50423","50424","50994","NA","NA","125430","NA","NA","13948","NA","NA","NA","NA","NA","Orientation_PSA2018","13","9259","14","yes","1024"
"F","64 47","F","F","PP_LIST3.csv","ladder.jpg","house.jpg","93.3333333333","93.3333333333","654.933333333","654.933333333","#ffffff","yes","legacy","legacy","legacy","0","uniform","1","1","undefined","1","undefined","6","f","0","0","0","0","0","0","0","0","38","0","38","5","0","0","38","38","0","0","38","38","38","38","0","5","0","5","0","0","0","0","0","0","0","0","0","0","0","5","5","5","5","5","38","0","0","0","0","0","0","0","0","10/04/19 16:58:55","no","Matching Tasks","yes","","no","OrientationCrossLanguages_2018PSA_PP_1.2.4.osexp","C:\Users\User\Desktop\PSA","no","chinese-japanese-korean","no","18","no","#0000ff","no","Magyar","yes","768","yes","legacy","38","38","1","5","PP-73.csv","legacy","no","Kafkaesque Koffka","3.2.4","yes","5a7ce671e83246000deafe81","no","0","0","f","space","NA","f","NA","NA","space","NA","NA","NA","NA","NA","f","NA","NA","space","NA","NA","NA","NA","NA","565","1996","NA","565","NA","NA","2987","NA","NA","NA","NA","NA","568","NA","NA","26564","NA","NA","NA","NA","NA","2","legacy","no","1024","2","48000","-16","EXP","73","odd","no","no","NA","13946","1401","1402","12049","13932","13932","98028","NA","54541","125579","49921","40525","51539","126081","125577","13946","54541","126082","126650","NA","121409","40525","51494","40546","49919","40546","40546","40525","NA","NA","51541","NA","NA","NA","NA","NA","50423","50424","50994","NA","NA","127150","NA","NA","13948","NA","NA","NA","NA","NA","Orientation_PSA2018","14","9824","15","yes","1024"
"N","64 47","V","H","PP_LIST3.csv","clothespinV.jpg","clothespinH.jpg","93.75","93.75","654.6875","654.6875","#ffffff","yes","legacy","legacy","legacy","0","uniform","1","1","undefined","1","undefined","6","j","0","0","0","0","0","0","0","0","39","0","39","5","0","0","39","39","0","0","39","39","39","39","0","5","0","5","0","0","0","0","0","0","0","0","0","0","0","5","5","5","5","5","39","0","0","0","0","0","0","0","0","10/04/19 16:58:55","no","Matching Tasks","yes","","no","OrientationCrossLanguages_2018PSA_PP_1.2.4.osexp","C:\Users\User\Desktop\PSA","no","chinese-japanese-korean","no","18","no","#0000ff","no","Magyar","yes","768","yes","legacy","39","39","1","5","PP-73.csv","legacy","no","Kafkaesque Koffka","3.2.4","yes","5a7ce671e83246000deafe81","no","0","0","j","space","NA","j","NA","NA","space","NA","NA","NA","NA","NA","f","NA","NA","space","NA","NA","NA","NA","NA","651","1996","NA","651","NA","NA","2987","NA","NA","NA","NA","NA","568","NA","NA","26564","NA","NA","NA","NA","NA","2","legacy","no","1024","2","48000","-16","EXP","73","odd","no","no","NA","13946","1401","1402","12049","13932","13932","98028","NA","54541","127302","49921","40525","51539","127804","127300","13946","54541","127805","128458","NA","121409","40525","51494","40546","49919","40546","40546","40525","NA","NA","51541","NA","NA","NA","NA","NA","50423","50424","50994","NA","NA","128958","NA","NA","13948","NA","NA","NA","NA","NA","Orientation_PSA2018","15","10475","16","yes","1024"
"F","64 47","F","F","PP_LIST3.csv","nut.jpg","watch.jpg","94.1176470588","94.1176470588","645.705882353","645.705882353","#ffffff","yes","legacy","legacy","legacy","0","uniform","1","1","undefined","1","undefined","6","f","0","0","0","0","0","0","0","0","40","0","40","5","0","0","40","40","0","0","40","40","40","40","0","5","0","5","0","0","0","0","0","0","0","0","0","0","0","5","5","5","5","5","40","0","0","0","0","0","0","0","0","10/04/19 16:58:55","no","Matching Tasks","yes","","no","OrientationCrossLanguages_2018PSA_PP_1.2.4.osexp","C:\Users\User\Desktop\PSA","no","chinese-japanese-korean","no","18","no","#0000ff","no","Magyar","yes","768","yes","legacy","40","40","1","5","PP-73.csv","legacy","no","Kafkaesque Koffka","3.2.4","yes","5a7ce671e83246000deafe81","no","0","0","f","space","NA","f","NA","NA","space","NA","NA","NA","NA","NA","f","NA","NA","space","NA","NA","NA","NA","NA","502","1996","NA","502","NA","NA","2987","NA","NA","NA","NA","NA","568","NA","NA","26564","NA","NA","NA","NA","NA","2","legacy","no","1024","2","48000","-16","EXP","73","odd","no","no","NA","13946","1401","1402","12049","13932","13932","98028","NA","54541","129114","49921","40525","51539","129616","129112","13946","54541","129617","130122","NA","121409","40525","51494","40546","49919","40546","40546","40525","NA","NA","51541","NA","NA","NA","NA","NA","50423","50424","50994","NA","NA","130622","NA","NA","13948","NA","NA","NA","NA","NA","Orientation_PSA2018","16","10977","17","yes","1024"
"Y","64 47","V","V","PP_LIST3.csv","saltV.jpg","saltV.jpg","94.4444444444","94.4444444444","654.944444444","654.944444444","#ffffff","yes","legacy","legacy","legacy","0","uniform","1","1","undefined","1","undefined","6","j","0","0","0","0","0","0","0","0","41","0","41","5","0","0","41","41","0","0","41","41","41","41","0","5","0","5","0","0","0","0","0","0","0","0","0","0","0","5","5","5","5","5","41","0","0","0","0","0","0","0","0","10/04/19 16:58:55","no","Matching Tasks","yes","","no","OrientationCrossLanguages_2018PSA_PP_1.2.4.osexp","C:\Users\User\Desktop\PSA","no","chinese-japanese-korean","no","18","no","#0000ff","no","Magyar","yes","768","yes","legacy","41","41","1","5","PP-73.csv","legacy","no","Kafkaesque Koffka","3.2.4","yes","5a7ce671e83246000deafe81","no","0","0","j","space","NA","j","NA","NA","space","NA","NA","NA","NA","NA","f","NA","NA","space","NA","NA","NA","NA","NA","812","1996","NA","812","NA","NA","2987","NA","NA","NA","NA","NA","568","NA","NA","26564","NA","NA","NA","NA","NA","2","legacy","no","1024","2","48000","-16","EXP","73","odd","no","no","NA","13946","1401","1402","12049","13932","13932","98028","NA","54541","130772","49921","40525","51539","131274","130770","13946","54541","131275","132090","NA","121409","40525","51494","40546","49919","40546","40546","40525","NA","NA","51541","NA","NA","NA","NA","NA","50423","50424","50994","NA","NA","132590","NA","NA","13948","NA","NA","NA","NA","NA","Orientation_PSA2018","17","11789","18","yes","1024"
"Y","64 47","H","H","PP_LIST3.csv","nailH.jpg","nailH.jpg","94.7368421053","94.7368421053","668.684210526","668.684210526","#ffffff","yes","legacy","legacy","legacy","0","uniform","1","1","undefined","1","undefined","6","j","0","0","0","0","0","0","0","0","42","0","42","5","0","0","42","42","0","0","42","42","42","42","0","5","0","5","0","0","0","0","0","0","0","0","0","0","0","5","5","5","5","5","42","0","0","0","0","0","0","0","0","10/04/19 16:58:55","no","Matching Tasks","yes","","no","OrientationCrossLanguages_2018PSA_PP_1.2.4.osexp","C:\Users\User\Desktop\PSA","no","chinese-japanese-korean","no","18","no","#0000ff","no","Magyar","yes","768","yes","legacy","42","42","1","5","PP-73.csv","legacy","no","Kafkaesque Koffka","3.2.4","yes","5a7ce671e83246000deafe81","no","0","0","j","space","NA","j","NA","NA","space","NA","NA","NA","NA","NA","f","NA","NA","space","NA","NA","NA","NA","NA","916","1996","NA","916","NA","NA","2987","NA","NA","NA","NA","NA","568","NA","NA","26564","NA","NA","NA","NA","NA","2","legacy","no","1024","2","48000","-16","EXP","73","odd","no","no","NA","13946","1401","1402","12049","13932","13932","98028","NA","54541","132748","49921","40525","51539","133250","132746","13946","54541","133251","134169","NA","121409","40525","51494","40546","49919","40546","40546","40525","NA","NA","51541","NA","NA","NA","NA","NA","50423","50424","50994","NA","NA","134669","NA","NA","13948","NA","NA","NA","NA","NA","Orientation_PSA2018","18","12705","19","yes","1024"
"F","64 47","F","F","PP_LIST3.csv","knife.jpg","ladder.jpg","95","95","665.95","665.95","#ffffff","yes","legacy","legacy","legacy","0","uniform","1","1","undefined","1","undefined","6","f","0","0","0","0","0","0","0","0","43","0","43","5","0","0","43","43","0","0","43","43","43","43","0","5","0","5","0","0","0","0","0","0","0","0","0","0","0","5","5","5","5","5","43","0","0","0","0","0","0","0","0","10/04/19 16:58:55","no","Matching Tasks","yes","","no","OrientationCrossLanguages_2018PSA_PP_1.2.4.osexp","C:\Users\User\Desktop\PSA","no","chinese-japanese-korean","no","18","no","#0000ff","no","Magyar","yes","768","yes","legacy","43","43","1","5","PP-73.csv","legacy","no","Kafkaesque Koffka","3.2.4","yes","5a7ce671e83246000deafe81","no","0","0","f","space","NA","f","NA","NA","space","NA","NA","NA","NA","NA","f","NA","NA","space","NA","NA","NA","NA","NA","614","1996","NA","614","NA","NA","2987","NA","NA","NA","NA","NA","568","NA","NA","26564","NA","NA","NA","NA","NA","2","legacy","no","1024","2","48000","-16","EXP","73","odd","no","no","NA","13946","1401","1402","12049","13932","13932","98028","NA","54541","134810","49921","40525","51539","135312","134808","13946","54541","135313","135929","NA","121409","40525","51494","40546","49919","40546","40546","40525","NA","NA","51541","NA","NA","NA","NA","NA","50423","50424","50994","NA","NA","136430","NA","NA","13948","NA","NA","NA","NA","NA","Orientation_PSA2018","19","13319","20","yes","1024"
"N","64 47","V","H","PP_LIST3.csv","fire_extinguisherV.jpg","fire_extinguisherH.jpg","95.2380952381","95.2380952381","664.285714286","664.285714286","#ffffff","yes","legacy","legacy","legacy","0","uniform","1","1","undefined","1","undefined","6","j","0","0","0","0","0","0","0","0","44","0","44","5","0","0","44","44","0","0","44","44","44","44","0","5","0","5","0","0","0","0","0","0","0","0","0","0","0","5","5","5","5","5","44","0","0","0","0","0","0","0","0","10/04/19 16:58:55","no","Matching Tasks","yes","","no","OrientationCrossLanguages_2018PSA_PP_1.2.4.osexp","C:\Users\User\Desktop\PSA","no","chinese-japanese-korean","no","18","no","#0000ff","no","Magyar","yes","768","yes","legacy","44","44","1","5","PP-73.csv","legacy","no","Kafkaesque Koffka","3.2.4","yes","5a7ce671e83246000deafe81","no","0","0","j","space","NA","j","NA","NA","space","NA","NA","NA","NA","NA","f","NA","NA","space","NA","NA","NA","NA","NA","631","1996","NA","631","NA","NA","2987","NA","NA","NA","NA","NA","568","NA","NA","26564","NA","NA","NA","NA","NA","2","legacy","no","1024","2","48000","-16","EXP","73","odd","no","no","NA","13946","1401","1402","12049","13932","13932","98028","NA","54541","136585","49921","40525","51539","137087","136583","13946","54541","137088","137721","NA","121409","40525","51494","40546","49919","40546","40546","40525","NA","NA","51541","NA","NA","NA","NA","NA","50423","50424","50994","NA","NA","138222","NA","NA","13948","NA","NA","NA","NA","NA","Orientation_PSA2018","20","13950","21","yes","1024"
"N","64 47","H","V","PP_LIST3.csv","axeH.jpg","axeV.jpg","95.4545454545","95.4545454545","664.181818182","664.181818182","#ffffff","yes","legacy","legacy","legacy","0","uniform","1","1","undefined","1","undefined","6","j","0","0","0","0","0","0","0","0","45","0","45","5","0","0","45","45","0","0","45","45","45","45","0","5","0","5","0","0","0","0","0","0","0","0","0","0","0","5","5","5","5","5","45","0","0","0","0","0","0","0","0","10/04/19 16:58:55","no","Matching Tasks","yes","","no","OrientationCrossLanguages_2018PSA_PP_1.2.4.osexp","C:\Users\User\Desktop\PSA","no","chinese-japanese-korean","no","18","no","#0000ff","no","Magyar","yes","768","yes","legacy","45","45","1","5","PP-73.csv","legacy","no","Kafkaesque Koffka","3.2.4","yes","5a7ce671e83246000deafe81","no","0","0","j","space","NA","j","NA","NA","space","NA","NA","NA","NA","NA","f","NA","NA","space","NA","NA","NA","NA","NA","662","1996","NA","662","NA","NA","2987","NA","NA","NA","NA","NA","568","NA","NA","26564","NA","NA","NA","NA","NA","2","legacy","no","1024","2","48000","-16","EXP","73","odd","no","no","NA","13946","1401","1402","12049","13932","13932","98028","NA","54541","138371","49921","40525","51539","138873","138369","13946","54541","138874","139538","NA","121409","40525","51494","40546","49919","40546","40546","40525","NA","NA","51541","NA","NA","NA","NA","NA","50423","50424","50994","NA","NA","140038","NA","NA","13948","NA","NA","NA","NA","NA","Orientation_PSA2018","21","14612","22","yes","1024"
"F","64 47","F","F","PP_LIST3.csv","tiger.jpg","wndmil.jpg","95.652173913","95.652173913","659.652173913","659.652173913","#ffffff","yes","legacy","legacy","legacy","0","uniform","1","1","undefined","1","undefined","6","f","0","0","0","0","0","0","0","0","46","0","46","5","0","0","46","46","0","0","46","46","46","46","0","5","0","5","0","0","0","0","0","0","0","0","0","0","0","5","5","5","5","5","46","0","0","0","0","0","0","0","0","10/04/19 16:58:55","no","Matching Tasks","yes","","no","OrientationCrossLanguages_2018PSA_PP_1.2.4.osexp","C:\Users\User\Desktop\PSA","no","chinese-japanese-korean","no","18","no","#0000ff","no","Magyar","yes","768","yes","legacy","46","46","1","5","PP-73.csv","legacy","no","Kafkaesque Koffka","3.2.4","yes","5a7ce671e83246000deafe81","no","0","0","f","space","NA","f","NA","NA","space","NA","NA","NA","NA","NA","f","NA","NA","space","NA","NA","NA","NA","NA","560","1996","NA","560","NA","NA","2987","NA","NA","NA","NA","NA","568","NA","NA","26564","NA","NA","NA","NA","NA","2","legacy","no","1024","2","48000","-16","EXP","73","odd","no","no","NA","13946","1401","1402","12049","13932","13932","98028","NA","54541","140184","49921","40525","51539","140686","140182","13946","54541","140687","141250","NA","121409","40525","51494","40546","49919","40546","40546","40525","NA","NA","51541","NA","NA","NA","NA","NA","50423","50424","50994","NA","NA","141750","NA","NA","13948","NA","NA","NA","NA","NA","Orientation_PSA2018","22","15172","23","yes","1024"
"F","64 47","F","F","PP_LIST3.csv","mitten.jpg","needle.jpg","95.8333333333","95.8333333333","664.708333333","664.708333333","#ffffff","yes","legacy","legacy","legacy","0","uniform","1","1","undefined","1","undefined","6","f","0","0","0","0","0","0","0","0","47","0","47","5","0","0","47","47","0","0","47","47","47","47","0","5","0","5","0","0","0","0","0","0","0","0","0","0","0","5","5","5","5","5","47","0","0","0","0","0","0","0","0","10/04/19 16:58:55","no","Matching Tasks","yes","","no","OrientationCrossLanguages_2018PSA_PP_1.2.4.osexp","C:\Users\User\Desktop\PSA","no","chinese-japanese-korean","no","18","no","#0000ff","no","Magyar","yes","768","yes","legacy","47","47","1","5","PP-73.csv","legacy","no","Kafkaesque Koffka","3.2.4","yes","5a7ce671e83246000deafe81","no","0","0","f","space","NA","f","NA","NA","space","NA","NA","NA","NA","NA","f","NA","NA","space","NA","NA","NA","NA","NA","781","1996","NA","781","NA","NA","2987","NA","NA","NA","NA","NA","568","NA","NA","26564","NA","NA","NA","NA","NA","2","legacy","no","1024","2","48000","-16","EXP","73","odd","no","no","NA","13946","1401","1402","12049","13932","13932","98028","NA","54541","141891","49921","40525","51539","142393","141889","13946","54541","142394","143178","NA","121409","40525","51494","40546","49919","40546","40546","40525","NA","NA","51541","NA","NA","NA","NA","NA","50423","50424","50994","NA","NA","143678","NA","NA","13948","NA","NA","NA","NA","NA","Orientation_PSA2018","23","15953","24","yes","1024"
