"Identical","LAB_SEED","Orientation1","Orientation2","PPList","Picture1","Picture2","acc","accuracy","average_response_time","avg_rt","background","bidi","canvas_backend","clock_backend","color_backend","compensation","coordinates","correct","correct_Pictures_response","correct_Start_E","correct_Target_response_Prac","correct_Welcome_PP_E","correct_count","correct_response","count_Check_This","count_Disable_Mouse","count_EXP","count_LAB_SEED","count_Language_Selection","count_List_Select","count_List_Selection","count_Pictures_Break","count_Pictures_End","count_Pictures_Exp","count_Pictures_Fixation","count_Pictures_Fixation_Prac","count_Pictures_Prac","count_Pictures_Start","count_Pictures_Target","count_Pictures_Trial","count_Pictures_Welcome","count_Pictures_loop","count_Pictures_response","count_Pictures_response_correct","count_Pictures_response_noans","count_Pictures_response_wrong","count_Prac","count_Prac_Count","count_Prac_Reset","count_Prac_Trial","count_Prac_loop","count_Prac_seq","count_Prac_setup","count_Start_DE","count_Start_E","count_Start_NOB","count_Start_PL","count_Start_SC","count_Start_TC","count_Target_Prac","count_Target_response_Prac","count_Target_response_correct_Prac","count_Target_response_noans_Prac","count_Target_response_wrong_Prac","count_Trial_logger","count_Welcome_PP_DE","count_Welcome_PP_E","count_Welcome_PP_NOB","count_Welcome_PP_PL","count_Welcome_PP_SC","count_Welcome_PP_TC","count_postdata_E","count_postdata_TC","datetime","description","disable_garbage_collection","empty_column","experiment_file","experiment_path","font_bold","font_family","font_italic","font_size","font_underline","foreground","form_clicks","form_response","fullscreen","height","keyboard_backend","language1","language2","language3","language4","language5","language6","live_row","live_row_Pictures_loop","live_row_Prac","live_row_Prac_loop","logfile","mouse_backend","opensesame_codename","opensesame_version","osf_always_upload_experiment","osf_id","repeat_cycle","reset_loop","response","response_Pictures_Break","response_Pictures_End","response_Pictures_response","response_Start_DE","response_Start_E","response_Start_NOB","response_Start_PL","response_Start_SC","response_Start_TC","response_Target_response_Prac","response_Welcome_PP_DE","response_Welcome_PP_E","response_Welcome_PP_NOB","response_Welcome_PP_PL","response_Welcome_PP_SC","response_Welcome_PP_TC","response_time","response_time_Pictures_Break","response_time_Pictures_End","response_time_Pictures_response","response_time_Start_DE","response_time_Start_E","response_time_Start_NOB","response_time_Start_PL","response_time_Start_SC","response_time_Start_TC","response_time_Target_response_Prac","response_time_Welcome_PP_DE","response_time_Welcome_PP_E","response_time_Welcome_PP_NOB","response_time_Welcome_PP_PL","response_time_Welcome_PP_SC","response_time_Welcome_PP_TC","round_decimals","sampler_backend","sound_buf_size","sound_channels","sound_freq","sound_sample_size","start","subject_nr","subject_parity","time_Check_This","time_Disable_Mouse","time_EXP","time_LAB_SEED","time_Language_Selection","time_List_Select","time_List_Selection","time_Pictures_Break","time_Pictures_End","time_Pictures_Exp","time_Pictures_Fixation","time_Pictures_Fixation_Prac","time_Pictures_Prac","time_Pictures_Start","time_Pictures_Target","time_Pictures_Trial","time_Pictures_Welcome","time_Pictures_loop","time_Pictures_response","time_Pictures_response_correct","time_Pictures_response_noans","time_Pictures_response_wrong","time_Prac","time_Prac_Count","time_Prac_Reset","time_Prac_Trial","time_Prac_loop","time_Prac_seq","time_Prac_setup","time_Start_DE","time_Start_E","time_Start_NOB","time_Start_PL","time_Start_SC","time_Start_TC","time_Target_Prac","time_Target_response_Prac","time_Target_response_correct_Prac","time_Target_response_noans_Prac","time_Target_response_wrong_Prac","time_Trial_logger","time_Welcome_PP_DE","time_Welcome_PP_E","time_Welcome_PP_NOB","time_Welcome_PP_PL","time_Welcome_PP_SC","time_Welcome_PP_TC","time_postdata_E","time_postdata_TC","title","total_correct","total_response_time","total_responses","uniform_coordinates","width"
"N","8552","H","V","PP_LIST1.csv","guitarH.jpg","guitarV.jpg","100","100","1044.14285714","1044.14285714","#ffffff","yes","legacy","legacy","legacy","0","uniform","1","1","undefined","1","undefined","6","j","0","0","0","0","0","0","0","NA","0","0","0","5","0","0","0","0","0","0","0","0","0","0","0","5","0","5","0","0","0","0","0","0","0","0","0","5","5","5","5","5","0","0","0","0","0","0","0","NA","NA","09/30/19 14:20:10","Matching Tasks","yes","","PP.osexp","C:\Users\Chopik1\Desktop\Scripts","no","chinese-japanese-korean","no","18","no","#0000ff","no","English","no","768","legacy","yes","no","no","no","no","no","0","0","1","5","C:/Users/Chopik1/Desktop/Scripts/PP Data/250.csv","legacy","Kafkaesque Koffka","3.2.8","yes","5a7ce671e83246000deafe81","0","0","J","NA","NA","J","NA","space","NA","NA","NA","NA","F","NA","space","NA","NA","NA","NA","1056","NA","NA","1056","NA","3263","NA","NA","NA","NA","923","NA","629555","NA","NA","NA","NA","2","legacy","1024","2","48000","-16","EXP","0","even","NA","15298","2313","2315","14052","15272","15272","NA","NA","661224","661378","655935","644879","657935","661880","661375","15298","661224","661881","662940","NA","NA","644879","657865","644910","655932","644910","644910","644879","NA","657938","NA","NA","NA","NA","656438","656438","657365","NA","NA","663440","NA","15301","NA","NA","NA","NA","NA","NA","Orientation_PSA2018","7","7309","7","yes","1024"
"F","8552","F","F","PP_LIST1.csv","knife.jpg","ladder.jpg","100","100","1027","1027","#ffffff","yes","legacy","legacy","legacy","0","uniform","1","1","undefined","1","undefined","6","f","0","0","0","0","0","0","0","NA","1","0","1","5","0","0","1","1","0","0","1","1","1","1","0","5","0","5","0","0","0","0","0","0","0","0","0","5","5","5","5","5","1","0","0","0","0","0","0","NA","NA","09/30/19 14:20:10","Matching Tasks","yes","","PP.osexp","C:\Users\Chopik1\Desktop\Scripts","no","chinese-japanese-korean","no","18","no","#0000ff","no","English","no","768","legacy","yes","no","no","no","no","no","1","1","1","5","C:/Users/Chopik1/Desktop/Scripts/PP Data/250.csv","legacy","Kafkaesque Koffka","3.2.8","yes","5a7ce671e83246000deafe81","0","0","F","NA","NA","F","NA","space","NA","NA","NA","NA","F","NA","space","NA","NA","NA","NA","907","NA","NA","907","NA","3263","NA","NA","NA","NA","923","NA","629555","NA","NA","NA","NA","2","legacy","1024","2","48000","-16","EXP","0","even","NA","15298","2313","2315","14052","15272","15272","NA","NA","661224","663663","655935","644879","657935","664165","663660","15298","661224","664165","665076","NA","NA","644879","657865","644910","655932","644910","644910","644879","NA","657938","NA","NA","NA","NA","656438","656438","657365","NA","NA","665576","NA","15301","NA","NA","NA","NA","NA","NA","Orientation_PSA2018","8","8216","8","yes","1024"
"F","8552","F","F","PP_LIST1.csv","sutcse.jpg","pumpkin.jpg","100","100","1030.55555556","1030.55555556","#ffffff","yes","legacy","legacy","legacy","0","uniform","1","1","undefined","1","undefined","6","f","0","0","0","0","0","0","0","NA","2","0","2","5","0","0","2","2","0","0","2","2","2","2","0","5","0","5","0","0","0","0","0","0","0","0","0","5","5","5","5","5","2","0","0","0","0","0","0","NA","NA","09/30/19 14:20:10","Matching Tasks","yes","","PP.osexp","C:\Users\Chopik1\Desktop\Scripts","no","chinese-japanese-korean","no","18","no","#0000ff","no","English","no","768","legacy","yes","no","no","no","no","no","2","2","1","5","C:/Users/Chopik1/Desktop/Scripts/PP Data/250.csv","legacy","Kafkaesque Koffka","3.2.8","yes","5a7ce671e83246000deafe81","0","0","F","NA","NA","F","NA","space","NA","NA","NA","NA","F","NA","space","NA","NA","NA","NA","1059","NA","NA","1059","NA","3263","NA","NA","NA","NA","923","NA","629555","NA","NA","NA","NA","2","legacy","1024","2","48000","-16","EXP","0","even","NA","15298","2313","2315","14052","15272","15272","NA","NA","661224","665784","655935","644879","657935","666286","665781","15298","661224","666286","667348","NA","NA","644879","657865","644910","655932","644910","644910","644879","NA","657938","NA","NA","NA","NA","656438","656438","657365","NA","NA","667848","NA","15301","NA","NA","NA","NA","NA","NA","Orientation_PSA2018","9","9275","9","yes","1024"
"N","8552","V","H","PP_LIST1.csv","saltV.jpg","saltH.jpg","100","100","1032.5","1032.5","#ffffff","yes","legacy","legacy","legacy","0","uniform","1","1","undefined","1","undefined","6","j","0","0","0","0","0","0","0","NA","3","0","3","5","0","0","3","3","0","0","3","3","3","3","0","5","0","5","0","0","0","0","0","0","0","0","0","5","5","5","5","5","3","0","0","0","0","0","0","NA","NA","09/30/19 14:20:10","Matching Tasks","yes","","PP.osexp","C:\Users\Chopik1\Desktop\Scripts","no","chinese-japanese-korean","no","18","no","#0000ff","no","English","no","768","legacy","yes","no","no","no","no","no","3","3","1","5","C:/Users/Chopik1/Desktop/Scripts/PP Data/250.csv","legacy","Kafkaesque Koffka","3.2.8","yes","5a7ce671e83246000deafe81","0","0","J","NA","NA","J","NA","space","NA","NA","NA","NA","F","NA","space","NA","NA","NA","NA","1050","NA","NA","1050","NA","3263","NA","NA","NA","NA","923","NA","629555","NA","NA","NA","NA","2","legacy","1024","2","48000","-16","EXP","0","even","NA","15298","2313","2315","14052","15272","15272","NA","NA","661224","668041","655935","644879","657935","668543","668038","15298","661224","668543","669596","NA","NA","644879","657865","644910","655932","644910","644910","644879","NA","657938","NA","NA","NA","NA","656438","656438","657365","NA","NA","670097","NA","15301","NA","NA","NA","NA","NA","NA","Orientation_PSA2018","10","10325","10","yes","1024"
"N","8552","V","H","PP_LIST1.csv","penV.jpg","penH.jpg","100","100","1027.72727273","1027.72727273","#ffffff","yes","legacy","legacy","legacy","0","uniform","1","1","undefined","1","undefined","6","j","0","0","0","0","0","0","0","NA","4","0","4","5","0","0","4","4","0","0","4","4","4","4","0","5","0","5","0","0","0","0","0","0","0","0","0","5","5","5","5","5","4","0","0","0","0","0","0","NA","NA","09/30/19 14:20:10","Matching Tasks","yes","","PP.osexp","C:\Users\Chopik1\Desktop\Scripts","no","chinese-japanese-korean","no","18","no","#0000ff","no","English","no","768","legacy","yes","no","no","no","no","no","4","4","1","5","C:/Users/Chopik1/Desktop/Scripts/PP Data/250.csv","legacy","Kafkaesque Koffka","3.2.8","yes","5a7ce671e83246000deafe81","0","0","J","NA","NA","J","NA","space","NA","NA","NA","NA","F","NA","space","NA","NA","NA","NA","980","NA","NA","980","NA","3263","NA","NA","NA","NA","923","NA","629555","NA","NA","NA","NA","2","legacy","1024","2","48000","-16","EXP","0","even","NA","15298","2313","2315","14052","15272","15272","NA","NA","661224","670285","655935","644879","657935","670789","670283","15298","661224","670789","671772","NA","NA","644879","657865","644910","655932","644910","644910","644879","NA","657938","NA","NA","NA","NA","656438","656438","657365","NA","NA","672272","NA","15301","NA","NA","NA","NA","NA","NA","Orientation_PSA2018","11","11305","11","yes","1024"
"Y","8552","H","H","PP_LIST1.csv","batH.jpg","batH.jpg","100","100","993.75","993.75","#ffffff","yes","legacy","legacy","legacy","0","uniform","1","1","undefined","1","undefined","6","j","0","0","0","0","0","0","0","NA","5","0","5","5","0","0","5","5","0","0","5","5","5","5","0","5","0","5","0","0","0","0","0","0","0","0","0","5","5","5","5","5","5","0","0","0","0","0","0","NA","NA","09/30/19 14:20:10","Matching Tasks","yes","","PP.osexp","C:\Users\Chopik1\Desktop\Scripts","no","chinese-japanese-korean","no","18","no","#0000ff","no","English","no","768","legacy","yes","no","no","no","no","no","5","5","1","5","C:/Users/Chopik1/Desktop/Scripts/PP Data/250.csv","legacy","Kafkaesque Koffka","3.2.8","yes","5a7ce671e83246000deafe81","0","0","J","NA","NA","J","NA","space","NA","NA","NA","NA","F","NA","space","NA","NA","NA","NA","620","NA","NA","620","NA","3263","NA","NA","NA","NA","923","NA","629555","NA","NA","NA","NA","2","legacy","1024","2","48000","-16","EXP","0","even","NA","15298","2313","2315","14052","15272","15272","NA","NA","661224","672470","655935","644879","657935","672973","672467","15298","661224","672973","673597","NA","NA","644879","657865","644910","655932","644910","644910","644879","NA","657938","NA","NA","NA","NA","656438","656438","657365","NA","NA","674097","NA","15301","NA","NA","NA","NA","NA","NA","Orientation_PSA2018","12","11925","12","yes","1024"
"F","8552","F","F","PP_LIST1.csv","nut.jpg","watch.jpg","100","100","989.076923077","989.076923077","#ffffff","yes","legacy","legacy","legacy","0","uniform","1","1","undefined","1","undefined","6","f","0","0","0","0","0","0","0","NA","6","0","6","5","0","0","6","6","0","0","6","6","6","6","0","5","0","5","0","0","0","0","0","0","0","0","0","5","5","5","5","5","6","0","0","0","0","0","0","NA","NA","09/30/19 14:20:10","Matching Tasks","yes","","PP.osexp","C:\Users\Chopik1\Desktop\Scripts","no","chinese-japanese-korean","no","18","no","#0000ff","no","English","no","768","legacy","yes","no","no","no","no","no","6","6","1","5","C:/Users/Chopik1/Desktop/Scripts/PP Data/250.csv","legacy","Kafkaesque Koffka","3.2.8","yes","5a7ce671e83246000deafe81","0","0","F","NA","NA","F","NA","space","NA","NA","NA","NA","F","NA","space","NA","NA","NA","NA","933","NA","NA","933","NA","3263","NA","NA","NA","NA","923","NA","629555","NA","NA","NA","NA","2","legacy","1024","2","48000","-16","EXP","0","even","NA","15298","2313","2315","14052","15272","15272","NA","NA","661224","674292","655935","644879","657935","674794","674288","15298","661224","674795","675732","NA","NA","644879","657865","644910","655932","644910","644910","644879","NA","657938","NA","NA","NA","NA","656438","656438","657365","NA","NA","676232","NA","15301","NA","NA","NA","NA","NA","NA","Orientation_PSA2018","13","12858","13","yes","1024"
"F","8552","F","F","PP_LIST1.csv","ring.jpg","stove.jpg","100","100","982.714285714","982.714285714","#ffffff","yes","legacy","legacy","legacy","0","uniform","1","1","undefined","1","undefined","6","f","0","0","0","0","0","0","0","NA","7","0","7","5","0","0","7","7","0","0","7","7","7","7","0","5","0","5","0","0","0","0","0","0","0","0","0","5","5","5","5","5","7","0","0","0","0","0","0","NA","NA","09/30/19 14:20:10","Matching Tasks","yes","","PP.osexp","C:\Users\Chopik1\Desktop\Scripts","no","chinese-japanese-korean","no","18","no","#0000ff","no","English","no","768","legacy","yes","no","no","no","no","no","7","7","1","5","C:/Users/Chopik1/Desktop/Scripts/PP Data/250.csv","legacy","Kafkaesque Koffka","3.2.8","yes","5a7ce671e83246000deafe81","0","0","F","NA","NA","F","NA","space","NA","NA","NA","NA","F","NA","space","NA","NA","NA","NA","900","NA","NA","900","NA","3263","NA","NA","NA","NA","923","NA","629555","NA","NA","NA","NA","2","legacy","1024","2","48000","-16","EXP","0","even","NA","15298","2313","2315","14052","15272","15272","NA","NA","661224","676423","655935","644879","657935","676925","676420","15298","661224","676925","677828","NA","NA","644879","657865","644910","655932","644910","644910","644879","NA","657938","NA","NA","NA","NA","656438","656438","657365","NA","NA","678328","NA","15301","NA","NA","NA","NA","NA","NA","Orientation_PSA2018","14","13758","14","yes","1024"
"Y","8552","H","H","PP_LIST1.csv","broomH.jpg","broomH.jpg","100","100","977.333333333","977.333333333","#ffffff","yes","legacy","legacy","legacy","0","uniform","1","1","undefined","1","undefined","6","j","0","0","0","0","0","0","0","NA","8","0","8","5","0","0","8","8","0","0","8","8","8","8","0","5","0","5","0","0","0","0","0","0","0","0","0","5","5","5","5","5","8","0","0","0","0","0","0","NA","NA","09/30/19 14:20:10","Matching Tasks","yes","","PP.osexp","C:\Users\Chopik1\Desktop\Scripts","no","chinese-japanese-korean","no","18","no","#0000ff","no","English","no","768","legacy","yes","no","no","no","no","no","8","8","1","5","C:/Users/Chopik1/Desktop/Scripts/PP Data/250.csv","legacy","Kafkaesque Koffka","3.2.8","yes","5a7ce671e83246000deafe81","0","0","J","NA","NA","J","NA","space","NA","NA","NA","NA","F","NA","space","NA","NA","NA","NA","902","NA","NA","902","NA","3263","NA","NA","NA","NA","923","NA","629555","NA","NA","NA","NA","2","legacy","1024","2","48000","-16","EXP","0","even","NA","15298","2313","2315","14052","15272","15272","NA","NA","661224","678514","655935","644879","657935","679018","678512","15298","661224","679018","679924","NA","NA","644879","657865","644910","655932","644910","644910","644879","NA","657938","NA","NA","NA","NA","656438","656438","657365","NA","NA","680424","NA","15301","NA","NA","NA","NA","NA","NA","Orientation_PSA2018","15","14660","15","yes","1024"
"N","8552","H","V","PP_LIST1.csv","keyH.jpg","keyV.jpg","100","100","968.375","968.375","#ffffff","yes","legacy","legacy","legacy","0","uniform","1","1","undefined","1","undefined","6","j","0","0","0","0","0","0","0","NA","9","0","9","5","0","0","9","9","0","0","9","9","9","9","0","5","0","5","0","0","0","0","0","0","0","0","0","5","5","5","5","5","9","0","0","0","0","0","0","NA","NA","09/30/19 14:20:10","Matching Tasks","yes","","PP.osexp","C:\Users\Chopik1\Desktop\Scripts","no","chinese-japanese-korean","no","18","no","#0000ff","no","English","no","768","legacy","yes","no","no","no","no","no","9","9","1","5","C:/Users/Chopik1/Desktop/Scripts/PP Data/250.csv","legacy","Kafkaesque Koffka","3.2.8","yes","5a7ce671e83246000deafe81","0","0","J","NA","NA","J","NA","space","NA","NA","NA","NA","F","NA","space","NA","NA","NA","NA","834","NA","NA","834","NA","3263","NA","NA","NA","NA","923","NA","629555","NA","NA","NA","NA","2","legacy","1024","2","48000","-16","EXP","0","even","NA","15298","2313","2315","14052","15272","15272","NA","NA","661224","680616","655935","644879","657935","681118","680614","15298","661224","681119","681956","NA","NA","644879","657865","644910","655932","644910","644910","644879","NA","657938","NA","NA","NA","NA","656438","656438","657365","NA","NA","682456","NA","15301","NA","NA","NA","NA","NA","NA","Orientation_PSA2018","16","15494","16","yes","1024"
"Y","8552","V","V","PP_LIST1.csv","fire_extinguisherV.jpg","fire_extinguisherV.jpg","100","100","958.588235294","958.588235294","#ffffff","yes","legacy","legacy","legacy","0","uniform","1","1","undefined","1","undefined","6","j","0","0","0","0","0","0","0","NA","10","0","10","5","0","0","10","10","0","0","10","10","10","10","0","5","0","5","0","0","0","0","0","0","0","0","0","5","5","5","5","5","10","0","0","0","0","0","0","NA","NA","09/30/19 14:20:10","Matching Tasks","yes","","PP.osexp","C:\Users\Chopik1\Desktop\Scripts","no","chinese-japanese-korean","no","18","no","#0000ff","no","English","no","768","legacy","yes","no","no","no","no","no","10","10","1","5","C:/Users/Chopik1/Desktop/Scripts/PP Data/250.csv","legacy","Kafkaesque Koffka","3.2.8","yes","5a7ce671e83246000deafe81","0","0","J","NA","NA","J","NA","space","NA","NA","NA","NA","F","NA","space","NA","NA","NA","NA","802","NA","NA","802","NA","3263","NA","NA","NA","NA","923","NA","629555","NA","NA","NA","NA","2","legacy","1024","2","48000","-16","EXP","0","even","NA","15298","2313","2315","14052","15272","15272","NA","NA","661224","682663","655935","644879","657935","683166","682661","15298","661224","683166","683972","NA","NA","644879","657865","644910","655932","644910","644910","644879","NA","657938","NA","NA","NA","NA","656438","656438","657365","NA","NA","684472","NA","15301","NA","NA","NA","NA","NA","NA","Orientation_PSA2018","17","16296","17","yes","1024"
"F","8552","F","F","PP_LIST1.csv","ladder.jpg","house.jpg","100","100","950.611111111","950.611111111","#ffffff","yes","legacy","legacy","legacy","0","uniform","1","1","undefined","1","undefined","6","f","0","0","0","0","0","0","0","NA","11","0","11","5","0","0","11","11","0","0","11","11","11","11","0","5","0","5","0","0","0","0","0","0","0","0","0","5","5","5","5","5","11","0","0","0","0","0","0","NA","NA","09/30/19 14:20:10","Matching Tasks","yes","","PP.osexp","C:\Users\Chopik1\Desktop\Scripts","no","chinese-japanese-korean","no","18","no","#0000ff","no","English","no","768","legacy","yes","no","no","no","no","no","11","11","1","5","C:/Users/Chopik1/Desktop/Scripts/PP Data/250.csv","legacy","Kafkaesque Koffka","3.2.8","yes","5a7ce671e83246000deafe81","0","0","F","NA","NA","F","NA","space","NA","NA","NA","NA","F","NA","space","NA","NA","NA","NA","815","NA","NA","815","NA","3263","NA","NA","NA","NA","923","NA","629555","NA","NA","NA","NA","2","legacy","1024","2","48000","-16","EXP","0","even","NA","15298","2313","2315","14052","15272","15272","NA","NA","661224","684691","655935","644879","657935","685193","684688","15298","661224","685194","686012","NA","NA","644879","657865","644910","655932","644910","644910","644879","NA","657938","NA","NA","NA","NA","656438","656438","657365","NA","NA","686513","NA","15301","NA","NA","NA","NA","NA","NA","Orientation_PSA2018","18","17111","18","yes","1024"
"Y","8552","V","V","PP_LIST1.csv","brushV.jpg","brushV.jpg","100","100","940","940","#ffffff","yes","legacy","legacy","legacy","0","uniform","1","1","undefined","1","undefined","6","j","0","0","0","0","0","0","0","NA","12","0","12","5","0","0","12","12","0","0","12","12","12","12","0","5","0","5","0","0","0","0","0","0","0","0","0","5","5","5","5","5","12","0","0","0","0","0","0","NA","NA","09/30/19 14:20:10","Matching Tasks","yes","","PP.osexp","C:\Users\Chopik1\Desktop\Scripts","no","chinese-japanese-korean","no","18","no","#0000ff","no","English","no","768","legacy","yes","no","no","no","no","no","12","12","1","5","C:/Users/Chopik1/Desktop/Scripts/PP Data/250.csv","legacy","Kafkaesque Koffka","3.2.8","yes","5a7ce671e83246000deafe81","0","0","J","NA","NA","J","NA","space","NA","NA","NA","NA","F","NA","space","NA","NA","NA","NA","749","NA","NA","749","NA","3263","NA","NA","NA","NA","923","NA","629555","NA","NA","NA","NA","2","legacy","1024","2","48000","-16","EXP","0","even","NA","15298","2313","2315","14052","15272","15272","NA","NA","661224","686701","655935","644879","657935","687203","686698","15298","661224","687203","687956","NA","NA","644879","657865","644910","655932","644910","644910","644879","NA","657938","NA","NA","NA","NA","656438","656438","657365","NA","NA","688456","NA","15301","NA","NA","NA","NA","NA","NA","Orientation_PSA2018","19","17860","19","yes","1024"
"Y","8552","H","H","PP_LIST1.csv","bowlH.jpg","bowlH.jpg","100","100","922.6","922.6","#ffffff","yes","legacy","legacy","legacy","0","uniform","1","1","undefined","1","undefined","6","j","0","0","0","0","0","0","0","NA","13","0","13","5","0","0","13","13","0","0","13","13","13","13","0","5","0","5","0","0","0","0","0","0","0","0","0","5","5","5","5","5","13","0","0","0","0","0","0","NA","NA","09/30/19 14:20:10","Matching Tasks","yes","","PP.osexp","C:\Users\Chopik1\Desktop\Scripts","no","chinese-japanese-korean","no","18","no","#0000ff","no","English","no","768","legacy","yes","no","no","no","no","no","13","13","1","5","C:/Users/Chopik1/Desktop/Scripts/PP Data/250.csv","legacy","Kafkaesque Koffka","3.2.8","yes","5a7ce671e83246000deafe81","0","0","J","NA","NA","J","NA","space","NA","NA","NA","NA","F","NA","space","NA","NA","NA","NA","592","NA","NA","592","NA","3263","NA","NA","NA","NA","923","NA","629555","NA","NA","NA","NA","2","legacy","1024","2","48000","-16","EXP","0","even","NA","15298","2313","2315","14052","15272","15272","NA","NA","661224","688659","655935","644879","657935","689161","688656","15298","661224","689161","689756","NA","NA","644879","657865","644910","655932","644910","644910","644879","NA","657938","NA","NA","NA","NA","656438","656438","657365","NA","NA","690256","NA","15301","NA","NA","NA","NA","NA","NA","Orientation_PSA2018","20","18452","20","yes","1024"
"F","8552","F","F","PP_LIST1.csv","tiger.jpg","wndmil.jpg","100","100","919","919","#ffffff","yes","legacy","legacy","legacy","0","uniform","1","1","undefined","1","undefined","6","f","0","0","0","0","0","0","0","NA","14","0","14","5","0","0","14","14","0","0","14","14","14","14","0","5","0","5","0","0","0","0","0","0","0","0","0","5","5","5","5","5","14","0","0","0","0","0","0","NA","NA","09/30/19 14:20:10","Matching Tasks","yes","","PP.osexp","C:\Users\Chopik1\Desktop\Scripts","no","chinese-japanese-korean","no","18","no","#0000ff","no","English","no","768","legacy","yes","no","no","no","no","no","14","14","1","5","C:/Users/Chopik1/Desktop/Scripts/PP Data/250.csv","legacy","Kafkaesque Koffka","3.2.8","yes","5a7ce671e83246000deafe81","0","0","F","NA","NA","F","NA","space","NA","NA","NA","NA","F","NA","space","NA","NA","NA","NA","847","NA","NA","847","NA","3263","NA","NA","NA","NA","923","NA","629555","NA","NA","NA","NA","2","legacy","1024","2","48000","-16","EXP","0","even","NA","15298","2313","2315","14052","15272","15272","NA","NA","661224","690444","655935","644879","657935","690946","690442","15298","661224","690946","691796","NA","NA","644879","657865","644910","655932","644910","644910","644879","NA","657938","NA","NA","NA","NA","656438","656438","657365","NA","NA","692296","NA","15301","NA","NA","NA","NA","NA","NA","Orientation_PSA2018","21","19299","21","yes","1024"
"F","8552","F","F","PP_LIST1.csv","piano.jpg","sutcse.jpg","100","100","915.409090909","915.409090909","#ffffff","yes","legacy","legacy","legacy","0","uniform","1","1","undefined","1","undefined","6","f","0","0","0","0","0","0","0","NA","15","0","15","5","0","0","15","15","0","0","15","15","15","15","0","5","0","5","0","0","0","0","0","0","0","0","0","5","5","5","5","5","15","0","0","0","0","0","0","NA","NA","09/30/19 14:20:10","Matching Tasks","yes","","PP.osexp","C:\Users\Chopik1\Desktop\Scripts","no","chinese-japanese-korean","no","18","no","#0000ff","no","English","no","768","legacy","yes","no","no","no","no","no","15","15","1","5","C:/Users/Chopik1/Desktop/Scripts/PP Data/250.csv","legacy","Kafkaesque Koffka","3.2.8","yes","5a7ce671e83246000deafe81","0","0","F","NA","NA","F","NA","space","NA","NA","NA","NA","F","NA","space","NA","NA","NA","NA","840","NA","NA","840","NA","3263","NA","NA","NA","NA","923","NA","629555","NA","NA","NA","NA","2","legacy","1024","2","48000","-16","EXP","0","even","NA","15298","2313","2315","14052","15272","15272","NA","NA","661224","692483","655935","644879","657935","692985","692480","15298","661224","692985","693828","NA","NA","644879","657865","644910","655932","644910","644910","644879","NA","657938","NA","NA","NA","NA","656438","656438","657365","NA","NA","694329","NA","15301","NA","NA","NA","NA","NA","NA","Orientation_PSA2018","22","20139","22","yes","1024"
"Y","8552","H","H","PP_LIST1.csv","axeH.jpg","axeH.jpg","100","100","910.782608696","910.782608696","#ffffff","yes","legacy","legacy","legacy","0","uniform","1","1","undefined","1","undefined","6","j","0","0","0","0","0","0","0","NA","16","0","16","5","0","0","16","16","0","0","16","16","16","16","0","5","0","5","0","0","0","0","0","0","0","0","0","5","5","5","5","5","16","0","0","0","0","0","0","NA","NA","09/30/19 14:20:10","Matching Tasks","yes","","PP.osexp","C:\Users\Chopik1\Desktop\Scripts","no","chinese-japanese-korean","no","18","no","#0000ff","no","English","no","768","legacy","yes","no","no","no","no","no","16","16","1","5","C:/Users/Chopik1/Desktop/Scripts/PP Data/250.csv","legacy","Kafkaesque Koffka","3.2.8","yes","5a7ce671e83246000deafe81","0","0","J","NA","NA","J","NA","space","NA","NA","NA","NA","F","NA","space","NA","NA","NA","NA","809","NA","NA","809","NA","3263","NA","NA","NA","NA","923","NA","629555","NA","NA","NA","NA","2","legacy","1024","2","48000","-16","EXP","0","even","NA","15298","2313","2315","14052","15272","15272","NA","NA","661224","694536","655935","644879","657935","695038","694533","15298","661224","695039","695852","NA","NA","644879","657865","644910","655932","644910","644910","644879","NA","657938","NA","NA","NA","NA","656438","656438","657365","NA","NA","696352","NA","15301","NA","NA","NA","NA","NA","NA","Orientation_PSA2018","23","20948","23","yes","1024"
"Y","8552","V","V","PP_LIST1.csv","caterpillarV.jpg","caterpillarV.jpg","100","100","904.416666667","904.416666667","#ffffff","yes","legacy","legacy","legacy","0","uniform","1","1","undefined","1","undefined","6","j","0","0","0","0","0","0","0","NA","17","0","17","5","0","0","17","17","0","0","17","17","17","17","0","5","0","5","0","0","0","0","0","0","0","0","0","5","5","5","5","5","17","0","0","0","0","0","0","NA","NA","09/30/19 14:20:10","Matching Tasks","yes","","PP.osexp","C:\Users\Chopik1\Desktop\Scripts","no","chinese-japanese-korean","no","18","no","#0000ff","no","English","no","768","legacy","yes","no","no","no","no","no","17","17","1","5","C:/Users/Chopik1/Desktop/Scripts/PP Data/250.csv","legacy","Kafkaesque Koffka","3.2.8","yes","5a7ce671e83246000deafe81","0","0","J","NA","NA","J","NA","space","NA","NA","NA","NA","F","NA","space","NA","NA","NA","NA","758","NA","NA","758","NA","3263","NA","NA","NA","NA","923","NA","629555","NA","NA","NA","NA","2","legacy","1024","2","48000","-16","EXP","0","even","NA","15298","2313","2315","14052","15272","15272","NA","NA","661224","696557","655935","644879","657935","697059","696554","15298","661224","697059","697820","NA","NA","644879","657865","644910","655932","644910","644910","644879","NA","657938","NA","NA","NA","NA","656438","656438","657365","NA","NA","698320","NA","15301","NA","NA","NA","NA","NA","NA","Orientation_PSA2018","24","21706","24","yes","1024"
"F","8552","F","F","PP_LIST1.csv","stove.jpg","ftball.jpg","100","100","901.04","901.04","#ffffff","yes","legacy","legacy","legacy","0","uniform","1","1","undefined","1","undefined","6","f","0","0","0","0","0","0","0","NA","18","0","18","5","0","0","18","18","0","0","18","18","18","18","0","5","0","5","0","0","0","0","0","0","0","0","0","5","5","5","5","5","18","0","0","0","0","0","0","NA","NA","09/30/19 14:20:10","Matching Tasks","yes","","PP.osexp","C:\Users\Chopik1\Desktop\Scripts","no","chinese-japanese-korean","no","18","no","#0000ff","no","English","no","768","legacy","yes","no","no","no","no","no","18","18","1","5","C:/Users/Chopik1/Desktop/Scripts/PP Data/250.csv","legacy","Kafkaesque Koffka","3.2.8","yes","5a7ce671e83246000deafe81","0","0","F","NA","NA","F","NA","space","NA","NA","NA","NA","F","NA","space","NA","NA","NA","NA","820","NA","NA","820","NA","3263","NA","NA","NA","NA","923","NA","629555","NA","NA","NA","NA","2","legacy","1024","2","48000","-16","EXP","0","even","NA","15298","2313","2315","14052","15272","15272","NA","NA","661224","698542","655935","644879","657935","699044","698538","15298","661224","699044","699868","NA","NA","644879","657865","644910","655932","644910","644910","644879","NA","657938","NA","NA","NA","NA","656438","656438","657365","NA","NA","700368","NA","15301","NA","NA","NA","NA","NA","NA","Orientation_PSA2018","25","22526","25","yes","1024"
"F","8552","F","F","PP_LIST1.csv","watch.jpg","skirt.jpg","100","100","904.230769231","904.230769231","#ffffff","yes","legacy","legacy","legacy","0","uniform","1","1","undefined","1","undefined","6","f","0","0","0","0","0","0","0","NA","19","0","19","5","0","0","19","19","0","0","19","19","19","19","0","5","0","5","0","0","0","0","0","0","0","0","0","5","5","5","5","5","19","0","0","0","0","0","0","NA","NA","09/30/19 14:20:10","Matching Tasks","yes","","PP.osexp","C:\Users\Chopik1\Desktop\Scripts","no","chinese-japanese-korean","no","18","no","#0000ff","no","English","no","768","legacy","yes","no","no","no","no","no","19","19","1","5","C:/Users/Chopik1/Desktop/Scripts/PP Data/250.csv","legacy","Kafkaesque Koffka","3.2.8","yes","5a7ce671e83246000deafe81","0","0","F","NA","NA","F","NA","space","NA","NA","NA","NA","F","NA","space","NA","NA","NA","NA","984","NA","NA","984","NA","3263","NA","NA","NA","NA","923","NA","629555","NA","NA","NA","NA","2","legacy","1024","2","48000","-16","EXP","0","even","NA","15298","2313","2315","14052","15272","15272","NA","NA","661224","700555","655935","644879","657935","701057","700552","15298","661224","701057","702044","NA","NA","644879","657865","644910","655932","644910","644910","644879","NA","657938","NA","NA","NA","NA","656438","656438","657365","NA","NA","702544","NA","15301","NA","NA","NA","NA","NA","NA","Orientation_PSA2018","26","23510","26","yes","1024"
"Y","8552","H","H","PP_LIST1.csv","bottleH.jpg","bottleH.jpg","100","100","900.296296296","900.296296296","#ffffff","yes","legacy","legacy","legacy","0","uniform","1","1","undefined","1","undefined","6","j","0","0","0","0","0","0","0","NA","20","0","20","5","0","0","20","20","0","0","20","20","20","20","0","5","0","5","0","0","0","0","0","0","0","0","0","5","5","5","5","5","20","0","0","0","0","0","0","NA","NA","09/30/19 14:20:10","Matching Tasks","yes","","PP.osexp","C:\Users\Chopik1\Desktop\Scripts","no","chinese-japanese-korean","no","18","no","#0000ff","no","English","no","768","legacy","yes","no","no","no","no","no","20","20","1","5","C:/Users/Chopik1/Desktop/Scripts/PP Data/250.csv","legacy","Kafkaesque Koffka","3.2.8","yes","5a7ce671e83246000deafe81","0","0","J","NA","NA","J","NA","space","NA","NA","NA","NA","F","NA","space","NA","NA","NA","NA","798","NA","NA","798","NA","3263","NA","NA","NA","NA","923","NA","629555","NA","NA","NA","NA","2","legacy","1024","2","48000","-16","EXP","0","even","NA","15298","2313","2315","14052","15272","15272","NA","NA","661224","702724","655935","644879","657935","703226","702721","15298","661224","703226","704028","NA","NA","644879","657865","644910","655932","644910","644910","644879","NA","657938","NA","NA","NA","NA","656438","656438","657365","NA","NA","704528","NA","15301","NA","NA","NA","NA","NA","NA","Orientation_PSA2018","27","24308","27","yes","1024"
"N","8552","H","V","PP_LIST1.csv","glassH.jpg","glassV.jpg","100","100","890.642857143","890.642857143","#ffffff","yes","legacy","legacy","legacy","0","uniform","1","1","undefined","1","undefined","6","j","0","0","0","0","0","0","0","NA","21","0","21","5","0","0","21","21","0","0","21","21","21","21","0","5","0","5","0","0","0","0","0","0","0","0","0","5","5","5","5","5","21","0","0","0","0","0","0","NA","NA","09/30/19 14:20:10","Matching Tasks","yes","","PP.osexp","C:\Users\Chopik1\Desktop\Scripts","no","chinese-japanese-korean","no","18","no","#0000ff","no","English","no","768","legacy","yes","no","no","no","no","no","21","21","1","5","C:/Users/Chopik1/Desktop/Scripts/PP Data/250.csv","legacy","Kafkaesque Koffka","3.2.8","yes","5a7ce671e83246000deafe81","0","0","J","NA","NA","J","NA","space","NA","NA","NA","NA","F","NA","space","NA","NA","NA","NA","630","NA","NA","630","NA","3263","NA","NA","NA","NA","923","NA","629555","NA","NA","NA","NA","2","legacy","1024","2","48000","-16","EXP","0","even","NA","15298","2313","2315","14052","15272","15272","NA","NA","661224","704733","655935","644879","657935","705235","704730","15298","661224","705235","705868","NA","NA","644879","657865","644910","655932","644910","644910","644879","NA","657938","NA","NA","NA","NA","656438","656438","657365","NA","NA","706368","NA","15301","NA","NA","NA","NA","NA","NA","Orientation_PSA2018","28","24938","28","yes","1024"
"N","8552","H","V","PP_LIST1.csv","nailH.jpg","nailV.jpg","100","100","882.206896552","882.206896552","#ffffff","yes","legacy","legacy","legacy","0","uniform","1","1","undefined","1","undefined","6","j","0","0","0","0","0","0","0","NA","22","0","22","5","0","0","22","22","0","0","22","22","22","22","0","5","0","5","0","0","0","0","0","0","0","0","0","5","5","5","5","5","22","0","0","0","0","0","0","NA","NA","09/30/19 14:20:10","Matching Tasks","yes","","PP.osexp","C:\Users\Chopik1\Desktop\Scripts","no","chinese-japanese-korean","no","18","no","#0000ff","no","English","no","768","legacy","yes","no","no","no","no","no","22","22","1","5","C:/Users/Chopik1/Desktop/Scripts/PP Data/250.csv","legacy","Kafkaesque Koffka","3.2.8","yes","5a7ce671e83246000deafe81","0","0","J","NA","NA","J","NA","space","NA","NA","NA","NA","F","NA","space","NA","NA","NA","NA","646","NA","NA","646","NA","3263","NA","NA","NA","NA","923","NA","629555","NA","NA","NA","NA","2","legacy","1024","2","48000","-16","EXP","0","even","NA","15298","2313","2315","14052","15272","15272","NA","NA","661224","706556","655935","644879","657935","707058","706553","15298","661224","707058","707708","NA","NA","644879","657865","644910","655932","644910","644910","644879","NA","657938","NA","NA","NA","NA","656438","656438","657365","NA","NA","708208","NA","15301","NA","NA","NA","NA","NA","NA","Orientation_PSA2018","29","25584","29","yes","1024"
"F","8552","F","F","PP_LIST1.csv","wrench.jpg","piano.jpg","100","100","878.8","878.8","#ffffff","yes","legacy","legacy","legacy","0","uniform","1","1","undefined","1","undefined","6","f","0","0","0","0","0","0","0","NA","23","0","23","5","0","0","23","23","0","0","23","23","23","23","0","5","0","5","0","0","0","0","0","0","0","0","0","5","5","5","5","5","23","0","0","0","0","0","0","NA","NA","09/30/19 14:20:10","Matching Tasks","yes","","PP.osexp","C:\Users\Chopik1\Desktop\Scripts","no","chinese-japanese-korean","no","18","no","#0000ff","no","English","no","768","legacy","yes","no","no","no","no","no","23","23","1","5","C:/Users/Chopik1/Desktop/Scripts/PP Data/250.csv","legacy","Kafkaesque Koffka","3.2.8","yes","5a7ce671e83246000deafe81","0","0","F","NA","NA","F","NA","space","NA","NA","NA","NA","F","NA","space","NA","NA","NA","NA","780","NA","NA","780","NA","3263","NA","NA","NA","NA","923","NA","629555","NA","NA","NA","NA","2","legacy","1024","2","48000","-16","EXP","0","even","NA","15298","2313","2315","14052","15272","15272","NA","NA","661224","708391","655935","644879","657935","708893","708388","15298","661224","708893","709676","NA","NA","644879","657865","644910","655932","644910","644910","644879","NA","657938","NA","NA","NA","NA","656438","656438","657365","NA","NA","710176","NA","15301","NA","NA","NA","NA","NA","NA","Orientation_PSA2018","30","26364","30","yes","1024"
"N","8552","H","V","PP_LIST1.csv","ironH.jpg","ironV.jpg","100","100","1009","1009","#ffffff","yes","legacy","legacy","legacy","0","uniform","1","1","undefined","1","undefined","6","j","0","0","0","0","0","0","0","0","24","0","24","5","0","0","24","24","0","0","24","24","24","24","0","5","0","5","0","0","0","0","0","0","0","0","0","5","5","5","5","5","24","0","0","0","0","0","0","NA","NA","09/30/19 14:20:10","Matching Tasks","yes","","PP.osexp","C:\Users\Chopik1\Desktop\Scripts","no","chinese-japanese-korean","no","18","no","#0000ff","no","English","no","768","legacy","yes","no","no","no","no","no","24","24","1","5","C:/Users/Chopik1/Desktop/Scripts/PP Data/250.csv","legacy","Kafkaesque Koffka","3.2.8","yes","5a7ce671e83246000deafe81","0","0","J","space","NA","J","NA","space","NA","NA","NA","NA","F","NA","space","NA","NA","NA","NA","1009","1200","NA","1009","NA","3263","NA","NA","NA","NA","923","NA","629555","NA","NA","NA","NA","2","legacy","1024","2","48000","-16","EXP","0","even","NA","15298","2313","2315","14052","15272","15272","710248","NA","661224","711610","655935","644879","657935","712112","711607","15298","661224","712112","713124","NA","NA","644879","657865","644910","655932","644910","644910","644879","NA","657938","NA","NA","NA","NA","656438","656438","657365","NA","NA","713624","NA","15301","NA","NA","NA","NA","NA","NA","Orientation_PSA2018","1","1009","1","yes","1024"
"F","8552","F","F","PP_LIST1.csv","ftball.jpg","nut.jpg","100","100","994.5","994.5","#ffffff","yes","legacy","legacy","legacy","0","uniform","1","1","undefined","1","undefined","6","f","0","0","0","0","0","0","0","0","25","0","25","5","0","0","25","25","0","0","25","25","25","25","0","5","0","5","0","0","0","0","0","0","0","0","0","5","5","5","5","5","25","0","0","0","0","0","0","NA","NA","09/30/19 14:20:10","Matching Tasks","yes","","PP.osexp","C:\Users\Chopik1\Desktop\Scripts","no","chinese-japanese-korean","no","18","no","#0000ff","no","English","no","768","legacy","yes","no","no","no","no","no","25","25","1","5","C:/Users/Chopik1/Desktop/Scripts/PP Data/250.csv","legacy","Kafkaesque Koffka","3.2.8","yes","5a7ce671e83246000deafe81","0","0","F","space","NA","F","NA","space","NA","NA","NA","NA","F","NA","space","NA","NA","NA","NA","980","1200","NA","980","NA","3263","NA","NA","NA","NA","923","NA","629555","NA","NA","NA","NA","2","legacy","1024","2","48000","-16","EXP","0","even","NA","15298","2313","2315","14052","15272","15272","710248","NA","661224","713814","655935","644879","657935","714316","713811","15298","661224","714316","715300","NA","NA","644879","657865","644910","655932","644910","644910","644879","NA","657938","NA","NA","NA","NA","656438","656438","657365","NA","NA","715800","NA","15301","NA","NA","NA","NA","NA","NA","Orientation_PSA2018","2","1989","2","yes","1024"
"N","8552","V","H","PP_LIST1.csv","scssorV.jpg","scssorH.jpg","100","100","946.333333333","946.333333333","#ffffff","yes","legacy","legacy","legacy","0","uniform","1","1","undefined","1","undefined","6","j","0","0","0","0","0","0","0","0","26","0","26","5","0","0","26","26","0","0","26","26","26","26","0","5","0","5","0","0","0","0","0","0","0","0","0","5","5","5","5","5","26","0","0","0","0","0","0","NA","NA","09/30/19 14:20:10","Matching Tasks","yes","","PP.osexp","C:\Users\Chopik1\Desktop\Scripts","no","chinese-japanese-korean","no","18","no","#0000ff","no","English","no","768","legacy","yes","no","no","no","no","no","26","26","1","5","C:/Users/Chopik1/Desktop/Scripts/PP Data/250.csv","legacy","Kafkaesque Koffka","3.2.8","yes","5a7ce671e83246000deafe81","0","0","J","space","NA","J","NA","space","NA","NA","NA","NA","F","NA","space","NA","NA","NA","NA","850","1200","NA","850","NA","3263","NA","NA","NA","NA","923","NA","629555","NA","NA","NA","NA","2","legacy","1024","2","48000","-16","EXP","0","even","NA","15298","2313","2315","14052","15272","15272","710248","NA","661224","715993","655935","644879","657935","716495","715990","15298","661224","716495","717348","NA","NA","644879","657865","644910","655932","644910","644910","644879","NA","657938","NA","NA","NA","NA","656438","656438","657365","NA","NA","717848","NA","15301","NA","NA","NA","NA","NA","NA","Orientation_PSA2018","3","2839","3","yes","1024"
"Y","8552","V","V","PP_LIST1.csv","clothespinV.jpg","clothespinV.jpg","100","100","912","912","#ffffff","yes","legacy","legacy","legacy","0","uniform","1","1","undefined","1","undefined","6","j","0","0","0","0","0","0","0","0","27","0","27","5","0","0","27","27","0","0","27","27","27","27","0","5","0","5","0","0","0","0","0","0","0","0","0","5","5","5","5","5","27","0","0","0","0","0","0","NA","NA","09/30/19 14:20:10","Matching Tasks","yes","","PP.osexp","C:\Users\Chopik1\Desktop\Scripts","no","chinese-japanese-korean","no","18","no","#0000ff","no","English","no","768","legacy","yes","no","no","no","no","no","27","27","1","5","C:/Users/Chopik1/Desktop/Scripts/PP Data/250.csv","legacy","Kafkaesque Koffka","3.2.8","yes","5a7ce671e83246000deafe81","0","0","J","space","NA","J","NA","space","NA","NA","NA","NA","F","NA","space","NA","NA","NA","NA","809","1200","NA","809","NA","3263","NA","NA","NA","NA","923","NA","629555","NA","NA","NA","NA","2","legacy","1024","2","48000","-16","EXP","0","even","NA","15298","2313","2315","14052","15272","15272","710248","NA","661224","718040","655935","644879","657935","718543","718037","15298","661224","718543","719356","NA","NA","644879","657865","644910","655932","644910","644910","644879","NA","657938","NA","NA","NA","NA","656438","656438","657365","NA","NA","719856","NA","15301","NA","NA","NA","NA","NA","NA","Orientation_PSA2018","4","3648","4","yes","1024"
"F","8552","F","F","PP_LIST1.csv","mitten.jpg","needle.jpg","100","100","930","930","#ffffff","yes","legacy","legacy","legacy","0","uniform","1","1","undefined","1","undefined","6","f","0","0","0","0","0","0","0","0","28","0","28","5","0","0","28","28","0","0","28","28","28","28","0","5","0","5","0","0","0","0","0","0","0","0","0","5","5","5","5","5","28","0","0","0","0","0","0","NA","NA","09/30/19 14:20:10","Matching Tasks","yes","","PP.osexp","C:\Users\Chopik1\Desktop\Scripts","no","chinese-japanese-korean","no","18","no","#0000ff","no","English","no","768","legacy","yes","no","no","no","no","no","28","28","1","5","C:/Users/Chopik1/Desktop/Scripts/PP Data/250.csv","legacy","Kafkaesque Koffka","3.2.8","yes","5a7ce671e83246000deafe81","0","0","F","space","NA","F","NA","space","NA","NA","NA","NA","F","NA","space","NA","NA","NA","NA","1002","1200","NA","1002","NA","3263","NA","NA","NA","NA","923","NA","629555","NA","NA","NA","NA","2","legacy","1024","2","48000","-16","EXP","0","even","NA","15298","2313","2315","14052","15272","15272","710248","NA","661224","720080","655935","644879","657935","720583","720077","15298","661224","720583","721588","NA","NA","644879","657865","644910","655932","644910","644910","644879","NA","657938","NA","NA","NA","NA","656438","656438","657365","NA","NA","722088","NA","15301","NA","NA","NA","NA","NA","NA","Orientation_PSA2018","5","4650","5","yes","1024"
"Y","8552","V","V","PP_LIST1.csv","flashV.jpg","flashV.jpg","100","100","885.5","885.5","#ffffff","yes","legacy","legacy","legacy","0","uniform","1","1","undefined","1","undefined","6","j","0","0","0","0","0","0","0","0","29","0","29","5","0","0","29","29","0","0","29","29","29","29","0","5","0","5","0","0","0","0","0","0","0","0","0","5","5","5","5","5","29","0","0","0","0","0","0","NA","NA","09/30/19 14:20:10","Matching Tasks","yes","","PP.osexp","C:\Users\Chopik1\Desktop\Scripts","no","chinese-japanese-korean","no","18","no","#0000ff","no","English","no","768","legacy","yes","no","no","no","no","no","29","29","1","5","C:/Users/Chopik1/Desktop/Scripts/PP Data/250.csv","legacy","Kafkaesque Koffka","3.2.8","yes","5a7ce671e83246000deafe81","0","0","J","space","NA","J","NA","space","NA","NA","NA","NA","F","NA","space","NA","NA","NA","NA","663","1200","NA","663","NA","3263","NA","NA","NA","NA","923","NA","629555","NA","NA","NA","NA","2","legacy","1024","2","48000","-16","EXP","0","even","NA","15298","2313","2315","14052","15272","15272","710248","NA","661224","722283","655935","644879","657935","722785","722280","15298","661224","722785","723452","NA","NA","644879","657865","644910","655932","644910","644910","644879","NA","657938","NA","NA","NA","NA","656438","656438","657365","NA","NA","723952","NA","15301","NA","NA","NA","NA","NA","NA","Orientation_PSA2018","6","5313","6","yes","1024"
"F","8552","F","F","PP_LIST1.csv","buggy.jpg","glass.jpg","100","100","857","857","#ffffff","yes","legacy","legacy","legacy","0","uniform","1","1","undefined","1","undefined","6","f","0","0","0","0","0","0","0","0","30","0","30","5","0","0","30","30","0","0","30","30","30","30","0","5","0","5","0","0","0","0","0","0","0","0","0","5","5","5","5","5","30","0","0","0","0","0","0","NA","NA","09/30/19 14:20:10","Matching Tasks","yes","","PP.osexp","C:\Users\Chopik1\Desktop\Scripts","no","chinese-japanese-korean","no","18","no","#0000ff","no","English","no","768","legacy","yes","no","no","no","no","no","30","30","1","5","C:/Users/Chopik1/Desktop/Scripts/PP Data/250.csv","legacy","Kafkaesque Koffka","3.2.8","yes","5a7ce671e83246000deafe81","0","0","F","space","NA","F","NA","space","NA","NA","NA","NA","F","NA","space","NA","NA","NA","NA","686","1200","NA","686","NA","3263","NA","NA","NA","NA","923","NA","629555","NA","NA","NA","NA","2","legacy","1024","2","48000","-16","EXP","0","even","NA","15298","2313","2315","14052","15272","15272","710248","NA","661224","724132","655935","644879","657935","724635","724130","15298","661224","724635","725324","NA","NA","644879","657865","644910","655932","644910","644910","644879","NA","657938","NA","NA","NA","NA","656438","656438","657365","NA","NA","725824","NA","15301","NA","NA","NA","NA","NA","NA","Orientation_PSA2018","7","5999","7","yes","1024"
"F","8552","F","F","PP_LIST1.csv","tapedispenser.jpg","wrench.jpg","100","100","826.125","826.125","#ffffff","yes","legacy","legacy","legacy","0","uniform","1","1","undefined","1","undefined","6","f","0","0","0","0","0","0","0","0","31","0","31","5","0","0","31","31","0","0","31","31","31","31","0","5","0","5","0","0","0","0","0","0","0","0","0","5","5","5","5","5","31","0","0","0","0","0","0","NA","NA","09/30/19 14:20:10","Matching Tasks","yes","","PP.osexp","C:\Users\Chopik1\Desktop\Scripts","no","chinese-japanese-korean","no","18","no","#0000ff","no","English","no","768","legacy","yes","no","no","no","no","no","31","31","1","5","C:/Users/Chopik1/Desktop/Scripts/PP Data/250.csv","legacy","Kafkaesque Koffka","3.2.8","yes","5a7ce671e83246000deafe81","0","0","F","space","NA","F","NA","space","NA","NA","NA","NA","F","NA","space","NA","NA","NA","NA","610","1200","NA","610","NA","3263","NA","NA","NA","NA","923","NA","629555","NA","NA","NA","NA","2","legacy","1024","2","48000","-16","EXP","0","even","NA","15298","2313","2315","14052","15272","15272","710248","NA","661224","726007","655935","644879","657935","726509","726004","15298","661224","726510","727124","NA","NA","644879","657865","644910","655932","644910","644910","644879","NA","657938","NA","NA","NA","NA","656438","656438","657365","NA","NA","727624","NA","15301","NA","NA","NA","NA","NA","NA","Orientation_PSA2018","8","6609","8","yes","1024"
"F","8552","F","F","PP_LIST1.csv","needle.jpg","tiger.jpg","100","100","794.555555556","794.555555556","#ffffff","yes","legacy","legacy","legacy","0","uniform","1","1","undefined","1","undefined","6","f","0","0","0","0","0","0","0","0","32","0","32","5","0","0","32","32","0","0","32","32","32","32","0","5","0","5","0","0","0","0","0","0","0","0","0","5","5","5","5","5","32","0","0","0","0","0","0","NA","NA","09/30/19 14:20:10","Matching Tasks","yes","","PP.osexp","C:\Users\Chopik1\Desktop\Scripts","no","chinese-japanese-korean","no","18","no","#0000ff","no","English","no","768","legacy","yes","no","no","no","no","no","32","32","1","5","C:/Users/Chopik1/Desktop/Scripts/PP Data/250.csv","legacy","Kafkaesque Koffka","3.2.8","yes","5a7ce671e83246000deafe81","0","0","F","space","NA","F","NA","space","NA","NA","NA","NA","F","NA","space","NA","NA","NA","NA","542","1200","NA","542","NA","3263","NA","NA","NA","NA","923","NA","629555","NA","NA","NA","NA","2","legacy","1024","2","48000","-16","EXP","0","even","NA","15298","2313","2315","14052","15272","15272","710248","NA","661224","727805","655935","644879","657935","728307","727802","15298","661224","728307","728852","NA","NA","644879","657865","644910","655932","644910","644910","644879","NA","657938","NA","NA","NA","NA","656438","656438","657365","NA","NA","729352","NA","15301","NA","NA","NA","NA","NA","NA","Orientation_PSA2018","9","7151","9","yes","1024"
"F","8552","F","F","PP_LIST1.csv","tlphon.jpg","knife.jpg","100","100","783.6","783.6","#ffffff","yes","legacy","legacy","legacy","0","uniform","1","1","undefined","1","undefined","6","f","0","0","0","0","0","0","0","0","33","0","33","5","0","0","33","33","0","0","33","33","33","33","0","5","0","5","0","0","0","0","0","0","0","0","0","5","5","5","5","5","33","0","0","0","0","0","0","NA","NA","09/30/19 14:20:10","Matching Tasks","yes","","PP.osexp","C:\Users\Chopik1\Desktop\Scripts","no","chinese-japanese-korean","no","18","no","#0000ff","no","English","no","768","legacy","yes","no","no","no","no","no","33","33","1","5","C:/Users/Chopik1/Desktop/Scripts/PP Data/250.csv","legacy","Kafkaesque Koffka","3.2.8","yes","5a7ce671e83246000deafe81","0","0","F","space","NA","F","NA","space","NA","NA","NA","NA","F","NA","space","NA","NA","NA","NA","685","1200","NA","685","NA","3263","NA","NA","NA","NA","923","NA","629555","NA","NA","NA","NA","2","legacy","1024","2","48000","-16","EXP","0","even","NA","15298","2313","2315","14052","15272","15272","710248","NA","661224","729533","655935","644879","657935","730035","729530","15298","661224","730035","730724","NA","NA","644879","657865","644910","655932","644910","644910","644879","NA","657938","NA","NA","NA","NA","656438","656438","657365","NA","NA","731224","NA","15301","NA","NA","NA","NA","NA","NA","Orientation_PSA2018","10","7836","10","yes","1024"
"N","8552","V","H","PP_LIST1.csv","screwV.jpg","screwH.jpg","100","100","763.090909091","763.090909091","#ffffff","yes","legacy","legacy","legacy","0","uniform","1","1","undefined","1","undefined","6","j","0","0","0","0","0","0","0","0","34","0","34","5","0","0","34","34","0","0","34","34","34","34","0","5","0","5","0","0","0","0","0","0","0","0","0","5","5","5","5","5","34","0","0","0","0","0","0","NA","NA","09/30/19 14:20:10","Matching Tasks","yes","","PP.osexp","C:\Users\Chopik1\Desktop\Scripts","no","chinese-japanese-korean","no","18","no","#0000ff","no","English","no","768","legacy","yes","no","no","no","no","no","34","34","1","5","C:/Users/Chopik1/Desktop/Scripts/PP Data/250.csv","legacy","Kafkaesque Koffka","3.2.8","yes","5a7ce671e83246000deafe81","0","0","J","space","NA","J","NA","space","NA","NA","NA","NA","F","NA","space","NA","NA","NA","NA","558","1200","NA","558","NA","3263","NA","NA","NA","NA","923","NA","629555","NA","NA","NA","NA","2","legacy","1024","2","48000","-16","EXP","0","even","NA","15298","2313","2315","14052","15272","15272","710248","NA","661224","731405","655935","644879","657935","731907","731402","15298","661224","731907","732468","NA","NA","644879","657865","644910","655932","644910","644910","644879","NA","657938","NA","NA","NA","NA","656438","656438","657365","NA","NA","732968","NA","15301","NA","NA","NA","NA","NA","NA","Orientation_PSA2018","11","8394","11","yes","1024"
"N","8552","V","H","PP_LIST1.csv","plateV.jpg","plateH.jpg","100","100","760.5","760.5","#ffffff","yes","legacy","legacy","legacy","0","uniform","1","1","undefined","1","undefined","6","j","0","0","0","0","0","0","0","0","35","0","35","5","0","0","35","35","0","0","35","35","35","35","0","5","0","5","0","0","0","0","0","0","0","0","0","5","5","5","5","5","35","0","0","0","0","0","0","NA","NA","09/30/19 14:20:10","Matching Tasks","yes","","PP.osexp","C:\Users\Chopik1\Desktop\Scripts","no","chinese-japanese-korean","no","18","no","#0000ff","no","English","no","768","legacy","yes","no","no","no","no","no","35","35","1","5","C:/Users/Chopik1/Desktop/Scripts/PP Data/250.csv","legacy","Kafkaesque Koffka","3.2.8","yes","5a7ce671e83246000deafe81","0","0","J","space","NA","J","NA","space","NA","NA","NA","NA","F","NA","space","NA","NA","NA","NA","732","1200","NA","732","NA","3263","NA","NA","NA","NA","923","NA","629555","NA","NA","NA","NA","2","legacy","1024","2","48000","-16","EXP","0","even","NA","15298","2313","2315","14052","15272","15272","710248","NA","661224","733159","655935","644879","657935","733661","733156","15298","661224","733661","734396","NA","NA","644879","657865","644910","655932","644910","644910","644879","NA","657938","NA","NA","NA","NA","656438","656438","657365","NA","NA","734896","NA","15301","NA","NA","NA","NA","NA","NA","Orientation_PSA2018","12","9126","12","yes","1024"
"F","8552","F","F","PP_LIST1.csv","skirt.jpg","tlphon.jpg","100","100","753.153846154","753.153846154","#ffffff","yes","legacy","legacy","legacy","0","uniform","1","1","undefined","1","undefined","6","f","0","0","0","0","0","0","0","0","36","0","36","5","0","0","36","36","0","0","36","36","36","36","0","5","0","5","0","0","0","0","0","0","0","0","0","5","5","5","5","5","36","0","0","0","0","0","0","NA","NA","09/30/19 14:20:10","Matching Tasks","yes","","PP.osexp","C:\Users\Chopik1\Desktop\Scripts","no","chinese-japanese-korean","no","18","no","#0000ff","no","English","no","768","legacy","yes","no","no","no","no","no","36","36","1","5","C:/Users/Chopik1/Desktop/Scripts/PP Data/250.csv","legacy","Kafkaesque Koffka","3.2.8","yes","5a7ce671e83246000deafe81","0","0","F","space","NA","F","NA","space","NA","NA","NA","NA","F","NA","space","NA","NA","NA","NA","665","1200","NA","665","NA","3263","NA","NA","NA","NA","923","NA","629555","NA","NA","NA","NA","2","legacy","1024","2","48000","-16","EXP","0","even","NA","15298","2313","2315","14052","15272","15272","710248","NA","661224","735080","655935","644879","657935","735584","735078","15298","661224","735584","736252","NA","NA","644879","657865","644910","655932","644910","644910","644879","NA","657938","NA","NA","NA","NA","656438","656438","657365","NA","NA","736752","NA","15301","NA","NA","NA","NA","NA","NA","Orientation_PSA2018","13","9791","13","yes","1024"
"F","8552","F","F","PP_LIST1.csv","umberella.jpg","flower.jpg","100","100","751.357142857","751.357142857","#ffffff","yes","legacy","legacy","legacy","0","uniform","1","1","undefined","1","undefined","6","f","0","0","0","0","0","0","0","0","37","0","37","5","0","0","37","37","0","0","37","37","37","37","0","5","0","5","0","0","0","0","0","0","0","0","0","5","5","5","5","5","37","0","0","0","0","0","0","NA","NA","09/30/19 14:20:10","Matching Tasks","yes","","PP.osexp","C:\Users\Chopik1\Desktop\Scripts","no","chinese-japanese-korean","no","18","no","#0000ff","no","English","no","768","legacy","yes","no","no","no","no","no","37","37","1","5","C:/Users/Chopik1/Desktop/Scripts/PP Data/250.csv","legacy","Kafkaesque Koffka","3.2.8","yes","5a7ce671e83246000deafe81","0","0","F","space","NA","F","NA","space","NA","NA","NA","NA","F","NA","space","NA","NA","NA","NA","728","1200","NA","728","NA","3263","NA","NA","NA","NA","923","NA","629555","NA","NA","NA","NA","2","legacy","1024","2","48000","-16","EXP","0","even","NA","15298","2313","2315","14052","15272","15272","710248","NA","661224","736931","655935","644879","657935","737433","736928","15298","661224","737433","738164","NA","NA","644879","657865","644910","655932","644910","644910","644879","NA","657938","NA","NA","NA","NA","656438","656438","657365","NA","NA","738664","NA","15301","NA","NA","NA","NA","NA","NA","Orientation_PSA2018","14","10519","14","yes","1024"
"F","8552","F","F","PP_LIST1.csv","spider.jpg","couch.jpg","100","100","740.666666667","740.666666667","#ffffff","yes","legacy","legacy","legacy","0","uniform","1","1","undefined","1","undefined","6","f","0","0","0","0","0","0","0","0","38","0","38","5","0","0","38","38","0","0","38","38","38","38","0","5","0","5","0","0","0","0","0","0","0","0","0","5","5","5","5","5","38","0","0","0","0","0","0","NA","NA","09/30/19 14:20:10","Matching Tasks","yes","","PP.osexp","C:\Users\Chopik1\Desktop\Scripts","no","chinese-japanese-korean","no","18","no","#0000ff","no","English","no","768","legacy","yes","no","no","no","no","no","38","38","1","5","C:/Users/Chopik1/Desktop/Scripts/PP Data/250.csv","legacy","Kafkaesque Koffka","3.2.8","yes","5a7ce671e83246000deafe81","0","0","F","space","NA","F","NA","space","NA","NA","NA","NA","F","NA","space","NA","NA","NA","NA","591","1200","NA","591","NA","3263","NA","NA","NA","NA","923","NA","629555","NA","NA","NA","NA","2","legacy","1024","2","48000","-16","EXP","0","even","NA","15298","2313","2315","14052","15272","15272","710248","NA","661224","738852","655935","644879","657935","739354","738849","15298","661224","739354","739949","NA","NA","644879","657865","644910","655932","644910","644910","644879","NA","657938","NA","NA","NA","NA","656438","656438","657365","NA","NA","740449","NA","15301","NA","NA","NA","NA","NA","NA","Orientation_PSA2018","15","11110","15","yes","1024"
"Y","8552","H","H","PP_LIST1.csv","bookH.jpg","bookH.jpg","100","100","735.625","735.625","#ffffff","yes","legacy","legacy","legacy","0","uniform","1","1","undefined","1","undefined","6","j","0","0","0","0","0","0","0","0","39","0","39","5","0","0","39","39","0","0","39","39","39","39","0","5","0","5","0","0","0","0","0","0","0","0","0","5","5","5","5","5","39","0","0","0","0","0","0","NA","NA","09/30/19 14:20:10","Matching Tasks","yes","","PP.osexp","C:\Users\Chopik1\Desktop\Scripts","no","chinese-japanese-korean","no","18","no","#0000ff","no","English","no","768","legacy","yes","no","no","no","no","no","39","39","1","5","C:/Users/Chopik1/Desktop/Scripts/PP Data/250.csv","legacy","Kafkaesque Koffka","3.2.8","yes","5a7ce671e83246000deafe81","0","0","J","space","NA","J","NA","space","NA","NA","NA","NA","F","NA","space","NA","NA","NA","NA","660","1200","NA","660","NA","3263","NA","NA","NA","NA","923","NA","629555","NA","NA","NA","NA","2","legacy","1024","2","48000","-16","EXP","0","even","NA","15298","2313","2315","14052","15272","15272","710248","NA","661224","740631","655935","644879","657935","741133","740628","15298","661224","741133","741797","NA","NA","644879","657865","644910","655932","644910","644910","644879","NA","657938","NA","NA","NA","NA","656438","656438","657365","NA","NA","742297","NA","15301","NA","NA","NA","NA","NA","NA","Orientation_PSA2018","16","11770","16","yes","1024"
"F","8552","F","F","PP_LIST1.csv","house.jpg","ring.jpg","100","100","724","724","#ffffff","yes","legacy","legacy","legacy","0","uniform","1","1","undefined","1","undefined","6","f","0","0","0","0","0","0","0","0","40","0","40","5","0","0","40","40","0","0","40","40","40","40","0","5","0","5","0","0","0","0","0","0","0","0","0","5","5","5","5","5","40","0","0","0","0","0","0","NA","NA","09/30/19 14:20:10","Matching Tasks","yes","","PP.osexp","C:\Users\Chopik1\Desktop\Scripts","no","chinese-japanese-korean","no","18","no","#0000ff","no","English","no","768","legacy","yes","no","no","no","no","no","40","40","1","5","C:/Users/Chopik1/Desktop/Scripts/PP Data/250.csv","legacy","Kafkaesque Koffka","3.2.8","yes","5a7ce671e83246000deafe81","0","0","F","space","NA","F","NA","space","NA","NA","NA","NA","F","NA","space","NA","NA","NA","NA","538","1200","NA","538","NA","3263","NA","NA","NA","NA","923","NA","629555","NA","NA","NA","NA","2","legacy","1024","2","48000","-16","EXP","0","even","NA","15298","2313","2315","14052","15272","15272","710248","NA","661224","742481","655935","644879","657935","742983","742478","15298","661224","742983","743524","NA","NA","644879","657865","644910","655932","644910","644910","644879","NA","657938","NA","NA","NA","NA","656438","656438","657365","NA","NA","744024","NA","15301","NA","NA","NA","NA","NA","NA","Orientation_PSA2018","17","12308","17","yes","1024"
"F","8552","F","F","PP_LIST1.csv","pumpkin.jpg","trmpet.jpg","100","100","721.111111111","721.111111111","#ffffff","yes","legacy","legacy","legacy","0","uniform","1","1","undefined","1","undefined","6","f","0","0","0","0","0","0","0","0","41","0","41","5","0","0","41","41","0","0","41","41","41","41","0","5","0","5","0","0","0","0","0","0","0","0","0","5","5","5","5","5","41","0","0","0","0","0","0","NA","NA","09/30/19 14:20:10","Matching Tasks","yes","","PP.osexp","C:\Users\Chopik1\Desktop\Scripts","no","chinese-japanese-korean","no","18","no","#0000ff","no","English","no","768","legacy","yes","no","no","no","no","no","41","41","1","5","C:/Users/Chopik1/Desktop/Scripts/PP Data/250.csv","legacy","Kafkaesque Koffka","3.2.8","yes","5a7ce671e83246000deafe81","0","0","F","space","NA","F","NA","space","NA","NA","NA","NA","F","NA","space","NA","NA","NA","NA","672","1200","NA","672","NA","3263","NA","NA","NA","NA","923","NA","629555","NA","NA","NA","NA","2","legacy","1024","2","48000","-16","EXP","0","even","NA","15298","2313","2315","14052","15272","15272","710248","NA","661224","744203","655935","644879","657935","744705","744200","15298","661224","744705","745380","NA","NA","644879","657865","644910","655932","644910","644910","644879","NA","657938","NA","NA","NA","NA","656438","656438","657365","NA","NA","745881","NA","15301","NA","NA","NA","NA","NA","NA","Orientation_PSA2018","18","12980","18","yes","1024"
"N","8552","H","V","PP_LIST1.csv","pencilH.jpg","pencilV.jpg","100","100","717.631578947","717.631578947","#ffffff","yes","legacy","legacy","legacy","0","uniform","1","1","undefined","1","undefined","6","j","0","0","0","0","0","0","0","0","42","0","42","5","0","0","42","42","0","0","42","42","42","42","0","5","0","5","0","0","0","0","0","0","0","0","0","5","5","5","5","5","42","0","0","0","0","0","0","NA","NA","09/30/19 14:20:10","Matching Tasks","yes","","PP.osexp","C:\Users\Chopik1\Desktop\Scripts","no","chinese-japanese-korean","no","18","no","#0000ff","no","English","no","768","legacy","yes","no","no","no","no","no","42","42","1","5","C:/Users/Chopik1/Desktop/Scripts/PP Data/250.csv","legacy","Kafkaesque Koffka","3.2.8","yes","5a7ce671e83246000deafe81","0","0","J","space","NA","J","NA","space","NA","NA","NA","NA","F","NA","space","NA","NA","NA","NA","655","1200","NA","655","NA","3263","NA","NA","NA","NA","923","NA","629555","NA","NA","NA","NA","2","legacy","1024","2","48000","-16","EXP","0","even","NA","15298","2313","2315","14052","15272","15272","710248","NA","661224","746068","655935","644879","657935","746570","746065","15298","661224","746570","747228","NA","NA","644879","657865","644910","655932","644910","644910","644879","NA","657938","NA","NA","NA","NA","656438","656438","657365","NA","NA","747729","NA","15301","NA","NA","NA","NA","NA","NA","Orientation_PSA2018","19","13635","19","yes","1024"
"F","8552","F","F","PP_LIST1.csv","trmpet.jpg","tapedispenser.jpg","100","100","707.85","707.85","#ffffff","yes","legacy","legacy","legacy","0","uniform","1","1","undefined","1","undefined","6","f","0","0","0","0","0","0","0","0","43","0","43","5","0","0","43","43","0","0","43","43","43","43","0","5","0","5","0","0","0","0","0","0","0","0","0","5","5","5","5","5","43","0","0","0","0","0","0","NA","NA","09/30/19 14:20:10","Matching Tasks","yes","","PP.osexp","C:\Users\Chopik1\Desktop\Scripts","no","chinese-japanese-korean","no","18","no","#0000ff","no","English","no","768","legacy","yes","no","no","no","no","no","43","43","1","5","C:/Users/Chopik1/Desktop/Scripts/PP Data/250.csv","legacy","Kafkaesque Koffka","3.2.8","yes","5a7ce671e83246000deafe81","0","0","F","space","NA","F","NA","space","NA","NA","NA","NA","F","NA","space","NA","NA","NA","NA","522","1200","NA","522","NA","3263","NA","NA","NA","NA","923","NA","629555","NA","NA","NA","NA","2","legacy","1024","2","48000","-16","EXP","0","even","NA","15298","2313","2315","14052","15272","15272","710248","NA","661224","747905","655935","644879","657935","748407","747902","15298","661224","748407","748932","NA","NA","644879","657865","644910","655932","644910","644910","644879","NA","657938","NA","NA","NA","NA","656438","656438","657365","NA","NA","749432","NA","15301","NA","NA","NA","NA","NA","NA","Orientation_PSA2018","20","14157","20","yes","1024"
"N","8552","V","H","PP_LIST1.csv","tireV.jpg","tireH.jpg","100","100","701.952380952","701.952380952","#ffffff","yes","legacy","legacy","legacy","0","uniform","1","1","undefined","1","undefined","6","j","0","0","0","0","0","0","0","0","44","0","44","5","0","0","44","44","0","0","44","44","44","44","0","5","0","5","0","0","0","0","0","0","0","0","0","5","5","5","5","5","44","0","0","0","0","0","0","NA","NA","09/30/19 14:20:10","Matching Tasks","yes","","PP.osexp","C:\Users\Chopik1\Desktop\Scripts","no","chinese-japanese-korean","no","18","no","#0000ff","no","English","no","768","legacy","yes","no","no","no","no","no","44","44","1","5","C:/Users/Chopik1/Desktop/Scripts/PP Data/250.csv","legacy","Kafkaesque Koffka","3.2.8","yes","5a7ce671e83246000deafe81","0","0","J","space","NA","J","NA","space","NA","NA","NA","NA","F","NA","space","NA","NA","NA","NA","584","1200","NA","584","NA","3263","NA","NA","NA","NA","923","NA","629555","NA","NA","NA","NA","2","legacy","1024","2","48000","-16","EXP","0","even","NA","15298","2313","2315","14052","15272","15272","710248","NA","661224","749657","655935","644879","657935","750159","749654","15298","661224","750160","750748","NA","NA","644879","657865","644910","655932","644910","644910","644879","NA","657938","NA","NA","NA","NA","656438","656438","657365","NA","NA","751248","NA","15301","NA","NA","NA","NA","NA","NA","Orientation_PSA2018","21","14741","21","yes","1024"
"Y","8552","V","V","PP_LIST1.csv","crayonV.jpg","crayonV.jpg","100","100","698.545454545","698.545454545","#ffffff","yes","legacy","legacy","legacy","0","uniform","1","1","undefined","1","undefined","6","j","0","0","0","0","0","0","0","0","45","0","45","5","0","0","45","45","0","0","45","45","45","45","0","5","0","5","0","0","0","0","0","0","0","0","0","5","5","5","5","5","45","0","0","0","0","0","0","NA","NA","09/30/19 14:20:10","Matching Tasks","yes","","PP.osexp","C:\Users\Chopik1\Desktop\Scripts","no","chinese-japanese-korean","no","18","no","#0000ff","no","English","no","768","legacy","yes","no","no","no","no","no","45","45","1","5","C:/Users/Chopik1/Desktop/Scripts/PP Data/250.csv","legacy","Kafkaesque Koffka","3.2.8","yes","5a7ce671e83246000deafe81","0","0","J","space","NA","J","NA","space","NA","NA","NA","NA","F","NA","space","NA","NA","NA","NA","627","1200","NA","627","NA","3263","NA","NA","NA","NA","923","NA","629555","NA","NA","NA","NA","2","legacy","1024","2","48000","-16","EXP","0","even","NA","15298","2313","2315","14052","15272","15272","710248","NA","661224","751440","655935","644879","657935","751942","751437","15298","661224","751942","752572","NA","NA","644879","657865","644910","655932","644910","644910","644879","NA","657938","NA","NA","NA","NA","656438","656438","657365","NA","NA","753072","NA","15301","NA","NA","NA","NA","NA","NA","Orientation_PSA2018","22","15368","22","yes","1024"
"F","8552","F","F","PP_LIST1.csv","couch.jpg","spider.jpg","100","100","692.47826087","692.47826087","#ffffff","yes","legacy","legacy","legacy","0","uniform","1","1","undefined","1","undefined","6","f","0","0","0","0","0","0","0","0","46","0","46","5","0","0","46","46","0","0","46","46","46","46","0","5","0","5","0","0","0","0","0","0","0","0","0","5","5","5","5","5","46","0","0","0","0","0","0","NA","NA","09/30/19 14:20:10","Matching Tasks","yes","","PP.osexp","C:\Users\Chopik1\Desktop\Scripts","no","chinese-japanese-korean","no","18","no","#0000ff","no","English","no","768","legacy","yes","no","no","no","no","no","46","46","1","5","C:/Users/Chopik1/Desktop/Scripts/PP Data/250.csv","legacy","Kafkaesque Koffka","3.2.8","yes","5a7ce671e83246000deafe81","0","0","F","space","NA","F","NA","space","NA","NA","NA","NA","F","NA","space","NA","NA","NA","NA","559","1200","NA","559","NA","3263","NA","NA","NA","NA","923","NA","629555","NA","NA","NA","NA","2","legacy","1024","2","48000","-16","EXP","0","even","NA","15298","2313","2315","14052","15272","15272","710248","NA","661224","753258","655935","644879","657935","753761","753255","15298","661224","753761","754324","NA","NA","644879","657865","644910","655932","644910","644910","644879","NA","657938","NA","NA","NA","NA","656438","656438","657365","NA","NA","754824","NA","15301","NA","NA","NA","NA","NA","NA","Orientation_PSA2018","23","15927","23","yes","1024"
"F","8552","F","F","PP_LIST1.csv","wndmil.jpg","mitten.jpg","100","100","686.541666667","686.541666667","#ffffff","yes","legacy","legacy","legacy","0","uniform","1","1","undefined","1","undefined","6","f","0","0","0","0","0","0","0","0","47","0","47","5","0","0","47","47","0","0","47","47","47","47","0","5","0","5","0","0","0","0","0","0","0","0","0","5","5","5","5","5","47","0","0","0","0","0","0","NA","NA","09/30/19 14:20:10","Matching Tasks","yes","","PP.osexp","C:\Users\Chopik1\Desktop\Scripts","no","chinese-japanese-korean","no","18","no","#0000ff","no","English","no","768","legacy","yes","no","no","no","no","no","47","47","1","5","C:/Users/Chopik1/Desktop/Scripts/PP Data/250.csv","legacy","Kafkaesque Koffka","3.2.8","yes","5a7ce671e83246000deafe81","0","0","F","space","NA","F","NA","space","NA","NA","NA","NA","F","NA","space","NA","NA","NA","NA","550","1200","NA","550","NA","3263","NA","NA","NA","NA","923","NA","629555","NA","NA","NA","NA","2","legacy","1024","2","48000","-16","EXP","0","even","NA","15298","2313","2315","14052","15272","15272","710248","NA","661224","755013","655935","644879","657935","755515","755010","15298","661224","755515","756069","NA","NA","644879","657865","644910","655932","644910","644910","644879","NA","657938","NA","NA","NA","NA","656438","656438","657365","NA","NA","756569","NA","15301","NA","NA","NA","NA","NA","NA","Orientation_PSA2018","24","16477","24","yes","1024"
