"Identical","LAB_SEED","Orientation1","Orientation2","PPList","Picture1","Picture2","acc","accuracy","average_response_time","avg_rt","background","bidi","canvas_backend","clock_backend","color_backend","compensation","coordinates","correct","correct_Pictures_response","correct_Start_POR","correct_Target_response_Prac","correct_Welcome_PP_POR","correct_count","correct_response","count_Check_This","count_Disable_Mouse","count_EXP","count_LAB_SEED","count_Language_Selection","count_List_Select","count_List_Selection","count_POR_selection","count_Pictures_Break","count_Pictures_End","count_Pictures_Exp","count_Pictures_Fixation","count_Pictures_Fixation_Prac","count_Pictures_Prac","count_Pictures_Start","count_Pictures_Target","count_Pictures_Trial","count_Pictures_Welcome","count_Pictures_loop","count_Pictures_response","count_Pictures_response_correct","count_Pictures_response_noans","count_Pictures_response_wrong","count_Prac","count_Prac_Count","count_Prac_Reset","count_Prac_Trial","count_Prac_loop","count_Prac_seq","count_Prac_setup","count_Start_BRA","count_Start_DE","count_Start_E","count_Start_ELL","count_Start_HEB","count_Start_HIN","count_Start_HUN","count_Start_NOR","count_Start_PL","count_Start_POR","count_Start_SC","count_Start_SLK","count_Start_SPA","count_Start_TC","count_Start_THAI","count_Start_TUR","count_Target_Prac","count_Target_response_Prac","count_Target_response_correct_Prac","count_Target_response_noans_Prac","count_Target_response_wrong_Prac","count_Trial_logger","count_Welcome_PP_BRA","count_Welcome_PP_DE","count_Welcome_PP_E","count_Welcome_PP_ELL","count_Welcome_PP_HEB","count_Welcome_PP_HIN","count_Welcome_PP_HUN","count_Welcome_PP_NOR","count_Welcome_PP_PL","count_Welcome_PP_POR","count_Welcome_PP_SC","count_Welcome_PP_SLK","count_Welcome_PP_SPA","count_Welcome_PP_TC","count_Welcome_PP_THAI","count_Welcome_PP_TUR","datetime","de","description","disable_garbage_collection","ell","empty_column","en","experiment_file","experiment_path","font_bold","font_family","font_italic","font_size","font_underline","foreground","form_clicks","form_response","fullscreen","heb","height","hin","hun","keyboard_backend","live_row","live_row_Pictures_loop","live_row_Prac","live_row_Prac_loop","logfile","mouse_backend","nor","opensesame_codename","opensesame_version","osf_always_upload_experiment","osf_id","pol","por","por1","por2","repeat_cycle","reset_loop","response","response_Pictures_Break","response_Pictures_End","response_Pictures_response","response_Start_BRA","response_Start_DE","response_Start_E","response_Start_ELL","response_Start_HEB","response_Start_HIN","response_Start_HUN","response_Start_NOR","response_Start_PL","response_Start_POR","response_Start_SC","response_Start_SLK","response_Start_SPA","response_Start_TC","response_Start_THAI","response_Start_TUR","response_Target_response_Prac","response_Welcome_PP_BRA","response_Welcome_PP_DE","response_Welcome_PP_E","response_Welcome_PP_ELL","response_Welcome_PP_HEB","response_Welcome_PP_HIN","response_Welcome_PP_HUN","response_Welcome_PP_NOR","response_Welcome_PP_PL","response_Welcome_PP_POR","response_Welcome_PP_SC","response_Welcome_PP_SLK","response_Welcome_PP_SPA","response_Welcome_PP_TC","response_Welcome_PP_THAI","response_Welcome_PP_TUR","response_time","response_time_Pictures_Break","response_time_Pictures_End","response_time_Pictures_response","response_time_Start_BRA","response_time_Start_DE","response_time_Start_E","response_time_Start_ELL","response_time_Start_HEB","response_time_Start_HIN","response_time_Start_HUN","response_time_Start_NOR","response_time_Start_PL","response_time_Start_POR","response_time_Start_SC","response_time_Start_SLK","response_time_Start_SPA","response_time_Start_TC","response_time_Start_THAI","response_time_Start_TUR","response_time_Target_response_Prac","response_time_Welcome_PP_BRA","response_time_Welcome_PP_DE","response_time_Welcome_PP_E","response_time_Welcome_PP_ELL","response_time_Welcome_PP_HEB","response_time_Welcome_PP_HIN","response_time_Welcome_PP_HUN","response_time_Welcome_PP_NOR","response_time_Welcome_PP_PL","response_time_Welcome_PP_POR","response_time_Welcome_PP_SC","response_time_Welcome_PP_SLK","response_time_Welcome_PP_SPA","response_time_Welcome_PP_TC","response_time_Welcome_PP_THAI","response_time_Welcome_PP_TUR","round_decimals","sampler_backend","sc","slk","sound_buf_size","sound_channels","sound_freq","sound_sample_size","spa","start","subject_nr","subject_parity","tc","thai","time_Check_This","time_Disable_Mouse","time_EXP","time_LAB_SEED","time_Language_Selection","time_List_Select","time_List_Selection","time_POR_selection","time_Pictures_Break","time_Pictures_End","time_Pictures_Exp","time_Pictures_Fixation","time_Pictures_Fixation_Prac","time_Pictures_Prac","time_Pictures_Start","time_Pictures_Target","time_Pictures_Trial","time_Pictures_Welcome","time_Pictures_loop","time_Pictures_response","time_Pictures_response_correct","time_Pictures_response_noans","time_Pictures_response_wrong","time_Prac","time_Prac_Count","time_Prac_Reset","time_Prac_Trial","time_Prac_loop","time_Prac_seq","time_Prac_setup","time_Start_BRA","time_Start_DE","time_Start_E","time_Start_ELL","time_Start_HEB","time_Start_HIN","time_Start_HUN","time_Start_NOR","time_Start_PL","time_Start_POR","time_Start_SC","time_Start_SLK","time_Start_SPA","time_Start_TC","time_Start_THAI","time_Start_TUR","time_Target_Prac","time_Target_response_Prac","time_Target_response_correct_Prac","time_Target_response_noans_Prac","time_Target_response_wrong_Prac","time_Trial_logger","time_Welcome_PP_BRA","time_Welcome_PP_DE","time_Welcome_PP_E","time_Welcome_PP_ELL","time_Welcome_PP_HEB","time_Welcome_PP_HIN","time_Welcome_PP_HUN","time_Welcome_PP_NOR","time_Welcome_PP_PL","time_Welcome_PP_POR","time_Welcome_PP_SC","time_Welcome_PP_SLK","time_Welcome_PP_SPA","time_Welcome_PP_TC","time_Welcome_PP_THAI","time_Welcome_PP_TUR","title","total_correct","total_response_time","total_responses","tur","uniform_coordinates","width"
"N","5861","H","V","PP_LIST4.csv","scssorH.jpg","scssorV.jpg","77.7777777778","77.7777777778","811.111111111","811.111111111","#ffffff","yes","legacy","legacy","legacy","0","uniform","1","1","undefined","1","undefined","6","j","0","0","0","0","0","0","0","0","NA","0","0","0","7","0","0","0","0","0","0","0","0","0","0","0","7","2","7","2","2","0","0","0","0","0","0","0","0","0","0","0","0","0","0","0","0","0","7","7","7","7","7","0","0","0","0","0","0","0","0","0","0","0","0","0","0","0","0","0","03/12/20 11:31:48","no","Matching Tasks","yes","no","","no","OrientationCrossLanguages_2018PSA_PP_1.2.4.osexp","C:\Users\user\Desktop\PSA_ARRIAGA_PIÇARRA","no","mono","no","18","no","#0000ff","no","Portugal","yes","no","768","no","no","legacy","0","0","3","5","C:/Users/user/Desktop/PSA_ARRIAGA_PIÇARRA/RAW_DATA/PP/POR_001_PP_4.csv","legacy","no","Kafkaesque Koffka","3.2.8","yes","5a7ce671e83246000deafe81","no","yes","no","yes","0","0","j","NA","NA","j","NA","NA","NA","NA","NA","NA","NA","NA","NA","space","NA","NA","NA","NA","NA","NA","j","NA","NA","NA","NA","NA","NA","NA","NA","NA","space","NA","NA","NA","NA","NA","NA","564","NA","NA","564","NA","NA","NA","NA","NA","NA","NA","NA","NA","3035","NA","NA","NA","NA","NA","NA","464","NA","NA","NA","NA","NA","NA","NA","NA","NA","16482","NA","NA","NA","NA","NA","NA","2","legacy","no","no","1024","2","48000","-16","no","EXP","4","even","no","no","NA","25803","3340","3344","21882","25788","25788","24221","NA","NA","61661","61799","57086","42301","58610","62308","61795","25803","61661","62308","62874","NA","NA","42301","58559","48112","57084","48112","48112","42301","NA","NA","NA","NA","NA","NA","NA","NA","NA","58613","NA","NA","NA","NA","NA","NA","57592","57592","58059","45439","47571","63375","NA","NA","NA","NA","NA","NA","NA","NA","NA","25806","NA","NA","NA","NA","NA","NA","Orientation_PSA2018","7","7300","9","no","yes","1024"
"Y","5861","H","H","PP_LIST4.csv","crayonH.jpg","crayonH.jpg","80","80","778.7","778.7","#ffffff","yes","legacy","legacy","legacy","0","uniform","1","1","undefined","1","undefined","6","j","0","0","0","0","0","0","0","0","NA","1","0","1","7","0","0","1","1","0","0","1","1","1","1","0","7","2","7","2","2","0","0","0","0","0","0","0","0","0","0","0","0","0","0","0","0","0","7","7","7","7","7","1","0","0","0","0","0","0","0","0","0","0","0","0","0","0","0","0","03/12/20 11:31:48","no","Matching Tasks","yes","no","","no","OrientationCrossLanguages_2018PSA_PP_1.2.4.osexp","C:\Users\user\Desktop\PSA_ARRIAGA_PIÇARRA","no","mono","no","18","no","#0000ff","no","Portugal","yes","no","768","no","no","legacy","1","1","3","5","C:/Users/user/Desktop/PSA_ARRIAGA_PIÇARRA/RAW_DATA/PP/POR_001_PP_4.csv","legacy","no","Kafkaesque Koffka","3.2.8","yes","5a7ce671e83246000deafe81","no","yes","no","yes","0","0","j","NA","NA","j","NA","NA","NA","NA","NA","NA","NA","NA","NA","space","NA","NA","NA","NA","NA","NA","j","NA","NA","NA","NA","NA","NA","NA","NA","NA","space","NA","NA","NA","NA","NA","NA","487","NA","NA","487","NA","NA","NA","NA","NA","NA","NA","NA","NA","3035","NA","NA","NA","NA","NA","NA","464","NA","NA","NA","NA","NA","NA","NA","NA","NA","16482","NA","NA","NA","NA","NA","NA","2","legacy","no","no","1024","2","48000","-16","no","EXP","4","even","no","no","NA","25803","3340","3344","21882","25788","25788","24221","NA","NA","61661","63585","57086","42301","58610","64089","63583","25803","61661","64089","64578","NA","NA","42301","58559","48112","57084","48112","48112","42301","NA","NA","NA","NA","NA","NA","NA","NA","NA","58613","NA","NA","NA","NA","NA","NA","57592","57592","58059","45439","47571","65078","NA","NA","NA","NA","NA","NA","NA","NA","NA","25806","NA","NA","NA","NA","NA","NA","Orientation_PSA2018","8","7787","10","no","yes","1024"
"N","5861","H","V","PP_LIST4.csv","saltH.jpg","saltV.jpg","81.8181818182","81.8181818182","761.181818182","761.181818182","#ffffff","yes","legacy","legacy","legacy","0","uniform","1","1","undefined","1","undefined","6","j","0","0","0","0","0","0","0","0","NA","2","0","2","7","0","0","2","2","0","0","2","2","2","2","0","7","2","7","2","2","0","0","0","0","0","0","0","0","0","0","0","0","0","0","0","0","0","7","7","7","7","7","2","0","0","0","0","0","0","0","0","0","0","0","0","0","0","0","0","03/12/20 11:31:48","no","Matching Tasks","yes","no","","no","OrientationCrossLanguages_2018PSA_PP_1.2.4.osexp","C:\Users\user\Desktop\PSA_ARRIAGA_PIÇARRA","no","mono","no","18","no","#0000ff","no","Portugal","yes","no","768","no","no","legacy","2","2","3","5","C:/Users/user/Desktop/PSA_ARRIAGA_PIÇARRA/RAW_DATA/PP/POR_001_PP_4.csv","legacy","no","Kafkaesque Koffka","3.2.8","yes","5a7ce671e83246000deafe81","no","yes","no","yes","0","0","j","NA","NA","j","NA","NA","NA","NA","NA","NA","NA","NA","NA","space","NA","NA","NA","NA","NA","NA","j","NA","NA","NA","NA","NA","NA","NA","NA","NA","space","NA","NA","NA","NA","NA","NA","586","NA","NA","586","NA","NA","NA","NA","NA","NA","NA","NA","NA","3035","NA","NA","NA","NA","NA","NA","464","NA","NA","NA","NA","NA","NA","NA","NA","NA","16482","NA","NA","NA","NA","NA","NA","2","legacy","no","no","1024","2","48000","-16","no","EXP","4","even","no","no","NA","25803","3340","3344","21882","25788","25788","24221","NA","NA","61661","65261","57086","42301","58610","65765","65258","25803","61661","65766","66355","NA","NA","42301","58559","48112","57084","48112","48112","42301","NA","NA","NA","NA","NA","NA","NA","NA","NA","58613","NA","NA","NA","NA","NA","NA","57592","57592","58059","45439","47571","66855","NA","NA","NA","NA","NA","NA","NA","NA","NA","25806","NA","NA","NA","NA","NA","NA","Orientation_PSA2018","9","8373","11","no","yes","1024"
"N","5861","V","H","PP_LIST4.csv","bowlV.jpg","bowlH.jpg","83.3333333333","83.3333333333","747.666666667","747.666666667","#ffffff","yes","legacy","legacy","legacy","0","uniform","1","1","undefined","1","undefined","6","j","0","0","0","0","0","0","0","0","NA","3","0","3","7","0","0","3","3","0","0","3","3","3","3","0","7","2","7","2","2","0","0","0","0","0","0","0","0","0","0","0","0","0","0","0","0","0","7","7","7","7","7","3","0","0","0","0","0","0","0","0","0","0","0","0","0","0","0","0","03/12/20 11:31:48","no","Matching Tasks","yes","no","","no","OrientationCrossLanguages_2018PSA_PP_1.2.4.osexp","C:\Users\user\Desktop\PSA_ARRIAGA_PIÇARRA","no","mono","no","18","no","#0000ff","no","Portugal","yes","no","768","no","no","legacy","3","3","3","5","C:/Users/user/Desktop/PSA_ARRIAGA_PIÇARRA/RAW_DATA/PP/POR_001_PP_4.csv","legacy","no","Kafkaesque Koffka","3.2.8","yes","5a7ce671e83246000deafe81","no","yes","no","yes","0","0","j","NA","NA","j","NA","NA","NA","NA","NA","NA","NA","NA","NA","space","NA","NA","NA","NA","NA","NA","j","NA","NA","NA","NA","NA","NA","NA","NA","NA","space","NA","NA","NA","NA","NA","NA","599","NA","NA","599","NA","NA","NA","NA","NA","NA","NA","NA","NA","3035","NA","NA","NA","NA","NA","NA","464","NA","NA","NA","NA","NA","NA","NA","NA","NA","16482","NA","NA","NA","NA","NA","NA","2","legacy","no","no","1024","2","48000","-16","no","EXP","4","even","no","no","NA","25803","3340","3344","21882","25788","25788","24221","NA","NA","61661","67034","57086","42301","58610","67538","67032","25803","61661","67538","68139","NA","NA","42301","58559","48112","57084","48112","48112","42301","NA","NA","NA","NA","NA","NA","NA","NA","NA","58613","NA","NA","NA","NA","NA","NA","57592","57592","58059","45439","47571","68639","NA","NA","NA","NA","NA","NA","NA","NA","NA","25806","NA","NA","NA","NA","NA","NA","Orientation_PSA2018","10","8972","12","no","yes","1024"
"Y","5861","H","H","PP_LIST4.csv","brushH.jpg","brushH.jpg","84.6153846154","84.6153846154","731.307692308","731.307692308","#ffffff","yes","legacy","legacy","legacy","0","uniform","1","1","undefined","1","undefined","6","j","0","0","0","0","0","0","0","0","NA","4","0","4","7","0","0","4","4","0","0","4","4","4","4","0","7","2","7","2","2","0","0","0","0","0","0","0","0","0","0","0","0","0","0","0","0","0","7","7","7","7","7","4","0","0","0","0","0","0","0","0","0","0","0","0","0","0","0","0","03/12/20 11:31:48","no","Matching Tasks","yes","no","","no","OrientationCrossLanguages_2018PSA_PP_1.2.4.osexp","C:\Users\user\Desktop\PSA_ARRIAGA_PIÇARRA","no","mono","no","18","no","#0000ff","no","Portugal","yes","no","768","no","no","legacy","4","4","3","5","C:/Users/user/Desktop/PSA_ARRIAGA_PIÇARRA/RAW_DATA/PP/POR_001_PP_4.csv","legacy","no","Kafkaesque Koffka","3.2.8","yes","5a7ce671e83246000deafe81","no","yes","no","yes","0","0","j","NA","NA","j","NA","NA","NA","NA","NA","NA","NA","NA","NA","space","NA","NA","NA","NA","NA","NA","j","NA","NA","NA","NA","NA","NA","NA","NA","NA","space","NA","NA","NA","NA","NA","NA","535","NA","NA","535","NA","NA","NA","NA","NA","NA","NA","NA","NA","3035","NA","NA","NA","NA","NA","NA","464","NA","NA","NA","NA","NA","NA","NA","NA","NA","16482","NA","NA","NA","NA","NA","NA","2","legacy","no","no","1024","2","48000","-16","no","EXP","4","even","no","no","NA","25803","3340","3344","21882","25788","25788","24221","NA","NA","61661","68833","57086","42301","58610","69338","68830","25803","61661","69338","69876","NA","NA","42301","58559","48112","57084","48112","48112","42301","NA","NA","NA","NA","NA","NA","NA","NA","NA","58613","NA","NA","NA","NA","NA","NA","57592","57592","58059","45439","47571","70376","NA","NA","NA","NA","NA","NA","NA","NA","NA","25806","NA","NA","NA","NA","NA","NA","Orientation_PSA2018","11","9507","13","no","yes","1024"
"F","5861","F","F","PP_LIST4.csv","couch.jpg","spider.jpg","85.7142857143","85.7142857143","726.642857143","726.642857143","#ffffff","yes","legacy","legacy","legacy","0","uniform","1","1","undefined","1","undefined","6","f","0","0","0","0","0","0","0","0","NA","5","0","5","7","0","0","5","5","0","0","5","5","5","5","0","7","2","7","2","2","0","0","0","0","0","0","0","0","0","0","0","0","0","0","0","0","0","7","7","7","7","7","5","0","0","0","0","0","0","0","0","0","0","0","0","0","0","0","0","03/12/20 11:31:48","no","Matching Tasks","yes","no","","no","OrientationCrossLanguages_2018PSA_PP_1.2.4.osexp","C:\Users\user\Desktop\PSA_ARRIAGA_PIÇARRA","no","mono","no","18","no","#0000ff","no","Portugal","yes","no","768","no","no","legacy","5","5","3","5","C:/Users/user/Desktop/PSA_ARRIAGA_PIÇARRA/RAW_DATA/PP/POR_001_PP_4.csv","legacy","no","Kafkaesque Koffka","3.2.8","yes","5a7ce671e83246000deafe81","no","yes","no","yes","0","0","f","NA","NA","f","NA","NA","NA","NA","NA","NA","NA","NA","NA","space","NA","NA","NA","NA","NA","NA","j","NA","NA","NA","NA","NA","NA","NA","NA","NA","space","NA","NA","NA","NA","NA","NA","666","NA","NA","666","NA","NA","NA","NA","NA","NA","NA","NA","NA","3035","NA","NA","NA","NA","NA","NA","464","NA","NA","NA","NA","NA","NA","NA","NA","NA","16482","NA","NA","NA","NA","NA","NA","2","legacy","no","no","1024","2","48000","-16","no","EXP","4","even","no","no","NA","25803","3340","3344","21882","25788","25788","24221","NA","NA","61661","70557","57086","42301","58610","71062","70555","25803","61661","71062","71731","NA","NA","42301","58559","48112","57084","48112","48112","42301","NA","NA","NA","NA","NA","NA","NA","NA","NA","58613","NA","NA","NA","NA","NA","NA","57592","57592","58059","45439","47571","72231","NA","NA","NA","NA","NA","NA","NA","NA","NA","25806","NA","NA","NA","NA","NA","NA","Orientation_PSA2018","12","10173","14","no","yes","1024"
"F","5861","F","F","PP_LIST4.csv","watch.jpg","skirt.jpg","86.6666666667","86.6666666667","720.533333333","720.533333333","#ffffff","yes","legacy","legacy","legacy","0","uniform","1","1","undefined","1","undefined","6","f","0","0","0","0","0","0","0","0","NA","6","0","6","7","0","0","6","6","0","0","6","6","6","6","0","7","2","7","2","2","0","0","0","0","0","0","0","0","0","0","0","0","0","0","0","0","0","7","7","7","7","7","6","0","0","0","0","0","0","0","0","0","0","0","0","0","0","0","0","03/12/20 11:31:48","no","Matching Tasks","yes","no","","no","OrientationCrossLanguages_2018PSA_PP_1.2.4.osexp","C:\Users\user\Desktop\PSA_ARRIAGA_PIÇARRA","no","mono","no","18","no","#0000ff","no","Portugal","yes","no","768","no","no","legacy","6","6","3","5","C:/Users/user/Desktop/PSA_ARRIAGA_PIÇARRA/RAW_DATA/PP/POR_001_PP_4.csv","legacy","no","Kafkaesque Koffka","3.2.8","yes","5a7ce671e83246000deafe81","no","yes","no","yes","0","0","f","NA","NA","f","NA","NA","NA","NA","NA","NA","NA","NA","NA","space","NA","NA","NA","NA","NA","NA","j","NA","NA","NA","NA","NA","NA","NA","NA","NA","space","NA","NA","NA","NA","NA","NA","635","NA","NA","635","NA","NA","NA","NA","NA","NA","NA","NA","NA","3035","NA","NA","NA","NA","NA","NA","464","NA","NA","NA","NA","NA","NA","NA","NA","NA","16482","NA","NA","NA","NA","NA","NA","2","legacy","no","no","1024","2","48000","-16","no","EXP","4","even","no","no","NA","25803","3340","3344","21882","25788","25788","24221","NA","NA","61661","72451","57086","42301","58610","72957","72449","25803","61661","72957","73595","NA","NA","42301","58559","48112","57084","48112","48112","42301","NA","NA","NA","NA","NA","NA","NA","NA","NA","58613","NA","NA","NA","NA","NA","NA","57592","57592","58059","45439","47571","74095","NA","NA","NA","NA","NA","NA","NA","NA","NA","25806","NA","NA","NA","NA","NA","NA","Orientation_PSA2018","13","10808","15","no","yes","1024"
"Y","5861","V","V","PP_LIST4.csv","keyV.jpg","keyV.jpg","87.5","87.5","702.6875","702.6875","#ffffff","yes","legacy","legacy","legacy","0","uniform","1","1","undefined","1","undefined","6","j","0","0","0","0","0","0","0","0","NA","7","0","7","7","0","0","7","7","0","0","7","7","7","7","0","7","2","7","2","2","0","0","0","0","0","0","0","0","0","0","0","0","0","0","0","0","0","7","7","7","7","7","7","0","0","0","0","0","0","0","0","0","0","0","0","0","0","0","0","03/12/20 11:31:48","no","Matching Tasks","yes","no","","no","OrientationCrossLanguages_2018PSA_PP_1.2.4.osexp","C:\Users\user\Desktop\PSA_ARRIAGA_PIÇARRA","no","mono","no","18","no","#0000ff","no","Portugal","yes","no","768","no","no","legacy","7","7","3","5","C:/Users/user/Desktop/PSA_ARRIAGA_PIÇARRA/RAW_DATA/PP/POR_001_PP_4.csv","legacy","no","Kafkaesque Koffka","3.2.8","yes","5a7ce671e83246000deafe81","no","yes","no","yes","0","0","j","NA","NA","j","NA","NA","NA","NA","NA","NA","NA","NA","NA","space","NA","NA","NA","NA","NA","NA","j","NA","NA","NA","NA","NA","NA","NA","NA","NA","space","NA","NA","NA","NA","NA","NA","435","NA","NA","435","NA","NA","NA","NA","NA","NA","NA","NA","NA","3035","NA","NA","NA","NA","NA","NA","464","NA","NA","NA","NA","NA","NA","NA","NA","NA","16482","NA","NA","NA","NA","NA","NA","2","legacy","no","no","1024","2","48000","-16","no","EXP","4","even","no","no","NA","25803","3340","3344","21882","25788","25788","24221","NA","NA","61661","74260","57086","42301","58610","74765","74258","25803","61661","74765","75203","NA","NA","42301","58559","48112","57084","48112","48112","42301","NA","NA","NA","NA","NA","NA","NA","NA","NA","58613","NA","NA","NA","NA","NA","NA","57592","57592","58059","45439","47571","75703","NA","NA","NA","NA","NA","NA","NA","NA","NA","25806","NA","NA","NA","NA","NA","NA","Orientation_PSA2018","14","11243","16","no","yes","1024"
"F","5861","F","F","PP_LIST4.csv","umberella.jpg","flower.jpg","88.2352941176","88.2352941176","693.823529412","693.823529412","#ffffff","yes","legacy","legacy","legacy","0","uniform","1","1","undefined","1","undefined","6","f","0","0","0","0","0","0","0","0","NA","8","0","8","7","0","0","8","8","0","0","8","8","8","8","0","7","2","7","2","2","0","0","0","0","0","0","0","0","0","0","0","0","0","0","0","0","0","7","7","7","7","7","8","0","0","0","0","0","0","0","0","0","0","0","0","0","0","0","0","03/12/20 11:31:48","no","Matching Tasks","yes","no","","no","OrientationCrossLanguages_2018PSA_PP_1.2.4.osexp","C:\Users\user\Desktop\PSA_ARRIAGA_PIÇARRA","no","mono","no","18","no","#0000ff","no","Portugal","yes","no","768","no","no","legacy","8","8","3","5","C:/Users/user/Desktop/PSA_ARRIAGA_PIÇARRA/RAW_DATA/PP/POR_001_PP_4.csv","legacy","no","Kafkaesque Koffka","3.2.8","yes","5a7ce671e83246000deafe81","no","yes","no","yes","0","0","f","NA","NA","f","NA","NA","NA","NA","NA","NA","NA","NA","NA","space","NA","NA","NA","NA","NA","NA","j","NA","NA","NA","NA","NA","NA","NA","NA","NA","space","NA","NA","NA","NA","NA","NA","552","NA","NA","552","NA","NA","NA","NA","NA","NA","NA","NA","NA","3035","NA","NA","NA","NA","NA","NA","464","NA","NA","NA","NA","NA","NA","NA","NA","NA","16482","NA","NA","NA","NA","NA","NA","2","legacy","no","no","1024","2","48000","-16","no","EXP","4","even","no","no","NA","25803","3340","3344","21882","25788","25788","24221","NA","NA","61661","75895","57086","42301","58610","76400","75893","25803","61661","76400","76955","NA","NA","42301","58559","48112","57084","48112","48112","42301","NA","NA","NA","NA","NA","NA","NA","NA","NA","58613","NA","NA","NA","NA","NA","NA","57592","57592","58059","45439","47571","77455","NA","NA","NA","NA","NA","NA","NA","NA","NA","25806","NA","NA","NA","NA","NA","NA","Orientation_PSA2018","15","11795","17","no","yes","1024"
"F","5861","F","F","PP_LIST4.csv","tlphon.jpg","knife.jpg","88.8888888889","88.8888888889","689.833333333","689.833333333","#ffffff","yes","legacy","legacy","legacy","0","uniform","1","1","undefined","1","undefined","6","f","0","0","0","0","0","0","0","0","NA","9","0","9","7","0","0","9","9","0","0","9","9","9","9","0","7","2","7","2","2","0","0","0","0","0","0","0","0","0","0","0","0","0","0","0","0","0","7","7","7","7","7","9","0","0","0","0","0","0","0","0","0","0","0","0","0","0","0","0","03/12/20 11:31:48","no","Matching Tasks","yes","no","","no","OrientationCrossLanguages_2018PSA_PP_1.2.4.osexp","C:\Users\user\Desktop\PSA_ARRIAGA_PIÇARRA","no","mono","no","18","no","#0000ff","no","Portugal","yes","no","768","no","no","legacy","9","9","3","5","C:/Users/user/Desktop/PSA_ARRIAGA_PIÇARRA/RAW_DATA/PP/POR_001_PP_4.csv","legacy","no","Kafkaesque Koffka","3.2.8","yes","5a7ce671e83246000deafe81","no","yes","no","yes","0","0","f","NA","NA","f","NA","NA","NA","NA","NA","NA","NA","NA","NA","space","NA","NA","NA","NA","NA","NA","j","NA","NA","NA","NA","NA","NA","NA","NA","NA","space","NA","NA","NA","NA","NA","NA","622","NA","NA","622","NA","NA","NA","NA","NA","NA","NA","NA","NA","3035","NA","NA","NA","NA","NA","NA","464","NA","NA","NA","NA","NA","NA","NA","NA","NA","16482","NA","NA","NA","NA","NA","NA","2","legacy","no","no","1024","2","48000","-16","no","EXP","4","even","no","no","NA","25803","3340","3344","21882","25788","25788","24221","NA","NA","61661","77634","57086","42301","58610","78138","77632","25803","61661","78138","78763","NA","NA","42301","58559","48112","57084","48112","48112","42301","NA","NA","NA","NA","NA","NA","NA","NA","NA","58613","NA","NA","NA","NA","NA","NA","57592","57592","58059","45439","47571","79263","NA","NA","NA","NA","NA","NA","NA","NA","NA","25806","NA","NA","NA","NA","NA","NA","Orientation_PSA2018","16","12417","18","no","yes","1024"
"Y","5861","V","V","PP_LIST4.csv","pencilV.jpg","pencilV.jpg","89.4736842105","89.4736842105","683.684210526","683.684210526","#ffffff","yes","legacy","legacy","legacy","0","uniform","1","1","undefined","1","undefined","6","j","0","0","0","0","0","0","0","0","NA","10","0","10","7","0","0","10","10","0","0","10","10","10","10","0","7","2","7","2","2","0","0","0","0","0","0","0","0","0","0","0","0","0","0","0","0","0","7","7","7","7","7","10","0","0","0","0","0","0","0","0","0","0","0","0","0","0","0","0","03/12/20 11:31:48","no","Matching Tasks","yes","no","","no","OrientationCrossLanguages_2018PSA_PP_1.2.4.osexp","C:\Users\user\Desktop\PSA_ARRIAGA_PIÇARRA","no","mono","no","18","no","#0000ff","no","Portugal","yes","no","768","no","no","legacy","10","10","3","5","C:/Users/user/Desktop/PSA_ARRIAGA_PIÇARRA/RAW_DATA/PP/POR_001_PP_4.csv","legacy","no","Kafkaesque Koffka","3.2.8","yes","5a7ce671e83246000deafe81","no","yes","no","yes","0","0","j","NA","NA","j","NA","NA","NA","NA","NA","NA","NA","NA","NA","space","NA","NA","NA","NA","NA","NA","j","NA","NA","NA","NA","NA","NA","NA","NA","NA","space","NA","NA","NA","NA","NA","NA","573","NA","NA","573","NA","NA","NA","NA","NA","NA","NA","NA","NA","3035","NA","NA","NA","NA","NA","NA","464","NA","NA","NA","NA","NA","NA","NA","NA","NA","16482","NA","NA","NA","NA","NA","NA","2","legacy","no","no","1024","2","48000","-16","no","EXP","4","even","no","no","NA","25803","3340","3344","21882","25788","25788","24221","NA","NA","61661","79482","57086","42301","58610","79987","79480","25803","61661","79987","80563","NA","NA","42301","58559","48112","57084","48112","48112","42301","NA","NA","NA","NA","NA","NA","NA","NA","NA","58613","NA","NA","NA","NA","NA","NA","57592","57592","58059","45439","47571","81063","NA","NA","NA","NA","NA","NA","NA","NA","NA","25806","NA","NA","NA","NA","NA","NA","Orientation_PSA2018","17","12990","19","no","yes","1024"
"N","5861","V","H","PP_LIST4.csv","batV.jpg","batH.jpg","90","90","680.75","680.75","#ffffff","yes","legacy","legacy","legacy","0","uniform","1","1","undefined","1","undefined","6","j","0","0","0","0","0","0","0","0","NA","11","0","11","7","0","0","11","11","0","0","11","11","11","11","0","7","2","7","2","2","0","0","0","0","0","0","0","0","0","0","0","0","0","0","0","0","0","7","7","7","7","7","11","0","0","0","0","0","0","0","0","0","0","0","0","0","0","0","0","03/12/20 11:31:48","no","Matching Tasks","yes","no","","no","OrientationCrossLanguages_2018PSA_PP_1.2.4.osexp","C:\Users\user\Desktop\PSA_ARRIAGA_PIÇARRA","no","mono","no","18","no","#0000ff","no","Portugal","yes","no","768","no","no","legacy","11","11","3","5","C:/Users/user/Desktop/PSA_ARRIAGA_PIÇARRA/RAW_DATA/PP/POR_001_PP_4.csv","legacy","no","Kafkaesque Koffka","3.2.8","yes","5a7ce671e83246000deafe81","no","yes","no","yes","0","0","j","NA","NA","j","NA","NA","NA","NA","NA","NA","NA","NA","NA","space","NA","NA","NA","NA","NA","NA","j","NA","NA","NA","NA","NA","NA","NA","NA","NA","space","NA","NA","NA","NA","NA","NA","625","NA","NA","625","NA","NA","NA","NA","NA","NA","NA","NA","NA","3035","NA","NA","NA","NA","NA","NA","464","NA","NA","NA","NA","NA","NA","NA","NA","NA","16482","NA","NA","NA","NA","NA","NA","2","legacy","no","no","1024","2","48000","-16","no","EXP","4","even","no","no","NA","25803","3340","3344","21882","25788","25788","24221","NA","NA","61661","81262","57086","42301","58610","81767","81260","25803","61661","81767","82395","NA","NA","42301","58559","48112","57084","48112","48112","42301","NA","NA","NA","NA","NA","NA","NA","NA","NA","58613","NA","NA","NA","NA","NA","NA","57592","57592","58059","45439","47571","82895","NA","NA","NA","NA","NA","NA","NA","NA","NA","25806","NA","NA","NA","NA","NA","NA","Orientation_PSA2018","18","13615","20","no","yes","1024"
"N","5861","H","V","PP_LIST4.csv","plateH.jpg","plateV.jpg","90.4761904762","90.4761904762","676.761904762","676.761904762","#ffffff","yes","legacy","legacy","legacy","0","uniform","1","1","undefined","1","undefined","6","j","0","0","0","0","0","0","0","0","NA","12","0","12","7","0","0","12","12","0","0","12","12","12","12","0","7","2","7","2","2","0","0","0","0","0","0","0","0","0","0","0","0","0","0","0","0","0","7","7","7","7","7","12","0","0","0","0","0","0","0","0","0","0","0","0","0","0","0","0","03/12/20 11:31:48","no","Matching Tasks","yes","no","","no","OrientationCrossLanguages_2018PSA_PP_1.2.4.osexp","C:\Users\user\Desktop\PSA_ARRIAGA_PIÇARRA","no","mono","no","18","no","#0000ff","no","Portugal","yes","no","768","no","no","legacy","12","12","3","5","C:/Users/user/Desktop/PSA_ARRIAGA_PIÇARRA/RAW_DATA/PP/POR_001_PP_4.csv","legacy","no","Kafkaesque Koffka","3.2.8","yes","5a7ce671e83246000deafe81","no","yes","no","yes","0","0","j","NA","NA","j","NA","NA","NA","NA","NA","NA","NA","NA","NA","space","NA","NA","NA","NA","NA","NA","j","NA","NA","NA","NA","NA","NA","NA","NA","NA","space","NA","NA","NA","NA","NA","NA","597","NA","NA","597","NA","NA","NA","NA","NA","NA","NA","NA","NA","3035","NA","NA","NA","NA","NA","NA","464","NA","NA","NA","NA","NA","NA","NA","NA","NA","16482","NA","NA","NA","NA","NA","NA","2","legacy","no","no","1024","2","48000","-16","no","EXP","4","even","no","no","NA","25803","3340","3344","21882","25788","25788","24221","NA","NA","61661","83097","57086","42301","58610","83603","83095","25803","61661","83603","84203","NA","NA","42301","58559","48112","57084","48112","48112","42301","NA","NA","NA","NA","NA","NA","NA","NA","NA","58613","NA","NA","NA","NA","NA","NA","57592","57592","58059","45439","47571","84703","NA","NA","NA","NA","NA","NA","NA","NA","NA","25806","NA","NA","NA","NA","NA","NA","Orientation_PSA2018","19","14212","21","no","yes","1024"
"N","5861","H","V","PP_LIST4.csv","screwH.jpg","screwV.jpg","90.9090909091","90.9090909091","666.954545455","666.954545455","#ffffff","yes","legacy","legacy","legacy","0","uniform","1","1","undefined","1","undefined","6","j","0","0","0","0","0","0","0","0","NA","13","0","13","7","0","0","13","13","0","0","13","13","13","13","0","7","2","7","2","2","0","0","0","0","0","0","0","0","0","0","0","0","0","0","0","0","0","7","7","7","7","7","13","0","0","0","0","0","0","0","0","0","0","0","0","0","0","0","0","03/12/20 11:31:48","no","Matching Tasks","yes","no","","no","OrientationCrossLanguages_2018PSA_PP_1.2.4.osexp","C:\Users\user\Desktop\PSA_ARRIAGA_PIÇARRA","no","mono","no","18","no","#0000ff","no","Portugal","yes","no","768","no","no","legacy","13","13","3","5","C:/Users/user/Desktop/PSA_ARRIAGA_PIÇARRA/RAW_DATA/PP/POR_001_PP_4.csv","legacy","no","Kafkaesque Koffka","3.2.8","yes","5a7ce671e83246000deafe81","no","yes","no","yes","0","0","j","NA","NA","j","NA","NA","NA","NA","NA","NA","NA","NA","NA","space","NA","NA","NA","NA","NA","NA","j","NA","NA","NA","NA","NA","NA","NA","NA","NA","space","NA","NA","NA","NA","NA","NA","461","NA","NA","461","NA","NA","NA","NA","NA","NA","NA","NA","NA","3035","NA","NA","NA","NA","NA","NA","464","NA","NA","NA","NA","NA","NA","NA","NA","NA","16482","NA","NA","NA","NA","NA","NA","2","legacy","no","no","1024","2","48000","-16","no","EXP","4","even","no","no","NA","25803","3340","3344","21882","25788","25788","24221","NA","NA","61661","84878","57086","42301","58610","85380","84876","25803","61661","85380","85843","NA","NA","42301","58559","48112","57084","48112","48112","42301","NA","NA","NA","NA","NA","NA","NA","NA","NA","58613","NA","NA","NA","NA","NA","NA","57592","57592","58059","45439","47571","86343","NA","NA","NA","NA","NA","NA","NA","NA","NA","25806","NA","NA","NA","NA","NA","NA","Orientation_PSA2018","20","14673","22","no","yes","1024"
"F","5861","F","F","PP_LIST4.csv","nut.jpg","watch.jpg","91.3043478261","91.3043478261","665.608695652","665.608695652","#ffffff","yes","legacy","legacy","legacy","0","uniform","1","1","undefined","1","undefined","6","f","0","0","0","0","0","0","0","0","NA","14","0","14","7","0","0","14","14","0","0","14","14","14","14","0","7","2","7","2","2","0","0","0","0","0","0","0","0","0","0","0","0","0","0","0","0","0","7","7","7","7","7","14","0","0","0","0","0","0","0","0","0","0","0","0","0","0","0","0","03/12/20 11:31:48","no","Matching Tasks","yes","no","","no","OrientationCrossLanguages_2018PSA_PP_1.2.4.osexp","C:\Users\user\Desktop\PSA_ARRIAGA_PIÇARRA","no","mono","no","18","no","#0000ff","no","Portugal","yes","no","768","no","no","legacy","14","14","3","5","C:/Users/user/Desktop/PSA_ARRIAGA_PIÇARRA/RAW_DATA/PP/POR_001_PP_4.csv","legacy","no","Kafkaesque Koffka","3.2.8","yes","5a7ce671e83246000deafe81","no","yes","no","yes","0","0","f","NA","NA","f","NA","NA","NA","NA","NA","NA","NA","NA","NA","space","NA","NA","NA","NA","NA","NA","j","NA","NA","NA","NA","NA","NA","NA","NA","NA","space","NA","NA","NA","NA","NA","NA","636","NA","NA","636","NA","NA","NA","NA","NA","NA","NA","NA","NA","3035","NA","NA","NA","NA","NA","NA","464","NA","NA","NA","NA","NA","NA","NA","NA","NA","16482","NA","NA","NA","NA","NA","NA","2","legacy","no","no","1024","2","48000","-16","no","EXP","4","even","no","no","NA","25803","3340","3344","21882","25788","25788","24221","NA","NA","61661","86514","57086","42301","58610","87020","86512","25803","61661","87020","87659","NA","NA","42301","58559","48112","57084","48112","48112","42301","NA","NA","NA","NA","NA","NA","NA","NA","NA","58613","NA","NA","NA","NA","NA","NA","57592","57592","58059","45439","47571","88159","NA","NA","NA","NA","NA","NA","NA","NA","NA","25806","NA","NA","NA","NA","NA","NA","Orientation_PSA2018","21","15309","23","no","yes","1024"
"N","5861","V","H","PP_LIST4.csv","bottleV.jpg","bottleH.jpg","91.6666666667","91.6666666667","664.25","664.25","#ffffff","yes","legacy","legacy","legacy","0","uniform","1","1","undefined","1","undefined","6","j","0","0","0","0","0","0","0","0","NA","15","0","15","7","0","0","15","15","0","0","15","15","15","15","0","7","2","7","2","2","0","0","0","0","0","0","0","0","0","0","0","0","0","0","0","0","0","7","7","7","7","7","15","0","0","0","0","0","0","0","0","0","0","0","0","0","0","0","0","03/12/20 11:31:48","no","Matching Tasks","yes","no","","no","OrientationCrossLanguages_2018PSA_PP_1.2.4.osexp","C:\Users\user\Desktop\PSA_ARRIAGA_PIÇARRA","no","mono","no","18","no","#0000ff","no","Portugal","yes","no","768","no","no","legacy","15","15","3","5","C:/Users/user/Desktop/PSA_ARRIAGA_PIÇARRA/RAW_DATA/PP/POR_001_PP_4.csv","legacy","no","Kafkaesque Koffka","3.2.8","yes","5a7ce671e83246000deafe81","no","yes","no","yes","0","0","j","NA","NA","j","NA","NA","NA","NA","NA","NA","NA","NA","NA","space","NA","NA","NA","NA","NA","NA","j","NA","NA","NA","NA","NA","NA","NA","NA","NA","space","NA","NA","NA","NA","NA","NA","633","NA","NA","633","NA","NA","NA","NA","NA","NA","NA","NA","NA","3035","NA","NA","NA","NA","NA","NA","464","NA","NA","NA","NA","NA","NA","NA","NA","NA","16482","NA","NA","NA","NA","NA","NA","2","legacy","no","no","1024","2","48000","-16","no","EXP","4","even","no","no","NA","25803","3340","3344","21882","25788","25788","24221","NA","NA","61661","88391","57086","42301","58610","88896","88389","25803","61661","88896","89532","NA","NA","42301","58559","48112","57084","48112","48112","42301","NA","NA","NA","NA","NA","NA","NA","NA","NA","58613","NA","NA","NA","NA","NA","NA","57592","57592","58059","45439","47571","90032","NA","NA","NA","NA","NA","NA","NA","NA","NA","25806","NA","NA","NA","NA","NA","NA","Orientation_PSA2018","22","15942","24","no","yes","1024"
"Y","5861","H","H","PP_LIST4.csv","clothespinH.jpg","clothespinH.jpg","92","92","658.96","658.96","#ffffff","yes","legacy","legacy","legacy","0","uniform","1","1","undefined","1","undefined","6","j","0","0","0","0","0","0","0","0","NA","16","0","16","7","0","0","16","16","0","0","16","16","16","16","0","7","2","7","2","2","0","0","0","0","0","0","0","0","0","0","0","0","0","0","0","0","0","7","7","7","7","7","16","0","0","0","0","0","0","0","0","0","0","0","0","0","0","0","0","03/12/20 11:31:48","no","Matching Tasks","yes","no","","no","OrientationCrossLanguages_2018PSA_PP_1.2.4.osexp","C:\Users\user\Desktop\PSA_ARRIAGA_PIÇARRA","no","mono","no","18","no","#0000ff","no","Portugal","yes","no","768","no","no","legacy","16","16","3","5","C:/Users/user/Desktop/PSA_ARRIAGA_PIÇARRA/RAW_DATA/PP/POR_001_PP_4.csv","legacy","no","Kafkaesque Koffka","3.2.8","yes","5a7ce671e83246000deafe81","no","yes","no","yes","0","0","j","NA","NA","j","NA","NA","NA","NA","NA","NA","NA","NA","NA","space","NA","NA","NA","NA","NA","NA","j","NA","NA","NA","NA","NA","NA","NA","NA","NA","space","NA","NA","NA","NA","NA","NA","532","NA","NA","532","NA","NA","NA","NA","NA","NA","NA","NA","NA","3035","NA","NA","NA","NA","NA","NA","464","NA","NA","NA","NA","NA","NA","NA","NA","NA","16482","NA","NA","NA","NA","NA","NA","2","legacy","no","no","1024","2","48000","-16","no","EXP","4","even","no","no","NA","25803","3340","3344","21882","25788","25788","24221","NA","NA","61661","90219","57086","42301","58610","90724","90217","25803","61661","90724","91259","NA","NA","42301","58559","48112","57084","48112","48112","42301","NA","NA","NA","NA","NA","NA","NA","NA","NA","58613","NA","NA","NA","NA","NA","NA","57592","57592","58059","45439","47571","91759","NA","NA","NA","NA","NA","NA","NA","NA","NA","25806","NA","NA","NA","NA","NA","NA","Orientation_PSA2018","23","16474","25","no","yes","1024"
"Y","5861","V","V","PP_LIST4.csv","nailV.jpg","nailV.jpg","92.3076923077","92.3076923077","654.192307692","654.192307692","#ffffff","yes","legacy","legacy","legacy","0","uniform","1","1","undefined","1","undefined","6","j","0","0","0","0","0","0","0","0","NA","17","0","17","7","0","0","17","17","0","0","17","17","17","17","0","7","2","7","2","2","0","0","0","0","0","0","0","0","0","0","0","0","0","0","0","0","0","7","7","7","7","7","17","0","0","0","0","0","0","0","0","0","0","0","0","0","0","0","0","03/12/20 11:31:48","no","Matching Tasks","yes","no","","no","OrientationCrossLanguages_2018PSA_PP_1.2.4.osexp","C:\Users\user\Desktop\PSA_ARRIAGA_PIÇARRA","no","mono","no","18","no","#0000ff","no","Portugal","yes","no","768","no","no","legacy","17","17","3","5","C:/Users/user/Desktop/PSA_ARRIAGA_PIÇARRA/RAW_DATA/PP/POR_001_PP_4.csv","legacy","no","Kafkaesque Koffka","3.2.8","yes","5a7ce671e83246000deafe81","no","yes","no","yes","0","0","j","NA","NA","j","NA","NA","NA","NA","NA","NA","NA","NA","NA","space","NA","NA","NA","NA","NA","NA","j","NA","NA","NA","NA","NA","NA","NA","NA","NA","space","NA","NA","NA","NA","NA","NA","535","NA","NA","535","NA","NA","NA","NA","NA","NA","NA","NA","NA","3035","NA","NA","NA","NA","NA","NA","464","NA","NA","NA","NA","NA","NA","NA","NA","NA","16482","NA","NA","NA","NA","NA","NA","2","legacy","no","no","1024","2","48000","-16","no","EXP","4","even","no","no","NA","25803","3340","3344","21882","25788","25788","24221","NA","NA","61661","91937","57086","42301","58610","92441","91935","25803","61661","92441","92979","NA","NA","42301","58559","48112","57084","48112","48112","42301","NA","NA","NA","NA","NA","NA","NA","NA","NA","58613","NA","NA","NA","NA","NA","NA","57592","57592","58059","45439","47571","93479","NA","NA","NA","NA","NA","NA","NA","NA","NA","25806","NA","NA","NA","NA","NA","NA","Orientation_PSA2018","24","17009","26","no","yes","1024"
"Y","5861","H","H","PP_LIST4.csv","caterpillarH.jpg","caterpillarH.jpg","92.5925925926","92.5925925926","647.962962963","647.962962963","#ffffff","yes","legacy","legacy","legacy","0","uniform","1","1","undefined","1","undefined","6","j","0","0","0","0","0","0","0","0","NA","18","0","18","7","0","0","18","18","0","0","18","18","18","18","0","7","2","7","2","2","0","0","0","0","0","0","0","0","0","0","0","0","0","0","0","0","0","7","7","7","7","7","18","0","0","0","0","0","0","0","0","0","0","0","0","0","0","0","0","03/12/20 11:31:48","no","Matching Tasks","yes","no","","no","OrientationCrossLanguages_2018PSA_PP_1.2.4.osexp","C:\Users\user\Desktop\PSA_ARRIAGA_PIÇARRA","no","mono","no","18","no","#0000ff","no","Portugal","yes","no","768","no","no","legacy","18","18","3","5","C:/Users/user/Desktop/PSA_ARRIAGA_PIÇARRA/RAW_DATA/PP/POR_001_PP_4.csv","legacy","no","Kafkaesque Koffka","3.2.8","yes","5a7ce671e83246000deafe81","no","yes","no","yes","0","0","j","NA","NA","j","NA","NA","NA","NA","NA","NA","NA","NA","NA","space","NA","NA","NA","NA","NA","NA","j","NA","NA","NA","NA","NA","NA","NA","NA","NA","space","NA","NA","NA","NA","NA","NA","486","NA","NA","486","NA","NA","NA","NA","NA","NA","NA","NA","NA","3035","NA","NA","NA","NA","NA","NA","464","NA","NA","NA","NA","NA","NA","NA","NA","NA","16482","NA","NA","NA","NA","NA","NA","2","legacy","no","no","1024","2","48000","-16","no","EXP","4","even","no","no","NA","25803","3340","3344","21882","25788","25788","24221","NA","NA","61661","93664","57086","42301","58610","94170","93662","25803","61661","94170","94659","NA","NA","42301","58559","48112","57084","48112","48112","42301","NA","NA","NA","NA","NA","NA","NA","NA","NA","58613","NA","NA","NA","NA","NA","NA","57592","57592","58059","45439","47571","95159","NA","NA","NA","NA","NA","NA","NA","NA","NA","25806","NA","NA","NA","NA","NA","NA","Orientation_PSA2018","25","17495","27","no","yes","1024"
"F","5861","F","F","PP_LIST4.csv","needle.jpg","tiger.jpg","92.8571428571","92.8571428571","645.321428571","645.321428571","#ffffff","yes","legacy","legacy","legacy","0","uniform","1","1","undefined","1","undefined","6","f","0","0","0","0","0","0","0","0","NA","19","0","19","7","0","0","19","19","0","0","19","19","19","19","0","7","2","7","2","2","0","0","0","0","0","0","0","0","0","0","0","0","0","0","0","0","0","7","7","7","7","7","19","0","0","0","0","0","0","0","0","0","0","0","0","0","0","0","0","03/12/20 11:31:48","no","Matching Tasks","yes","no","","no","OrientationCrossLanguages_2018PSA_PP_1.2.4.osexp","C:\Users\user\Desktop\PSA_ARRIAGA_PIÇARRA","no","mono","no","18","no","#0000ff","no","Portugal","yes","no","768","no","no","legacy","19","19","3","5","C:/Users/user/Desktop/PSA_ARRIAGA_PIÇARRA/RAW_DATA/PP/POR_001_PP_4.csv","legacy","no","Kafkaesque Koffka","3.2.8","yes","5a7ce671e83246000deafe81","no","yes","no","yes","0","0","f","NA","NA","f","NA","NA","NA","NA","NA","NA","NA","NA","NA","space","NA","NA","NA","NA","NA","NA","j","NA","NA","NA","NA","NA","NA","NA","NA","NA","space","NA","NA","NA","NA","NA","NA","574","NA","NA","574","NA","NA","NA","NA","NA","NA","NA","NA","NA","3035","NA","NA","NA","NA","NA","NA","464","NA","NA","NA","NA","NA","NA","NA","NA","NA","16482","NA","NA","NA","NA","NA","NA","2","legacy","no","no","1024","2","48000","-16","no","EXP","4","even","no","no","NA","25803","3340","3344","21882","25788","25788","24221","NA","NA","61661","95345","57086","42301","58610","95850","95343","25803","61661","95850","96427","NA","NA","42301","58559","48112","57084","48112","48112","42301","NA","NA","NA","NA","NA","NA","NA","NA","NA","58613","NA","NA","NA","NA","NA","NA","57592","57592","58059","45439","47571","96927","NA","NA","NA","NA","NA","NA","NA","NA","NA","25806","NA","NA","NA","NA","NA","NA","Orientation_PSA2018","26","18069","28","no","yes","1024"
"N","5861","V","H","PP_LIST4.csv","broomV.jpg","broomH.jpg","93.1034482759","93.1034482759","645.75862069","645.75862069","#ffffff","yes","legacy","legacy","legacy","0","uniform","1","1","undefined","1","undefined","6","j","0","0","0","0","0","0","0","0","NA","20","0","20","7","0","0","20","20","0","0","20","20","20","20","0","7","2","7","2","2","0","0","0","0","0","0","0","0","0","0","0","0","0","0","0","0","0","7","7","7","7","7","20","0","0","0","0","0","0","0","0","0","0","0","0","0","0","0","0","03/12/20 11:31:48","no","Matching Tasks","yes","no","","no","OrientationCrossLanguages_2018PSA_PP_1.2.4.osexp","C:\Users\user\Desktop\PSA_ARRIAGA_PIÇARRA","no","mono","no","18","no","#0000ff","no","Portugal","yes","no","768","no","no","legacy","20","20","3","5","C:/Users/user/Desktop/PSA_ARRIAGA_PIÇARRA/RAW_DATA/PP/POR_001_PP_4.csv","legacy","no","Kafkaesque Koffka","3.2.8","yes","5a7ce671e83246000deafe81","no","yes","no","yes","0","0","j","NA","NA","j","NA","NA","NA","NA","NA","NA","NA","NA","NA","space","NA","NA","NA","NA","NA","NA","j","NA","NA","NA","NA","NA","NA","NA","NA","NA","space","NA","NA","NA","NA","NA","NA","658","NA","NA","658","NA","NA","NA","NA","NA","NA","NA","NA","NA","3035","NA","NA","NA","NA","NA","NA","464","NA","NA","NA","NA","NA","NA","NA","NA","NA","16482","NA","NA","NA","NA","NA","NA","2","legacy","no","no","1024","2","48000","-16","no","EXP","4","even","no","no","NA","25803","3340","3344","21882","25788","25788","24221","NA","NA","61661","97109","57086","42301","58610","97614","97106","25803","61661","97614","98275","NA","NA","42301","58559","48112","57084","48112","48112","42301","NA","NA","NA","NA","NA","NA","NA","NA","NA","58613","NA","NA","NA","NA","NA","NA","57592","57592","58059","45439","47571","98775","NA","NA","NA","NA","NA","NA","NA","NA","NA","25806","NA","NA","NA","NA","NA","NA","Orientation_PSA2018","27","18727","29","no","yes","1024"
"F","5861","F","F","PP_LIST4.csv","wndmil.jpg","mitten.jpg","93.3333333333","93.3333333333","644.7","644.7","#ffffff","yes","legacy","legacy","legacy","0","uniform","1","1","undefined","1","undefined","6","f","0","0","0","0","0","0","0","0","NA","21","0","21","7","0","0","21","21","0","0","21","21","21","21","0","7","2","7","2","2","0","0","0","0","0","0","0","0","0","0","0","0","0","0","0","0","0","7","7","7","7","7","21","0","0","0","0","0","0","0","0","0","0","0","0","0","0","0","0","03/12/20 11:31:48","no","Matching Tasks","yes","no","","no","OrientationCrossLanguages_2018PSA_PP_1.2.4.osexp","C:\Users\user\Desktop\PSA_ARRIAGA_PIÇARRA","no","mono","no","18","no","#0000ff","no","Portugal","yes","no","768","no","no","legacy","21","21","3","5","C:/Users/user/Desktop/PSA_ARRIAGA_PIÇARRA/RAW_DATA/PP/POR_001_PP_4.csv","legacy","no","Kafkaesque Koffka","3.2.8","yes","5a7ce671e83246000deafe81","no","yes","no","yes","0","0","f","NA","NA","f","NA","NA","NA","NA","NA","NA","NA","NA","NA","space","NA","NA","NA","NA","NA","NA","j","NA","NA","NA","NA","NA","NA","NA","NA","NA","space","NA","NA","NA","NA","NA","NA","614","NA","NA","614","NA","NA","NA","NA","NA","NA","NA","NA","NA","3035","NA","NA","NA","NA","NA","NA","464","NA","NA","NA","NA","NA","NA","NA","NA","NA","16482","NA","NA","NA","NA","NA","NA","2","legacy","no","no","1024","2","48000","-16","no","EXP","4","even","no","no","NA","25803","3340","3344","21882","25788","25788","24221","NA","NA","61661","98937","57086","42301","58610","99442","98934","25803","61661","99442","100059","NA","NA","42301","58559","48112","57084","48112","48112","42301","NA","NA","NA","NA","NA","NA","NA","NA","NA","58613","NA","NA","NA","NA","NA","NA","57592","57592","58059","45439","47571","100559","NA","NA","NA","NA","NA","NA","NA","NA","NA","25806","NA","NA","NA","NA","NA","NA","Orientation_PSA2018","28","19341","30","no","yes","1024"
"F","5861","F","F","PP_LIST4.csv","house.jpg","ring.jpg","93.5483870968","93.5483870968","642.967741935","642.967741935","#ffffff","yes","legacy","legacy","legacy","0","uniform","1","1","undefined","1","undefined","6","f","0","0","0","0","0","0","0","0","NA","22","0","22","7","0","0","22","22","0","0","22","22","22","22","0","7","2","7","2","2","0","0","0","0","0","0","0","0","0","0","0","0","0","0","0","0","0","7","7","7","7","7","22","0","0","0","0","0","0","0","0","0","0","0","0","0","0","0","0","03/12/20 11:31:48","no","Matching Tasks","yes","no","","no","OrientationCrossLanguages_2018PSA_PP_1.2.4.osexp","C:\Users\user\Desktop\PSA_ARRIAGA_PIÇARRA","no","mono","no","18","no","#0000ff","no","Portugal","yes","no","768","no","no","legacy","22","22","3","5","C:/Users/user/Desktop/PSA_ARRIAGA_PIÇARRA/RAW_DATA/PP/POR_001_PP_4.csv","legacy","no","Kafkaesque Koffka","3.2.8","yes","5a7ce671e83246000deafe81","no","yes","no","yes","0","0","f","NA","NA","f","NA","NA","NA","NA","NA","NA","NA","NA","NA","space","NA","NA","NA","NA","NA","NA","j","NA","NA","NA","NA","NA","NA","NA","NA","NA","space","NA","NA","NA","NA","NA","NA","591","NA","NA","591","NA","NA","NA","NA","NA","NA","NA","NA","NA","3035","NA","NA","NA","NA","NA","NA","464","NA","NA","NA","NA","NA","NA","NA","NA","NA","16482","NA","NA","NA","NA","NA","NA","2","legacy","no","no","1024","2","48000","-16","no","EXP","4","even","no","no","NA","25803","3340","3344","21882","25788","25788","24221","NA","NA","61661","100736","57086","42301","58610","101241","100734","25803","61661","101241","101835","NA","NA","42301","58559","48112","57084","48112","48112","42301","NA","NA","NA","NA","NA","NA","NA","NA","NA","58613","NA","NA","NA","NA","NA","NA","57592","57592","58059","45439","47571","102335","NA","NA","NA","NA","NA","NA","NA","NA","NA","25806","NA","NA","NA","NA","NA","NA","Orientation_PSA2018","29","19932","31","no","yes","1024"
"Y","5861","V","V","PP_LIST4.csv","ironV.jpg","ironV.jpg","93.75","93.75","639.5625","639.5625","#ffffff","yes","legacy","legacy","legacy","0","uniform","1","1","undefined","1","undefined","6","j","0","0","0","0","0","0","0","0","NA","23","0","23","7","0","0","23","23","0","0","23","23","23","23","0","7","2","7","2","2","0","0","0","0","0","0","0","0","0","0","0","0","0","0","0","0","0","7","7","7","7","7","23","0","0","0","0","0","0","0","0","0","0","0","0","0","0","0","0","03/12/20 11:31:48","no","Matching Tasks","yes","no","","no","OrientationCrossLanguages_2018PSA_PP_1.2.4.osexp","C:\Users\user\Desktop\PSA_ARRIAGA_PIÇARRA","no","mono","no","18","no","#0000ff","no","Portugal","yes","no","768","no","no","legacy","23","23","3","5","C:/Users/user/Desktop/PSA_ARRIAGA_PIÇARRA/RAW_DATA/PP/POR_001_PP_4.csv","legacy","no","Kafkaesque Koffka","3.2.8","yes","5a7ce671e83246000deafe81","no","yes","no","yes","0","0","j","NA","NA","j","NA","NA","NA","NA","NA","NA","NA","NA","NA","space","NA","NA","NA","NA","NA","NA","j","NA","NA","NA","NA","NA","NA","NA","NA","NA","space","NA","NA","NA","NA","NA","NA","534","NA","NA","534","NA","NA","NA","NA","NA","NA","NA","NA","NA","3035","NA","NA","NA","NA","NA","NA","464","NA","NA","NA","NA","NA","NA","NA","NA","NA","16482","NA","NA","NA","NA","NA","NA","2","legacy","no","no","1024","2","48000","-16","no","EXP","4","even","no","no","NA","25803","3340","3344","21882","25788","25788","24221","NA","NA","61661","102546","57086","42301","58610","103051","102543","25803","61661","103051","103588","NA","NA","42301","58559","48112","57084","48112","48112","42301","NA","NA","NA","NA","NA","NA","NA","NA","NA","58613","NA","NA","NA","NA","NA","NA","57592","57592","58059","45439","47571","104088","NA","NA","NA","NA","NA","NA","NA","NA","NA","25806","NA","NA","NA","NA","NA","NA","Orientation_PSA2018","30","20466","32","no","yes","1024"
"F","5861","F","F","PP_LIST4.csv","stove.jpg","ftball.jpg","100","100","648","648","#ffffff","yes","legacy","legacy","legacy","0","uniform","1","1","undefined","1","undefined","6","f","0","0","0","0","0","0","0","0","0","24","0","24","7","0","0","24","24","0","0","24","24","24","24","0","7","2","7","2","2","0","0","0","0","0","0","0","0","0","0","0","0","0","0","0","0","0","7","7","7","7","7","24","0","0","0","0","0","0","0","0","0","0","0","0","0","0","0","0","03/12/20 11:31:48","no","Matching Tasks","yes","no","","no","OrientationCrossLanguages_2018PSA_PP_1.2.4.osexp","C:\Users\user\Desktop\PSA_ARRIAGA_PIÇARRA","no","mono","no","18","no","#0000ff","no","Portugal","yes","no","768","no","no","legacy","24","24","3","5","C:/Users/user/Desktop/PSA_ARRIAGA_PIÇARRA/RAW_DATA/PP/POR_001_PP_4.csv","legacy","no","Kafkaesque Koffka","3.2.8","yes","5a7ce671e83246000deafe81","no","yes","no","yes","0","0","f","space","NA","f","NA","NA","NA","NA","NA","NA","NA","NA","NA","space","NA","NA","NA","NA","NA","NA","j","NA","NA","NA","NA","NA","NA","NA","NA","NA","space","NA","NA","NA","NA","NA","NA","648","2274","NA","648","NA","NA","NA","NA","NA","NA","NA","NA","NA","3035","NA","NA","NA","NA","NA","NA","464","NA","NA","NA","NA","NA","NA","NA","NA","NA","16482","NA","NA","NA","NA","NA","NA","2","legacy","no","no","1024","2","48000","-16","no","EXP","4","even","no","no","NA","25803","3340","3344","21882","25788","25788","24221","104182","NA","61661","106583","57086","42301","58610","107088","106580","25803","61661","107088","107739","NA","NA","42301","58559","48112","57084","48112","48112","42301","NA","NA","NA","NA","NA","NA","NA","NA","NA","58613","NA","NA","NA","NA","NA","NA","57592","57592","58059","45439","47571","108239","NA","NA","NA","NA","NA","NA","NA","NA","NA","25806","NA","NA","NA","NA","NA","NA","Orientation_PSA2018","1","648","1","no","yes","1024"
"F","5861","F","F","PP_LIST4.csv","spider.jpg","couch.jpg","100","100","588","588","#ffffff","yes","legacy","legacy","legacy","0","uniform","1","1","undefined","1","undefined","6","f","0","0","0","0","0","0","0","0","0","25","0","25","7","0","0","25","25","0","0","25","25","25","25","0","7","2","7","2","2","0","0","0","0","0","0","0","0","0","0","0","0","0","0","0","0","0","7","7","7","7","7","25","0","0","0","0","0","0","0","0","0","0","0","0","0","0","0","0","03/12/20 11:31:48","no","Matching Tasks","yes","no","","no","OrientationCrossLanguages_2018PSA_PP_1.2.4.osexp","C:\Users\user\Desktop\PSA_ARRIAGA_PIÇARRA","no","mono","no","18","no","#0000ff","no","Portugal","yes","no","768","no","no","legacy","25","25","3","5","C:/Users/user/Desktop/PSA_ARRIAGA_PIÇARRA/RAW_DATA/PP/POR_001_PP_4.csv","legacy","no","Kafkaesque Koffka","3.2.8","yes","5a7ce671e83246000deafe81","no","yes","no","yes","0","0","f","space","NA","f","NA","NA","NA","NA","NA","NA","NA","NA","NA","space","NA","NA","NA","NA","NA","NA","j","NA","NA","NA","NA","NA","NA","NA","NA","NA","space","NA","NA","NA","NA","NA","NA","528","2274","NA","528","NA","NA","NA","NA","NA","NA","NA","NA","NA","3035","NA","NA","NA","NA","NA","NA","464","NA","NA","NA","NA","NA","NA","NA","NA","NA","16482","NA","NA","NA","NA","NA","NA","2","legacy","no","no","1024","2","48000","-16","no","EXP","4","even","no","no","NA","25803","3340","3344","21882","25788","25788","24221","104182","NA","61661","108408","57086","42301","58610","108912","108406","25803","61661","108912","109443","NA","NA","42301","58559","48112","57084","48112","48112","42301","NA","NA","NA","NA","NA","NA","NA","NA","NA","58613","NA","NA","NA","NA","NA","NA","57592","57592","58059","45439","47571","109943","NA","NA","NA","NA","NA","NA","NA","NA","NA","25806","NA","NA","NA","NA","NA","NA","Orientation_PSA2018","2","1176","2","no","yes","1024"
"F","5861","F","F","PP_LIST4.csv","tiger.jpg","wndmil.jpg","100","100","588.666666667","588.666666667","#ffffff","yes","legacy","legacy","legacy","0","uniform","1","1","undefined","1","undefined","6","f","0","0","0","0","0","0","0","0","0","26","0","26","7","0","0","26","26","0","0","26","26","26","26","0","7","2","7","2","2","0","0","0","0","0","0","0","0","0","0","0","0","0","0","0","0","0","7","7","7","7","7","26","0","0","0","0","0","0","0","0","0","0","0","0","0","0","0","0","03/12/20 11:31:48","no","Matching Tasks","yes","no","","no","OrientationCrossLanguages_2018PSA_PP_1.2.4.osexp","C:\Users\user\Desktop\PSA_ARRIAGA_PIÇARRA","no","mono","no","18","no","#0000ff","no","Portugal","yes","no","768","no","no","legacy","26","26","3","5","C:/Users/user/Desktop/PSA_ARRIAGA_PIÇARRA/RAW_DATA/PP/POR_001_PP_4.csv","legacy","no","Kafkaesque Koffka","3.2.8","yes","5a7ce671e83246000deafe81","no","yes","no","yes","0","0","f","space","NA","f","NA","NA","NA","NA","NA","NA","NA","NA","NA","space","NA","NA","NA","NA","NA","NA","j","NA","NA","NA","NA","NA","NA","NA","NA","NA","space","NA","NA","NA","NA","NA","NA","590","2274","NA","590","NA","NA","NA","NA","NA","NA","NA","NA","NA","3035","NA","NA","NA","NA","NA","NA","464","NA","NA","NA","NA","NA","NA","NA","NA","NA","16482","NA","NA","NA","NA","NA","NA","2","legacy","no","no","1024","2","48000","-16","no","EXP","4","even","no","no","NA","25803","3340","3344","21882","25788","25788","24221","104182","NA","61661","110121","57086","42301","58610","110626","110118","25803","61661","110626","111219","NA","NA","42301","58559","48112","57084","48112","48112","42301","NA","NA","NA","NA","NA","NA","NA","NA","NA","58613","NA","NA","NA","NA","NA","NA","57592","57592","58059","45439","47571","111719","NA","NA","NA","NA","NA","NA","NA","NA","NA","25806","NA","NA","NA","NA","NA","NA","Orientation_PSA2018","3","1766","3","no","yes","1024"
"F","5861","F","F","PP_LIST4.csv","sutcse.jpg","pumpkin.jpg","100","100","585","585","#ffffff","yes","legacy","legacy","legacy","0","uniform","1","1","undefined","1","undefined","6","f","0","0","0","0","0","0","0","0","0","27","0","27","7","0","0","27","27","0","0","27","27","27","27","0","7","2","7","2","2","0","0","0","0","0","0","0","0","0","0","0","0","0","0","0","0","0","7","7","7","7","7","27","0","0","0","0","0","0","0","0","0","0","0","0","0","0","0","0","03/12/20 11:31:48","no","Matching Tasks","yes","no","","no","OrientationCrossLanguages_2018PSA_PP_1.2.4.osexp","C:\Users\user\Desktop\PSA_ARRIAGA_PIÇARRA","no","mono","no","18","no","#0000ff","no","Portugal","yes","no","768","no","no","legacy","27","27","3","5","C:/Users/user/Desktop/PSA_ARRIAGA_PIÇARRA/RAW_DATA/PP/POR_001_PP_4.csv","legacy","no","Kafkaesque Koffka","3.2.8","yes","5a7ce671e83246000deafe81","no","yes","no","yes","0","0","f","space","NA","f","NA","NA","NA","NA","NA","NA","NA","NA","NA","space","NA","NA","NA","NA","NA","NA","j","NA","NA","NA","NA","NA","NA","NA","NA","NA","space","NA","NA","NA","NA","NA","NA","574","2274","NA","574","NA","NA","NA","NA","NA","NA","NA","NA","NA","3035","NA","NA","NA","NA","NA","NA","464","NA","NA","NA","NA","NA","NA","NA","NA","NA","16482","NA","NA","NA","NA","NA","NA","2","legacy","no","no","1024","2","48000","-16","no","EXP","4","even","no","no","NA","25803","3340","3344","21882","25788","25788","24221","104182","NA","61661","111897","57086","42301","58610","112402","111895","25803","61661","112402","112979","NA","NA","42301","58559","48112","57084","48112","48112","42301","NA","NA","NA","NA","NA","NA","NA","NA","NA","58613","NA","NA","NA","NA","NA","NA","57592","57592","58059","45439","47571","113479","NA","NA","NA","NA","NA","NA","NA","NA","NA","25806","NA","NA","NA","NA","NA","NA","Orientation_PSA2018","4","2340","4","no","yes","1024"
"F","5861","F","F","PP_LIST4.csv","trmpet.jpg","tapedispenser.jpg","80","80","565","565","#ffffff","yes","legacy","legacy","legacy","0","uniform","0","0","undefined","1","undefined","6","f","0","0","0","0","0","0","0","0","0","28","0","28","7","0","0","28","28","0","0","28","28","28","28","0","7","2","7","2","2","0","0","0","0","0","0","0","0","0","0","0","0","0","0","0","0","0","7","7","7","7","7","28","0","0","0","0","0","0","0","0","0","0","0","0","0","0","0","0","03/12/20 11:31:48","no","Matching Tasks","yes","no","","no","OrientationCrossLanguages_2018PSA_PP_1.2.4.osexp","C:\Users\user\Desktop\PSA_ARRIAGA_PIÇARRA","no","mono","no","18","no","#0000ff","no","Portugal","yes","no","768","no","no","legacy","28","28","3","5","C:/Users/user/Desktop/PSA_ARRIAGA_PIÇARRA/RAW_DATA/PP/POR_001_PP_4.csv","legacy","no","Kafkaesque Koffka","3.2.8","yes","5a7ce671e83246000deafe81","no","yes","no","yes","0","0","j","space","NA","j","NA","NA","NA","NA","NA","NA","NA","NA","NA","space","NA","NA","NA","NA","NA","NA","j","NA","NA","NA","NA","NA","NA","NA","NA","NA","space","NA","NA","NA","NA","NA","NA","485","2274","NA","485","NA","NA","NA","NA","NA","NA","NA","NA","NA","3035","NA","NA","NA","NA","NA","NA","464","NA","NA","NA","NA","NA","NA","NA","NA","NA","16482","NA","NA","NA","NA","NA","NA","2","legacy","no","no","1024","2","48000","-16","no","EXP","4","even","no","no","NA","25803","3340","3344","21882","25788","25788","24221","104182","NA","61661","113661","57086","42301","58610","114163","113658","25803","61661","114163","112979","NA","114651","42301","58559","48112","57084","48112","48112","42301","NA","NA","NA","NA","NA","NA","NA","NA","NA","58613","NA","NA","NA","NA","NA","NA","57592","57592","58059","45439","47571","115151","NA","NA","NA","NA","NA","NA","NA","NA","NA","25806","NA","NA","NA","NA","NA","NA","Orientation_PSA2018","4","2825","5","no","yes","1024"
"F","5861","F","F","PP_LIST4.csv","pumpkin.jpg","trmpet.jpg","83.3333333333","83.3333333333","570.666666667","570.666666667","#ffffff","yes","legacy","legacy","legacy","0","uniform","1","1","undefined","1","undefined","6","f","0","0","0","0","0","0","0","0","0","29","0","29","7","0","0","29","29","0","0","29","29","29","29","0","7","2","7","2","2","0","0","0","0","0","0","0","0","0","0","0","0","0","0","0","0","0","7","7","7","7","7","29","0","0","0","0","0","0","0","0","0","0","0","0","0","0","0","0","03/12/20 11:31:48","no","Matching Tasks","yes","no","","no","OrientationCrossLanguages_2018PSA_PP_1.2.4.osexp","C:\Users\user\Desktop\PSA_ARRIAGA_PIÇARRA","no","mono","no","18","no","#0000ff","no","Portugal","yes","no","768","no","no","legacy","29","29","3","5","C:/Users/user/Desktop/PSA_ARRIAGA_PIÇARRA/RAW_DATA/PP/POR_001_PP_4.csv","legacy","no","Kafkaesque Koffka","3.2.8","yes","5a7ce671e83246000deafe81","no","yes","no","yes","0","0","f","space","NA","f","NA","NA","NA","NA","NA","NA","NA","NA","NA","space","NA","NA","NA","NA","NA","NA","j","NA","NA","NA","NA","NA","NA","NA","NA","NA","space","NA","NA","NA","NA","NA","NA","599","2274","NA","599","NA","NA","NA","NA","NA","NA","NA","NA","NA","3035","NA","NA","NA","NA","NA","NA","464","NA","NA","NA","NA","NA","NA","NA","NA","NA","16482","NA","NA","NA","NA","NA","NA","2","legacy","no","no","1024","2","48000","-16","no","EXP","4","even","no","no","NA","25803","3340","3344","21882","25788","25788","24221","104182","NA","61661","115320","57086","42301","58610","115825","115318","25803","61661","115825","116426","NA","114651","42301","58559","48112","57084","48112","48112","42301","NA","NA","NA","NA","NA","NA","NA","NA","NA","58613","NA","NA","NA","NA","NA","NA","57592","57592","58059","45439","47571","116927","NA","NA","NA","NA","NA","NA","NA","NA","NA","25806","NA","NA","NA","NA","NA","NA","Orientation_PSA2018","5","3424","6","no","yes","1024"
"F","5861","F","F","PP_LIST4.csv","tapedispenser.jpg","wrench.jpg","85.7142857143","85.7142857143","571","571","#ffffff","yes","legacy","legacy","legacy","0","uniform","1","1","undefined","1","undefined","6","f","0","0","0","0","0","0","0","0","0","30","0","30","7","0","0","30","30","0","0","30","30","30","30","0","7","2","7","2","2","0","0","0","0","0","0","0","0","0","0","0","0","0","0","0","0","0","7","7","7","7","7","30","0","0","0","0","0","0","0","0","0","0","0","0","0","0","0","0","03/12/20 11:31:48","no","Matching Tasks","yes","no","","no","OrientationCrossLanguages_2018PSA_PP_1.2.4.osexp","C:\Users\user\Desktop\PSA_ARRIAGA_PIÇARRA","no","mono","no","18","no","#0000ff","no","Portugal","yes","no","768","no","no","legacy","30","30","3","5","C:/Users/user/Desktop/PSA_ARRIAGA_PIÇARRA/RAW_DATA/PP/POR_001_PP_4.csv","legacy","no","Kafkaesque Koffka","3.2.8","yes","5a7ce671e83246000deafe81","no","yes","no","yes","0","0","f","space","NA","f","NA","NA","NA","NA","NA","NA","NA","NA","NA","space","NA","NA","NA","NA","NA","NA","j","NA","NA","NA","NA","NA","NA","NA","NA","NA","space","NA","NA","NA","NA","NA","NA","573","2274","NA","573","NA","NA","NA","NA","NA","NA","NA","NA","NA","3035","NA","NA","NA","NA","NA","NA","464","NA","NA","NA","NA","NA","NA","NA","NA","NA","16482","NA","NA","NA","NA","NA","NA","2","legacy","no","no","1024","2","48000","-16","no","EXP","4","even","no","no","NA","25803","3340","3344","21882","25788","25788","24221","104182","NA","61661","117090","57086","42301","58610","117595","117088","25803","61661","117595","118170","NA","114651","42301","58559","48112","57084","48112","48112","42301","NA","NA","NA","NA","NA","NA","NA","NA","NA","58613","NA","NA","NA","NA","NA","NA","57592","57592","58059","45439","47571","118670","NA","NA","NA","NA","NA","NA","NA","NA","NA","25806","NA","NA","NA","NA","NA","NA","Orientation_PSA2018","6","3997","7","no","yes","1024"
"F","5861","F","F","PP_LIST4.csv","skirt.jpg","tlphon.jpg","87.5","87.5","570","570","#ffffff","yes","legacy","legacy","legacy","0","uniform","1","1","undefined","1","undefined","6","f","0","0","0","0","0","0","0","0","0","31","0","31","7","0","0","31","31","0","0","31","31","31","31","0","7","2","7","2","2","0","0","0","0","0","0","0","0","0","0","0","0","0","0","0","0","0","7","7","7","7","7","31","0","0","0","0","0","0","0","0","0","0","0","0","0","0","0","0","03/12/20 11:31:48","no","Matching Tasks","yes","no","","no","OrientationCrossLanguages_2018PSA_PP_1.2.4.osexp","C:\Users\user\Desktop\PSA_ARRIAGA_PIÇARRA","no","mono","no","18","no","#0000ff","no","Portugal","yes","no","768","no","no","legacy","31","31","3","5","C:/Users/user/Desktop/PSA_ARRIAGA_PIÇARRA/RAW_DATA/PP/POR_001_PP_4.csv","legacy","no","Kafkaesque Koffka","3.2.8","yes","5a7ce671e83246000deafe81","no","yes","no","yes","0","0","f","space","NA","f","NA","NA","NA","NA","NA","NA","NA","NA","NA","space","NA","NA","NA","NA","NA","NA","j","NA","NA","NA","NA","NA","NA","NA","NA","NA","space","NA","NA","NA","NA","NA","NA","563","2274","NA","563","NA","NA","NA","NA","NA","NA","NA","NA","NA","3035","NA","NA","NA","NA","NA","NA","464","NA","NA","NA","NA","NA","NA","NA","NA","NA","16482","NA","NA","NA","NA","NA","NA","2","legacy","no","no","1024","2","48000","-16","no","EXP","4","even","no","no","NA","25803","3340","3344","21882","25788","25788","24221","104182","NA","61661","118848","57086","42301","58610","119350","118845","25803","61661","119350","119916","NA","114651","42301","58559","48112","57084","48112","48112","42301","NA","NA","NA","NA","NA","NA","NA","NA","NA","58613","NA","NA","NA","NA","NA","NA","57592","57592","58059","45439","47571","120416","NA","NA","NA","NA","NA","NA","NA","NA","NA","25806","NA","NA","NA","NA","NA","NA","Orientation_PSA2018","7","4560","8","no","yes","1024"
"F","5861","F","F","PP_LIST4.csv","ladder.jpg","house.jpg","88.8888888889","88.8888888889","562.111111111","562.111111111","#ffffff","yes","legacy","legacy","legacy","0","uniform","1","1","undefined","1","undefined","6","f","0","0","0","0","0","0","0","0","0","32","0","32","7","0","0","32","32","0","0","32","32","32","32","0","7","2","7","2","2","0","0","0","0","0","0","0","0","0","0","0","0","0","0","0","0","0","7","7","7","7","7","32","0","0","0","0","0","0","0","0","0","0","0","0","0","0","0","0","03/12/20 11:31:48","no","Matching Tasks","yes","no","","no","OrientationCrossLanguages_2018PSA_PP_1.2.4.osexp","C:\Users\user\Desktop\PSA_ARRIAGA_PIÇARRA","no","mono","no","18","no","#0000ff","no","Portugal","yes","no","768","no","no","legacy","32","32","3","5","C:/Users/user/Desktop/PSA_ARRIAGA_PIÇARRA/RAW_DATA/PP/POR_001_PP_4.csv","legacy","no","Kafkaesque Koffka","3.2.8","yes","5a7ce671e83246000deafe81","no","yes","no","yes","0","0","f","space","NA","f","NA","NA","NA","NA","NA","NA","NA","NA","NA","space","NA","NA","NA","NA","NA","NA","j","NA","NA","NA","NA","NA","NA","NA","NA","NA","space","NA","NA","NA","NA","NA","NA","499","2274","NA","499","NA","NA","NA","NA","NA","NA","NA","NA","NA","3035","NA","NA","NA","NA","NA","NA","464","NA","NA","NA","NA","NA","NA","NA","NA","NA","16482","NA","NA","NA","NA","NA","NA","2","legacy","no","no","1024","2","48000","-16","no","EXP","4","even","no","no","NA","25803","3340","3344","21882","25788","25788","24221","104182","NA","61661","120653","57086","42301","58610","121158","120651","25803","61661","121158","121660","NA","114651","42301","58559","48112","57084","48112","48112","42301","NA","NA","NA","NA","NA","NA","NA","NA","NA","58613","NA","NA","NA","NA","NA","NA","57592","57592","58059","45439","47571","122160","NA","NA","NA","NA","NA","NA","NA","NA","NA","25806","NA","NA","NA","NA","NA","NA","Orientation_PSA2018","8","5059","9","no","yes","1024"
"F","5861","F","F","PP_LIST4.csv","mitten.jpg","needle.jpg","90","90","563","563","#ffffff","yes","legacy","legacy","legacy","0","uniform","1","1","undefined","1","undefined","6","f","0","0","0","0","0","0","0","0","0","33","0","33","7","0","0","33","33","0","0","33","33","33","33","0","7","2","7","2","2","0","0","0","0","0","0","0","0","0","0","0","0","0","0","0","0","0","7","7","7","7","7","33","0","0","0","0","0","0","0","0","0","0","0","0","0","0","0","0","03/12/20 11:31:48","no","Matching Tasks","yes","no","","no","OrientationCrossLanguages_2018PSA_PP_1.2.4.osexp","C:\Users\user\Desktop\PSA_ARRIAGA_PIÇARRA","no","mono","no","18","no","#0000ff","no","Portugal","yes","no","768","no","no","legacy","33","33","3","5","C:/Users/user/Desktop/PSA_ARRIAGA_PIÇARRA/RAW_DATA/PP/POR_001_PP_4.csv","legacy","no","Kafkaesque Koffka","3.2.8","yes","5a7ce671e83246000deafe81","no","yes","no","yes","0","0","f","space","NA","f","NA","NA","NA","NA","NA","NA","NA","NA","NA","space","NA","NA","NA","NA","NA","NA","j","NA","NA","NA","NA","NA","NA","NA","NA","NA","space","NA","NA","NA","NA","NA","NA","571","2274","NA","571","NA","NA","NA","NA","NA","NA","NA","NA","NA","3035","NA","NA","NA","NA","NA","NA","464","NA","NA","NA","NA","NA","NA","NA","NA","NA","16482","NA","NA","NA","NA","NA","NA","2","legacy","no","no","1024","2","48000","-16","no","EXP","4","even","no","no","NA","25803","3340","3344","21882","25788","25788","24221","104182","NA","61661","122324","57086","42301","58610","122829","122322","25803","61661","122829","123403","NA","114651","42301","58559","48112","57084","48112","48112","42301","NA","NA","NA","NA","NA","NA","NA","NA","NA","58613","NA","NA","NA","NA","NA","NA","57592","57592","58059","45439","47571","123903","NA","NA","NA","NA","NA","NA","NA","NA","NA","25806","NA","NA","NA","NA","NA","NA","Orientation_PSA2018","9","5630","10","no","yes","1024"
"F","5861","F","F","PP_LIST4.csv","knife.jpg","ladder.jpg","90.9090909091","90.9090909091","550.454545455","550.454545455","#ffffff","yes","legacy","legacy","legacy","0","uniform","1","1","undefined","1","undefined","6","f","0","0","0","0","0","0","0","0","0","34","0","34","7","0","0","34","34","0","0","34","34","34","34","0","7","2","7","2","2","0","0","0","0","0","0","0","0","0","0","0","0","0","0","0","0","0","7","7","7","7","7","34","0","0","0","0","0","0","0","0","0","0","0","0","0","0","0","0","03/12/20 11:31:48","no","Matching Tasks","yes","no","","no","OrientationCrossLanguages_2018PSA_PP_1.2.4.osexp","C:\Users\user\Desktop\PSA_ARRIAGA_PIÇARRA","no","mono","no","18","no","#0000ff","no","Portugal","yes","no","768","no","no","legacy","34","34","3","5","C:/Users/user/Desktop/PSA_ARRIAGA_PIÇARRA/RAW_DATA/PP/POR_001_PP_4.csv","legacy","no","Kafkaesque Koffka","3.2.8","yes","5a7ce671e83246000deafe81","no","yes","no","yes","0","0","f","space","NA","f","NA","NA","NA","NA","NA","NA","NA","NA","NA","space","NA","NA","NA","NA","NA","NA","j","NA","NA","NA","NA","NA","NA","NA","NA","NA","space","NA","NA","NA","NA","NA","NA","425","2274","NA","425","NA","NA","NA","NA","NA","NA","NA","NA","NA","3035","NA","NA","NA","NA","NA","NA","464","NA","NA","NA","NA","NA","NA","NA","NA","NA","16482","NA","NA","NA","NA","NA","NA","2","legacy","no","no","1024","2","48000","-16","no","EXP","4","even","no","no","NA","25803","3340","3344","21882","25788","25788","24221","104182","NA","61661","124096","57086","42301","58610","124600","124094","25803","61661","124600","125028","NA","114651","42301","58559","48112","57084","48112","48112","42301","NA","NA","NA","NA","NA","NA","NA","NA","NA","58613","NA","NA","NA","NA","NA","NA","57592","57592","58059","45439","47571","125528","NA","NA","NA","NA","NA","NA","NA","NA","NA","25806","NA","NA","NA","NA","NA","NA","Orientation_PSA2018","10","6055","11","no","yes","1024"
"N","5861","V","H","PP_LIST4.csv","bookV.jpg","bookH.jpg","83.3333333333","83.3333333333","541.666666667","541.666666667","#ffffff","yes","legacy","legacy","legacy","0","uniform","0","0","undefined","1","undefined","6","j","0","0","0","0","0","0","0","0","0","35","0","35","7","0","0","35","35","0","0","35","35","35","35","0","7","2","7","2","2","0","0","0","0","0","0","0","0","0","0","0","0","0","0","0","0","0","7","7","7","7","7","35","0","0","0","0","0","0","0","0","0","0","0","0","0","0","0","0","03/12/20 11:31:48","no","Matching Tasks","yes","no","","no","OrientationCrossLanguages_2018PSA_PP_1.2.4.osexp","C:\Users\user\Desktop\PSA_ARRIAGA_PIÇARRA","no","mono","no","18","no","#0000ff","no","Portugal","yes","no","768","no","no","legacy","35","35","3","5","C:/Users/user/Desktop/PSA_ARRIAGA_PIÇARRA/RAW_DATA/PP/POR_001_PP_4.csv","legacy","no","Kafkaesque Koffka","3.2.8","yes","5a7ce671e83246000deafe81","no","yes","no","yes","0","0","f","space","NA","f","NA","NA","NA","NA","NA","NA","NA","NA","NA","space","NA","NA","NA","NA","NA","NA","j","NA","NA","NA","NA","NA","NA","NA","NA","NA","space","NA","NA","NA","NA","NA","NA","445","2274","NA","445","NA","NA","NA","NA","NA","NA","NA","NA","NA","3035","NA","NA","NA","NA","NA","NA","464","NA","NA","NA","NA","NA","NA","NA","NA","NA","16482","NA","NA","NA","NA","NA","NA","2","legacy","no","no","1024","2","48000","-16","no","EXP","4","even","no","no","NA","25803","3340","3344","21882","25788","25788","24221","104182","NA","61661","125706","57086","42301","58610","126211","125704","25803","61661","126211","125028","NA","126659","42301","58559","48112","57084","48112","48112","42301","NA","NA","NA","NA","NA","NA","NA","NA","NA","58613","NA","NA","NA","NA","NA","NA","57592","57592","58059","45439","47571","127159","NA","NA","NA","NA","NA","NA","NA","NA","NA","25806","NA","NA","NA","NA","NA","NA","Orientation_PSA2018","10","6500","12","no","yes","1024"
"N","5861","V","H","PP_LIST4.csv","axeV.jpg","axeH.jpg","84.6153846154","84.6153846154","541.615384615","541.615384615","#ffffff","yes","legacy","legacy","legacy","0","uniform","1","1","undefined","1","undefined","6","j","0","0","0","0","0","0","0","0","0","36","0","36","7","0","0","36","36","0","0","36","36","36","36","0","7","2","7","2","2","0","0","0","0","0","0","0","0","0","0","0","0","0","0","0","0","0","7","7","7","7","7","36","0","0","0","0","0","0","0","0","0","0","0","0","0","0","0","0","03/12/20 11:31:48","no","Matching Tasks","yes","no","","no","OrientationCrossLanguages_2018PSA_PP_1.2.4.osexp","C:\Users\user\Desktop\PSA_ARRIAGA_PIÇARRA","no","mono","no","18","no","#0000ff","no","Portugal","yes","no","768","no","no","legacy","36","36","3","5","C:/Users/user/Desktop/PSA_ARRIAGA_PIÇARRA/RAW_DATA/PP/POR_001_PP_4.csv","legacy","no","Kafkaesque Koffka","3.2.8","yes","5a7ce671e83246000deafe81","no","yes","no","yes","0","0","j","space","NA","j","NA","NA","NA","NA","NA","NA","NA","NA","NA","space","NA","NA","NA","NA","NA","NA","j","NA","NA","NA","NA","NA","NA","NA","NA","NA","space","NA","NA","NA","NA","NA","NA","541","2274","NA","541","NA","NA","NA","NA","NA","NA","NA","NA","NA","3035","NA","NA","NA","NA","NA","NA","464","NA","NA","NA","NA","NA","NA","NA","NA","NA","16482","NA","NA","NA","NA","NA","NA","2","legacy","no","no","1024","2","48000","-16","no","EXP","4","even","no","no","NA","25803","3340","3344","21882","25788","25788","24221","104182","NA","61661","127329","57086","42301","58610","127835","127327","25803","61661","127835","128379","NA","126659","42301","58559","48112","57084","48112","48112","42301","NA","NA","NA","NA","NA","NA","NA","NA","NA","58613","NA","NA","NA","NA","NA","NA","57592","57592","58059","45439","47571","128879","NA","NA","NA","NA","NA","NA","NA","NA","NA","25806","NA","NA","NA","NA","NA","NA","Orientation_PSA2018","11","7041","13","no","yes","1024"
"Y","5861","V","V","PP_LIST4.csv","guitarV.jpg","guitarV.jpg","85.7142857143","85.7142857143","538.285714286","538.285714286","#ffffff","yes","legacy","legacy","legacy","0","uniform","1","1","undefined","1","undefined","6","j","0","0","0","0","0","0","0","0","0","37","0","37","7","0","0","37","37","0","0","37","37","37","37","0","7","2","7","2","2","0","0","0","0","0","0","0","0","0","0","0","0","0","0","0","0","0","7","7","7","7","7","37","0","0","0","0","0","0","0","0","0","0","0","0","0","0","0","0","03/12/20 11:31:48","no","Matching Tasks","yes","no","","no","OrientationCrossLanguages_2018PSA_PP_1.2.4.osexp","C:\Users\user\Desktop\PSA_ARRIAGA_PIÇARRA","no","mono","no","18","no","#0000ff","no","Portugal","yes","no","768","no","no","legacy","37","37","3","5","C:/Users/user/Desktop/PSA_ARRIAGA_PIÇARRA/RAW_DATA/PP/POR_001_PP_4.csv","legacy","no","Kafkaesque Koffka","3.2.8","yes","5a7ce671e83246000deafe81","no","yes","no","yes","0","0","j","space","NA","j","NA","NA","NA","NA","NA","NA","NA","NA","NA","space","NA","NA","NA","NA","NA","NA","j","NA","NA","NA","NA","NA","NA","NA","NA","NA","space","NA","NA","NA","NA","NA","NA","495","2274","NA","495","NA","NA","NA","NA","NA","NA","NA","NA","NA","3035","NA","NA","NA","NA","NA","NA","464","NA","NA","NA","NA","NA","NA","NA","NA","NA","16482","NA","NA","NA","NA","NA","NA","2","legacy","no","no","1024","2","48000","-16","no","EXP","4","even","no","no","NA","25803","3340","3344","21882","25788","25788","24221","104182","NA","61661","129056","57086","42301","58610","129561","129054","25803","61661","129561","130059","NA","126659","42301","58559","48112","57084","48112","48112","42301","NA","NA","NA","NA","NA","NA","NA","NA","NA","58613","NA","NA","NA","NA","NA","NA","57592","57592","58059","45439","47571","130559","NA","NA","NA","NA","NA","NA","NA","NA","NA","25806","NA","NA","NA","NA","NA","NA","Orientation_PSA2018","12","7536","14","no","yes","1024"
"F","5861","F","F","PP_LIST4.csv","ring.jpg","stove.jpg","86.6666666667","86.6666666667","541","541","#ffffff","yes","legacy","legacy","legacy","0","uniform","1","1","undefined","1","undefined","6","f","0","0","0","0","0","0","0","0","0","38","0","38","7","0","0","38","38","0","0","38","38","38","38","0","7","2","7","2","2","0","0","0","0","0","0","0","0","0","0","0","0","0","0","0","0","0","7","7","7","7","7","38","0","0","0","0","0","0","0","0","0","0","0","0","0","0","0","0","03/12/20 11:31:48","no","Matching Tasks","yes","no","","no","OrientationCrossLanguages_2018PSA_PP_1.2.4.osexp","C:\Users\user\Desktop\PSA_ARRIAGA_PIÇARRA","no","mono","no","18","no","#0000ff","no","Portugal","yes","no","768","no","no","legacy","38","38","3","5","C:/Users/user/Desktop/PSA_ARRIAGA_PIÇARRA/RAW_DATA/PP/POR_001_PP_4.csv","legacy","no","Kafkaesque Koffka","3.2.8","yes","5a7ce671e83246000deafe81","no","yes","no","yes","0","0","f","space","NA","f","NA","NA","NA","NA","NA","NA","NA","NA","NA","space","NA","NA","NA","NA","NA","NA","j","NA","NA","NA","NA","NA","NA","NA","NA","NA","space","NA","NA","NA","NA","NA","NA","579","2274","NA","579","NA","NA","NA","NA","NA","NA","NA","NA","NA","3035","NA","NA","NA","NA","NA","NA","464","NA","NA","NA","NA","NA","NA","NA","NA","NA","16482","NA","NA","NA","NA","NA","NA","2","legacy","no","no","1024","2","48000","-16","no","EXP","4","even","no","no","NA","25803","3340","3344","21882","25788","25788","24221","104182","NA","61661","130756","57086","42301","58610","131260","130754","25803","61661","131261","131844","NA","126659","42301","58559","48112","57084","48112","48112","42301","NA","NA","NA","NA","NA","NA","NA","NA","NA","58613","NA","NA","NA","NA","NA","NA","57592","57592","58059","45439","47571","132344","NA","NA","NA","NA","NA","NA","NA","NA","NA","25806","NA","NA","NA","NA","NA","NA","Orientation_PSA2018","13","8115","15","no","yes","1024"
"Y","5861","V","V","PP_LIST4.csv","glassV.jpg","glassV.jpg","87.5","87.5","545.1875","545.1875","#ffffff","yes","legacy","legacy","legacy","0","uniform","1","1","undefined","1","undefined","6","j","0","0","0","0","0","0","0","0","0","39","0","39","7","0","0","39","39","0","0","39","39","39","39","0","7","2","7","2","2","0","0","0","0","0","0","0","0","0","0","0","0","0","0","0","0","0","7","7","7","7","7","39","0","0","0","0","0","0","0","0","0","0","0","0","0","0","0","0","03/12/20 11:31:48","no","Matching Tasks","yes","no","","no","OrientationCrossLanguages_2018PSA_PP_1.2.4.osexp","C:\Users\user\Desktop\PSA_ARRIAGA_PIÇARRA","no","mono","no","18","no","#0000ff","no","Portugal","yes","no","768","no","no","legacy","39","39","3","5","C:/Users/user/Desktop/PSA_ARRIAGA_PIÇARRA/RAW_DATA/PP/POR_001_PP_4.csv","legacy","no","Kafkaesque Koffka","3.2.8","yes","5a7ce671e83246000deafe81","no","yes","no","yes","0","0","j","space","NA","j","NA","NA","NA","NA","NA","NA","NA","NA","NA","space","NA","NA","NA","NA","NA","NA","j","NA","NA","NA","NA","NA","NA","NA","NA","NA","space","NA","NA","NA","NA","NA","NA","608","2274","NA","608","NA","NA","NA","NA","NA","NA","NA","NA","NA","3035","NA","NA","NA","NA","NA","NA","464","NA","NA","NA","NA","NA","NA","NA","NA","NA","16482","NA","NA","NA","NA","NA","NA","2","legacy","no","no","1024","2","48000","-16","no","EXP","4","even","no","no","NA","25803","3340","3344","21882","25788","25788","24221","104182","NA","61661","132519","57086","42301","58610","133024","132517","25803","61661","133024","133634","NA","126659","42301","58559","48112","57084","48112","48112","42301","NA","NA","NA","NA","NA","NA","NA","NA","NA","58613","NA","NA","NA","NA","NA","NA","57592","57592","58059","45439","47571","134135","NA","NA","NA","NA","NA","NA","NA","NA","NA","25806","NA","NA","NA","NA","NA","NA","Orientation_PSA2018","14","8723","16","no","yes","1024"
"Y","5861","H","H","PP_LIST4.csv","fire_extinguisherH.jpg","fire_extinguisherH.jpg","88.2352941176","88.2352941176","551.529411765","551.529411765","#ffffff","yes","legacy","legacy","legacy","0","uniform","1","1","undefined","1","undefined","6","j","0","0","0","0","0","0","0","0","0","40","0","40","7","0","0","40","40","0","0","40","40","40","40","0","7","2","7","2","2","0","0","0","0","0","0","0","0","0","0","0","0","0","0","0","0","0","7","7","7","7","7","40","0","0","0","0","0","0","0","0","0","0","0","0","0","0","0","0","03/12/20 11:31:48","no","Matching Tasks","yes","no","","no","OrientationCrossLanguages_2018PSA_PP_1.2.4.osexp","C:\Users\user\Desktop\PSA_ARRIAGA_PIÇARRA","no","mono","no","18","no","#0000ff","no","Portugal","yes","no","768","no","no","legacy","40","40","3","5","C:/Users/user/Desktop/PSA_ARRIAGA_PIÇARRA/RAW_DATA/PP/POR_001_PP_4.csv","legacy","no","Kafkaesque Koffka","3.2.8","yes","5a7ce671e83246000deafe81","no","yes","no","yes","0","0","j","space","NA","j","NA","NA","NA","NA","NA","NA","NA","NA","NA","space","NA","NA","NA","NA","NA","NA","j","NA","NA","NA","NA","NA","NA","NA","NA","NA","space","NA","NA","NA","NA","NA","NA","653","2274","NA","653","NA","NA","NA","NA","NA","NA","NA","NA","NA","3035","NA","NA","NA","NA","NA","NA","464","NA","NA","NA","NA","NA","NA","NA","NA","NA","16482","NA","NA","NA","NA","NA","NA","2","legacy","no","no","1024","2","48000","-16","no","EXP","4","even","no","no","NA","25803","3340","3344","21882","25788","25788","24221","104182","NA","61661","134325","57086","42301","58610","134827","134322","25803","61661","134827","135483","NA","126659","42301","58559","48112","57084","48112","48112","42301","NA","NA","NA","NA","NA","NA","NA","NA","NA","58613","NA","NA","NA","NA","NA","NA","57592","57592","58059","45439","47571","135983","NA","NA","NA","NA","NA","NA","NA","NA","NA","25806","NA","NA","NA","NA","NA","NA","Orientation_PSA2018","15","9376","17","no","yes","1024"
"N","5861","H","V","PP_LIST4.csv","tireH.jpg","tireV.jpg","88.8888888889","88.8888888889","546.444444444","546.444444444","#ffffff","yes","legacy","legacy","legacy","0","uniform","1","1","undefined","1","undefined","6","j","0","0","0","0","0","0","0","0","0","41","0","41","7","0","0","41","41","0","0","41","41","41","41","0","7","2","7","2","2","0","0","0","0","0","0","0","0","0","0","0","0","0","0","0","0","0","7","7","7","7","7","41","0","0","0","0","0","0","0","0","0","0","0","0","0","0","0","0","03/12/20 11:31:48","no","Matching Tasks","yes","no","","no","OrientationCrossLanguages_2018PSA_PP_1.2.4.osexp","C:\Users\user\Desktop\PSA_ARRIAGA_PIÇARRA","no","mono","no","18","no","#0000ff","no","Portugal","yes","no","768","no","no","legacy","41","41","3","5","C:/Users/user/Desktop/PSA_ARRIAGA_PIÇARRA/RAW_DATA/PP/POR_001_PP_4.csv","legacy","no","Kafkaesque Koffka","3.2.8","yes","5a7ce671e83246000deafe81","no","yes","no","yes","0","0","j","space","NA","j","NA","NA","NA","NA","NA","NA","NA","NA","NA","space","NA","NA","NA","NA","NA","NA","j","NA","NA","NA","NA","NA","NA","NA","NA","NA","space","NA","NA","NA","NA","NA","NA","460","2274","NA","460","NA","NA","NA","NA","NA","NA","NA","NA","NA","3035","NA","NA","NA","NA","NA","NA","464","NA","NA","NA","NA","NA","NA","NA","NA","NA","16482","NA","NA","NA","NA","NA","NA","2","legacy","no","no","1024","2","48000","-16","no","EXP","4","even","no","no","NA","25803","3340","3344","21882","25788","25788","24221","104182","NA","61661","136260","57086","42301","58610","136765","136258","25803","61661","136765","137228","NA","126659","42301","58559","48112","57084","48112","48112","42301","NA","NA","NA","NA","NA","NA","NA","NA","NA","58613","NA","NA","NA","NA","NA","NA","57592","57592","58059","45439","47571","137728","NA","NA","NA","NA","NA","NA","NA","NA","NA","25806","NA","NA","NA","NA","NA","NA","Orientation_PSA2018","16","9836","18","no","yes","1024"
"F","5861","F","F","PP_LIST4.csv","piano.jpg","sutcse.jpg","89.4736842105","89.4736842105","552.473684211","552.473684211","#ffffff","yes","legacy","legacy","legacy","0","uniform","1","1","undefined","1","undefined","6","f","0","0","0","0","0","0","0","0","0","42","0","42","7","0","0","42","42","0","0","42","42","42","42","0","7","2","7","2","2","0","0","0","0","0","0","0","0","0","0","0","0","0","0","0","0","0","7","7","7","7","7","42","0","0","0","0","0","0","0","0","0","0","0","0","0","0","0","0","03/12/20 11:31:48","no","Matching Tasks","yes","no","","no","OrientationCrossLanguages_2018PSA_PP_1.2.4.osexp","C:\Users\user\Desktop\PSA_ARRIAGA_PIÇARRA","no","mono","no","18","no","#0000ff","no","Portugal","yes","no","768","no","no","legacy","42","42","3","5","C:/Users/user/Desktop/PSA_ARRIAGA_PIÇARRA/RAW_DATA/PP/POR_001_PP_4.csv","legacy","no","Kafkaesque Koffka","3.2.8","yes","5a7ce671e83246000deafe81","no","yes","no","yes","0","0","f","space","NA","f","NA","NA","NA","NA","NA","NA","NA","NA","NA","space","NA","NA","NA","NA","NA","NA","j","NA","NA","NA","NA","NA","NA","NA","NA","NA","space","NA","NA","NA","NA","NA","NA","661","2274","NA","661","NA","NA","NA","NA","NA","NA","NA","NA","NA","3035","NA","NA","NA","NA","NA","NA","464","NA","NA","NA","NA","NA","NA","NA","NA","NA","16482","NA","NA","NA","NA","NA","NA","2","legacy","no","no","1024","2","48000","-16","no","EXP","4","even","no","no","NA","25803","3340","3344","21882","25788","25788","24221","104182","NA","61661","137907","57086","42301","58610","138412","137905","25803","61661","138412","139075","NA","126659","42301","58559","48112","57084","48112","48112","42301","NA","NA","NA","NA","NA","NA","NA","NA","NA","58613","NA","NA","NA","NA","NA","NA","57592","57592","58059","45439","47571","139575","NA","NA","NA","NA","NA","NA","NA","NA","NA","25806","NA","NA","NA","NA","NA","NA","Orientation_PSA2018","17","10497","19","no","yes","1024"
"F","5861","F","F","PP_LIST4.csv","buggy.jpg","glass.jpg","90","90","553.15","553.15","#ffffff","yes","legacy","legacy","legacy","0","uniform","1","1","undefined","1","undefined","6","f","0","0","0","0","0","0","0","0","0","43","0","43","7","0","0","43","43","0","0","43","43","43","43","0","7","2","7","2","2","0","0","0","0","0","0","0","0","0","0","0","0","0","0","0","0","0","7","7","7","7","7","43","0","0","0","0","0","0","0","0","0","0","0","0","0","0","0","0","03/12/20 11:31:48","no","Matching Tasks","yes","no","","no","OrientationCrossLanguages_2018PSA_PP_1.2.4.osexp","C:\Users\user\Desktop\PSA_ARRIAGA_PIÇARRA","no","mono","no","18","no","#0000ff","no","Portugal","yes","no","768","no","no","legacy","43","43","3","5","C:/Users/user/Desktop/PSA_ARRIAGA_PIÇARRA/RAW_DATA/PP/POR_001_PP_4.csv","legacy","no","Kafkaesque Koffka","3.2.8","yes","5a7ce671e83246000deafe81","no","yes","no","yes","0","0","f","space","NA","f","NA","NA","NA","NA","NA","NA","NA","NA","NA","space","NA","NA","NA","NA","NA","NA","j","NA","NA","NA","NA","NA","NA","NA","NA","NA","space","NA","NA","NA","NA","NA","NA","566","2274","NA","566","NA","NA","NA","NA","NA","NA","NA","NA","NA","3035","NA","NA","NA","NA","NA","NA","464","NA","NA","NA","NA","NA","NA","NA","NA","NA","16482","NA","NA","NA","NA","NA","NA","2","legacy","no","no","1024","2","48000","-16","no","EXP","4","even","no","no","NA","25803","3340","3344","21882","25788","25788","24221","104182","NA","61661","139761","57086","42301","58610","140266","139758","25803","61661","140266","140835","NA","126659","42301","58559","48112","57084","48112","48112","42301","NA","NA","NA","NA","NA","NA","NA","NA","NA","58613","NA","NA","NA","NA","NA","NA","57592","57592","58059","45439","47571","141335","NA","NA","NA","NA","NA","NA","NA","NA","NA","25806","NA","NA","NA","NA","NA","NA","Orientation_PSA2018","18","11063","20","no","yes","1024"
"F","5861","F","F","PP_LIST4.csv","wrench.jpg","piano.jpg","90.4761904762","90.4761904762","554.666666667","554.666666667","#ffffff","yes","legacy","legacy","legacy","0","uniform","1","1","undefined","1","undefined","6","f","0","0","0","0","0","0","0","0","0","44","0","44","7","0","0","44","44","0","0","44","44","44","44","0","7","2","7","2","2","0","0","0","0","0","0","0","0","0","0","0","0","0","0","0","0","0","7","7","7","7","7","44","0","0","0","0","0","0","0","0","0","0","0","0","0","0","0","0","03/12/20 11:31:48","no","Matching Tasks","yes","no","","no","OrientationCrossLanguages_2018PSA_PP_1.2.4.osexp","C:\Users\user\Desktop\PSA_ARRIAGA_PIÇARRA","no","mono","no","18","no","#0000ff","no","Portugal","yes","no","768","no","no","legacy","44","44","3","5","C:/Users/user/Desktop/PSA_ARRIAGA_PIÇARRA/RAW_DATA/PP/POR_001_PP_4.csv","legacy","no","Kafkaesque Koffka","3.2.8","yes","5a7ce671e83246000deafe81","no","yes","no","yes","0","0","f","space","NA","f","NA","NA","NA","NA","NA","NA","NA","NA","NA","space","NA","NA","NA","NA","NA","NA","j","NA","NA","NA","NA","NA","NA","NA","NA","NA","space","NA","NA","NA","NA","NA","NA","585","2274","NA","585","NA","NA","NA","NA","NA","NA","NA","NA","NA","3035","NA","NA","NA","NA","NA","NA","464","NA","NA","NA","NA","NA","NA","NA","NA","NA","16482","NA","NA","NA","NA","NA","NA","2","legacy","no","no","1024","2","48000","-16","no","EXP","4","even","no","no","NA","25803","3340","3344","21882","25788","25788","24221","104182","NA","61661","141511","57086","42301","58610","142015","141508","25803","61661","142015","142603","NA","126659","42301","58559","48112","57084","48112","48112","42301","NA","NA","NA","NA","NA","NA","NA","NA","NA","58613","NA","NA","NA","NA","NA","NA","57592","57592","58059","45439","47571","143103","NA","NA","NA","NA","NA","NA","NA","NA","NA","25806","NA","NA","NA","NA","NA","NA","Orientation_PSA2018","19","11648","21","no","yes","1024"
"N","5861","H","V","PP_LIST4.csv","penH.jpg","penV.jpg","90.9090909091","90.9090909091","555.318181818","555.318181818","#ffffff","yes","legacy","legacy","legacy","0","uniform","1","1","undefined","1","undefined","6","j","0","0","0","0","0","0","0","0","0","45","0","45","7","0","0","45","45","0","0","45","45","45","45","0","7","2","7","2","2","0","0","0","0","0","0","0","0","0","0","0","0","0","0","0","0","0","7","7","7","7","7","45","0","0","0","0","0","0","0","0","0","0","0","0","0","0","0","0","03/12/20 11:31:48","no","Matching Tasks","yes","no","","no","OrientationCrossLanguages_2018PSA_PP_1.2.4.osexp","C:\Users\user\Desktop\PSA_ARRIAGA_PIÇARRA","no","mono","no","18","no","#0000ff","no","Portugal","yes","no","768","no","no","legacy","45","45","3","5","C:/Users/user/Desktop/PSA_ARRIAGA_PIÇARRA/RAW_DATA/PP/POR_001_PP_4.csv","legacy","no","Kafkaesque Koffka","3.2.8","yes","5a7ce671e83246000deafe81","no","yes","no","yes","0","0","j","space","NA","j","NA","NA","NA","NA","NA","NA","NA","NA","NA","space","NA","NA","NA","NA","NA","NA","j","NA","NA","NA","NA","NA","NA","NA","NA","NA","space","NA","NA","NA","NA","NA","NA","569","2274","NA","569","NA","NA","NA","NA","NA","NA","NA","NA","NA","3035","NA","NA","NA","NA","NA","NA","464","NA","NA","NA","NA","NA","NA","NA","NA","NA","16482","NA","NA","NA","NA","NA","NA","2","legacy","no","no","1024","2","48000","-16","no","EXP","4","even","no","no","NA","25803","3340","3344","21882","25788","25788","24221","104182","NA","61661","143270","57086","42301","58610","143775","143267","25803","61661","143775","144348","NA","126659","42301","58559","48112","57084","48112","48112","42301","NA","NA","NA","NA","NA","NA","NA","NA","NA","58613","NA","NA","NA","NA","NA","NA","57592","57592","58059","45439","47571","144848","NA","NA","NA","NA","NA","NA","NA","NA","NA","25806","NA","NA","NA","NA","NA","NA","Orientation_PSA2018","20","12217","22","no","yes","1024"
"Y","5861","H","H","PP_LIST4.csv","flashH.jpg","flashH.jpg","91.3043478261","91.3043478261","554.956521739","554.956521739","#ffffff","yes","legacy","legacy","legacy","0","uniform","1","1","undefined","1","undefined","6","j","0","0","0","0","0","0","0","0","0","46","0","46","7","0","0","46","46","0","0","46","46","46","46","0","7","2","7","2","2","0","0","0","0","0","0","0","0","0","0","0","0","0","0","0","0","0","7","7","7","7","7","46","0","0","0","0","0","0","0","0","0","0","0","0","0","0","0","0","03/12/20 11:31:48","no","Matching Tasks","yes","no","","no","OrientationCrossLanguages_2018PSA_PP_1.2.4.osexp","C:\Users\user\Desktop\PSA_ARRIAGA_PIÇARRA","no","mono","no","18","no","#0000ff","no","Portugal","yes","no","768","no","no","legacy","46","46","3","5","C:/Users/user/Desktop/PSA_ARRIAGA_PIÇARRA/RAW_DATA/PP/POR_001_PP_4.csv","legacy","no","Kafkaesque Koffka","3.2.8","yes","5a7ce671e83246000deafe81","no","yes","no","yes","0","0","j","space","NA","j","NA","NA","NA","NA","NA","NA","NA","NA","NA","space","NA","NA","NA","NA","NA","NA","j","NA","NA","NA","NA","NA","NA","NA","NA","NA","space","NA","NA","NA","NA","NA","NA","547","2274","NA","547","NA","NA","NA","NA","NA","NA","NA","NA","NA","3035","NA","NA","NA","NA","NA","NA","464","NA","NA","NA","NA","NA","NA","NA","NA","NA","16482","NA","NA","NA","NA","NA","NA","2","legacy","no","no","1024","2","48000","-16","no","EXP","4","even","no","no","NA","25803","3340","3344","21882","25788","25788","24221","104182","NA","61661","145044","57086","42301","58610","145549","145042","25803","61661","145549","146099","NA","126659","42301","58559","48112","57084","48112","48112","42301","NA","NA","NA","NA","NA","NA","NA","NA","NA","58613","NA","NA","NA","NA","NA","NA","57592","57592","58059","45439","47571","146600","NA","NA","NA","NA","NA","NA","NA","NA","NA","25806","NA","NA","NA","NA","NA","NA","Orientation_PSA2018","21","12764","23","no","yes","1024"
"F","5861","F","F","PP_LIST4.csv","ftball.jpg","nut.jpg","91.6666666667","91.6666666667","559.041666667","559.041666667","#ffffff","yes","legacy","legacy","legacy","0","uniform","1","1","undefined","1","undefined","6","f","0","0","0","0","0","0","0","0","0","47","0","47","7","0","0","47","47","0","0","47","47","47","47","0","7","2","7","2","2","0","0","0","0","0","0","0","0","0","0","0","0","0","0","0","0","0","7","7","7","7","7","47","0","0","0","0","0","0","0","0","0","0","0","0","0","0","0","0","03/12/20 11:31:48","no","Matching Tasks","yes","no","","no","OrientationCrossLanguages_2018PSA_PP_1.2.4.osexp","C:\Users\user\Desktop\PSA_ARRIAGA_PIÇARRA","no","mono","no","18","no","#0000ff","no","Portugal","yes","no","768","no","no","legacy","47","47","3","5","C:/Users/user/Desktop/PSA_ARRIAGA_PIÇARRA/RAW_DATA/PP/POR_001_PP_4.csv","legacy","no","Kafkaesque Koffka","3.2.8","yes","5a7ce671e83246000deafe81","no","yes","no","yes","0","0","f","space","NA","f","NA","NA","NA","NA","NA","NA","NA","NA","NA","space","NA","NA","NA","NA","NA","NA","j","NA","NA","NA","NA","NA","NA","NA","NA","NA","space","NA","NA","NA","NA","NA","NA","653","2274","NA","653","NA","NA","NA","NA","NA","NA","NA","NA","NA","3035","NA","NA","NA","NA","NA","NA","464","NA","NA","NA","NA","NA","NA","NA","NA","NA","16482","NA","NA","NA","NA","NA","NA","2","legacy","no","no","1024","2","48000","-16","no","EXP","4","even","no","no","NA","25803","3340","3344","21882","25788","25788","24221","104182","NA","61661","146754","57086","42301","58610","147259","146752","25803","61661","147259","147915","NA","126659","42301","58559","48112","57084","48112","48112","42301","NA","NA","NA","NA","NA","NA","NA","NA","NA","58613","NA","NA","NA","NA","NA","NA","57592","57592","58059","45439","47571","148415","NA","NA","NA","NA","NA","NA","NA","NA","NA","25806","NA","NA","NA","NA","NA","NA","Orientation_PSA2018","22","13417","24","no","yes","1024"
