"Identical","LAB_SEED","Orientation1","Orientation2","PPList","Picture1","Picture2","acc","accuracy","average_response_time","avg_rt","background","bidi","canvas_backend","clock_backend","color_backend","compensation","coordinates","correct","correct_Pictures_response","correct_Start_DE","correct_Target_response_Prac","correct_Welcome_PP_DE","correct_count","correct_response","count_Check_This","count_Disable_Mouse","count_EXP","count_LAB_SEED","count_Language_Selection","count_List_Select","count_List_Selection","count_Pictures_Break","count_Pictures_End","count_Pictures_Exp","count_Pictures_Fixation","count_Pictures_Fixation_Prac","count_Pictures_Prac","count_Pictures_Start","count_Pictures_Target","count_Pictures_Trial","count_Pictures_Welcome","count_Pictures_loop","count_Pictures_response","count_Pictures_response_correct","count_Pictures_response_noans","count_Pictures_response_wrong","count_Prac","count_Prac_Count","count_Prac_Reset","count_Prac_Trial","count_Prac_loop","count_Prac_seq","count_Prac_setup","count_Start_DE","count_Start_E","count_Start_ELL","count_Start_HIN","count_Start_HUN","count_Start_NOR","count_Start_PL","count_Start_POR","count_Start_SC","count_Start_SLK","count_Start_SPA","count_Start_TC","count_Start_THAI","count_Start_TUR","count_Target_Prac","count_Target_response_Prac","count_Target_response_correct_Prac","count_Target_response_noans_Prac","count_Target_response_wrong_Prac","count_Trial_logger","count_Welcome_PP_DE","count_Welcome_PP_E","count_Welcome_PP_ELL","count_Welcome_PP_HIN","count_Welcome_PP_HUN","count_Welcome_PP_NOR","count_Welcome_PP_PL","count_Welcome_PP_POR","count_Welcome_PP_SC","count_Welcome_PP_SLK","count_Welcome_PP_SPA","count_Welcome_PP_TC","count_Welcome_PP_THAI","count_Welcome_PP_TUR","datetime","de","description","disable_garbage_collection","ell","empty_column","en","experiment_file","experiment_path","font_bold","font_family","font_italic","font_size","font_underline","foreground","form_clicks","form_response","fullscreen","height","hin","hun","keyboard_backend","live_row","live_row_Pictures_loop","live_row_Prac","live_row_Prac_loop","logfile","mouse_backend","nor","opensesame_codename","opensesame_version","osf_always_upload_experiment","osf_id","pol","por","repeat_cycle","reset_loop","response","response_Pictures_Break","response_Pictures_End","response_Pictures_response","response_Start_DE","response_Start_E","response_Start_ELL","response_Start_HIN","response_Start_HUN","response_Start_NOR","response_Start_PL","response_Start_POR","response_Start_SC","response_Start_SLK","response_Start_SPA","response_Start_TC","response_Start_THAI","response_Start_TUR","response_Target_response_Prac","response_Welcome_PP_DE","response_Welcome_PP_E","response_Welcome_PP_ELL","response_Welcome_PP_HIN","response_Welcome_PP_HUN","response_Welcome_PP_NOR","response_Welcome_PP_PL","response_Welcome_PP_POR","response_Welcome_PP_SC","response_Welcome_PP_SLK","response_Welcome_PP_SPA","response_Welcome_PP_TC","response_Welcome_PP_THAI","response_Welcome_PP_TUR","response_time","response_time_Pictures_Break","response_time_Pictures_End","response_time_Pictures_response","response_time_Start_DE","response_time_Start_E","response_time_Start_ELL","response_time_Start_HIN","response_time_Start_HUN","response_time_Start_NOR","response_time_Start_PL","response_time_Start_POR","response_time_Start_SC","response_time_Start_SLK","response_time_Start_SPA","response_time_Start_TC","response_time_Start_THAI","response_time_Start_TUR","response_time_Target_response_Prac","response_time_Welcome_PP_DE","response_time_Welcome_PP_E","response_time_Welcome_PP_ELL","response_time_Welcome_PP_HIN","response_time_Welcome_PP_HUN","response_time_Welcome_PP_NOR","response_time_Welcome_PP_PL","response_time_Welcome_PP_POR","response_time_Welcome_PP_SC","response_time_Welcome_PP_SLK","response_time_Welcome_PP_SPA","response_time_Welcome_PP_TC","response_time_Welcome_PP_THAI","response_time_Welcome_PP_TUR","round_decimals","sampler_backend","sc","slk","sound_buf_size","sound_channels","sound_freq","sound_sample_size","spa","start","subject_nr","subject_parity","tc","thai","time_Check_This","time_Disable_Mouse","time_EXP","time_LAB_SEED","time_Language_Selection","time_List_Select","time_List_Selection","time_Pictures_Break","time_Pictures_End","time_Pictures_Exp","time_Pictures_Fixation","time_Pictures_Fixation_Prac","time_Pictures_Prac","time_Pictures_Start","time_Pictures_Target","time_Pictures_Trial","time_Pictures_Welcome","time_Pictures_loop","time_Pictures_response","time_Pictures_response_correct","time_Pictures_response_noans","time_Pictures_response_wrong","time_Prac","time_Prac_Count","time_Prac_Reset","time_Prac_Trial","time_Prac_loop","time_Prac_seq","time_Prac_setup","time_Start_DE","time_Start_E","time_Start_ELL","time_Start_HIN","time_Start_HUN","time_Start_NOR","time_Start_PL","time_Start_POR","time_Start_SC","time_Start_SLK","time_Start_SPA","time_Start_TC","time_Start_THAI","time_Start_TUR","time_Target_Prac","time_Target_response_Prac","time_Target_response_correct_Prac","time_Target_response_noans_Prac","time_Target_response_wrong_Prac","time_Trial_logger","time_Welcome_PP_DE","time_Welcome_PP_E","time_Welcome_PP_ELL","time_Welcome_PP_HIN","time_Welcome_PP_HUN","time_Welcome_PP_NOR","time_Welcome_PP_PL","time_Welcome_PP_POR","time_Welcome_PP_SC","time_Welcome_PP_SLK","time_Welcome_PP_SPA","time_Welcome_PP_TC","time_Welcome_PP_THAI","time_Welcome_PP_TUR","title","total_correct","total_response_time","total_responses","tur","uniform_coordinates","width"
"N","2856","V","H","PP_LIST1.csv","plateV.jpg","plateH.jpg","100","100","958.285714286","958.285714286","#ffffff","yes","legacy","legacy","legacy","0","uniform","1","1","undefined","1","undefined","6","j","0","0","0","0","0","0","0","NA","0","0","0","5","0","0","0","0","0","0","0","0","0","0","0","5","0","5","0","0","0","0","0","0","0","0","0","0","0","0","0","0","0","0","0","5","5","5","5","5","0","0","0","0","0","0","0","0","0","0","0","0","0","0","0","11/21/19 11:56:46","yes","Matching Tasks","yes","no","","no","OrientationCrossLanguages_2018PSA_PP_1.2.4.osexp","Z:\PSA002003\Scripts","no","mono","no","18","no","#0000ff","no","Deutsch","yes","768","no","no","legacy","0","0","1","5","Z:/PSA002003/rawdata/AUT_002_PP_077.csv","legacy","no","Kafkaesque Koffka","3.2.8","yes","5a7ce671e83246000deafe81","no","no","0","0","j","NA","NA","j","space","NA","NA","NA","NA","NA","NA","NA","NA","NA","NA","NA","NA","NA","j","space","NA","NA","NA","NA","NA","NA","NA","NA","NA","NA","NA","NA","NA","840","NA","NA","840","2663","NA","NA","NA","NA","NA","NA","NA","NA","NA","NA","NA","NA","NA","612","15565","NA","NA","NA","NA","NA","NA","NA","NA","NA","NA","NA","NA","NA","2","legacy","no","no","1024","2","48000","-16","no","EXP","77","odd","no","no","NA","7972","3325","3326","6423","7959","7959","NA","NA","39151","39270","34826","23551","36474","39771","39268","7972","39151","39771","40613","NA","NA","23551","36441","23571","34824","23571","23571","23551","36476","NA","NA","NA","NA","NA","NA","NA","NA","NA","NA","NA","NA","NA","35327","35327","35941","26642","NA","41113","7974","NA","NA","NA","NA","NA","NA","NA","NA","NA","NA","NA","NA","NA","Orientation_PSA2018","7","6708","7","no","yes","1024"
"Y","2856","H","H","PP_LIST1.csv","broomH.jpg","broomH.jpg","100","100","909","909","#ffffff","yes","legacy","legacy","legacy","0","uniform","1","1","undefined","1","undefined","6","j","0","0","0","0","0","0","0","NA","1","0","1","5","0","0","1","1","0","0","1","1","1","1","0","5","0","5","0","0","0","0","0","0","0","0","0","0","0","0","0","0","0","0","0","5","5","5","5","5","1","0","0","0","0","0","0","0","0","0","0","0","0","0","0","11/21/19 11:56:46","yes","Matching Tasks","yes","no","","no","OrientationCrossLanguages_2018PSA_PP_1.2.4.osexp","Z:\PSA002003\Scripts","no","mono","no","18","no","#0000ff","no","Deutsch","yes","768","no","no","legacy","1","1","1","5","Z:/PSA002003/rawdata/AUT_002_PP_077.csv","legacy","no","Kafkaesque Koffka","3.2.8","yes","5a7ce671e83246000deafe81","no","no","0","0","j","NA","NA","j","space","NA","NA","NA","NA","NA","NA","NA","NA","NA","NA","NA","NA","NA","j","space","NA","NA","NA","NA","NA","NA","NA","NA","NA","NA","NA","NA","NA","564","NA","NA","564","2663","NA","NA","NA","NA","NA","NA","NA","NA","NA","NA","NA","NA","NA","612","15565","NA","NA","NA","NA","NA","NA","NA","NA","NA","NA","NA","NA","NA","2","legacy","no","no","1024","2","48000","-16","no","EXP","77","odd","no","no","NA","7972","3325","3326","6423","7959","7959","NA","NA","39151","41241","34826","23551","36474","41743","41240","7972","39151","41743","42309","NA","NA","23551","36441","23571","34824","23571","23571","23551","36476","NA","NA","NA","NA","NA","NA","NA","NA","NA","NA","NA","NA","NA","35327","35327","35941","26642","NA","42809","7974","NA","NA","NA","NA","NA","NA","NA","NA","NA","NA","NA","NA","NA","Orientation_PSA2018","8","7272","8","no","yes","1024"
"N","2856","V","H","PP_LIST1.csv","screwV.jpg","screwH.jpg","100","100","874.333333333","874.333333333","#ffffff","yes","legacy","legacy","legacy","0","uniform","1","1","undefined","1","undefined","6","j","0","0","0","0","0","0","0","NA","2","0","2","5","0","0","2","2","0","0","2","2","2","2","0","5","0","5","0","0","0","0","0","0","0","0","0","0","0","0","0","0","0","0","0","5","5","5","5","5","2","0","0","0","0","0","0","0","0","0","0","0","0","0","0","11/21/19 11:56:46","yes","Matching Tasks","yes","no","","no","OrientationCrossLanguages_2018PSA_PP_1.2.4.osexp","Z:\PSA002003\Scripts","no","mono","no","18","no","#0000ff","no","Deutsch","yes","768","no","no","legacy","2","2","1","5","Z:/PSA002003/rawdata/AUT_002_PP_077.csv","legacy","no","Kafkaesque Koffka","3.2.8","yes","5a7ce671e83246000deafe81","no","no","0","0","j","NA","NA","j","space","NA","NA","NA","NA","NA","NA","NA","NA","NA","NA","NA","NA","NA","j","space","NA","NA","NA","NA","NA","NA","NA","NA","NA","NA","NA","NA","NA","597","NA","NA","597","2663","NA","NA","NA","NA","NA","NA","NA","NA","NA","NA","NA","NA","NA","612","15565","NA","NA","NA","NA","NA","NA","NA","NA","NA","NA","NA","NA","NA","2","legacy","no","no","1024","2","48000","-16","no","EXP","77","odd","no","no","NA","7972","3325","3326","6423","7959","7959","NA","NA","39151","42921","34826","23551","36474","43422","42920","7972","39151","43422","44021","NA","NA","23551","36441","23571","34824","23571","23571","23551","36476","NA","NA","NA","NA","NA","NA","NA","NA","NA","NA","NA","NA","NA","35327","35327","35941","26642","NA","44521","7974","NA","NA","NA","NA","NA","NA","NA","NA","NA","NA","NA","NA","NA","Orientation_PSA2018","9","7869","9","no","yes","1024"
"F","2856","F","F","PP_LIST1.csv","wrench.jpg","piano.jpg","100","100","843.3","843.3","#ffffff","yes","legacy","legacy","legacy","0","uniform","1","1","undefined","1","undefined","6","f","0","0","0","0","0","0","0","NA","3","0","3","5","0","0","3","3","0","0","3","3","3","3","0","5","0","5","0","0","0","0","0","0","0","0","0","0","0","0","0","0","0","0","0","5","5","5","5","5","3","0","0","0","0","0","0","0","0","0","0","0","0","0","0","11/21/19 11:56:46","yes","Matching Tasks","yes","no","","no","OrientationCrossLanguages_2018PSA_PP_1.2.4.osexp","Z:\PSA002003\Scripts","no","mono","no","18","no","#0000ff","no","Deutsch","yes","768","no","no","legacy","3","3","1","5","Z:/PSA002003/rawdata/AUT_002_PP_077.csv","legacy","no","Kafkaesque Koffka","3.2.8","yes","5a7ce671e83246000deafe81","no","no","0","0","f","NA","NA","f","space","NA","NA","NA","NA","NA","NA","NA","NA","NA","NA","NA","NA","NA","j","space","NA","NA","NA","NA","NA","NA","NA","NA","NA","NA","NA","NA","NA","564","NA","NA","564","2663","NA","NA","NA","NA","NA","NA","NA","NA","NA","NA","NA","NA","NA","612","15565","NA","NA","NA","NA","NA","NA","NA","NA","NA","NA","NA","NA","NA","2","legacy","no","no","1024","2","48000","-16","no","EXP","77","odd","no","no","NA","7972","3325","3326","6423","7959","7959","NA","NA","39151","44642","34826","23551","36474","45143","44641","7972","39151","45143","45709","NA","NA","23551","36441","23571","34824","23571","23571","23551","36476","NA","NA","NA","NA","NA","NA","NA","NA","NA","NA","NA","NA","NA","35327","35327","35941","26642","NA","46209","7974","NA","NA","NA","NA","NA","NA","NA","NA","NA","NA","NA","NA","NA","Orientation_PSA2018","10","8433","10","no","yes","1024"
"N","2856","H","V","PP_LIST1.csv","nailH.jpg","nailV.jpg","100","100","821.363636364","821.363636364","#ffffff","yes","legacy","legacy","legacy","0","uniform","1","1","undefined","1","undefined","6","j","0","0","0","0","0","0","0","NA","4","0","4","5","0","0","4","4","0","0","4","4","4","4","0","5","0","5","0","0","0","0","0","0","0","0","0","0","0","0","0","0","0","0","0","5","5","5","5","5","4","0","0","0","0","0","0","0","0","0","0","0","0","0","0","11/21/19 11:56:46","yes","Matching Tasks","yes","no","","no","OrientationCrossLanguages_2018PSA_PP_1.2.4.osexp","Z:\PSA002003\Scripts","no","mono","no","18","no","#0000ff","no","Deutsch","yes","768","no","no","legacy","4","4","1","5","Z:/PSA002003/rawdata/AUT_002_PP_077.csv","legacy","no","Kafkaesque Koffka","3.2.8","yes","5a7ce671e83246000deafe81","no","no","0","0","j","NA","NA","j","space","NA","NA","NA","NA","NA","NA","NA","NA","NA","NA","NA","NA","NA","j","space","NA","NA","NA","NA","NA","NA","NA","NA","NA","NA","NA","NA","NA","602","NA","NA","602","2663","NA","NA","NA","NA","NA","NA","NA","NA","NA","NA","NA","NA","NA","612","15565","NA","NA","NA","NA","NA","NA","NA","NA","NA","NA","NA","NA","NA","2","legacy","no","no","1024","2","48000","-16","no","EXP","77","odd","no","no","NA","7972","3325","3326","6423","7959","7959","NA","NA","39151","46324","34826","23551","36474","46825","46322","7972","39151","46825","47429","NA","NA","23551","36441","23571","34824","23571","23571","23551","36476","NA","NA","NA","NA","NA","NA","NA","NA","NA","NA","NA","NA","NA","35327","35327","35941","26642","NA","47929","7974","NA","NA","NA","NA","NA","NA","NA","NA","NA","NA","NA","NA","NA","Orientation_PSA2018","11","9035","11","no","yes","1024"
"N","2856","H","V","PP_LIST1.csv","glassH.jpg","glassV.jpg","100","100","794.5","794.5","#ffffff","yes","legacy","legacy","legacy","0","uniform","1","1","undefined","1","undefined","6","j","0","0","0","0","0","0","0","NA","5","0","5","5","0","0","5","5","0","0","5","5","5","5","0","5","0","5","0","0","0","0","0","0","0","0","0","0","0","0","0","0","0","0","0","5","5","5","5","5","5","0","0","0","0","0","0","0","0","0","0","0","0","0","0","11/21/19 11:56:46","yes","Matching Tasks","yes","no","","no","OrientationCrossLanguages_2018PSA_PP_1.2.4.osexp","Z:\PSA002003\Scripts","no","mono","no","18","no","#0000ff","no","Deutsch","yes","768","no","no","legacy","5","5","1","5","Z:/PSA002003/rawdata/AUT_002_PP_077.csv","legacy","no","Kafkaesque Koffka","3.2.8","yes","5a7ce671e83246000deafe81","no","no","0","0","j","NA","NA","j","space","NA","NA","NA","NA","NA","NA","NA","NA","NA","NA","NA","NA","NA","j","space","NA","NA","NA","NA","NA","NA","NA","NA","NA","NA","NA","NA","NA","499","NA","NA","499","2663","NA","NA","NA","NA","NA","NA","NA","NA","NA","NA","NA","NA","NA","612","15565","NA","NA","NA","NA","NA","NA","NA","NA","NA","NA","NA","NA","NA","2","legacy","no","no","1024","2","48000","-16","no","EXP","77","odd","no","no","NA","7972","3325","3326","6423","7959","7959","NA","NA","39151","48051","34826","23551","36474","48552","48049","7972","39151","48552","49053","NA","NA","23551","36441","23571","34824","23571","23571","23551","36476","NA","NA","NA","NA","NA","NA","NA","NA","NA","NA","NA","NA","NA","35327","35327","35941","26642","NA","49553","7974","NA","NA","NA","NA","NA","NA","NA","NA","NA","NA","NA","NA","NA","Orientation_PSA2018","12","9534","12","no","yes","1024"
"F","2856","F","F","PP_LIST1.csv","knife.jpg","ladder.jpg","100","100","783.384615385","783.384615385","#ffffff","yes","legacy","legacy","legacy","0","uniform","1","1","undefined","1","undefined","6","f","0","0","0","0","0","0","0","NA","6","0","6","5","0","0","6","6","0","0","6","6","6","6","0","5","0","5","0","0","0","0","0","0","0","0","0","0","0","0","0","0","0","0","0","5","5","5","5","5","6","0","0","0","0","0","0","0","0","0","0","0","0","0","0","11/21/19 11:56:46","yes","Matching Tasks","yes","no","","no","OrientationCrossLanguages_2018PSA_PP_1.2.4.osexp","Z:\PSA002003\Scripts","no","mono","no","18","no","#0000ff","no","Deutsch","yes","768","no","no","legacy","6","6","1","5","Z:/PSA002003/rawdata/AUT_002_PP_077.csv","legacy","no","Kafkaesque Koffka","3.2.8","yes","5a7ce671e83246000deafe81","no","no","0","0","f","NA","NA","f","space","NA","NA","NA","NA","NA","NA","NA","NA","NA","NA","NA","NA","NA","j","space","NA","NA","NA","NA","NA","NA","NA","NA","NA","NA","NA","NA","NA","650","NA","NA","650","2663","NA","NA","NA","NA","NA","NA","NA","NA","NA","NA","NA","NA","NA","612","15565","NA","NA","NA","NA","NA","NA","NA","NA","NA","NA","NA","NA","NA","2","legacy","no","no","1024","2","48000","-16","no","EXP","77","odd","no","no","NA","7972","3325","3326","6423","7959","7959","NA","NA","39151","49668","34826","23551","36474","50169","49666","7972","39151","50169","50821","NA","NA","23551","36441","23571","34824","23571","23571","23551","36476","NA","NA","NA","NA","NA","NA","NA","NA","NA","NA","NA","NA","NA","35327","35327","35941","26642","NA","51321","7974","NA","NA","NA","NA","NA","NA","NA","NA","NA","NA","NA","NA","NA","Orientation_PSA2018","13","10184","13","no","yes","1024"
"N","2856","H","V","PP_LIST1.csv","pencilH.jpg","pencilV.jpg","100","100","773.428571429","773.428571429","#ffffff","yes","legacy","legacy","legacy","0","uniform","1","1","undefined","1","undefined","6","j","0","0","0","0","0","0","0","NA","7","0","7","5","0","0","7","7","0","0","7","7","7","7","0","5","0","5","0","0","0","0","0","0","0","0","0","0","0","0","0","0","0","0","0","5","5","5","5","5","7","0","0","0","0","0","0","0","0","0","0","0","0","0","0","11/21/19 11:56:46","yes","Matching Tasks","yes","no","","no","OrientationCrossLanguages_2018PSA_PP_1.2.4.osexp","Z:\PSA002003\Scripts","no","mono","no","18","no","#0000ff","no","Deutsch","yes","768","no","no","legacy","7","7","1","5","Z:/PSA002003/rawdata/AUT_002_PP_077.csv","legacy","no","Kafkaesque Koffka","3.2.8","yes","5a7ce671e83246000deafe81","no","no","0","0","j","NA","NA","j","space","NA","NA","NA","NA","NA","NA","NA","NA","NA","NA","NA","NA","NA","j","space","NA","NA","NA","NA","NA","NA","NA","NA","NA","NA","NA","NA","NA","644","NA","NA","644","2663","NA","NA","NA","NA","NA","NA","NA","NA","NA","NA","NA","NA","NA","612","15565","NA","NA","NA","NA","NA","NA","NA","NA","NA","NA","NA","NA","NA","2","legacy","no","no","1024","2","48000","-16","no","EXP","77","odd","no","no","NA","7972","3325","3326","6423","7959","7959","NA","NA","39151","51434","34826","23551","36474","51935","51432","7972","39151","51935","52582","NA","NA","23551","36441","23571","34824","23571","23571","23551","36476","NA","NA","NA","NA","NA","NA","NA","NA","NA","NA","NA","NA","NA","35327","35327","35941","26642","NA","53082","7974","NA","NA","NA","NA","NA","NA","NA","NA","NA","NA","NA","NA","NA","Orientation_PSA2018","14","10828","14","no","yes","1024"
"N","2856","V","H","PP_LIST1.csv","scssorV.jpg","scssorH.jpg","100","100","765.866666667","765.866666667","#ffffff","yes","legacy","legacy","legacy","0","uniform","1","1","undefined","1","undefined","6","j","0","0","0","0","0","0","0","NA","8","0","8","5","0","0","8","8","0","0","8","8","8","8","0","5","0","5","0","0","0","0","0","0","0","0","0","0","0","0","0","0","0","0","0","5","5","5","5","5","8","0","0","0","0","0","0","0","0","0","0","0","0","0","0","11/21/19 11:56:46","yes","Matching Tasks","yes","no","","no","OrientationCrossLanguages_2018PSA_PP_1.2.4.osexp","Z:\PSA002003\Scripts","no","mono","no","18","no","#0000ff","no","Deutsch","yes","768","no","no","legacy","8","8","1","5","Z:/PSA002003/rawdata/AUT_002_PP_077.csv","legacy","no","Kafkaesque Koffka","3.2.8","yes","5a7ce671e83246000deafe81","no","no","0","0","j","NA","NA","j","space","NA","NA","NA","NA","NA","NA","NA","NA","NA","NA","NA","NA","NA","j","space","NA","NA","NA","NA","NA","NA","NA","NA","NA","NA","NA","NA","NA","660","NA","NA","660","2663","NA","NA","NA","NA","NA","NA","NA","NA","NA","NA","NA","NA","NA","612","15565","NA","NA","NA","NA","NA","NA","NA","NA","NA","NA","NA","NA","NA","2","legacy","no","no","1024","2","48000","-16","no","EXP","77","odd","no","no","NA","7972","3325","3326","6423","7959","7959","NA","NA","39151","53194","34826","23551","36474","53695","53193","7972","39151","53695","54357","NA","NA","23551","36441","23571","34824","23571","23571","23551","36476","NA","NA","NA","NA","NA","NA","NA","NA","NA","NA","NA","NA","NA","35327","35327","35941","26642","NA","54857","7974","NA","NA","NA","NA","NA","NA","NA","NA","NA","NA","NA","NA","NA","Orientation_PSA2018","15","11488","15","no","yes","1024"
"N","2856","V","H","PP_LIST1.csv","tireV.jpg","tireH.jpg","100","100","756.0625","756.0625","#ffffff","yes","legacy","legacy","legacy","0","uniform","1","1","undefined","1","undefined","6","j","0","0","0","0","0","0","0","NA","9","0","9","5","0","0","9","9","0","0","9","9","9","9","0","5","0","5","0","0","0","0","0","0","0","0","0","0","0","0","0","0","0","0","0","5","5","5","5","5","9","0","0","0","0","0","0","0","0","0","0","0","0","0","0","11/21/19 11:56:46","yes","Matching Tasks","yes","no","","no","OrientationCrossLanguages_2018PSA_PP_1.2.4.osexp","Z:\PSA002003\Scripts","no","mono","no","18","no","#0000ff","no","Deutsch","yes","768","no","no","legacy","9","9","1","5","Z:/PSA002003/rawdata/AUT_002_PP_077.csv","legacy","no","Kafkaesque Koffka","3.2.8","yes","5a7ce671e83246000deafe81","no","no","0","0","j","NA","NA","j","space","NA","NA","NA","NA","NA","NA","NA","NA","NA","NA","NA","NA","NA","j","space","NA","NA","NA","NA","NA","NA","NA","NA","NA","NA","NA","NA","NA","609","NA","NA","609","2663","NA","NA","NA","NA","NA","NA","NA","NA","NA","NA","NA","NA","NA","612","15565","NA","NA","NA","NA","NA","NA","NA","NA","NA","NA","NA","NA","NA","2","legacy","no","no","1024","2","48000","-16","no","EXP","77","odd","no","no","NA","7972","3325","3326","6423","7959","7959","NA","NA","39151","54997","34826","23551","36474","55498","54995","7972","39151","55498","56109","NA","NA","23551","36441","23571","34824","23571","23571","23551","36476","NA","NA","NA","NA","NA","NA","NA","NA","NA","NA","NA","NA","NA","35327","35327","35941","26642","NA","56609","7974","NA","NA","NA","NA","NA","NA","NA","NA","NA","NA","NA","NA","NA","Orientation_PSA2018","16","12097","16","no","yes","1024"
"Y","2856","V","V","PP_LIST1.csv","flashV.jpg","flashV.jpg","100","100","742.705882353","742.705882353","#ffffff","yes","legacy","legacy","legacy","0","uniform","1","1","undefined","1","undefined","6","j","0","0","0","0","0","0","0","NA","10","0","10","5","0","0","10","10","0","0","10","10","10","10","0","5","0","5","0","0","0","0","0","0","0","0","0","0","0","0","0","0","0","0","0","5","5","5","5","5","10","0","0","0","0","0","0","0","0","0","0","0","0","0","0","11/21/19 11:56:46","yes","Matching Tasks","yes","no","","no","OrientationCrossLanguages_2018PSA_PP_1.2.4.osexp","Z:\PSA002003\Scripts","no","mono","no","18","no","#0000ff","no","Deutsch","yes","768","no","no","legacy","10","10","1","5","Z:/PSA002003/rawdata/AUT_002_PP_077.csv","legacy","no","Kafkaesque Koffka","3.2.8","yes","5a7ce671e83246000deafe81","no","no","0","0","j","NA","NA","j","space","NA","NA","NA","NA","NA","NA","NA","NA","NA","NA","NA","NA","NA","j","space","NA","NA","NA","NA","NA","NA","NA","NA","NA","NA","NA","NA","NA","529","NA","NA","529","2663","NA","NA","NA","NA","NA","NA","NA","NA","NA","NA","NA","NA","NA","612","15565","NA","NA","NA","NA","NA","NA","NA","NA","NA","NA","NA","NA","NA","2","legacy","no","no","1024","2","48000","-16","no","EXP","77","odd","no","no","NA","7972","3325","3326","6423","7959","7959","NA","NA","39151","56734","34826","23551","36474","57235","56732","7972","39151","57235","57766","NA","NA","23551","36441","23571","34824","23571","23571","23551","36476","NA","NA","NA","NA","NA","NA","NA","NA","NA","NA","NA","NA","NA","35327","35327","35941","26642","NA","58266","7974","NA","NA","NA","NA","NA","NA","NA","NA","NA","NA","NA","NA","NA","Orientation_PSA2018","17","12626","17","no","yes","1024"
"F","2856","F","F","PP_LIST1.csv","tapedispenser.jpg","wrench.jpg","100","100","741.166666667","741.166666667","#ffffff","yes","legacy","legacy","legacy","0","uniform","1","1","undefined","1","undefined","6","f","0","0","0","0","0","0","0","NA","11","0","11","5","0","0","11","11","0","0","11","11","11","11","0","5","0","5","0","0","0","0","0","0","0","0","0","0","0","0","0","0","0","0","0","5","5","5","5","5","11","0","0","0","0","0","0","0","0","0","0","0","0","0","0","11/21/19 11:56:46","yes","Matching Tasks","yes","no","","no","OrientationCrossLanguages_2018PSA_PP_1.2.4.osexp","Z:\PSA002003\Scripts","no","mono","no","18","no","#0000ff","no","Deutsch","yes","768","no","no","legacy","11","11","1","5","Z:/PSA002003/rawdata/AUT_002_PP_077.csv","legacy","no","Kafkaesque Koffka","3.2.8","yes","5a7ce671e83246000deafe81","no","no","0","0","f","NA","NA","f","space","NA","NA","NA","NA","NA","NA","NA","NA","NA","NA","NA","NA","NA","j","space","NA","NA","NA","NA","NA","NA","NA","NA","NA","NA","NA","NA","NA","715","NA","NA","715","2663","NA","NA","NA","NA","NA","NA","NA","NA","NA","NA","NA","NA","NA","612","15565","NA","NA","NA","NA","NA","NA","NA","NA","NA","NA","NA","NA","NA","2","legacy","no","no","1024","2","48000","-16","no","EXP","77","odd","no","no","NA","7972","3325","3326","6423","7959","7959","NA","NA","39151","58379","34826","23551","36474","58880","58377","7972","39151","58880","59597","NA","NA","23551","36441","23571","34824","23571","23571","23551","36476","NA","NA","NA","NA","NA","NA","NA","NA","NA","NA","NA","NA","NA","35327","35327","35941","26642","NA","60097","7974","NA","NA","NA","NA","NA","NA","NA","NA","NA","NA","NA","NA","NA","Orientation_PSA2018","18","13341","18","no","yes","1024"
"F","2856","F","F","PP_LIST1.csv","house.jpg","ring.jpg","100","100","729.789473684","729.789473684","#ffffff","yes","legacy","legacy","legacy","0","uniform","1","1","undefined","1","undefined","6","f","0","0","0","0","0","0","0","NA","12","0","12","5","0","0","12","12","0","0","12","12","12","12","0","5","0","5","0","0","0","0","0","0","0","0","0","0","0","0","0","0","0","0","0","5","5","5","5","5","12","0","0","0","0","0","0","0","0","0","0","0","0","0","0","11/21/19 11:56:46","yes","Matching Tasks","yes","no","","no","OrientationCrossLanguages_2018PSA_PP_1.2.4.osexp","Z:\PSA002003\Scripts","no","mono","no","18","no","#0000ff","no","Deutsch","yes","768","no","no","legacy","12","12","1","5","Z:/PSA002003/rawdata/AUT_002_PP_077.csv","legacy","no","Kafkaesque Koffka","3.2.8","yes","5a7ce671e83246000deafe81","no","no","0","0","f","NA","NA","f","space","NA","NA","NA","NA","NA","NA","NA","NA","NA","NA","NA","NA","NA","j","space","NA","NA","NA","NA","NA","NA","NA","NA","NA","NA","NA","NA","NA","525","NA","NA","525","2663","NA","NA","NA","NA","NA","NA","NA","NA","NA","NA","NA","NA","NA","612","15565","NA","NA","NA","NA","NA","NA","NA","NA","NA","NA","NA","NA","NA","2","legacy","no","no","1024","2","48000","-16","no","EXP","77","odd","no","no","NA","7972","3325","3326","6423","7959","7959","NA","NA","39151","60217","34826","23551","36474","60718","60216","7972","39151","60718","61245","NA","NA","23551","36441","23571","34824","23571","23571","23551","36476","NA","NA","NA","NA","NA","NA","NA","NA","NA","NA","NA","NA","NA","35327","35327","35941","26642","NA","61745","7974","NA","NA","NA","NA","NA","NA","NA","NA","NA","NA","NA","NA","NA","Orientation_PSA2018","19","13866","19","no","yes","1024"
"F","2856","F","F","PP_LIST1.csv","pumpkin.jpg","trmpet.jpg","100","100","713.5","713.5","#ffffff","yes","legacy","legacy","legacy","0","uniform","1","1","undefined","1","undefined","6","f","0","0","0","0","0","0","0","NA","13","0","13","5","0","0","13","13","0","0","13","13","13","13","0","5","0","5","0","0","0","0","0","0","0","0","0","0","0","0","0","0","0","0","0","5","5","5","5","5","13","0","0","0","0","0","0","0","0","0","0","0","0","0","0","11/21/19 11:56:46","yes","Matching Tasks","yes","no","","no","OrientationCrossLanguages_2018PSA_PP_1.2.4.osexp","Z:\PSA002003\Scripts","no","mono","no","18","no","#0000ff","no","Deutsch","yes","768","no","no","legacy","13","13","1","5","Z:/PSA002003/rawdata/AUT_002_PP_077.csv","legacy","no","Kafkaesque Koffka","3.2.8","yes","5a7ce671e83246000deafe81","no","no","0","0","f","NA","NA","f","space","NA","NA","NA","NA","NA","NA","NA","NA","NA","NA","NA","NA","NA","j","space","NA","NA","NA","NA","NA","NA","NA","NA","NA","NA","NA","NA","NA","404","NA","NA","404","2663","NA","NA","NA","NA","NA","NA","NA","NA","NA","NA","NA","NA","NA","612","15565","NA","NA","NA","NA","NA","NA","NA","NA","NA","NA","NA","NA","NA","2","legacy","no","no","1024","2","48000","-16","no","EXP","77","odd","no","no","NA","7972","3325","3326","6423","7959","7959","NA","NA","39151","61866","34826","23551","36474","62367","61865","7972","39151","62367","62773","NA","NA","23551","36441","23571","34824","23571","23571","23551","36476","NA","NA","NA","NA","NA","NA","NA","NA","NA","NA","NA","NA","NA","35327","35327","35941","26642","NA","63273","7974","NA","NA","NA","NA","NA","NA","NA","NA","NA","NA","NA","NA","NA","Orientation_PSA2018","20","14270","20","no","yes","1024"
"F","2856","F","F","PP_LIST1.csv","stove.jpg","ftball.jpg","100","100","701.333333333","701.333333333","#ffffff","yes","legacy","legacy","legacy","0","uniform","1","1","undefined","1","undefined","6","f","0","0","0","0","0","0","0","NA","14","0","14","5","0","0","14","14","0","0","14","14","14","14","0","5","0","5","0","0","0","0","0","0","0","0","0","0","0","0","0","0","0","0","0","5","5","5","5","5","14","0","0","0","0","0","0","0","0","0","0","0","0","0","0","11/21/19 11:56:46","yes","Matching Tasks","yes","no","","no","OrientationCrossLanguages_2018PSA_PP_1.2.4.osexp","Z:\PSA002003\Scripts","no","mono","no","18","no","#0000ff","no","Deutsch","yes","768","no","no","legacy","14","14","1","5","Z:/PSA002003/rawdata/AUT_002_PP_077.csv","legacy","no","Kafkaesque Koffka","3.2.8","yes","5a7ce671e83246000deafe81","no","no","0","0","f","NA","NA","f","space","NA","NA","NA","NA","NA","NA","NA","NA","NA","NA","NA","NA","NA","j","space","NA","NA","NA","NA","NA","NA","NA","NA","NA","NA","NA","NA","NA","458","NA","NA","458","2663","NA","NA","NA","NA","NA","NA","NA","NA","NA","NA","NA","NA","NA","612","15565","NA","NA","NA","NA","NA","NA","NA","NA","NA","NA","NA","NA","NA","2","legacy","no","no","1024","2","48000","-16","no","EXP","77","odd","no","no","NA","7972","3325","3326","6423","7959","7959","NA","NA","39151","63395","34826","23551","36474","63897","63394","7972","39151","63897","64357","NA","NA","23551","36441","23571","34824","23571","23571","23551","36476","NA","NA","NA","NA","NA","NA","NA","NA","NA","NA","NA","NA","NA","35327","35327","35941","26642","NA","64857","7974","NA","NA","NA","NA","NA","NA","NA","NA","NA","NA","NA","NA","NA","Orientation_PSA2018","21","14728","21","no","yes","1024"
"Y","2856","V","V","PP_LIST1.csv","fire_extinguisherV.jpg","fire_extinguisherV.jpg","100","100","694.681818182","694.681818182","#ffffff","yes","legacy","legacy","legacy","0","uniform","1","1","undefined","1","undefined","6","j","0","0","0","0","0","0","0","NA","15","0","15","5","0","0","15","15","0","0","15","15","15","15","0","5","0","5","0","0","0","0","0","0","0","0","0","0","0","0","0","0","0","0","0","5","5","5","5","5","15","0","0","0","0","0","0","0","0","0","0","0","0","0","0","11/21/19 11:56:46","yes","Matching Tasks","yes","no","","no","OrientationCrossLanguages_2018PSA_PP_1.2.4.osexp","Z:\PSA002003\Scripts","no","mono","no","18","no","#0000ff","no","Deutsch","yes","768","no","no","legacy","15","15","1","5","Z:/PSA002003/rawdata/AUT_002_PP_077.csv","legacy","no","Kafkaesque Koffka","3.2.8","yes","5a7ce671e83246000deafe81","no","no","0","0","j","NA","NA","j","space","NA","NA","NA","NA","NA","NA","NA","NA","NA","NA","NA","NA","NA","j","space","NA","NA","NA","NA","NA","NA","NA","NA","NA","NA","NA","NA","NA","555","NA","NA","555","2663","NA","NA","NA","NA","NA","NA","NA","NA","NA","NA","NA","NA","NA","612","15565","NA","NA","NA","NA","NA","NA","NA","NA","NA","NA","NA","NA","NA","2","legacy","no","no","1024","2","48000","-16","no","EXP","77","odd","no","no","NA","7972","3325","3326","6423","7959","7959","NA","NA","39151","64987","34826","23551","36474","65488","64985","7972","39151","65488","66045","NA","NA","23551","36441","23571","34824","23571","23571","23551","36476","NA","NA","NA","NA","NA","NA","NA","NA","NA","NA","NA","NA","NA","35327","35327","35941","26642","NA","66546","7974","NA","NA","NA","NA","NA","NA","NA","NA","NA","NA","NA","NA","NA","Orientation_PSA2018","22","15283","22","no","yes","1024"
"F","2856","F","F","PP_LIST1.csv","buggy.jpg","glass.jpg","100","100","691.782608696","691.782608696","#ffffff","yes","legacy","legacy","legacy","0","uniform","1","1","undefined","1","undefined","6","f","0","0","0","0","0","0","0","NA","16","0","16","5","0","0","16","16","0","0","16","16","16","16","0","5","0","5","0","0","0","0","0","0","0","0","0","0","0","0","0","0","0","0","0","5","5","5","5","5","16","0","0","0","0","0","0","0","0","0","0","0","0","0","0","11/21/19 11:56:46","yes","Matching Tasks","yes","no","","no","OrientationCrossLanguages_2018PSA_PP_1.2.4.osexp","Z:\PSA002003\Scripts","no","mono","no","18","no","#0000ff","no","Deutsch","yes","768","no","no","legacy","16","16","1","5","Z:/PSA002003/rawdata/AUT_002_PP_077.csv","legacy","no","Kafkaesque Koffka","3.2.8","yes","5a7ce671e83246000deafe81","no","no","0","0","f","NA","NA","f","space","NA","NA","NA","NA","NA","NA","NA","NA","NA","NA","NA","NA","NA","j","space","NA","NA","NA","NA","NA","NA","NA","NA","NA","NA","NA","NA","NA","628","NA","NA","628","2663","NA","NA","NA","NA","NA","NA","NA","NA","NA","NA","NA","NA","NA","612","15565","NA","NA","NA","NA","NA","NA","NA","NA","NA","NA","NA","NA","NA","2","legacy","no","no","1024","2","48000","-16","no","EXP","77","odd","no","no","NA","7972","3325","3326","6423","7959","7959","NA","NA","39151","66666","34826","23551","36474","67167","66664","7972","39151","67167","67797","NA","NA","23551","36441","23571","34824","23571","23571","23551","36476","NA","NA","NA","NA","NA","NA","NA","NA","NA","NA","NA","NA","NA","35327","35327","35941","26642","NA","68297","7974","NA","NA","NA","NA","NA","NA","NA","NA","NA","NA","NA","NA","NA","Orientation_PSA2018","23","15911","23","no","yes","1024"
"F","2856","F","F","PP_LIST1.csv","needle.jpg","tiger.jpg","100","100","684.416666667","684.416666667","#ffffff","yes","legacy","legacy","legacy","0","uniform","1","1","undefined","1","undefined","6","f","0","0","0","0","0","0","0","NA","17","0","17","5","0","0","17","17","0","0","17","17","17","17","0","5","0","5","0","0","0","0","0","0","0","0","0","0","0","0","0","0","0","0","0","5","5","5","5","5","17","0","0","0","0","0","0","0","0","0","0","0","0","0","0","11/21/19 11:56:46","yes","Matching Tasks","yes","no","","no","OrientationCrossLanguages_2018PSA_PP_1.2.4.osexp","Z:\PSA002003\Scripts","no","mono","no","18","no","#0000ff","no","Deutsch","yes","768","no","no","legacy","17","17","1","5","Z:/PSA002003/rawdata/AUT_002_PP_077.csv","legacy","no","Kafkaesque Koffka","3.2.8","yes","5a7ce671e83246000deafe81","no","no","0","0","f","NA","NA","f","space","NA","NA","NA","NA","NA","NA","NA","NA","NA","NA","NA","NA","NA","j","space","NA","NA","NA","NA","NA","NA","NA","NA","NA","NA","NA","NA","NA","515","NA","NA","515","2663","NA","NA","NA","NA","NA","NA","NA","NA","NA","NA","NA","NA","NA","612","15565","NA","NA","NA","NA","NA","NA","NA","NA","NA","NA","NA","NA","NA","2","legacy","no","no","1024","2","48000","-16","no","EXP","77","odd","no","no","NA","7972","3325","3326","6423","7959","7959","NA","NA","39151","68419","34826","23551","36474","68920","68417","7972","39151","68920","69437","NA","NA","23551","36441","23571","34824","23571","23571","23551","36476","NA","NA","NA","NA","NA","NA","NA","NA","NA","NA","NA","NA","NA","35327","35327","35941","26642","NA","69937","7974","NA","NA","NA","NA","NA","NA","NA","NA","NA","NA","NA","NA","NA","Orientation_PSA2018","24","16426","24","no","yes","1024"
"F","2856","F","F","PP_LIST1.csv","ring.jpg","stove.jpg","100","100","674.72","674.72","#ffffff","yes","legacy","legacy","legacy","0","uniform","1","1","undefined","1","undefined","6","f","0","0","0","0","0","0","0","NA","18","0","18","5","0","0","18","18","0","0","18","18","18","18","0","5","0","5","0","0","0","0","0","0","0","0","0","0","0","0","0","0","0","0","0","5","5","5","5","5","18","0","0","0","0","0","0","0","0","0","0","0","0","0","0","11/21/19 11:56:46","yes","Matching Tasks","yes","no","","no","OrientationCrossLanguages_2018PSA_PP_1.2.4.osexp","Z:\PSA002003\Scripts","no","mono","no","18","no","#0000ff","no","Deutsch","yes","768","no","no","legacy","18","18","1","5","Z:/PSA002003/rawdata/AUT_002_PP_077.csv","legacy","no","Kafkaesque Koffka","3.2.8","yes","5a7ce671e83246000deafe81","no","no","0","0","f","NA","NA","f","space","NA","NA","NA","NA","NA","NA","NA","NA","NA","NA","NA","NA","NA","j","space","NA","NA","NA","NA","NA","NA","NA","NA","NA","NA","NA","NA","NA","442","NA","NA","442","2663","NA","NA","NA","NA","NA","NA","NA","NA","NA","NA","NA","NA","NA","612","15565","NA","NA","NA","NA","NA","NA","NA","NA","NA","NA","NA","NA","NA","2","legacy","no","no","1024","2","48000","-16","no","EXP","77","odd","no","no","NA","7972","3325","3326","6423","7959","7959","NA","NA","39151","70044","34826","23551","36474","70545","70042","7972","39151","70545","70990","NA","NA","23551","36441","23571","34824","23571","23571","23551","36476","NA","NA","NA","NA","NA","NA","NA","NA","NA","NA","NA","NA","NA","35327","35327","35941","26642","NA","71490","7974","NA","NA","NA","NA","NA","NA","NA","NA","NA","NA","NA","NA","NA","Orientation_PSA2018","25","16868","25","no","yes","1024"
"F","2856","F","F","PP_LIST1.csv","trmpet.jpg","tapedispenser.jpg","100","100","667.538461538","667.538461538","#ffffff","yes","legacy","legacy","legacy","0","uniform","1","1","undefined","1","undefined","6","f","0","0","0","0","0","0","0","NA","19","0","19","5","0","0","19","19","0","0","19","19","19","19","0","5","0","5","0","0","0","0","0","0","0","0","0","0","0","0","0","0","0","0","0","5","5","5","5","5","19","0","0","0","0","0","0","0","0","0","0","0","0","0","0","11/21/19 11:56:46","yes","Matching Tasks","yes","no","","no","OrientationCrossLanguages_2018PSA_PP_1.2.4.osexp","Z:\PSA002003\Scripts","no","mono","no","18","no","#0000ff","no","Deutsch","yes","768","no","no","legacy","19","19","1","5","Z:/PSA002003/rawdata/AUT_002_PP_077.csv","legacy","no","Kafkaesque Koffka","3.2.8","yes","5a7ce671e83246000deafe81","no","no","0","0","f","NA","NA","f","space","NA","NA","NA","NA","NA","NA","NA","NA","NA","NA","NA","NA","NA","j","space","NA","NA","NA","NA","NA","NA","NA","NA","NA","NA","NA","NA","NA","488","NA","NA","488","2663","NA","NA","NA","NA","NA","NA","NA","NA","NA","NA","NA","NA","NA","612","15565","NA","NA","NA","NA","NA","NA","NA","NA","NA","NA","NA","NA","NA","2","legacy","no","no","1024","2","48000","-16","no","EXP","77","odd","no","no","NA","7972","3325","3326","6423","7959","7959","NA","NA","39151","71598","34826","23551","36474","72099","71597","7972","39151","72099","72589","NA","NA","23551","36441","23571","34824","23571","23571","23551","36476","NA","NA","NA","NA","NA","NA","NA","NA","NA","NA","NA","NA","NA","35327","35327","35941","26642","NA","73089","7974","NA","NA","NA","NA","NA","NA","NA","NA","NA","NA","NA","NA","NA","Orientation_PSA2018","26","17356","26","no","yes","1024"
"Y","2856","H","H","PP_LIST1.csv","bottleH.jpg","bottleH.jpg","100","100","663.148148148","663.148148148","#ffffff","yes","legacy","legacy","legacy","0","uniform","1","1","undefined","1","undefined","6","j","0","0","0","0","0","0","0","NA","20","0","20","5","0","0","20","20","0","0","20","20","20","20","0","5","0","5","0","0","0","0","0","0","0","0","0","0","0","0","0","0","0","0","0","5","5","5","5","5","20","0","0","0","0","0","0","0","0","0","0","0","0","0","0","11/21/19 11:56:46","yes","Matching Tasks","yes","no","","no","OrientationCrossLanguages_2018PSA_PP_1.2.4.osexp","Z:\PSA002003\Scripts","no","mono","no","18","no","#0000ff","no","Deutsch","yes","768","no","no","legacy","20","20","1","5","Z:/PSA002003/rawdata/AUT_002_PP_077.csv","legacy","no","Kafkaesque Koffka","3.2.8","yes","5a7ce671e83246000deafe81","no","no","0","0","j","NA","NA","j","space","NA","NA","NA","NA","NA","NA","NA","NA","NA","NA","NA","NA","NA","j","space","NA","NA","NA","NA","NA","NA","NA","NA","NA","NA","NA","NA","NA","549","NA","NA","549","2663","NA","NA","NA","NA","NA","NA","NA","NA","NA","NA","NA","NA","NA","612","15565","NA","NA","NA","NA","NA","NA","NA","NA","NA","NA","NA","NA","NA","2","legacy","no","no","1024","2","48000","-16","no","EXP","77","odd","no","no","NA","7972","3325","3326","6423","7959","7959","NA","NA","39151","73201","34826","23551","36474","73702","73199","7972","39151","73702","74253","NA","NA","23551","36441","23571","34824","23571","23571","23551","36476","NA","NA","NA","NA","NA","NA","NA","NA","NA","NA","NA","NA","NA","35327","35327","35941","26642","NA","74753","7974","NA","NA","NA","NA","NA","NA","NA","NA","NA","NA","NA","NA","NA","Orientation_PSA2018","27","17905","27","no","yes","1024"
"F","2856","F","F","PP_LIST1.csv","skirt.jpg","tlphon.jpg","100","100","659.821428571","659.821428571","#ffffff","yes","legacy","legacy","legacy","0","uniform","1","1","undefined","1","undefined","6","f","0","0","0","0","0","0","0","NA","21","0","21","5","0","0","21","21","0","0","21","21","21","21","0","5","0","5","0","0","0","0","0","0","0","0","0","0","0","0","0","0","0","0","0","5","5","5","5","5","21","0","0","0","0","0","0","0","0","0","0","0","0","0","0","11/21/19 11:56:46","yes","Matching Tasks","yes","no","","no","OrientationCrossLanguages_2018PSA_PP_1.2.4.osexp","Z:\PSA002003\Scripts","no","mono","no","18","no","#0000ff","no","Deutsch","yes","768","no","no","legacy","21","21","1","5","Z:/PSA002003/rawdata/AUT_002_PP_077.csv","legacy","no","Kafkaesque Koffka","3.2.8","yes","5a7ce671e83246000deafe81","no","no","0","0","f","NA","NA","f","space","NA","NA","NA","NA","NA","NA","NA","NA","NA","NA","NA","NA","NA","j","space","NA","NA","NA","NA","NA","NA","NA","NA","NA","NA","NA","NA","NA","570","NA","NA","570","2663","NA","NA","NA","NA","NA","NA","NA","NA","NA","NA","NA","NA","NA","612","15565","NA","NA","NA","NA","NA","NA","NA","NA","NA","NA","NA","NA","NA","2","legacy","no","no","1024","2","48000","-16","no","EXP","77","odd","no","no","NA","7972","3325","3326","6423","7959","7959","NA","NA","39151","75764","34826","23551","36474","76265","75762","7972","39151","76265","76837","NA","NA","23551","36441","23571","34824","23571","23571","23551","36476","NA","NA","NA","NA","NA","NA","NA","NA","NA","NA","NA","NA","NA","35327","35327","35941","26642","NA","77337","7974","NA","NA","NA","NA","NA","NA","NA","NA","NA","NA","NA","NA","NA","Orientation_PSA2018","28","18475","28","no","yes","1024"
"Y","2856","V","V","PP_LIST1.csv","brushV.jpg","brushV.jpg","100","100","654.965517241","654.965517241","#ffffff","yes","legacy","legacy","legacy","0","uniform","1","1","undefined","1","undefined","6","j","0","0","0","0","0","0","0","NA","22","0","22","5","0","0","22","22","0","0","22","22","22","22","0","5","0","5","0","0","0","0","0","0","0","0","0","0","0","0","0","0","0","0","0","5","5","5","5","5","22","0","0","0","0","0","0","0","0","0","0","0","0","0","0","11/21/19 11:56:46","yes","Matching Tasks","yes","no","","no","OrientationCrossLanguages_2018PSA_PP_1.2.4.osexp","Z:\PSA002003\Scripts","no","mono","no","18","no","#0000ff","no","Deutsch","yes","768","no","no","legacy","22","22","1","5","Z:/PSA002003/rawdata/AUT_002_PP_077.csv","legacy","no","Kafkaesque Koffka","3.2.8","yes","5a7ce671e83246000deafe81","no","no","0","0","j","NA","NA","j","space","NA","NA","NA","NA","NA","NA","NA","NA","NA","NA","NA","NA","NA","j","space","NA","NA","NA","NA","NA","NA","NA","NA","NA","NA","NA","NA","NA","519","NA","NA","519","2663","NA","NA","NA","NA","NA","NA","NA","NA","NA","NA","NA","NA","NA","612","15565","NA","NA","NA","NA","NA","NA","NA","NA","NA","NA","NA","NA","NA","2","legacy","no","no","1024","2","48000","-16","no","EXP","77","odd","no","no","NA","7972","3325","3326","6423","7959","7959","NA","NA","39151","77447","34826","23551","36474","77948","77445","7972","39151","77948","78469","NA","NA","23551","36441","23571","34824","23571","23571","23551","36476","NA","NA","NA","NA","NA","NA","NA","NA","NA","NA","NA","NA","NA","35327","35327","35941","26642","NA","78969","7974","NA","NA","NA","NA","NA","NA","NA","NA","NA","NA","NA","NA","NA","Orientation_PSA2018","29","18994","29","no","yes","1024"
"F","2856","F","F","PP_LIST1.csv","umberella.jpg","flower.jpg","100","100","655.6","655.6","#ffffff","yes","legacy","legacy","legacy","0","uniform","1","1","undefined","1","undefined","6","f","0","0","0","0","0","0","0","NA","23","0","23","5","0","0","23","23","0","0","23","23","23","23","0","5","0","5","0","0","0","0","0","0","0","0","0","0","0","0","0","0","0","0","0","5","5","5","5","5","23","0","0","0","0","0","0","0","0","0","0","0","0","0","0","11/21/19 11:56:46","yes","Matching Tasks","yes","no","","no","OrientationCrossLanguages_2018PSA_PP_1.2.4.osexp","Z:\PSA002003\Scripts","no","mono","no","18","no","#0000ff","no","Deutsch","yes","768","no","no","legacy","23","23","1","5","Z:/PSA002003/rawdata/AUT_002_PP_077.csv","legacy","no","Kafkaesque Koffka","3.2.8","yes","5a7ce671e83246000deafe81","no","no","0","0","f","NA","NA","f","space","NA","NA","NA","NA","NA","NA","NA","NA","NA","NA","NA","NA","NA","j","space","NA","NA","NA","NA","NA","NA","NA","NA","NA","NA","NA","NA","NA","674","NA","NA","674","2663","NA","NA","NA","NA","NA","NA","NA","NA","NA","NA","NA","NA","NA","612","15565","NA","NA","NA","NA","NA","NA","NA","NA","NA","NA","NA","NA","NA","2","legacy","no","no","1024","2","48000","-16","no","EXP","77","odd","no","no","NA","7972","3325","3326","6423","7959","7959","NA","NA","39151","79092","34826","23551","36474","79593","79091","7972","39151","79593","80269","NA","NA","23551","36441","23571","34824","23571","23571","23551","36476","NA","NA","NA","NA","NA","NA","NA","NA","NA","NA","NA","NA","NA","35327","35327","35941","26642","NA","80769","7974","NA","NA","NA","NA","NA","NA","NA","NA","NA","NA","NA","NA","NA","Orientation_PSA2018","30","19668","30","no","yes","1024"
"F","2856","F","F","PP_LIST1.csv","mitten.jpg","needle.jpg","100","100","639","639","#ffffff","yes","legacy","legacy","legacy","0","uniform","1","1","undefined","1","undefined","6","f","0","0","0","0","0","0","0","0","24","0","24","5","0","0","24","24","0","0","24","24","24","24","0","5","0","5","0","0","0","0","0","0","0","0","0","0","0","0","0","0","0","0","0","5","5","5","5","5","24","0","0","0","0","0","0","0","0","0","0","0","0","0","0","11/21/19 11:56:46","yes","Matching Tasks","yes","no","","no","OrientationCrossLanguages_2018PSA_PP_1.2.4.osexp","Z:\PSA002003\Scripts","no","mono","no","18","no","#0000ff","no","Deutsch","yes","768","no","no","legacy","24","24","1","5","Z:/PSA002003/rawdata/AUT_002_PP_077.csv","legacy","no","Kafkaesque Koffka","3.2.8","yes","5a7ce671e83246000deafe81","no","no","0","0","f","space","NA","f","space","NA","NA","NA","NA","NA","NA","NA","NA","NA","NA","NA","NA","NA","j","space","NA","NA","NA","NA","NA","NA","NA","NA","NA","NA","NA","NA","NA","639","1764","NA","639","2663","NA","NA","NA","NA","NA","NA","NA","NA","NA","NA","NA","NA","NA","612","15565","NA","NA","NA","NA","NA","NA","NA","NA","NA","NA","NA","NA","NA","2","legacy","no","no","1024","2","48000","-16","no","EXP","77","odd","no","no","NA","7972","3325","3326","6423","7959","7959","80815","NA","39151","82686","34826","23551","36474","83187","82685","7972","39151","83187","83828","NA","NA","23551","36441","23571","34824","23571","23571","23551","36476","NA","NA","NA","NA","NA","NA","NA","NA","NA","NA","NA","NA","NA","35327","35327","35941","26642","NA","84328","7974","NA","NA","NA","NA","NA","NA","NA","NA","NA","NA","NA","NA","NA","Orientation_PSA2018","1","639","1","no","yes","1024"
"F","2856","F","F","PP_LIST1.csv","spider.jpg","couch.jpg","100","100","590","590","#ffffff","yes","legacy","legacy","legacy","0","uniform","1","1","undefined","1","undefined","6","f","0","0","0","0","0","0","0","0","25","0","25","5","0","0","25","25","0","0","25","25","25","25","0","5","0","5","0","0","0","0","0","0","0","0","0","0","0","0","0","0","0","0","0","5","5","5","5","5","25","0","0","0","0","0","0","0","0","0","0","0","0","0","0","11/21/19 11:56:46","yes","Matching Tasks","yes","no","","no","OrientationCrossLanguages_2018PSA_PP_1.2.4.osexp","Z:\PSA002003\Scripts","no","mono","no","18","no","#0000ff","no","Deutsch","yes","768","no","no","legacy","25","25","1","5","Z:/PSA002003/rawdata/AUT_002_PP_077.csv","legacy","no","Kafkaesque Koffka","3.2.8","yes","5a7ce671e83246000deafe81","no","no","0","0","f","space","NA","f","space","NA","NA","NA","NA","NA","NA","NA","NA","NA","NA","NA","NA","NA","j","space","NA","NA","NA","NA","NA","NA","NA","NA","NA","NA","NA","NA","NA","541","1764","NA","541","2663","NA","NA","NA","NA","NA","NA","NA","NA","NA","NA","NA","NA","NA","612","15565","NA","NA","NA","NA","NA","NA","NA","NA","NA","NA","NA","NA","NA","2","legacy","no","no","1024","2","48000","-16","no","EXP","77","odd","no","no","NA","7972","3325","3326","6423","7959","7959","80815","NA","39151","84449","34826","23551","36474","84950","84448","7972","39151","84950","85493","NA","NA","23551","36441","23571","34824","23571","23571","23551","36476","NA","NA","NA","NA","NA","NA","NA","NA","NA","NA","NA","NA","NA","35327","35327","35941","26642","NA","85993","7974","NA","NA","NA","NA","NA","NA","NA","NA","NA","NA","NA","NA","NA","Orientation_PSA2018","2","1180","2","no","yes","1024"
"F","2856","F","F","PP_LIST1.csv","tiger.jpg","wndmil.jpg","100","100","558.333333333","558.333333333","#ffffff","yes","legacy","legacy","legacy","0","uniform","1","1","undefined","1","undefined","6","f","0","0","0","0","0","0","0","0","26","0","26","5","0","0","26","26","0","0","26","26","26","26","0","5","0","5","0","0","0","0","0","0","0","0","0","0","0","0","0","0","0","0","0","5","5","5","5","5","26","0","0","0","0","0","0","0","0","0","0","0","0","0","0","11/21/19 11:56:46","yes","Matching Tasks","yes","no","","no","OrientationCrossLanguages_2018PSA_PP_1.2.4.osexp","Z:\PSA002003\Scripts","no","mono","no","18","no","#0000ff","no","Deutsch","yes","768","no","no","legacy","26","26","1","5","Z:/PSA002003/rawdata/AUT_002_PP_077.csv","legacy","no","Kafkaesque Koffka","3.2.8","yes","5a7ce671e83246000deafe81","no","no","0","0","f","space","NA","f","space","NA","NA","NA","NA","NA","NA","NA","NA","NA","NA","NA","NA","NA","j","space","NA","NA","NA","NA","NA","NA","NA","NA","NA","NA","NA","NA","NA","495","1764","NA","495","2663","NA","NA","NA","NA","NA","NA","NA","NA","NA","NA","NA","NA","NA","612","15565","NA","NA","NA","NA","NA","NA","NA","NA","NA","NA","NA","NA","NA","2","legacy","no","no","1024","2","48000","-16","no","EXP","77","odd","no","no","NA","7972","3325","3326","6423","7959","7959","80815","NA","39151","86111","34826","23551","36474","86612","86109","7972","39151","86612","87109","NA","NA","23551","36441","23571","34824","23571","23571","23551","36476","NA","NA","NA","NA","NA","NA","NA","NA","NA","NA","NA","NA","NA","35327","35327","35941","26642","NA","87609","7974","NA","NA","NA","NA","NA","NA","NA","NA","NA","NA","NA","NA","NA","Orientation_PSA2018","3","1675","3","no","yes","1024"
"F","2856","F","F","PP_LIST1.csv","ladder.jpg","house.jpg","100","100","532.25","532.25","#ffffff","yes","legacy","legacy","legacy","0","uniform","1","1","undefined","1","undefined","6","f","0","0","0","0","0","0","0","0","27","0","27","5","0","0","27","27","0","0","27","27","27","27","0","5","0","5","0","0","0","0","0","0","0","0","0","0","0","0","0","0","0","0","0","5","5","5","5","5","27","0","0","0","0","0","0","0","0","0","0","0","0","0","0","11/21/19 11:56:46","yes","Matching Tasks","yes","no","","no","OrientationCrossLanguages_2018PSA_PP_1.2.4.osexp","Z:\PSA002003\Scripts","no","mono","no","18","no","#0000ff","no","Deutsch","yes","768","no","no","legacy","27","27","1","5","Z:/PSA002003/rawdata/AUT_002_PP_077.csv","legacy","no","Kafkaesque Koffka","3.2.8","yes","5a7ce671e83246000deafe81","no","no","0","0","f","space","NA","f","space","NA","NA","NA","NA","NA","NA","NA","NA","NA","NA","NA","NA","NA","j","space","NA","NA","NA","NA","NA","NA","NA","NA","NA","NA","NA","NA","NA","454","1764","NA","454","2663","NA","NA","NA","NA","NA","NA","NA","NA","NA","NA","NA","NA","NA","612","15565","NA","NA","NA","NA","NA","NA","NA","NA","NA","NA","NA","NA","NA","2","legacy","no","no","1024","2","48000","-16","no","EXP","77","odd","no","no","NA","7972","3325","3326","6423","7959","7959","80815","NA","39151","87760","34826","23551","36474","88261","87758","7972","39151","88261","88717","NA","NA","23551","36441","23571","34824","23571","23571","23551","36476","NA","NA","NA","NA","NA","NA","NA","NA","NA","NA","NA","NA","NA","35327","35327","35941","26642","NA","89217","7974","NA","NA","NA","NA","NA","NA","NA","NA","NA","NA","NA","NA","NA","Orientation_PSA2018","4","2129","4","no","yes","1024"
"F","2856","F","F","PP_LIST1.csv","nut.jpg","watch.jpg","100","100","515.2","515.2","#ffffff","yes","legacy","legacy","legacy","0","uniform","1","1","undefined","1","undefined","6","f","0","0","0","0","0","0","0","0","28","0","28","5","0","0","28","28","0","0","28","28","28","28","0","5","0","5","0","0","0","0","0","0","0","0","0","0","0","0","0","0","0","0","0","5","5","5","5","5","28","0","0","0","0","0","0","0","0","0","0","0","0","0","0","11/21/19 11:56:46","yes","Matching Tasks","yes","no","","no","OrientationCrossLanguages_2018PSA_PP_1.2.4.osexp","Z:\PSA002003\Scripts","no","mono","no","18","no","#0000ff","no","Deutsch","yes","768","no","no","legacy","28","28","1","5","Z:/PSA002003/rawdata/AUT_002_PP_077.csv","legacy","no","Kafkaesque Koffka","3.2.8","yes","5a7ce671e83246000deafe81","no","no","0","0","f","space","NA","f","space","NA","NA","NA","NA","NA","NA","NA","NA","NA","NA","NA","NA","NA","j","space","NA","NA","NA","NA","NA","NA","NA","NA","NA","NA","NA","NA","NA","447","1764","NA","447","2663","NA","NA","NA","NA","NA","NA","NA","NA","NA","NA","NA","NA","NA","612","15565","NA","NA","NA","NA","NA","NA","NA","NA","NA","NA","NA","NA","NA","2","legacy","no","no","1024","2","48000","-16","no","EXP","77","odd","no","no","NA","7972","3325","3326","6423","7959","7959","80815","NA","39151","89366","34826","23551","36474","89867","89364","7972","39151","89867","90316","NA","NA","23551","36441","23571","34824","23571","23571","23551","36476","NA","NA","NA","NA","NA","NA","NA","NA","NA","NA","NA","NA","NA","35327","35327","35941","26642","NA","90816","7974","NA","NA","NA","NA","NA","NA","NA","NA","NA","NA","NA","NA","NA","Orientation_PSA2018","5","2576","5","no","yes","1024"
"N","2856","V","H","PP_LIST1.csv","penV.jpg","penH.jpg","100","100","527.166666667","527.166666667","#ffffff","yes","legacy","legacy","legacy","0","uniform","1","1","undefined","1","undefined","6","j","0","0","0","0","0","0","0","0","29","0","29","5","0","0","29","29","0","0","29","29","29","29","0","5","0","5","0","0","0","0","0","0","0","0","0","0","0","0","0","0","0","0","0","5","5","5","5","5","29","0","0","0","0","0","0","0","0","0","0","0","0","0","0","11/21/19 11:56:46","yes","Matching Tasks","yes","no","","no","OrientationCrossLanguages_2018PSA_PP_1.2.4.osexp","Z:\PSA002003\Scripts","no","mono","no","18","no","#0000ff","no","Deutsch","yes","768","no","no","legacy","29","29","1","5","Z:/PSA002003/rawdata/AUT_002_PP_077.csv","legacy","no","Kafkaesque Koffka","3.2.8","yes","5a7ce671e83246000deafe81","no","no","0","0","j","space","NA","j","space","NA","NA","NA","NA","NA","NA","NA","NA","NA","NA","NA","NA","NA","j","space","NA","NA","NA","NA","NA","NA","NA","NA","NA","NA","NA","NA","NA","587","1764","NA","587","2663","NA","NA","NA","NA","NA","NA","NA","NA","NA","NA","NA","NA","NA","612","15565","NA","NA","NA","NA","NA","NA","NA","NA","NA","NA","NA","NA","NA","2","legacy","no","no","1024","2","48000","-16","no","EXP","77","odd","no","no","NA","7972","3325","3326","6423","7959","7959","80815","NA","39151","90947","34826","23551","36474","91448","90946","7972","39151","91448","92037","NA","NA","23551","36441","23571","34824","23571","23571","23551","36476","NA","NA","NA","NA","NA","NA","NA","NA","NA","NA","NA","NA","NA","35327","35327","35941","26642","NA","92537","7974","NA","NA","NA","NA","NA","NA","NA","NA","NA","NA","NA","NA","NA","Orientation_PSA2018","6","3163","6","no","yes","1024"
"F","2856","F","F","PP_LIST1.csv","watch.jpg","skirt.jpg","100","100","505.714285714","505.714285714","#ffffff","yes","legacy","legacy","legacy","0","uniform","1","1","undefined","1","undefined","6","f","0","0","0","0","0","0","0","0","30","0","30","5","0","0","30","30","0","0","30","30","30","30","0","5","0","5","0","0","0","0","0","0","0","0","0","0","0","0","0","0","0","0","0","5","5","5","5","5","30","0","0","0","0","0","0","0","0","0","0","0","0","0","0","11/21/19 11:56:46","yes","Matching Tasks","yes","no","","no","OrientationCrossLanguages_2018PSA_PP_1.2.4.osexp","Z:\PSA002003\Scripts","no","mono","no","18","no","#0000ff","no","Deutsch","yes","768","no","no","legacy","30","30","1","5","Z:/PSA002003/rawdata/AUT_002_PP_077.csv","legacy","no","Kafkaesque Koffka","3.2.8","yes","5a7ce671e83246000deafe81","no","no","0","0","f","space","NA","f","space","NA","NA","NA","NA","NA","NA","NA","NA","NA","NA","NA","NA","NA","j","space","NA","NA","NA","NA","NA","NA","NA","NA","NA","NA","NA","NA","NA","377","1764","NA","377","2663","NA","NA","NA","NA","NA","NA","NA","NA","NA","NA","NA","NA","NA","612","15565","NA","NA","NA","NA","NA","NA","NA","NA","NA","NA","NA","NA","NA","2","legacy","no","no","1024","2","48000","-16","no","EXP","77","odd","no","no","NA","7972","3325","3326","6423","7959","7959","80815","NA","39151","92645","34826","23551","36474","93146","92644","7972","39151","93146","93525","NA","NA","23551","36441","23571","34824","23571","23571","23551","36476","NA","NA","NA","NA","NA","NA","NA","NA","NA","NA","NA","NA","NA","35327","35327","35941","26642","NA","94025","7974","NA","NA","NA","NA","NA","NA","NA","NA","NA","NA","NA","NA","NA","Orientation_PSA2018","7","3540","7","no","yes","1024"
"Y","2856","H","H","PP_LIST1.csv","batH.jpg","batH.jpg","100","100","500.625","500.625","#ffffff","yes","legacy","legacy","legacy","0","uniform","1","1","undefined","1","undefined","6","j","0","0","0","0","0","0","0","0","31","0","31","5","0","0","31","31","0","0","31","31","31","31","0","5","0","5","0","0","0","0","0","0","0","0","0","0","0","0","0","0","0","0","0","5","5","5","5","5","31","0","0","0","0","0","0","0","0","0","0","0","0","0","0","11/21/19 11:56:46","yes","Matching Tasks","yes","no","","no","OrientationCrossLanguages_2018PSA_PP_1.2.4.osexp","Z:\PSA002003\Scripts","no","mono","no","18","no","#0000ff","no","Deutsch","yes","768","no","no","legacy","31","31","1","5","Z:/PSA002003/rawdata/AUT_002_PP_077.csv","legacy","no","Kafkaesque Koffka","3.2.8","yes","5a7ce671e83246000deafe81","no","no","0","0","j","space","NA","j","space","NA","NA","NA","NA","NA","NA","NA","NA","NA","NA","NA","NA","NA","j","space","NA","NA","NA","NA","NA","NA","NA","NA","NA","NA","NA","NA","NA","465","1764","NA","465","2663","NA","NA","NA","NA","NA","NA","NA","NA","NA","NA","NA","NA","NA","612","15565","NA","NA","NA","NA","NA","NA","NA","NA","NA","NA","NA","NA","NA","2","legacy","no","no","1024","2","48000","-16","no","EXP","77","odd","no","no","NA","7972","3325","3326","6423","7959","7959","80815","NA","39151","94149","34826","23551","36474","94650","94148","7972","39151","94650","95117","NA","NA","23551","36441","23571","34824","23571","23571","23551","36476","NA","NA","NA","NA","NA","NA","NA","NA","NA","NA","NA","NA","NA","35327","35327","35941","26642","NA","95617","7974","NA","NA","NA","NA","NA","NA","NA","NA","NA","NA","NA","NA","NA","Orientation_PSA2018","8","4005","8","no","yes","1024"
"Y","2856","H","H","PP_LIST1.csv","bowlH.jpg","bowlH.jpg","100","100","499","499","#ffffff","yes","legacy","legacy","legacy","0","uniform","1","1","undefined","1","undefined","6","j","0","0","0","0","0","0","0","0","32","0","32","5","0","0","32","32","0","0","32","32","32","32","0","5","0","5","0","0","0","0","0","0","0","0","0","0","0","0","0","0","0","0","0","5","5","5","5","5","32","0","0","0","0","0","0","0","0","0","0","0","0","0","0","11/21/19 11:56:46","yes","Matching Tasks","yes","no","","no","OrientationCrossLanguages_2018PSA_PP_1.2.4.osexp","Z:\PSA002003\Scripts","no","mono","no","18","no","#0000ff","no","Deutsch","yes","768","no","no","legacy","32","32","1","5","Z:/PSA002003/rawdata/AUT_002_PP_077.csv","legacy","no","Kafkaesque Koffka","3.2.8","yes","5a7ce671e83246000deafe81","no","no","0","0","j","space","NA","j","space","NA","NA","NA","NA","NA","NA","NA","NA","NA","NA","NA","NA","NA","j","space","NA","NA","NA","NA","NA","NA","NA","NA","NA","NA","NA","NA","NA","486","1764","NA","486","2663","NA","NA","NA","NA","NA","NA","NA","NA","NA","NA","NA","NA","NA","612","15565","NA","NA","NA","NA","NA","NA","NA","NA","NA","NA","NA","NA","NA","2","legacy","no","no","1024","2","48000","-16","no","EXP","77","odd","no","no","NA","7972","3325","3326","6423","7959","7959","80815","NA","39151","95735","34826","23551","36474","96236","95733","7972","39151","96236","96724","NA","NA","23551","36441","23571","34824","23571","23571","23551","36476","NA","NA","NA","NA","NA","NA","NA","NA","NA","NA","NA","NA","NA","35327","35327","35941","26642","NA","97225","7974","NA","NA","NA","NA","NA","NA","NA","NA","NA","NA","NA","NA","NA","Orientation_PSA2018","9","4491","9","no","yes","1024"
"Y","2856","V","V","PP_LIST1.csv","crayonV.jpg","crayonV.jpg","100","100","498.2","498.2","#ffffff","yes","legacy","legacy","legacy","0","uniform","1","1","undefined","1","undefined","6","j","0","0","0","0","0","0","0","0","33","0","33","5","0","0","33","33","0","0","33","33","33","33","0","5","0","5","0","0","0","0","0","0","0","0","0","0","0","0","0","0","0","0","0","5","5","5","5","5","33","0","0","0","0","0","0","0","0","0","0","0","0","0","0","11/21/19 11:56:46","yes","Matching Tasks","yes","no","","no","OrientationCrossLanguages_2018PSA_PP_1.2.4.osexp","Z:\PSA002003\Scripts","no","mono","no","18","no","#0000ff","no","Deutsch","yes","768","no","no","legacy","33","33","1","5","Z:/PSA002003/rawdata/AUT_002_PP_077.csv","legacy","no","Kafkaesque Koffka","3.2.8","yes","5a7ce671e83246000deafe81","no","no","0","0","j","space","NA","j","space","NA","NA","NA","NA","NA","NA","NA","NA","NA","NA","NA","NA","NA","j","space","NA","NA","NA","NA","NA","NA","NA","NA","NA","NA","NA","NA","NA","491","1764","NA","491","2663","NA","NA","NA","NA","NA","NA","NA","NA","NA","NA","NA","NA","NA","612","15565","NA","NA","NA","NA","NA","NA","NA","NA","NA","NA","NA","NA","NA","2","legacy","no","no","1024","2","48000","-16","no","EXP","77","odd","no","no","NA","7972","3325","3326","6423","7959","7959","80815","NA","39151","97346","34826","23551","36474","97847","97344","7972","39151","97847","98341","NA","NA","23551","36441","23571","34824","23571","23571","23551","36476","NA","NA","NA","NA","NA","NA","NA","NA","NA","NA","NA","NA","NA","35327","35327","35941","26642","NA","98841","7974","NA","NA","NA","NA","NA","NA","NA","NA","NA","NA","NA","NA","NA","Orientation_PSA2018","10","4982","10","no","yes","1024"
"N","2856","H","V","PP_LIST1.csv","keyH.jpg","keyV.jpg","100","100","510.363636364","510.363636364","#ffffff","yes","legacy","legacy","legacy","0","uniform","1","1","undefined","1","undefined","6","j","0","0","0","0","0","0","0","0","34","0","34","5","0","0","34","34","0","0","34","34","34","34","0","5","0","5","0","0","0","0","0","0","0","0","0","0","0","0","0","0","0","0","0","5","5","5","5","5","34","0","0","0","0","0","0","0","0","0","0","0","0","0","0","11/21/19 11:56:46","yes","Matching Tasks","yes","no","","no","OrientationCrossLanguages_2018PSA_PP_1.2.4.osexp","Z:\PSA002003\Scripts","no","mono","no","18","no","#0000ff","no","Deutsch","yes","768","no","no","legacy","34","34","1","5","Z:/PSA002003/rawdata/AUT_002_PP_077.csv","legacy","no","Kafkaesque Koffka","3.2.8","yes","5a7ce671e83246000deafe81","no","no","0","0","j","space","NA","j","space","NA","NA","NA","NA","NA","NA","NA","NA","NA","NA","NA","NA","NA","j","space","NA","NA","NA","NA","NA","NA","NA","NA","NA","NA","NA","NA","NA","632","1764","NA","632","2663","NA","NA","NA","NA","NA","NA","NA","NA","NA","NA","NA","NA","NA","612","15565","NA","NA","NA","NA","NA","NA","NA","NA","NA","NA","NA","NA","NA","2","legacy","no","no","1024","2","48000","-16","no","EXP","77","odd","no","no","NA","7972","3325","3326","6423","7959","7959","80815","NA","39151","98956","34826","23551","36474","99457","98954","7972","39151","99458","100093","NA","NA","23551","36441","23571","34824","23571","23571","23551","36476","NA","NA","NA","NA","NA","NA","NA","NA","NA","NA","NA","NA","NA","35327","35327","35941","26642","NA","100593","7974","NA","NA","NA","NA","NA","NA","NA","NA","NA","NA","NA","NA","NA","Orientation_PSA2018","11","5614","11","no","yes","1024"
"Y","2856","H","H","PP_LIST1.csv","axeH.jpg","axeH.jpg","100","100","510.166666667","510.166666667","#ffffff","yes","legacy","legacy","legacy","0","uniform","1","1","undefined","1","undefined","6","j","0","0","0","0","0","0","0","0","35","0","35","5","0","0","35","35","0","0","35","35","35","35","0","5","0","5","0","0","0","0","0","0","0","0","0","0","0","0","0","0","0","0","0","5","5","5","5","5","35","0","0","0","0","0","0","0","0","0","0","0","0","0","0","11/21/19 11:56:46","yes","Matching Tasks","yes","no","","no","OrientationCrossLanguages_2018PSA_PP_1.2.4.osexp","Z:\PSA002003\Scripts","no","mono","no","18","no","#0000ff","no","Deutsch","yes","768","no","no","legacy","35","35","1","5","Z:/PSA002003/rawdata/AUT_002_PP_077.csv","legacy","no","Kafkaesque Koffka","3.2.8","yes","5a7ce671e83246000deafe81","no","no","0","0","j","space","NA","j","space","NA","NA","NA","NA","NA","NA","NA","NA","NA","NA","NA","NA","NA","j","space","NA","NA","NA","NA","NA","NA","NA","NA","NA","NA","NA","NA","NA","508","1764","NA","508","2663","NA","NA","NA","NA","NA","NA","NA","NA","NA","NA","NA","NA","NA","612","15565","NA","NA","NA","NA","NA","NA","NA","NA","NA","NA","NA","NA","NA","2","legacy","no","no","1024","2","48000","-16","no","EXP","77","odd","no","no","NA","7972","3325","3326","6423","7959","7959","80815","NA","39151","100722","34826","23551","36474","101223","100720","7972","39151","101223","101733","NA","NA","23551","36441","23571","34824","23571","23571","23551","36476","NA","NA","NA","NA","NA","NA","NA","NA","NA","NA","NA","NA","NA","35327","35327","35941","26642","NA","102233","7974","NA","NA","NA","NA","NA","NA","NA","NA","NA","NA","NA","NA","NA","Orientation_PSA2018","12","6122","12","no","yes","1024"
"F","2856","F","F","PP_LIST1.csv","couch.jpg","spider.jpg","100","100","509","509","#ffffff","yes","legacy","legacy","legacy","0","uniform","1","1","undefined","1","undefined","6","f","0","0","0","0","0","0","0","0","36","0","36","5","0","0","36","36","0","0","36","36","36","36","0","5","0","5","0","0","0","0","0","0","0","0","0","0","0","0","0","0","0","0","0","5","5","5","5","5","36","0","0","0","0","0","0","0","0","0","0","0","0","0","0","11/21/19 11:56:46","yes","Matching Tasks","yes","no","","no","OrientationCrossLanguages_2018PSA_PP_1.2.4.osexp","Z:\PSA002003\Scripts","no","mono","no","18","no","#0000ff","no","Deutsch","yes","768","no","no","legacy","36","36","1","5","Z:/PSA002003/rawdata/AUT_002_PP_077.csv","legacy","no","Kafkaesque Koffka","3.2.8","yes","5a7ce671e83246000deafe81","no","no","0","0","f","space","NA","f","space","NA","NA","NA","NA","NA","NA","NA","NA","NA","NA","NA","NA","NA","j","space","NA","NA","NA","NA","NA","NA","NA","NA","NA","NA","NA","NA","NA","495","1764","NA","495","2663","NA","NA","NA","NA","NA","NA","NA","NA","NA","NA","NA","NA","NA","612","15565","NA","NA","NA","NA","NA","NA","NA","NA","NA","NA","NA","NA","NA","2","legacy","no","no","1024","2","48000","-16","no","EXP","77","odd","no","no","NA","7972","3325","3326","6423","7959","7959","80815","NA","39151","102343","34826","23551","36474","102844","102342","7972","39151","102844","103341","NA","NA","23551","36441","23571","34824","23571","23571","23551","36476","NA","NA","NA","NA","NA","NA","NA","NA","NA","NA","NA","NA","NA","35327","35327","35941","26642","NA","103841","7974","NA","NA","NA","NA","NA","NA","NA","NA","NA","NA","NA","NA","NA","Orientation_PSA2018","13","6617","13","no","yes","1024"
"N","2856","H","V","PP_LIST1.csv","ironH.jpg","ironV.jpg","92.8571428571","92.8571428571","507.428571429","507.428571429","#ffffff","yes","legacy","legacy","legacy","0","uniform","0","0","undefined","1","undefined","6","j","0","0","0","0","0","0","0","0","37","0","37","5","0","0","37","37","0","0","37","37","37","37","0","5","0","5","0","0","0","0","0","0","0","0","0","0","0","0","0","0","0","0","0","5","5","5","5","5","37","0","0","0","0","0","0","0","0","0","0","0","0","0","0","11/21/19 11:56:46","yes","Matching Tasks","yes","no","","no","OrientationCrossLanguages_2018PSA_PP_1.2.4.osexp","Z:\PSA002003\Scripts","no","mono","no","18","no","#0000ff","no","Deutsch","yes","768","no","no","legacy","37","37","1","5","Z:/PSA002003/rawdata/AUT_002_PP_077.csv","legacy","no","Kafkaesque Koffka","3.2.8","yes","5a7ce671e83246000deafe81","no","no","0","0","f","space","NA","f","space","NA","NA","NA","NA","NA","NA","NA","NA","NA","NA","NA","NA","NA","j","space","NA","NA","NA","NA","NA","NA","NA","NA","NA","NA","NA","NA","NA","487","1764","NA","487","2663","NA","NA","NA","NA","NA","NA","NA","NA","NA","NA","NA","NA","NA","612","15565","NA","NA","NA","NA","NA","NA","NA","NA","NA","NA","NA","NA","NA","2","legacy","no","no","1024","2","48000","-16","no","EXP","77","odd","no","no","NA","7972","3325","3326","6423","7959","7959","80815","NA","39151","103959","34826","23551","36474","104460","103957","7972","39151","104460","103341","NA","104949","23551","36441","23571","34824","23571","23571","23551","36476","NA","NA","NA","NA","NA","NA","NA","NA","NA","NA","NA","NA","NA","35327","35327","35941","26642","NA","105449","7974","NA","NA","NA","NA","NA","NA","NA","NA","NA","NA","NA","NA","NA","Orientation_PSA2018","13","7104","14","no","yes","1024"
"F","2856","F","F","PP_LIST1.csv","ftball.jpg","nut.jpg","93.3333333333","93.3333333333","508.466666667","508.466666667","#ffffff","yes","legacy","legacy","legacy","0","uniform","1","1","undefined","1","undefined","6","f","0","0","0","0","0","0","0","0","38","0","38","5","0","0","38","38","0","0","38","38","38","38","0","5","0","5","0","0","0","0","0","0","0","0","0","0","0","0","0","0","0","0","0","5","5","5","5","5","38","0","0","0","0","0","0","0","0","0","0","0","0","0","0","11/21/19 11:56:46","yes","Matching Tasks","yes","no","","no","OrientationCrossLanguages_2018PSA_PP_1.2.4.osexp","Z:\PSA002003\Scripts","no","mono","no","18","no","#0000ff","no","Deutsch","yes","768","no","no","legacy","38","38","1","5","Z:/PSA002003/rawdata/AUT_002_PP_077.csv","legacy","no","Kafkaesque Koffka","3.2.8","yes","5a7ce671e83246000deafe81","no","no","0","0","f","space","NA","f","space","NA","NA","NA","NA","NA","NA","NA","NA","NA","NA","NA","NA","NA","j","space","NA","NA","NA","NA","NA","NA","NA","NA","NA","NA","NA","NA","NA","523","1764","NA","523","2663","NA","NA","NA","NA","NA","NA","NA","NA","NA","NA","NA","NA","NA","612","15565","NA","NA","NA","NA","NA","NA","NA","NA","NA","NA","NA","NA","NA","2","legacy","no","no","1024","2","48000","-16","no","EXP","77","odd","no","no","NA","7972","3325","3326","6423","7959","7959","80815","NA","39151","105562","34826","23551","36474","106063","105561","7972","39151","106063","106589","NA","104949","23551","36441","23571","34824","23571","23571","23551","36476","NA","NA","NA","NA","NA","NA","NA","NA","NA","NA","NA","NA","NA","35327","35327","35941","26642","NA","107089","7974","NA","NA","NA","NA","NA","NA","NA","NA","NA","NA","NA","NA","NA","Orientation_PSA2018","14","7627","15","no","yes","1024"
"Y","2856","V","V","PP_LIST1.csv","caterpillarV.jpg","caterpillarV.jpg","93.75","93.75","508.5625","508.5625","#ffffff","yes","legacy","legacy","legacy","0","uniform","1","1","undefined","1","undefined","6","j","0","0","0","0","0","0","0","0","39","0","39","5","0","0","39","39","0","0","39","39","39","39","0","5","0","5","0","0","0","0","0","0","0","0","0","0","0","0","0","0","0","0","0","5","5","5","5","5","39","0","0","0","0","0","0","0","0","0","0","0","0","0","0","11/21/19 11:56:46","yes","Matching Tasks","yes","no","","no","OrientationCrossLanguages_2018PSA_PP_1.2.4.osexp","Z:\PSA002003\Scripts","no","mono","no","18","no","#0000ff","no","Deutsch","yes","768","no","no","legacy","39","39","1","5","Z:/PSA002003/rawdata/AUT_002_PP_077.csv","legacy","no","Kafkaesque Koffka","3.2.8","yes","5a7ce671e83246000deafe81","no","no","0","0","j","space","NA","j","space","NA","NA","NA","NA","NA","NA","NA","NA","NA","NA","NA","NA","NA","j","space","NA","NA","NA","NA","NA","NA","NA","NA","NA","NA","NA","NA","NA","510","1764","NA","510","2663","NA","NA","NA","NA","NA","NA","NA","NA","NA","NA","NA","NA","NA","612","15565","NA","NA","NA","NA","NA","NA","NA","NA","NA","NA","NA","NA","NA","2","legacy","no","no","1024","2","48000","-16","no","EXP","77","odd","no","no","NA","7972","3325","3326","6423","7959","7959","80815","NA","39151","107215","34826","23551","36474","107716","107214","7972","39151","107716","108228","NA","104949","23551","36441","23571","34824","23571","23571","23551","36476","NA","NA","NA","NA","NA","NA","NA","NA","NA","NA","NA","NA","NA","35327","35327","35941","26642","NA","108729","7974","NA","NA","NA","NA","NA","NA","NA","NA","NA","NA","NA","NA","NA","Orientation_PSA2018","15","8137","16","no","yes","1024"
"Y","2856","H","H","PP_LIST1.csv","bookH.jpg","bookH.jpg","94.1176470588","94.1176470588","514.941176471","514.941176471","#ffffff","yes","legacy","legacy","legacy","0","uniform","1","1","undefined","1","undefined","6","j","0","0","0","0","0","0","0","0","40","0","40","5","0","0","40","40","0","0","40","40","40","40","0","5","0","5","0","0","0","0","0","0","0","0","0","0","0","0","0","0","0","0","0","5","5","5","5","5","40","0","0","0","0","0","0","0","0","0","0","0","0","0","0","11/21/19 11:56:46","yes","Matching Tasks","yes","no","","no","OrientationCrossLanguages_2018PSA_PP_1.2.4.osexp","Z:\PSA002003\Scripts","no","mono","no","18","no","#0000ff","no","Deutsch","yes","768","no","no","legacy","40","40","1","5","Z:/PSA002003/rawdata/AUT_002_PP_077.csv","legacy","no","Kafkaesque Koffka","3.2.8","yes","5a7ce671e83246000deafe81","no","no","0","0","j","space","NA","j","space","NA","NA","NA","NA","NA","NA","NA","NA","NA","NA","NA","NA","NA","j","space","NA","NA","NA","NA","NA","NA","NA","NA","NA","NA","NA","NA","NA","617","1764","NA","617","2663","NA","NA","NA","NA","NA","NA","NA","NA","NA","NA","NA","NA","NA","612","15565","NA","NA","NA","NA","NA","NA","NA","NA","NA","NA","NA","NA","NA","2","legacy","no","no","1024","2","48000","-16","no","EXP","77","odd","no","no","NA","7972","3325","3326","6423","7959","7959","80815","NA","39151","108843","34826","23551","36474","109344","108841","7972","39151","109345","109965","NA","104949","23551","36441","23571","34824","23571","23571","23551","36476","NA","NA","NA","NA","NA","NA","NA","NA","NA","NA","NA","NA","NA","35327","35327","35941","26642","NA","110465","7974","NA","NA","NA","NA","NA","NA","NA","NA","NA","NA","NA","NA","NA","Orientation_PSA2018","16","8754","17","no","yes","1024"
"F","2856","F","F","PP_LIST1.csv","wndmil.jpg","mitten.jpg","94.4444444444","94.4444444444","514.666666667","514.666666667","#ffffff","yes","legacy","legacy","legacy","0","uniform","1","1","undefined","1","undefined","6","f","0","0","0","0","0","0","0","0","41","0","41","5","0","0","41","41","0","0","41","41","41","41","0","5","0","5","0","0","0","0","0","0","0","0","0","0","0","0","0","0","0","0","0","5","5","5","5","5","41","0","0","0","0","0","0","0","0","0","0","0","0","0","0","11/21/19 11:56:46","yes","Matching Tasks","yes","no","","no","OrientationCrossLanguages_2018PSA_PP_1.2.4.osexp","Z:\PSA002003\Scripts","no","mono","no","18","no","#0000ff","no","Deutsch","yes","768","no","no","legacy","41","41","1","5","Z:/PSA002003/rawdata/AUT_002_PP_077.csv","legacy","no","Kafkaesque Koffka","3.2.8","yes","5a7ce671e83246000deafe81","no","no","0","0","f","space","NA","f","space","NA","NA","NA","NA","NA","NA","NA","NA","NA","NA","NA","NA","NA","j","space","NA","NA","NA","NA","NA","NA","NA","NA","NA","NA","NA","NA","NA","510","1764","NA","510","2663","NA","NA","NA","NA","NA","NA","NA","NA","NA","NA","NA","NA","NA","612","15565","NA","NA","NA","NA","NA","NA","NA","NA","NA","NA","NA","NA","NA","2","legacy","no","no","1024","2","48000","-16","no","EXP","77","odd","no","no","NA","7972","3325","3326","6423","7959","7959","80815","NA","39151","110576","34826","23551","36474","111077","110574","7972","39151","111077","111589","NA","104949","23551","36441","23571","34824","23571","23571","23551","36476","NA","NA","NA","NA","NA","NA","NA","NA","NA","NA","NA","NA","NA","35327","35327","35941","26642","NA","112089","7974","NA","NA","NA","NA","NA","NA","NA","NA","NA","NA","NA","NA","NA","Orientation_PSA2018","17","9264","18","no","yes","1024"
"F","2856","F","F","PP_LIST1.csv","piano.jpg","sutcse.jpg","94.7368421053","94.7368421053","516.631578947","516.631578947","#ffffff","yes","legacy","legacy","legacy","0","uniform","1","1","undefined","1","undefined","6","f","0","0","0","0","0","0","0","0","42","0","42","5","0","0","42","42","0","0","42","42","42","42","0","5","0","5","0","0","0","0","0","0","0","0","0","0","0","0","0","0","0","0","0","5","5","5","5","5","42","0","0","0","0","0","0","0","0","0","0","0","0","0","0","11/21/19 11:56:46","yes","Matching Tasks","yes","no","","no","OrientationCrossLanguages_2018PSA_PP_1.2.4.osexp","Z:\PSA002003\Scripts","no","mono","no","18","no","#0000ff","no","Deutsch","yes","768","no","no","legacy","42","42","1","5","Z:/PSA002003/rawdata/AUT_002_PP_077.csv","legacy","no","Kafkaesque Koffka","3.2.8","yes","5a7ce671e83246000deafe81","no","no","0","0","f","space","NA","f","space","NA","NA","NA","NA","NA","NA","NA","NA","NA","NA","NA","NA","NA","j","space","NA","NA","NA","NA","NA","NA","NA","NA","NA","NA","NA","NA","NA","552","1764","NA","552","2663","NA","NA","NA","NA","NA","NA","NA","NA","NA","NA","NA","NA","NA","612","15565","NA","NA","NA","NA","NA","NA","NA","NA","NA","NA","NA","NA","NA","2","legacy","no","no","1024","2","48000","-16","no","EXP","77","odd","no","no","NA","7972","3325","3326","6423","7959","7959","80815","NA","39151","112205","34826","23551","36474","112706","112204","7972","39151","112706","113260","NA","104949","23551","36441","23571","34824","23571","23571","23551","36476","NA","NA","NA","NA","NA","NA","NA","NA","NA","NA","NA","NA","NA","35327","35327","35941","26642","NA","113760","7974","NA","NA","NA","NA","NA","NA","NA","NA","NA","NA","NA","NA","NA","Orientation_PSA2018","18","9816","19","no","yes","1024"
"F","2856","F","F","PP_LIST1.csv","sutcse.jpg","pumpkin.jpg","95","95","516.5","516.5","#ffffff","yes","legacy","legacy","legacy","0","uniform","1","1","undefined","1","undefined","6","f","0","0","0","0","0","0","0","0","43","0","43","5","0","0","43","43","0","0","43","43","43","43","0","5","0","5","0","0","0","0","0","0","0","0","0","0","0","0","0","0","0","0","0","5","5","5","5","5","43","0","0","0","0","0","0","0","0","0","0","0","0","0","0","11/21/19 11:56:46","yes","Matching Tasks","yes","no","","no","OrientationCrossLanguages_2018PSA_PP_1.2.4.osexp","Z:\PSA002003\Scripts","no","mono","no","18","no","#0000ff","no","Deutsch","yes","768","no","no","legacy","43","43","1","5","Z:/PSA002003/rawdata/AUT_002_PP_077.csv","legacy","no","Kafkaesque Koffka","3.2.8","yes","5a7ce671e83246000deafe81","no","no","0","0","f","space","NA","f","space","NA","NA","NA","NA","NA","NA","NA","NA","NA","NA","NA","NA","NA","j","space","NA","NA","NA","NA","NA","NA","NA","NA","NA","NA","NA","NA","NA","514","1764","NA","514","2663","NA","NA","NA","NA","NA","NA","NA","NA","NA","NA","NA","NA","NA","612","15565","NA","NA","NA","NA","NA","NA","NA","NA","NA","NA","NA","NA","NA","2","legacy","no","no","1024","2","48000","-16","no","EXP","77","odd","no","no","NA","7972","3325","3326","6423","7959","7959","80815","NA","39151","113868","34826","23551","36474","114369","113867","7972","39151","114369","114885","NA","104949","23551","36441","23571","34824","23571","23571","23551","36476","NA","NA","NA","NA","NA","NA","NA","NA","NA","NA","NA","NA","NA","35327","35327","35941","26642","NA","115385","7974","NA","NA","NA","NA","NA","NA","NA","NA","NA","NA","NA","NA","NA","Orientation_PSA2018","19","10330","20","no","yes","1024"
"Y","2856","V","V","PP_LIST1.csv","clothespinV.jpg","clothespinV.jpg","95.2380952381","95.2380952381","520.761904762","520.761904762","#ffffff","yes","legacy","legacy","legacy","0","uniform","1","1","undefined","1","undefined","6","j","0","0","0","0","0","0","0","0","44","0","44","5","0","0","44","44","0","0","44","44","44","44","0","5","0","5","0","0","0","0","0","0","0","0","0","0","0","0","0","0","0","0","0","5","5","5","5","5","44","0","0","0","0","0","0","0","0","0","0","0","0","0","0","11/21/19 11:56:46","yes","Matching Tasks","yes","no","","no","OrientationCrossLanguages_2018PSA_PP_1.2.4.osexp","Z:\PSA002003\Scripts","no","mono","no","18","no","#0000ff","no","Deutsch","yes","768","no","no","legacy","44","44","1","5","Z:/PSA002003/rawdata/AUT_002_PP_077.csv","legacy","no","Kafkaesque Koffka","3.2.8","yes","5a7ce671e83246000deafe81","no","no","0","0","j","space","NA","j","space","NA","NA","NA","NA","NA","NA","NA","NA","NA","NA","NA","NA","NA","j","space","NA","NA","NA","NA","NA","NA","NA","NA","NA","NA","NA","NA","NA","606","1764","NA","606","2663","NA","NA","NA","NA","NA","NA","NA","NA","NA","NA","NA","NA","NA","612","15565","NA","NA","NA","NA","NA","NA","NA","NA","NA","NA","NA","NA","NA","2","legacy","no","no","1024","2","48000","-16","no","EXP","77","odd","no","no","NA","7972","3325","3326","6423","7959","7959","80815","NA","39151","115503","34826","23551","36474","116004","115501","7972","39151","116004","116612","NA","104949","23551","36441","23571","34824","23571","23571","23551","36476","NA","NA","NA","NA","NA","NA","NA","NA","NA","NA","NA","NA","NA","35327","35327","35941","26642","NA","117112","7974","NA","NA","NA","NA","NA","NA","NA","NA","NA","NA","NA","NA","NA","Orientation_PSA2018","20","10936","21","no","yes","1024"
"N","2856","V","H","PP_LIST1.csv","saltV.jpg","saltH.jpg","90.9090909091","90.9090909091","527.318181818","527.318181818","#ffffff","yes","legacy","legacy","legacy","0","uniform","0","0","undefined","1","undefined","6","j","0","0","0","0","0","0","0","0","45","0","45","5","0","0","45","45","0","0","45","45","45","45","0","5","0","5","0","0","0","0","0","0","0","0","0","0","0","0","0","0","0","0","0","5","5","5","5","5","45","0","0","0","0","0","0","0","0","0","0","0","0","0","0","11/21/19 11:56:46","yes","Matching Tasks","yes","no","","no","OrientationCrossLanguages_2018PSA_PP_1.2.4.osexp","Z:\PSA002003\Scripts","no","mono","no","18","no","#0000ff","no","Deutsch","yes","768","no","no","legacy","45","45","1","5","Z:/PSA002003/rawdata/AUT_002_PP_077.csv","legacy","no","Kafkaesque Koffka","3.2.8","yes","5a7ce671e83246000deafe81","no","no","0","0","f","space","NA","f","space","NA","NA","NA","NA","NA","NA","NA","NA","NA","NA","NA","NA","NA","j","space","NA","NA","NA","NA","NA","NA","NA","NA","NA","NA","NA","NA","NA","665","1764","NA","665","2663","NA","NA","NA","NA","NA","NA","NA","NA","NA","NA","NA","NA","NA","612","15565","NA","NA","NA","NA","NA","NA","NA","NA","NA","NA","NA","NA","NA","2","legacy","no","no","1024","2","48000","-16","no","EXP","77","odd","no","no","NA","7972","3325","3326","6423","7959","7959","80815","NA","39151","117245","34826","23551","36474","117746","117243","7972","39151","117746","116612","NA","118413","23551","36441","23571","34824","23571","23571","23551","36476","NA","NA","NA","NA","NA","NA","NA","NA","NA","NA","NA","NA","NA","35327","35327","35941","26642","NA","118913","7974","NA","NA","NA","NA","NA","NA","NA","NA","NA","NA","NA","NA","NA","Orientation_PSA2018","20","11601","22","no","yes","1024"
"F","2856","F","F","PP_LIST1.csv","tlphon.jpg","knife.jpg","91.3043478261","91.3043478261","527.652173913","527.652173913","#ffffff","yes","legacy","legacy","legacy","0","uniform","1","1","undefined","1","undefined","6","f","0","0","0","0","0","0","0","0","46","0","46","5","0","0","46","46","0","0","46","46","46","46","0","5","0","5","0","0","0","0","0","0","0","0","0","0","0","0","0","0","0","0","0","5","5","5","5","5","46","0","0","0","0","0","0","0","0","0","0","0","0","0","0","11/21/19 11:56:46","yes","Matching Tasks","yes","no","","no","OrientationCrossLanguages_2018PSA_PP_1.2.4.osexp","Z:\PSA002003\Scripts","no","mono","no","18","no","#0000ff","no","Deutsch","yes","768","no","no","legacy","46","46","1","5","Z:/PSA002003/rawdata/AUT_002_PP_077.csv","legacy","no","Kafkaesque Koffka","3.2.8","yes","5a7ce671e83246000deafe81","no","no","0","0","f","space","NA","f","space","NA","NA","NA","NA","NA","NA","NA","NA","NA","NA","NA","NA","NA","j","space","NA","NA","NA","NA","NA","NA","NA","NA","NA","NA","NA","NA","NA","535","1764","NA","535","2663","NA","NA","NA","NA","NA","NA","NA","NA","NA","NA","NA","NA","NA","612","15565","NA","NA","NA","NA","NA","NA","NA","NA","NA","NA","NA","NA","NA","2","legacy","no","no","1024","2","48000","-16","no","EXP","77","odd","no","no","NA","7972","3325","3326","6423","7959","7959","80815","NA","39151","119063","34826","23551","36474","119564","119061","7972","39151","119564","120101","NA","118413","23551","36441","23571","34824","23571","23571","23551","36476","NA","NA","NA","NA","NA","NA","NA","NA","NA","NA","NA","NA","NA","35327","35327","35941","26642","NA","120601","7974","NA","NA","NA","NA","NA","NA","NA","NA","NA","NA","NA","NA","NA","Orientation_PSA2018","21","12136","23","no","yes","1024"
"N","2856","H","V","PP_LIST1.csv","guitarH.jpg","guitarV.jpg","91.6666666667","91.6666666667","531.833333333","531.833333333","#ffffff","yes","legacy","legacy","legacy","0","uniform","1","1","undefined","1","undefined","6","j","0","0","0","0","0","0","0","0","47","0","47","5","0","0","47","47","0","0","47","47","47","47","0","5","0","5","0","0","0","0","0","0","0","0","0","0","0","0","0","0","0","0","0","5","5","5","5","5","47","0","0","0","0","0","0","0","0","0","0","0","0","0","0","11/21/19 11:56:46","yes","Matching Tasks","yes","no","","no","OrientationCrossLanguages_2018PSA_PP_1.2.4.osexp","Z:\PSA002003\Scripts","no","mono","no","18","no","#0000ff","no","Deutsch","yes","768","no","no","legacy","47","47","1","5","Z:/PSA002003/rawdata/AUT_002_PP_077.csv","legacy","no","Kafkaesque Koffka","3.2.8","yes","5a7ce671e83246000deafe81","no","no","0","0","j","space","NA","j","space","NA","NA","NA","NA","NA","NA","NA","NA","NA","NA","NA","NA","NA","j","space","NA","NA","NA","NA","NA","NA","NA","NA","NA","NA","NA","NA","NA","628","1764","NA","628","2663","NA","NA","NA","NA","NA","NA","NA","NA","NA","NA","NA","NA","NA","612","15565","NA","NA","NA","NA","NA","NA","NA","NA","NA","NA","NA","NA","NA","2","legacy","no","no","1024","2","48000","-16","no","EXP","77","odd","no","no","NA","7972","3325","3326","6423","7959","7959","80815","NA","39151","120713","34826","23551","36474","121214","120711","7972","39151","121214","121844","NA","118413","23551","36441","23571","34824","23571","23571","23551","36476","NA","NA","NA","NA","NA","NA","NA","NA","NA","NA","NA","NA","NA","35327","35327","35941","26642","NA","122344","7974","NA","NA","NA","NA","NA","NA","NA","NA","NA","NA","NA","NA","NA","Orientation_PSA2018","22","12764","24","no","yes","1024"
