"Identical","LAB_SEED","Orientation1","Orientation2","PPList","Picture1","Picture2","acc","accuracy","average_response_time","avg_rt","background","bidi","canvas_backend","clock_backend","color_backend","compensation","coordinates","correct","correct_Pictures_response","correct_Start_SPA","correct_Target_response_Prac","correct_Welcome_PP_SPA","correct_count","correct_response","count_Check_This","count_Disable_Mouse","count_EXP","count_LAB_SEED","count_Language_Selection","count_List_Select","count_List_Selection","count_Pictures_Break","count_Pictures_End","count_Pictures_Exp","count_Pictures_Fixation","count_Pictures_Fixation_Prac","count_Pictures_Prac","count_Pictures_Start","count_Pictures_Target","count_Pictures_Trial","count_Pictures_Welcome","count_Pictures_loop","count_Pictures_response","count_Pictures_response_correct","count_Pictures_response_noans","count_Pictures_response_wrong","count_Prac","count_Prac_Count","count_Prac_Reset","count_Prac_Trial","count_Prac_loop","count_Prac_seq","count_Prac_setup","count_Start_DE","count_Start_E","count_Start_ELL","count_Start_HIN","count_Start_HUN","count_Start_NOR","count_Start_PL","count_Start_POR","count_Start_SC","count_Start_SPA","count_Start_TC","count_Start_THAI","count_Start_TUR","count_Target_Prac","count_Target_response_Prac","count_Target_response_correct_Prac","count_Target_response_noans_Prac","count_Target_response_wrong_Prac","count_Trial_logger","count_Welcome_PP_DE","count_Welcome_PP_E","count_Welcome_PP_ELL","count_Welcome_PP_HIN","count_Welcome_PP_HUN","count_Welcome_PP_NOR","count_Welcome_PP_PL","count_Welcome_PP_POR","count_Welcome_PP_SC","count_Welcome_PP_SPA","count_Welcome_PP_TC","count_Welcome_PP_THAI","count_Welcome_PP_TUR","datetime","de","description","disable_garbage_collection","ell","empty_column","en","experiment_file","experiment_path","font_bold","font_family","font_italic","font_size","font_underline","foreground","form_clicks","form_response","fullscreen","height","hin","hun","keyboard_backend","live_row","live_row_Pictures_loop","live_row_Prac","live_row_Prac_loop","logfile","mouse_backend","nor","opensesame_codename","opensesame_version","osf_always_upload_experiment","osf_id","pol","por","repeat_cycle","reset_loop","response","response_Pictures_Break","response_Pictures_End","response_Pictures_response","response_Start_DE","response_Start_E","response_Start_ELL","response_Start_HIN","response_Start_HUN","response_Start_NOR","response_Start_PL","response_Start_POR","response_Start_SC","response_Start_SPA","response_Start_TC","response_Start_THAI","response_Start_TUR","response_Target_response_Prac","response_Welcome_PP_DE","response_Welcome_PP_E","response_Welcome_PP_ELL","response_Welcome_PP_HIN","response_Welcome_PP_HUN","response_Welcome_PP_NOR","response_Welcome_PP_PL","response_Welcome_PP_POR","response_Welcome_PP_SC","response_Welcome_PP_SPA","response_Welcome_PP_TC","response_Welcome_PP_THAI","response_Welcome_PP_TUR","response_time","response_time_Pictures_Break","response_time_Pictures_End","response_time_Pictures_response","response_time_Start_DE","response_time_Start_E","response_time_Start_ELL","response_time_Start_HIN","response_time_Start_HUN","response_time_Start_NOR","response_time_Start_PL","response_time_Start_POR","response_time_Start_SC","response_time_Start_SPA","response_time_Start_TC","response_time_Start_THAI","response_time_Start_TUR","response_time_Target_response_Prac","response_time_Welcome_PP_DE","response_time_Welcome_PP_E","response_time_Welcome_PP_ELL","response_time_Welcome_PP_HIN","response_time_Welcome_PP_HUN","response_time_Welcome_PP_NOR","response_time_Welcome_PP_PL","response_time_Welcome_PP_POR","response_time_Welcome_PP_SC","response_time_Welcome_PP_SPA","response_time_Welcome_PP_TC","response_time_Welcome_PP_THAI","response_time_Welcome_PP_TUR","round_decimals","sampler_backend","sc","sound_buf_size","sound_channels","sound_freq","sound_sample_size","spa","start","subject_nr","subject_parity","tc","thai","time_Check_This","time_Disable_Mouse","time_EXP","time_LAB_SEED","time_Language_Selection","time_List_Select","time_List_Selection","time_Pictures_Break","time_Pictures_End","time_Pictures_Exp","time_Pictures_Fixation","time_Pictures_Fixation_Prac","time_Pictures_Prac","time_Pictures_Start","time_Pictures_Target","time_Pictures_Trial","time_Pictures_Welcome","time_Pictures_loop","time_Pictures_response","time_Pictures_response_correct","time_Pictures_response_noans","time_Pictures_response_wrong","time_Prac","time_Prac_Count","time_Prac_Reset","time_Prac_Trial","time_Prac_loop","time_Prac_seq","time_Prac_setup","time_Start_DE","time_Start_E","time_Start_ELL","time_Start_HIN","time_Start_HUN","time_Start_NOR","time_Start_PL","time_Start_POR","time_Start_SC","time_Start_SPA","time_Start_TC","time_Start_THAI","time_Start_TUR","time_Target_Prac","time_Target_response_Prac","time_Target_response_correct_Prac","time_Target_response_noans_Prac","time_Target_response_wrong_Prac","time_Trial_logger","time_Welcome_PP_DE","time_Welcome_PP_E","time_Welcome_PP_ELL","time_Welcome_PP_HIN","time_Welcome_PP_HUN","time_Welcome_PP_NOR","time_Welcome_PP_PL","time_Welcome_PP_POR","time_Welcome_PP_SC","time_Welcome_PP_SPA","time_Welcome_PP_TC","time_Welcome_PP_THAI","time_Welcome_PP_TUR","title","total_correct","total_response_time","total_responses","tur","uniform_coordinates","width"
"F","5747","F","F","PP_LIST2.csv","ladder.jpg","house.jpg","100","100","631","631","#ffffff","yes","legacy","legacy","legacy","0","uniform","1","1","undefined","1","undefined","6","f","0","0","0","0","0","0","0","NA","0","0","0","5","0","0","0","0","0","0","0","0","0","0","0","5","0","5","0","0","0","0","0","0","0","0","0","0","0","0","0","0","0","0","5","5","5","5","5","0","0","0","0","0","0","0","0","0","0","0","0","0","0","12/05/19 12:43:12","no","Matching Tasks","yes","no","","no","OrientationCrossLanguages_2018PSA_PP_1.2.4.osexp","C:\Users\USUARIO 1\Desktop\Experiment","no","mono","no","18","no","#0000ff","no","Español","yes","768","no","no","legacy","0","0","1","5","C:/Users/USUARIO 1/Desktop/Experiment/Data/COL_001_PP_051.csv","legacy","no","Kafkaesque Koffka","3.2.8","yes","5a7ce671e83246000deafe81","no","no","0","0","f","NA","NA","f","NA","NA","NA","NA","NA","NA","NA","NA","NA","space","NA","NA","NA","f","NA","NA","NA","NA","NA","NA","NA","NA","NA","space","NA","NA","NA","517","NA","NA","517","NA","NA","NA","NA","NA","NA","NA","NA","NA","2172","NA","NA","NA","499","NA","NA","NA","NA","NA","NA","NA","NA","NA","24056","NA","NA","NA","2","legacy","no","1024","2","48000","-16","yes","EXP","51","odd","no","no","NA","20896","4442","4445","18905","20873","20873","NA","NA","57968","58125","54192","44975","55772","58630","58122","20896","57968","58630","59150","NA","NA","44975","55698","45009","54189","45009","45009","44975","NA","NA","NA","NA","NA","NA","NA","NA","NA","55775","NA","NA","NA","54696","54696","55198","NA","NA","59650","NA","NA","NA","NA","NA","NA","NA","NA","NA","20899","NA","NA","NA","Orientation_PSA2018","7","4417","7","no","yes","1024"
"F","5747","F","F","PP_LIST2.csv","knife.jpg","ladder.jpg","87.5","87.5","609.75","609.75","#ffffff","yes","legacy","legacy","legacy","0","uniform","0","0","undefined","1","undefined","6","f","0","0","0","0","0","0","0","NA","1","0","1","5","0","0","1","1","0","0","1","1","1","1","0","5","0","5","0","0","0","0","0","0","0","0","0","0","0","0","0","0","0","0","5","5","5","5","5","1","0","0","0","0","0","0","0","0","0","0","0","0","0","12/05/19 12:43:12","no","Matching Tasks","yes","no","","no","OrientationCrossLanguages_2018PSA_PP_1.2.4.osexp","C:\Users\USUARIO 1\Desktop\Experiment","no","mono","no","18","no","#0000ff","no","Español","yes","768","no","no","legacy","1","1","1","5","C:/Users/USUARIO 1/Desktop/Experiment/Data/COL_001_PP_051.csv","legacy","no","Kafkaesque Koffka","3.2.8","yes","5a7ce671e83246000deafe81","no","no","0","0","j","NA","NA","j","NA","NA","NA","NA","NA","NA","NA","NA","NA","space","NA","NA","NA","f","NA","NA","NA","NA","NA","NA","NA","NA","NA","space","NA","NA","NA","461","NA","NA","461","NA","NA","NA","NA","NA","NA","NA","NA","NA","2172","NA","NA","NA","499","NA","NA","NA","NA","NA","NA","NA","NA","NA","24056","NA","NA","NA","2","legacy","no","1024","2","48000","-16","yes","EXP","51","odd","no","no","NA","20896","4442","4445","18905","20873","20873","NA","NA","57968","59926","54192","44975","55772","60430","59923","20896","57968","60430","59150","NA","60894","44975","55698","45009","54189","45009","45009","44975","NA","NA","NA","NA","NA","NA","NA","NA","NA","55775","NA","NA","NA","54696","54696","55198","NA","NA","61394","NA","NA","NA","NA","NA","NA","NA","NA","NA","20899","NA","NA","NA","Orientation_PSA2018","7","4878","8","no","yes","1024"
"F","5747","F","F","PP_LIST2.csv","wndmil.jpg","mitten.jpg","88.8888888889","88.8888888889","603.111111111","603.111111111","#ffffff","yes","legacy","legacy","legacy","0","uniform","1","1","undefined","1","undefined","6","f","0","0","0","0","0","0","0","NA","2","0","2","5","0","0","2","2","0","0","2","2","2","2","0","5","0","5","0","0","0","0","0","0","0","0","0","0","0","0","0","0","0","0","5","5","5","5","5","2","0","0","0","0","0","0","0","0","0","0","0","0","0","12/05/19 12:43:12","no","Matching Tasks","yes","no","","no","OrientationCrossLanguages_2018PSA_PP_1.2.4.osexp","C:\Users\USUARIO 1\Desktop\Experiment","no","mono","no","18","no","#0000ff","no","Español","yes","768","no","no","legacy","2","2","1","5","C:/Users/USUARIO 1/Desktop/Experiment/Data/COL_001_PP_051.csv","legacy","no","Kafkaesque Koffka","3.2.8","yes","5a7ce671e83246000deafe81","no","no","0","0","f","NA","NA","f","NA","NA","NA","NA","NA","NA","NA","NA","NA","space","NA","NA","NA","f","NA","NA","NA","NA","NA","NA","NA","NA","NA","space","NA","NA","NA","550","NA","NA","550","NA","NA","NA","NA","NA","NA","NA","NA","NA","2172","NA","NA","NA","499","NA","NA","NA","NA","NA","NA","NA","NA","NA","24056","NA","NA","NA","2","legacy","no","1024","2","48000","-16","yes","EXP","51","odd","no","no","NA","20896","4442","4445","18905","20873","20873","NA","NA","57968","61607","54192","44975","55772","62116","61601","20896","57968","62116","62670","NA","60894","44975","55698","45009","54189","45009","45009","44975","NA","NA","NA","NA","NA","NA","NA","NA","NA","55775","NA","NA","NA","54696","54696","55198","NA","NA","63170","NA","NA","NA","NA","NA","NA","NA","NA","NA","20899","NA","NA","NA","Orientation_PSA2018","8","5428","9","no","yes","1024"
"Y","5747","H","H","PP_LIST2.csv","tireH.jpg","tireH.jpg","90","90","597","597","#ffffff","yes","legacy","legacy","legacy","0","uniform","1","1","undefined","1","undefined","6","j","0","0","0","0","0","0","0","NA","3","0","3","5","0","0","3","3","0","0","3","3","3","3","0","5","0","5","0","0","0","0","0","0","0","0","0","0","0","0","0","0","0","0","5","5","5","5","5","3","0","0","0","0","0","0","0","0","0","0","0","0","0","12/05/19 12:43:12","no","Matching Tasks","yes","no","","no","OrientationCrossLanguages_2018PSA_PP_1.2.4.osexp","C:\Users\USUARIO 1\Desktop\Experiment","no","mono","no","18","no","#0000ff","no","Español","yes","768","no","no","legacy","3","3","1","5","C:/Users/USUARIO 1/Desktop/Experiment/Data/COL_001_PP_051.csv","legacy","no","Kafkaesque Koffka","3.2.8","yes","5a7ce671e83246000deafe81","no","no","0","0","j","NA","NA","j","NA","NA","NA","NA","NA","NA","NA","NA","NA","space","NA","NA","NA","f","NA","NA","NA","NA","NA","NA","NA","NA","NA","space","NA","NA","NA","542","NA","NA","542","NA","NA","NA","NA","NA","NA","NA","NA","NA","2172","NA","NA","NA","499","NA","NA","NA","NA","NA","NA","NA","NA","NA","24056","NA","NA","NA","2","legacy","no","1024","2","48000","-16","yes","EXP","51","odd","no","no","NA","20896","4442","4445","18905","20873","20873","NA","NA","57968","63397","54192","44975","55772","63901","63394","20896","57968","63901","64447","NA","60894","44975","55698","45009","54189","45009","45009","44975","NA","NA","NA","NA","NA","NA","NA","NA","NA","55775","NA","NA","NA","54696","54696","55198","NA","NA","64947","NA","NA","NA","NA","NA","NA","NA","NA","NA","20899","NA","NA","NA","Orientation_PSA2018","9","5970","10","no","yes","1024"
"Y","5747","H","H","PP_LIST2.csv","scssorH.jpg","scssorH.jpg","90.9090909091","90.9090909091","602.727272727","602.727272727","#ffffff","yes","legacy","legacy","legacy","0","uniform","1","1","undefined","1","undefined","6","j","0","0","0","0","0","0","0","NA","4","0","4","5","0","0","4","4","0","0","4","4","4","4","0","5","0","5","0","0","0","0","0","0","0","0","0","0","0","0","0","0","0","0","5","5","5","5","5","4","0","0","0","0","0","0","0","0","0","0","0","0","0","12/05/19 12:43:12","no","Matching Tasks","yes","no","","no","OrientationCrossLanguages_2018PSA_PP_1.2.4.osexp","C:\Users\USUARIO 1\Desktop\Experiment","no","mono","no","18","no","#0000ff","no","Español","yes","768","no","no","legacy","4","4","1","5","C:/Users/USUARIO 1/Desktop/Experiment/Data/COL_001_PP_051.csv","legacy","no","Kafkaesque Koffka","3.2.8","yes","5a7ce671e83246000deafe81","no","no","0","0","j","NA","NA","j","NA","NA","NA","NA","NA","NA","NA","NA","NA","space","NA","NA","NA","f","NA","NA","NA","NA","NA","NA","NA","NA","NA","space","NA","NA","NA","660","NA","NA","660","NA","NA","NA","NA","NA","NA","NA","NA","NA","2172","NA","NA","NA","499","NA","NA","NA","NA","NA","NA","NA","NA","NA","24056","NA","NA","NA","2","legacy","no","1024","2","48000","-16","yes","EXP","51","odd","no","no","NA","20896","4442","4445","18905","20873","20873","NA","NA","57968","65151","54192","44975","55772","65655","65148","20896","57968","65655","66319","NA","60894","44975","55698","45009","54189","45009","45009","44975","NA","NA","NA","NA","NA","NA","NA","NA","NA","55775","NA","NA","NA","54696","54696","55198","NA","NA","66819","NA","NA","NA","NA","NA","NA","NA","NA","NA","20899","NA","NA","NA","Orientation_PSA2018","10","6630","11","no","yes","1024"
"N","5747","V","H","PP_LIST2.csv","keyV.jpg","keyH.jpg","91.6666666667","91.6666666667","636","636","#ffffff","yes","legacy","legacy","legacy","0","uniform","1","1","undefined","1","undefined","6","j","0","0","0","0","0","0","0","NA","5","0","5","5","0","0","5","5","0","0","5","5","5","5","0","5","0","5","0","0","0","0","0","0","0","0","0","0","0","0","0","0","0","0","5","5","5","5","5","5","0","0","0","0","0","0","0","0","0","0","0","0","0","12/05/19 12:43:12","no","Matching Tasks","yes","no","","no","OrientationCrossLanguages_2018PSA_PP_1.2.4.osexp","C:\Users\USUARIO 1\Desktop\Experiment","no","mono","no","18","no","#0000ff","no","Español","yes","768","no","no","legacy","5","5","1","5","C:/Users/USUARIO 1/Desktop/Experiment/Data/COL_001_PP_051.csv","legacy","no","Kafkaesque Koffka","3.2.8","yes","5a7ce671e83246000deafe81","no","no","0","0","j","NA","NA","j","NA","NA","NA","NA","NA","NA","NA","NA","NA","space","NA","NA","NA","f","NA","NA","NA","NA","NA","NA","NA","NA","NA","space","NA","NA","NA","1002","NA","NA","1002","NA","NA","NA","NA","NA","NA","NA","NA","NA","2172","NA","NA","NA","499","NA","NA","NA","NA","NA","NA","NA","NA","NA","24056","NA","NA","NA","2","legacy","no","1024","2","48000","-16","yes","EXP","51","odd","no","no","NA","20896","4442","4445","18905","20873","20873","NA","NA","57968","67033","54192","44975","55772","67537","67030","20896","57968","67537","68544","NA","60894","44975","55698","45009","54189","45009","45009","44975","NA","NA","NA","NA","NA","NA","NA","NA","NA","55775","NA","NA","NA","54696","54696","55198","NA","NA","69044","NA","NA","NA","NA","NA","NA","NA","NA","NA","20899","NA","NA","NA","Orientation_PSA2018","11","7632","12","no","yes","1024"
"N","5747","V","H","PP_LIST2.csv","nailV.jpg","nailH.jpg","92.3076923077","92.3076923077","647.692307692","647.692307692","#ffffff","yes","legacy","legacy","legacy","0","uniform","1","1","undefined","1","undefined","6","j","0","0","0","0","0","0","0","NA","6","0","6","5","0","0","6","6","0","0","6","6","6","6","0","5","0","5","0","0","0","0","0","0","0","0","0","0","0","0","0","0","0","0","5","5","5","5","5","6","0","0","0","0","0","0","0","0","0","0","0","0","0","12/05/19 12:43:12","no","Matching Tasks","yes","no","","no","OrientationCrossLanguages_2018PSA_PP_1.2.4.osexp","C:\Users\USUARIO 1\Desktop\Experiment","no","mono","no","18","no","#0000ff","no","Español","yes","768","no","no","legacy","6","6","1","5","C:/Users/USUARIO 1/Desktop/Experiment/Data/COL_001_PP_051.csv","legacy","no","Kafkaesque Koffka","3.2.8","yes","5a7ce671e83246000deafe81","no","no","0","0","j","NA","NA","j","NA","NA","NA","NA","NA","NA","NA","NA","NA","space","NA","NA","NA","f","NA","NA","NA","NA","NA","NA","NA","NA","NA","space","NA","NA","NA","788","NA","NA","788","NA","NA","NA","NA","NA","NA","NA","NA","NA","2172","NA","NA","NA","499","NA","NA","NA","NA","NA","NA","NA","NA","NA","24056","NA","NA","NA","2","legacy","no","1024","2","48000","-16","yes","EXP","51","odd","no","no","NA","20896","4442","4445","18905","20873","20873","NA","NA","57968","69262","54192","44975","55772","69767","69259","20896","57968","69767","70558","NA","60894","44975","55698","45009","54189","45009","45009","44975","NA","NA","NA","NA","NA","NA","NA","NA","NA","55775","NA","NA","NA","54696","54696","55198","NA","NA","71059","NA","NA","NA","NA","NA","NA","NA","NA","NA","20899","NA","NA","NA","Orientation_PSA2018","12","8420","13","no","yes","1024"
"F","5747","F","F","PP_LIST2.csv","skirt.jpg","tlphon.jpg","92.8571428571","92.8571428571","659.357142857","659.357142857","#ffffff","yes","legacy","legacy","legacy","0","uniform","1","1","undefined","1","undefined","6","f","0","0","0","0","0","0","0","NA","7","0","7","5","0","0","7","7","0","0","7","7","7","7","0","5","0","5","0","0","0","0","0","0","0","0","0","0","0","0","0","0","0","0","5","5","5","5","5","7","0","0","0","0","0","0","0","0","0","0","0","0","0","12/05/19 12:43:12","no","Matching Tasks","yes","no","","no","OrientationCrossLanguages_2018PSA_PP_1.2.4.osexp","C:\Users\USUARIO 1\Desktop\Experiment","no","mono","no","18","no","#0000ff","no","Español","yes","768","no","no","legacy","7","7","1","5","C:/Users/USUARIO 1/Desktop/Experiment/Data/COL_001_PP_051.csv","legacy","no","Kafkaesque Koffka","3.2.8","yes","5a7ce671e83246000deafe81","no","no","0","0","f","NA","NA","f","NA","NA","NA","NA","NA","NA","NA","NA","NA","space","NA","NA","NA","f","NA","NA","NA","NA","NA","NA","NA","NA","NA","space","NA","NA","NA","811","NA","NA","811","NA","NA","NA","NA","NA","NA","NA","NA","NA","2172","NA","NA","NA","499","NA","NA","NA","NA","NA","NA","NA","NA","NA","24056","NA","NA","NA","2","legacy","no","1024","2","48000","-16","yes","EXP","51","odd","no","no","NA","20896","4442","4445","18905","20873","20873","NA","NA","57968","71288","54192","44975","55772","71792","71285","20896","57968","71792","72607","NA","60894","44975","55698","45009","54189","45009","45009","44975","NA","NA","NA","NA","NA","NA","NA","NA","NA","55775","NA","NA","NA","54696","54696","55198","NA","NA","73107","NA","NA","NA","NA","NA","NA","NA","NA","NA","20899","NA","NA","NA","Orientation_PSA2018","13","9231","14","no","yes","1024"
"Y","5747","V","V","PP_LIST2.csv","bookV.jpg","bookV.jpg","93.3333333333","93.3333333333","666.266666667","666.266666667","#ffffff","yes","legacy","legacy","legacy","0","uniform","1","1","undefined","1","undefined","6","j","0","0","0","0","0","0","0","NA","8","0","8","5","0","0","8","8","0","0","8","8","8","8","0","5","0","5","0","0","0","0","0","0","0","0","0","0","0","0","0","0","0","0","5","5","5","5","5","8","0","0","0","0","0","0","0","0","0","0","0","0","0","12/05/19 12:43:12","no","Matching Tasks","yes","no","","no","OrientationCrossLanguages_2018PSA_PP_1.2.4.osexp","C:\Users\USUARIO 1\Desktop\Experiment","no","mono","no","18","no","#0000ff","no","Español","yes","768","no","no","legacy","8","8","1","5","C:/Users/USUARIO 1/Desktop/Experiment/Data/COL_001_PP_051.csv","legacy","no","Kafkaesque Koffka","3.2.8","yes","5a7ce671e83246000deafe81","no","no","0","0","j","NA","NA","j","NA","NA","NA","NA","NA","NA","NA","NA","NA","space","NA","NA","NA","f","NA","NA","NA","NA","NA","NA","NA","NA","NA","space","NA","NA","NA","763","NA","NA","763","NA","NA","NA","NA","NA","NA","NA","NA","NA","2172","NA","NA","NA","499","NA","NA","NA","NA","NA","NA","NA","NA","NA","24056","NA","NA","NA","2","legacy","no","1024","2","48000","-16","yes","EXP","51","odd","no","no","NA","20896","4442","4445","18905","20873","20873","NA","NA","57968","73336","54192","44975","55772","73840","73333","20896","57968","73840","74606","NA","60894","44975","55698","45009","54189","45009","45009","44975","NA","NA","NA","NA","NA","NA","NA","NA","NA","55775","NA","NA","NA","54696","54696","55198","NA","NA","75106","NA","NA","NA","NA","NA","NA","NA","NA","NA","20899","NA","NA","NA","Orientation_PSA2018","14","9994","15","no","yes","1024"
"N","5747","V","H","PP_LIST2.csv","pencilV.jpg","pencilH.jpg","93.75","93.75","673.625","673.625","#ffffff","yes","legacy","legacy","legacy","0","uniform","1","1","undefined","1","undefined","6","j","0","0","0","0","0","0","0","NA","9","0","9","5","0","0","9","9","0","0","9","9","9","9","0","5","0","5","0","0","0","0","0","0","0","0","0","0","0","0","0","0","0","0","5","5","5","5","5","9","0","0","0","0","0","0","0","0","0","0","0","0","0","12/05/19 12:43:12","no","Matching Tasks","yes","no","","no","OrientationCrossLanguages_2018PSA_PP_1.2.4.osexp","C:\Users\USUARIO 1\Desktop\Experiment","no","mono","no","18","no","#0000ff","no","Español","yes","768","no","no","legacy","9","9","1","5","C:/Users/USUARIO 1/Desktop/Experiment/Data/COL_001_PP_051.csv","legacy","no","Kafkaesque Koffka","3.2.8","yes","5a7ce671e83246000deafe81","no","no","0","0","j","NA","NA","j","NA","NA","NA","NA","NA","NA","NA","NA","NA","space","NA","NA","NA","f","NA","NA","NA","NA","NA","NA","NA","NA","NA","space","NA","NA","NA","784","NA","NA","784","NA","NA","NA","NA","NA","NA","NA","NA","NA","2172","NA","NA","NA","499","NA","NA","NA","NA","NA","NA","NA","NA","NA","24056","NA","NA","NA","2","legacy","no","1024","2","48000","-16","yes","EXP","51","odd","no","no","NA","20896","4442","4445","18905","20873","20873","NA","NA","57968","75315","54192","44975","55772","75819","75312","20896","57968","75819","76606","NA","60894","44975","55698","45009","54189","45009","45009","44975","NA","NA","NA","NA","NA","NA","NA","NA","NA","55775","NA","NA","NA","54696","54696","55198","NA","NA","77106","NA","NA","NA","NA","NA","NA","NA","NA","NA","20899","NA","NA","NA","Orientation_PSA2018","15","10778","16","no","yes","1024"
"N","5747","V","H","PP_LIST2.csv","glassV.jpg","glassH.jpg","94.1176470588","94.1176470588","685","685","#ffffff","yes","legacy","legacy","legacy","0","uniform","1","1","undefined","1","undefined","6","j","0","0","0","0","0","0","0","NA","10","0","10","5","0","0","10","10","0","0","10","10","10","10","0","5","0","5","0","0","0","0","0","0","0","0","0","0","0","0","0","0","0","0","5","5","5","5","5","10","0","0","0","0","0","0","0","0","0","0","0","0","0","12/05/19 12:43:12","no","Matching Tasks","yes","no","","no","OrientationCrossLanguages_2018PSA_PP_1.2.4.osexp","C:\Users\USUARIO 1\Desktop\Experiment","no","mono","no","18","no","#0000ff","no","Español","yes","768","no","no","legacy","10","10","1","5","C:/Users/USUARIO 1/Desktop/Experiment/Data/COL_001_PP_051.csv","legacy","no","Kafkaesque Koffka","3.2.8","yes","5a7ce671e83246000deafe81","no","no","0","0","j","NA","NA","j","NA","NA","NA","NA","NA","NA","NA","NA","NA","space","NA","NA","NA","f","NA","NA","NA","NA","NA","NA","NA","NA","NA","space","NA","NA","NA","867","NA","NA","867","NA","NA","NA","NA","NA","NA","NA","NA","NA","2172","NA","NA","NA","499","NA","NA","NA","NA","NA","NA","NA","NA","NA","24056","NA","NA","NA","2","legacy","no","1024","2","48000","-16","yes","EXP","51","odd","no","no","NA","20896","4442","4445","18905","20873","20873","NA","NA","57968","77328","54192","44975","55772","77832","77325","20896","57968","77832","78702","NA","60894","44975","55698","45009","54189","45009","45009","44975","NA","NA","NA","NA","NA","NA","NA","NA","NA","55775","NA","NA","NA","54696","54696","55198","NA","NA","79202","NA","NA","NA","NA","NA","NA","NA","NA","NA","20899","NA","NA","NA","Orientation_PSA2018","16","11645","17","no","yes","1024"
"N","5747","H","V","PP_LIST2.csv","crayonH.jpg","crayonV.jpg","94.4444444444","94.4444444444","698.333333333","698.333333333","#ffffff","yes","legacy","legacy","legacy","0","uniform","1","1","undefined","1","undefined","6","j","0","0","0","0","0","0","0","NA","11","0","11","5","0","0","11","11","0","0","11","11","11","11","0","5","0","5","0","0","0","0","0","0","0","0","0","0","0","0","0","0","0","0","5","5","5","5","5","11","0","0","0","0","0","0","0","0","0","0","0","0","0","12/05/19 12:43:12","no","Matching Tasks","yes","no","","no","OrientationCrossLanguages_2018PSA_PP_1.2.4.osexp","C:\Users\USUARIO 1\Desktop\Experiment","no","mono","no","18","no","#0000ff","no","Español","yes","768","no","no","legacy","11","11","1","5","C:/Users/USUARIO 1/Desktop/Experiment/Data/COL_001_PP_051.csv","legacy","no","Kafkaesque Koffka","3.2.8","yes","5a7ce671e83246000deafe81","no","no","0","0","j","NA","NA","j","NA","NA","NA","NA","NA","NA","NA","NA","NA","space","NA","NA","NA","f","NA","NA","NA","NA","NA","NA","NA","NA","NA","space","NA","NA","NA","925","NA","NA","925","NA","NA","NA","NA","NA","NA","NA","NA","NA","2172","NA","NA","NA","499","NA","NA","NA","NA","NA","NA","NA","NA","NA","24056","NA","NA","NA","2","legacy","no","1024","2","48000","-16","yes","EXP","51","odd","no","no","NA","20896","4442","4445","18905","20873","20873","NA","NA","57968","79430","54192","44975","55772","79935","79427","20896","57968","79935","80863","NA","60894","44975","55698","45009","54189","45009","45009","44975","NA","NA","NA","NA","NA","NA","NA","NA","NA","55775","NA","NA","NA","54696","54696","55198","NA","NA","81363","NA","NA","NA","NA","NA","NA","NA","NA","NA","20899","NA","NA","NA","Orientation_PSA2018","17","12570","18","no","yes","1024"
"Y","5747","V","V","PP_LIST2.csv","batV.jpg","batV.jpg","94.7368421053","94.7368421053","706.736842105","706.736842105","#ffffff","yes","legacy","legacy","legacy","0","uniform","1","1","undefined","1","undefined","6","j","0","0","0","0","0","0","0","NA","12","0","12","5","0","0","12","12","0","0","12","12","12","12","0","5","0","5","0","0","0","0","0","0","0","0","0","0","0","0","0","0","0","0","5","5","5","5","5","12","0","0","0","0","0","0","0","0","0","0","0","0","0","12/05/19 12:43:12","no","Matching Tasks","yes","no","","no","OrientationCrossLanguages_2018PSA_PP_1.2.4.osexp","C:\Users\USUARIO 1\Desktop\Experiment","no","mono","no","18","no","#0000ff","no","Español","yes","768","no","no","legacy","12","12","1","5","C:/Users/USUARIO 1/Desktop/Experiment/Data/COL_001_PP_051.csv","legacy","no","Kafkaesque Koffka","3.2.8","yes","5a7ce671e83246000deafe81","no","no","0","0","j","NA","NA","j","NA","NA","NA","NA","NA","NA","NA","NA","NA","space","NA","NA","NA","f","NA","NA","NA","NA","NA","NA","NA","NA","NA","space","NA","NA","NA","858","NA","NA","858","NA","NA","NA","NA","NA","NA","NA","NA","NA","2172","NA","NA","NA","499","NA","NA","NA","NA","NA","NA","NA","NA","NA","24056","NA","NA","NA","2","legacy","no","1024","2","48000","-16","yes","EXP","51","odd","no","no","NA","20896","4442","4445","18905","20873","20873","NA","NA","57968","81593","54192","44975","55772","82097","81590","20896","57968","82097","82959","NA","60894","44975","55698","45009","54189","45009","45009","44975","NA","NA","NA","NA","NA","NA","NA","NA","NA","55775","NA","NA","NA","54696","54696","55198","NA","NA","83459","NA","NA","NA","NA","NA","NA","NA","NA","NA","20899","NA","NA","NA","Orientation_PSA2018","18","13428","19","no","yes","1024"
"F","5747","F","F","PP_LIST2.csv","umberella.jpg","flower.jpg","95","95","701.85","701.85","#ffffff","yes","legacy","legacy","legacy","0","uniform","1","1","undefined","1","undefined","6","f","0","0","0","0","0","0","0","NA","13","0","13","5","0","0","13","13","0","0","13","13","13","13","0","5","0","5","0","0","0","0","0","0","0","0","0","0","0","0","0","0","0","0","5","5","5","5","5","13","0","0","0","0","0","0","0","0","0","0","0","0","0","12/05/19 12:43:12","no","Matching Tasks","yes","no","","no","OrientationCrossLanguages_2018PSA_PP_1.2.4.osexp","C:\Users\USUARIO 1\Desktop\Experiment","no","mono","no","18","no","#0000ff","no","Español","yes","768","no","no","legacy","13","13","1","5","C:/Users/USUARIO 1/Desktop/Experiment/Data/COL_001_PP_051.csv","legacy","no","Kafkaesque Koffka","3.2.8","yes","5a7ce671e83246000deafe81","no","no","0","0","f","NA","NA","f","NA","NA","NA","NA","NA","NA","NA","NA","NA","space","NA","NA","NA","f","NA","NA","NA","NA","NA","NA","NA","NA","NA","space","NA","NA","NA","609","NA","NA","609","NA","NA","NA","NA","NA","NA","NA","NA","NA","2172","NA","NA","NA","499","NA","NA","NA","NA","NA","NA","NA","NA","NA","24056","NA","NA","NA","2","legacy","no","1024","2","48000","-16","yes","EXP","51","odd","no","no","NA","20896","4442","4445","18905","20873","20873","NA","NA","57968","83681","54192","44975","55772","84186","83678","20896","57968","84186","84799","NA","60894","44975","55698","45009","54189","45009","45009","44975","NA","NA","NA","NA","NA","NA","NA","NA","NA","55775","NA","NA","NA","54696","54696","55198","NA","NA","85299","NA","NA","NA","NA","NA","NA","NA","NA","NA","20899","NA","NA","NA","Orientation_PSA2018","19","14037","20","no","yes","1024"
"F","5747","F","F","PP_LIST2.csv","needle.jpg","tiger.jpg","95.2380952381","95.2380952381","710","710","#ffffff","yes","legacy","legacy","legacy","0","uniform","1","1","undefined","1","undefined","6","f","0","0","0","0","0","0","0","NA","14","0","14","5","0","0","14","14","0","0","14","14","14","14","0","5","0","5","0","0","0","0","0","0","0","0","0","0","0","0","0","0","0","0","5","5","5","5","5","14","0","0","0","0","0","0","0","0","0","0","0","0","0","12/05/19 12:43:12","no","Matching Tasks","yes","no","","no","OrientationCrossLanguages_2018PSA_PP_1.2.4.osexp","C:\Users\USUARIO 1\Desktop\Experiment","no","mono","no","18","no","#0000ff","no","Español","yes","768","no","no","legacy","14","14","1","5","C:/Users/USUARIO 1/Desktop/Experiment/Data/COL_001_PP_051.csv","legacy","no","Kafkaesque Koffka","3.2.8","yes","5a7ce671e83246000deafe81","no","no","0","0","f","NA","NA","f","NA","NA","NA","NA","NA","NA","NA","NA","NA","space","NA","NA","NA","f","NA","NA","NA","NA","NA","NA","NA","NA","NA","space","NA","NA","NA","873","NA","NA","873","NA","NA","NA","NA","NA","NA","NA","NA","NA","2172","NA","NA","NA","499","NA","NA","NA","NA","NA","NA","NA","NA","NA","24056","NA","NA","NA","2","legacy","no","1024","2","48000","-16","yes","EXP","51","odd","no","no","NA","20896","4442","4445","18905","20873","20873","NA","NA","57968","85498","54192","44975","55772","86002","85495","20896","57968","86002","86879","NA","60894","44975","55698","45009","54189","45009","45009","44975","NA","NA","NA","NA","NA","NA","NA","NA","NA","55775","NA","NA","NA","54696","54696","55198","NA","NA","87379","NA","NA","NA","NA","NA","NA","NA","NA","NA","20899","NA","NA","NA","Orientation_PSA2018","20","14910","21","no","yes","1024"
"F","5747","F","F","PP_LIST2.csv","wrench.jpg","piano.jpg","95.4545454545","95.4545454545","706.090909091","706.090909091","#ffffff","yes","legacy","legacy","legacy","0","uniform","1","1","undefined","1","undefined","6","f","0","0","0","0","0","0","0","NA","15","0","15","5","0","0","15","15","0","0","15","15","15","15","0","5","0","5","0","0","0","0","0","0","0","0","0","0","0","0","0","0","0","0","5","5","5","5","5","15","0","0","0","0","0","0","0","0","0","0","0","0","0","12/05/19 12:43:12","no","Matching Tasks","yes","no","","no","OrientationCrossLanguages_2018PSA_PP_1.2.4.osexp","C:\Users\USUARIO 1\Desktop\Experiment","no","mono","no","18","no","#0000ff","no","Español","yes","768","no","no","legacy","15","15","1","5","C:/Users/USUARIO 1/Desktop/Experiment/Data/COL_001_PP_051.csv","legacy","no","Kafkaesque Koffka","3.2.8","yes","5a7ce671e83246000deafe81","no","no","0","0","f","NA","NA","f","NA","NA","NA","NA","NA","NA","NA","NA","NA","space","NA","NA","NA","f","NA","NA","NA","NA","NA","NA","NA","NA","NA","space","NA","NA","NA","624","NA","NA","624","NA","NA","NA","NA","NA","NA","NA","NA","NA","2172","NA","NA","NA","499","NA","NA","NA","NA","NA","NA","NA","NA","NA","24056","NA","NA","NA","2","legacy","no","1024","2","48000","-16","yes","EXP","51","odd","no","no","NA","20896","4442","4445","18905","20873","20873","NA","NA","57968","87587","54192","44975","55772","88091","87584","20896","57968","88091","88719","NA","60894","44975","55698","45009","54189","45009","45009","44975","NA","NA","NA","NA","NA","NA","NA","NA","NA","55775","NA","NA","NA","54696","54696","55198","NA","NA","89219","NA","NA","NA","NA","NA","NA","NA","NA","NA","20899","NA","NA","NA","Orientation_PSA2018","21","15534","22","no","yes","1024"
"N","5747","H","V","PP_LIST2.csv","fire_extinguisherH.jpg","fire_extinguisherV.jpg","95.652173913","95.652173913","711.130434783","711.130434783","#ffffff","yes","legacy","legacy","legacy","0","uniform","1","1","undefined","1","undefined","6","j","0","0","0","0","0","0","0","NA","16","0","16","5","0","0","16","16","0","0","16","16","16","16","0","5","0","5","0","0","0","0","0","0","0","0","0","0","0","0","0","0","0","0","5","5","5","5","5","16","0","0","0","0","0","0","0","0","0","0","0","0","0","12/05/19 12:43:12","no","Matching Tasks","yes","no","","no","OrientationCrossLanguages_2018PSA_PP_1.2.4.osexp","C:\Users\USUARIO 1\Desktop\Experiment","no","mono","no","18","no","#0000ff","no","Español","yes","768","no","no","legacy","16","16","1","5","C:/Users/USUARIO 1/Desktop/Experiment/Data/COL_001_PP_051.csv","legacy","no","Kafkaesque Koffka","3.2.8","yes","5a7ce671e83246000deafe81","no","no","0","0","j","NA","NA","j","NA","NA","NA","NA","NA","NA","NA","NA","NA","space","NA","NA","NA","f","NA","NA","NA","NA","NA","NA","NA","NA","NA","space","NA","NA","NA","822","NA","NA","822","NA","NA","NA","NA","NA","NA","NA","NA","NA","2172","NA","NA","NA","499","NA","NA","NA","NA","NA","NA","NA","NA","NA","24056","NA","NA","NA","2","legacy","no","1024","2","48000","-16","yes","EXP","51","odd","no","no","NA","20896","4442","4445","18905","20873","20873","NA","NA","57968","89452","54192","44975","55772","89957","89449","20896","57968","89957","90782","NA","60894","44975","55698","45009","54189","45009","45009","44975","NA","NA","NA","NA","NA","NA","NA","NA","NA","55775","NA","NA","NA","54696","54696","55198","NA","NA","91283","NA","NA","NA","NA","NA","NA","NA","NA","NA","20899","NA","NA","NA","Orientation_PSA2018","22","16356","23","no","yes","1024"
"Y","5747","V","V","PP_LIST2.csv","axeV.jpg","axeV.jpg","95.8333333333","95.8333333333","708.958333333","708.958333333","#ffffff","yes","legacy","legacy","legacy","0","uniform","1","1","undefined","1","undefined","6","j","0","0","0","0","0","0","0","NA","17","0","17","5","0","0","17","17","0","0","17","17","17","17","0","5","0","5","0","0","0","0","0","0","0","0","0","0","0","0","0","0","0","0","5","5","5","5","5","17","0","0","0","0","0","0","0","0","0","0","0","0","0","12/05/19 12:43:12","no","Matching Tasks","yes","no","","no","OrientationCrossLanguages_2018PSA_PP_1.2.4.osexp","C:\Users\USUARIO 1\Desktop\Experiment","no","mono","no","18","no","#0000ff","no","Español","yes","768","no","no","legacy","17","17","1","5","C:/Users/USUARIO 1/Desktop/Experiment/Data/COL_001_PP_051.csv","legacy","no","Kafkaesque Koffka","3.2.8","yes","5a7ce671e83246000deafe81","no","no","0","0","j","NA","NA","j","NA","NA","NA","NA","NA","NA","NA","NA","NA","space","NA","NA","NA","f","NA","NA","NA","NA","NA","NA","NA","NA","NA","space","NA","NA","NA","659","NA","NA","659","NA","NA","NA","NA","NA","NA","NA","NA","NA","2172","NA","NA","NA","499","NA","NA","NA","NA","NA","NA","NA","NA","NA","24056","NA","NA","NA","2","legacy","no","1024","2","48000","-16","yes","EXP","51","odd","no","no","NA","20896","4442","4445","18905","20873","20873","NA","NA","57968","91488","54192","44975","55772","91992","91485","20896","57968","91992","92654","NA","60894","44975","55698","45009","54189","45009","45009","44975","NA","NA","NA","NA","NA","NA","NA","NA","NA","55775","NA","NA","NA","54696","54696","55198","NA","NA","93155","NA","NA","NA","NA","NA","NA","NA","NA","NA","20899","NA","NA","NA","Orientation_PSA2018","23","17015","24","no","yes","1024"
"F","5747","F","F","PP_LIST2.csv","tapedispenser.jpg","wrench.jpg","96","96","703.88","703.88","#ffffff","yes","legacy","legacy","legacy","0","uniform","1","1","undefined","1","undefined","6","f","0","0","0","0","0","0","0","NA","18","0","18","5","0","0","18","18","0","0","18","18","18","18","0","5","0","5","0","0","0","0","0","0","0","0","0","0","0","0","0","0","0","0","5","5","5","5","5","18","0","0","0","0","0","0","0","0","0","0","0","0","0","12/05/19 12:43:12","no","Matching Tasks","yes","no","","no","OrientationCrossLanguages_2018PSA_PP_1.2.4.osexp","C:\Users\USUARIO 1\Desktop\Experiment","no","mono","no","18","no","#0000ff","no","Español","yes","768","no","no","legacy","18","18","1","5","C:/Users/USUARIO 1/Desktop/Experiment/Data/COL_001_PP_051.csv","legacy","no","Kafkaesque Koffka","3.2.8","yes","5a7ce671e83246000deafe81","no","no","0","0","f","NA","NA","f","NA","NA","NA","NA","NA","NA","NA","NA","NA","space","NA","NA","NA","f","NA","NA","NA","NA","NA","NA","NA","NA","NA","space","NA","NA","NA","582","NA","NA","582","NA","NA","NA","NA","NA","NA","NA","NA","NA","2172","NA","NA","NA","499","NA","NA","NA","NA","NA","NA","NA","NA","NA","24056","NA","NA","NA","2","legacy","no","1024","2","48000","-16","yes","EXP","51","odd","no","no","NA","20896","4442","4445","18905","20873","20873","NA","NA","57968","93357","54192","44975","55772","93861","93354","20896","57968","93861","94446","NA","60894","44975","55698","45009","54189","45009","45009","44975","NA","NA","NA","NA","NA","NA","NA","NA","NA","55775","NA","NA","NA","54696","54696","55198","NA","NA","94946","NA","NA","NA","NA","NA","NA","NA","NA","NA","20899","NA","NA","NA","Orientation_PSA2018","24","17597","25","no","yes","1024"
"N","5747","H","V","PP_LIST2.csv","caterpillarH.jpg","caterpillarV.jpg","96.1538461538","96.1538461538","717.192307692","717.192307692","#ffffff","yes","legacy","legacy","legacy","0","uniform","1","1","undefined","1","undefined","6","j","0","0","0","0","0","0","0","NA","19","0","19","5","0","0","19","19","0","0","19","19","19","19","0","5","0","5","0","0","0","0","0","0","0","0","0","0","0","0","0","0","0","0","5","5","5","5","5","19","0","0","0","0","0","0","0","0","0","0","0","0","0","12/05/19 12:43:12","no","Matching Tasks","yes","no","","no","OrientationCrossLanguages_2018PSA_PP_1.2.4.osexp","C:\Users\USUARIO 1\Desktop\Experiment","no","mono","no","18","no","#0000ff","no","Español","yes","768","no","no","legacy","19","19","1","5","C:/Users/USUARIO 1/Desktop/Experiment/Data/COL_001_PP_051.csv","legacy","no","Kafkaesque Koffka","3.2.8","yes","5a7ce671e83246000deafe81","no","no","0","0","j","NA","NA","j","NA","NA","NA","NA","NA","NA","NA","NA","NA","space","NA","NA","NA","f","NA","NA","NA","NA","NA","NA","NA","NA","NA","space","NA","NA","NA","1050","NA","NA","1050","NA","NA","NA","NA","NA","NA","NA","NA","NA","2172","NA","NA","NA","499","NA","NA","NA","NA","NA","NA","NA","NA","NA","24056","NA","NA","NA","2","legacy","no","1024","2","48000","-16","yes","EXP","51","odd","no","no","NA","20896","4442","4445","18905","20873","20873","NA","NA","57968","95177","54192","44975","55772","95681","95174","20896","57968","95681","96735","NA","60894","44975","55698","45009","54189","45009","45009","44975","NA","NA","NA","NA","NA","NA","NA","NA","NA","55775","NA","NA","NA","54696","54696","55198","NA","NA","97235","NA","NA","NA","NA","NA","NA","NA","NA","NA","20899","NA","NA","NA","Orientation_PSA2018","25","18647","26","no","yes","1024"
"N","5747","H","V","PP_LIST2.csv","clothespinH.jpg","clothespinV.jpg","96.2962962963","96.2962962963","740.851851852","740.851851852","#ffffff","yes","legacy","legacy","legacy","0","uniform","1","1","undefined","1","undefined","6","j","0","0","0","0","0","0","0","NA","20","0","20","5","0","0","20","20","0","0","20","20","20","20","0","5","0","5","0","0","0","0","0","0","0","0","0","0","0","0","0","0","0","0","5","5","5","5","5","20","0","0","0","0","0","0","0","0","0","0","0","0","0","12/05/19 12:43:12","no","Matching Tasks","yes","no","","no","OrientationCrossLanguages_2018PSA_PP_1.2.4.osexp","C:\Users\USUARIO 1\Desktop\Experiment","no","mono","no","18","no","#0000ff","no","Español","yes","768","no","no","legacy","20","20","1","5","C:/Users/USUARIO 1/Desktop/Experiment/Data/COL_001_PP_051.csv","legacy","no","Kafkaesque Koffka","3.2.8","yes","5a7ce671e83246000deafe81","no","no","0","0","j","NA","NA","j","NA","NA","NA","NA","NA","NA","NA","NA","NA","space","NA","NA","NA","f","NA","NA","NA","NA","NA","NA","NA","NA","NA","space","NA","NA","NA","1356","NA","NA","1356","NA","NA","NA","NA","NA","NA","NA","NA","NA","2172","NA","NA","NA","499","NA","NA","NA","NA","NA","NA","NA","NA","NA","24056","NA","NA","NA","2","legacy","no","1024","2","48000","-16","yes","EXP","51","odd","no","no","NA","20896","4442","4445","18905","20873","20873","NA","NA","57968","97462","54192","44975","55772","97967","97459","20896","57968","97967","99327","NA","60894","44975","55698","45009","54189","45009","45009","44975","NA","NA","NA","NA","NA","NA","NA","NA","NA","55775","NA","NA","NA","54696","54696","55198","NA","NA","99827","NA","NA","NA","NA","NA","NA","NA","NA","NA","20899","NA","NA","NA","Orientation_PSA2018","26","20003","27","no","yes","1024"
"F","5747","F","F","PP_LIST2.csv","tlphon.jpg","knife.jpg","96.4285714286","96.4285714286","744.642857143","744.642857143","#ffffff","yes","legacy","legacy","legacy","0","uniform","1","1","undefined","1","undefined","6","f","0","0","0","0","0","0","0","NA","21","0","21","5","0","0","21","21","0","0","21","21","21","21","0","5","0","5","0","0","0","0","0","0","0","0","0","0","0","0","0","0","0","0","5","5","5","5","5","21","0","0","0","0","0","0","0","0","0","0","0","0","0","12/05/19 12:43:12","no","Matching Tasks","yes","no","","no","OrientationCrossLanguages_2018PSA_PP_1.2.4.osexp","C:\Users\USUARIO 1\Desktop\Experiment","no","mono","no","18","no","#0000ff","no","Español","yes","768","no","no","legacy","21","21","1","5","C:/Users/USUARIO 1/Desktop/Experiment/Data/COL_001_PP_051.csv","legacy","no","Kafkaesque Koffka","3.2.8","yes","5a7ce671e83246000deafe81","no","no","0","0","f","NA","NA","f","NA","NA","NA","NA","NA","NA","NA","NA","NA","space","NA","NA","NA","f","NA","NA","NA","NA","NA","NA","NA","NA","NA","space","NA","NA","NA","847","NA","NA","847","NA","NA","NA","NA","NA","NA","NA","NA","NA","2172","NA","NA","NA","499","NA","NA","NA","NA","NA","NA","NA","NA","NA","24056","NA","NA","NA","2","legacy","no","1024","2","48000","-16","yes","EXP","51","odd","no","no","NA","20896","4442","4445","18905","20873","20873","NA","NA","57968","100036","54192","44975","55772","100540","100032","20896","57968","100540","101391","NA","60894","44975","55698","45009","54189","45009","45009","44975","NA","NA","NA","NA","NA","NA","NA","NA","NA","55775","NA","NA","NA","54696","54696","55198","NA","NA","101891","NA","NA","NA","NA","NA","NA","NA","NA","NA","20899","NA","NA","NA","Orientation_PSA2018","27","20850","28","no","yes","1024"
"F","5747","F","F","PP_LIST2.csv","ftball.jpg","nut.jpg","96.5517241379","96.5517241379","760.275862069","760.275862069","#ffffff","yes","legacy","legacy","legacy","0","uniform","1","1","undefined","1","undefined","6","f","0","0","0","0","0","0","0","NA","22","0","22","5","0","0","22","22","0","0","22","22","22","22","0","5","0","5","0","0","0","0","0","0","0","0","0","0","0","0","0","0","0","0","5","5","5","5","5","22","0","0","0","0","0","0","0","0","0","0","0","0","0","12/05/19 12:43:12","no","Matching Tasks","yes","no","","no","OrientationCrossLanguages_2018PSA_PP_1.2.4.osexp","C:\Users\USUARIO 1\Desktop\Experiment","no","mono","no","18","no","#0000ff","no","Español","yes","768","no","no","legacy","22","22","1","5","C:/Users/USUARIO 1/Desktop/Experiment/Data/COL_001_PP_051.csv","legacy","no","Kafkaesque Koffka","3.2.8","yes","5a7ce671e83246000deafe81","no","no","0","0","f","NA","NA","f","NA","NA","NA","NA","NA","NA","NA","NA","NA","space","NA","NA","NA","f","NA","NA","NA","NA","NA","NA","NA","NA","NA","space","NA","NA","NA","1198","NA","NA","1198","NA","NA","NA","NA","NA","NA","NA","NA","NA","2172","NA","NA","NA","499","NA","NA","NA","NA","NA","NA","NA","NA","NA","24056","NA","NA","NA","2","legacy","no","1024","2","48000","-16","yes","EXP","51","odd","no","no","NA","20896","4442","4445","18905","20873","20873","NA","NA","57968","102085","54192","44975","55772","102589","102082","20896","57968","102589","103791","NA","60894","44975","55698","45009","54189","45009","45009","44975","NA","NA","NA","NA","NA","NA","NA","NA","NA","55775","NA","NA","NA","54696","54696","55198","NA","NA","104291","NA","NA","NA","NA","NA","NA","NA","NA","NA","20899","NA","NA","NA","Orientation_PSA2018","28","22048","29","no","yes","1024"
"F","5747","F","F","PP_LIST2.csv","couch.jpg","spider.jpg","96.6666666667","96.6666666667","757.1","757.1","#ffffff","yes","legacy","legacy","legacy","0","uniform","1","1","undefined","1","undefined","6","f","0","0","0","0","0","0","0","NA","23","0","23","5","0","0","23","23","0","0","23","23","23","23","0","5","0","5","0","0","0","0","0","0","0","0","0","0","0","0","0","0","0","0","5","5","5","5","5","23","0","0","0","0","0","0","0","0","0","0","0","0","0","12/05/19 12:43:12","no","Matching Tasks","yes","no","","no","OrientationCrossLanguages_2018PSA_PP_1.2.4.osexp","C:\Users\USUARIO 1\Desktop\Experiment","no","mono","no","18","no","#0000ff","no","Español","yes","768","no","no","legacy","23","23","1","5","C:/Users/USUARIO 1/Desktop/Experiment/Data/COL_001_PP_051.csv","legacy","no","Kafkaesque Koffka","3.2.8","yes","5a7ce671e83246000deafe81","no","no","0","0","f","NA","NA","f","NA","NA","NA","NA","NA","NA","NA","NA","NA","space","NA","NA","NA","f","NA","NA","NA","NA","NA","NA","NA","NA","NA","space","NA","NA","NA","665","NA","NA","665","NA","NA","NA","NA","NA","NA","NA","NA","NA","2172","NA","NA","NA","499","NA","NA","NA","NA","NA","NA","NA","NA","NA","24056","NA","NA","NA","2","legacy","no","1024","2","48000","-16","yes","EXP","51","odd","no","no","NA","20896","4442","4445","18905","20873","20873","NA","NA","57968","104522","54192","44975","55772","105026","104519","20896","57968","105026","105695","NA","60894","44975","55698","45009","54189","45009","45009","44975","NA","NA","NA","NA","NA","NA","NA","NA","NA","55775","NA","NA","NA","54696","54696","55198","NA","NA","106195","NA","NA","NA","NA","NA","NA","NA","NA","NA","20899","NA","NA","NA","Orientation_PSA2018","29","22713","30","no","yes","1024"
"F","5747","F","F","PP_LIST2.csv","pumpkin.jpg","trmpet.jpg","100","100","819","819","#ffffff","yes","legacy","legacy","legacy","0","uniform","1","1","undefined","1","undefined","6","f","0","0","0","0","0","0","0","0","24","0","24","5","0","0","24","24","0","0","24","24","24","24","0","5","0","5","0","0","0","0","0","0","0","0","0","0","0","0","0","0","0","0","5","5","5","5","5","24","0","0","0","0","0","0","0","0","0","0","0","0","0","12/05/19 12:43:12","no","Matching Tasks","yes","no","","no","OrientationCrossLanguages_2018PSA_PP_1.2.4.osexp","C:\Users\USUARIO 1\Desktop\Experiment","no","mono","no","18","no","#0000ff","no","Español","yes","768","no","no","legacy","24","24","1","5","C:/Users/USUARIO 1/Desktop/Experiment/Data/COL_001_PP_051.csv","legacy","no","Kafkaesque Koffka","3.2.8","yes","5a7ce671e83246000deafe81","no","no","0","0","f","space","NA","f","NA","NA","NA","NA","NA","NA","NA","NA","NA","space","NA","NA","NA","f","NA","NA","NA","NA","NA","NA","NA","NA","NA","space","NA","NA","NA","819","6463","NA","819","NA","NA","NA","NA","NA","NA","NA","NA","NA","2172","NA","NA","NA","499","NA","NA","NA","NA","NA","NA","NA","NA","NA","24056","NA","NA","NA","2","legacy","no","1024","2","48000","-16","yes","EXP","51","odd","no","no","NA","20896","4442","4445","18905","20873","20873","106284","NA","57968","112912","54192","44975","55772","113416","112909","20896","57968","113416","114238","NA","60894","44975","55698","45009","54189","45009","45009","44975","NA","NA","NA","NA","NA","NA","NA","NA","NA","55775","NA","NA","NA","54696","54696","55198","NA","NA","114738","NA","NA","NA","NA","NA","NA","NA","NA","NA","20899","NA","NA","NA","Orientation_PSA2018","1","819","1","no","yes","1024"
"Y","5747","H","H","PP_LIST2.csv","saltH.jpg","saltH.jpg","100","100","1122.5","1122.5","#ffffff","yes","legacy","legacy","legacy","0","uniform","1","1","undefined","1","undefined","6","j","0","0","0","0","0","0","0","0","25","0","25","5","0","0","25","25","0","0","25","25","25","25","0","5","0","5","0","0","0","0","0","0","0","0","0","0","0","0","0","0","0","0","5","5","5","5","5","25","0","0","0","0","0","0","0","0","0","0","0","0","0","12/05/19 12:43:12","no","Matching Tasks","yes","no","","no","OrientationCrossLanguages_2018PSA_PP_1.2.4.osexp","C:\Users\USUARIO 1\Desktop\Experiment","no","mono","no","18","no","#0000ff","no","Español","yes","768","no","no","legacy","25","25","1","5","C:/Users/USUARIO 1/Desktop/Experiment/Data/COL_001_PP_051.csv","legacy","no","Kafkaesque Koffka","3.2.8","yes","5a7ce671e83246000deafe81","no","no","0","0","j","space","NA","j","NA","NA","NA","NA","NA","NA","NA","NA","NA","space","NA","NA","NA","f","NA","NA","NA","NA","NA","NA","NA","NA","NA","space","NA","NA","NA","1426","6463","NA","1426","NA","NA","NA","NA","NA","NA","NA","NA","NA","2172","NA","NA","NA","499","NA","NA","NA","NA","NA","NA","NA","NA","NA","24056","NA","NA","NA","2","legacy","no","1024","2","48000","-16","yes","EXP","51","odd","no","no","NA","20896","4442","4445","18905","20873","20873","106284","NA","57968","114961","54192","44975","55772","115465","114958","20896","57968","115465","116895","NA","60894","44975","55698","45009","54189","45009","45009","44975","NA","NA","NA","NA","NA","NA","NA","NA","NA","55775","NA","NA","NA","54696","54696","55198","NA","NA","117395","NA","NA","NA","NA","NA","NA","NA","NA","NA","20899","NA","NA","NA","Orientation_PSA2018","2","2245","2","no","yes","1024"
"F","5747","F","F","PP_LIST2.csv","mitten.jpg","needle.jpg","100","100","1364.33333333","1364.33333333","#ffffff","yes","legacy","legacy","legacy","0","uniform","1","1","undefined","1","undefined","6","f","0","0","0","0","0","0","0","0","26","0","26","5","0","0","26","26","0","0","26","26","26","26","0","5","0","5","0","0","0","0","0","0","0","0","0","0","0","0","0","0","0","0","5","5","5","5","5","26","0","0","0","0","0","0","0","0","0","0","0","0","0","12/05/19 12:43:12","no","Matching Tasks","yes","no","","no","OrientationCrossLanguages_2018PSA_PP_1.2.4.osexp","C:\Users\USUARIO 1\Desktop\Experiment","no","mono","no","18","no","#0000ff","no","Español","yes","768","no","no","legacy","26","26","1","5","C:/Users/USUARIO 1/Desktop/Experiment/Data/COL_001_PP_051.csv","legacy","no","Kafkaesque Koffka","3.2.8","yes","5a7ce671e83246000deafe81","no","no","0","0","f","space","NA","f","NA","NA","NA","NA","NA","NA","NA","NA","NA","space","NA","NA","NA","f","NA","NA","NA","NA","NA","NA","NA","NA","NA","space","NA","NA","NA","1848","6463","NA","1848","NA","NA","NA","NA","NA","NA","NA","NA","NA","2172","NA","NA","NA","499","NA","NA","NA","NA","NA","NA","NA","NA","NA","24056","NA","NA","NA","2","legacy","no","1024","2","48000","-16","yes","EXP","51","odd","no","no","NA","20896","4442","4445","18905","20873","20873","106284","NA","57968","117610","54192","44975","55772","118115","117607","20896","57968","118115","119967","120471","60894","44975","55698","45009","54189","45009","45009","44975","NA","NA","NA","NA","NA","NA","NA","NA","NA","55775","NA","NA","NA","54696","54696","55198","NA","NA","120971","NA","NA","NA","NA","NA","NA","NA","NA","NA","20899","NA","NA","NA","Orientation_PSA2018","3","4093","3","no","yes","1024"
"F","5747","F","F","PP_LIST2.csv","ring.jpg","stove.jpg","100","100","1160","1160","#ffffff","yes","legacy","legacy","legacy","0","uniform","1","1","undefined","1","undefined","6","f","0","0","0","0","0","0","0","0","27","0","27","5","0","0","27","27","0","0","27","27","27","27","0","5","0","5","0","0","0","0","0","0","0","0","0","0","0","0","0","0","0","0","5","5","5","5","5","27","0","0","0","0","0","0","0","0","0","0","0","0","0","12/05/19 12:43:12","no","Matching Tasks","yes","no","","no","OrientationCrossLanguages_2018PSA_PP_1.2.4.osexp","C:\Users\USUARIO 1\Desktop\Experiment","no","mono","no","18","no","#0000ff","no","Español","yes","768","no","no","legacy","27","27","1","5","C:/Users/USUARIO 1/Desktop/Experiment/Data/COL_001_PP_051.csv","legacy","no","Kafkaesque Koffka","3.2.8","yes","5a7ce671e83246000deafe81","no","no","0","0","f","space","NA","f","NA","NA","NA","NA","NA","NA","NA","NA","NA","space","NA","NA","NA","f","NA","NA","NA","NA","NA","NA","NA","NA","NA","space","NA","NA","NA","547","6463","NA","547","NA","NA","NA","NA","NA","NA","NA","NA","NA","2172","NA","NA","NA","499","NA","NA","NA","NA","NA","NA","NA","NA","NA","24056","NA","NA","NA","2","legacy","no","1024","2","48000","-16","yes","EXP","51","odd","no","no","NA","20896","4442","4445","18905","20873","20873","106284","NA","57968","121184","54192","44975","55772","121688","121181","20896","57968","121688","122239","120471","60894","44975","55698","45009","54189","45009","45009","44975","NA","NA","NA","NA","NA","NA","NA","NA","NA","55775","NA","NA","NA","54696","54696","55198","NA","NA","122739","NA","NA","NA","NA","NA","NA","NA","NA","NA","20899","NA","NA","NA","Orientation_PSA2018","4","4640","4","no","yes","1024"
"Y","5747","H","H","PP_LIST2.csv","plateH.jpg","plateH.jpg","100","100","1054.2","1054.2","#ffffff","yes","legacy","legacy","legacy","0","uniform","1","1","undefined","1","undefined","6","j","0","0","0","0","0","0","0","0","28","0","28","5","0","0","28","28","0","0","28","28","28","28","0","5","0","5","0","0","0","0","0","0","0","0","0","0","0","0","0","0","0","0","5","5","5","5","5","28","0","0","0","0","0","0","0","0","0","0","0","0","0","12/05/19 12:43:12","no","Matching Tasks","yes","no","","no","OrientationCrossLanguages_2018PSA_PP_1.2.4.osexp","C:\Users\USUARIO 1\Desktop\Experiment","no","mono","no","18","no","#0000ff","no","Español","yes","768","no","no","legacy","28","28","1","5","C:/Users/USUARIO 1/Desktop/Experiment/Data/COL_001_PP_051.csv","legacy","no","Kafkaesque Koffka","3.2.8","yes","5a7ce671e83246000deafe81","no","no","0","0","j","space","NA","j","NA","NA","NA","NA","NA","NA","NA","NA","NA","space","NA","NA","NA","f","NA","NA","NA","NA","NA","NA","NA","NA","NA","space","NA","NA","NA","631","6463","NA","631","NA","NA","NA","NA","NA","NA","NA","NA","NA","2172","NA","NA","NA","499","NA","NA","NA","NA","NA","NA","NA","NA","NA","24056","NA","NA","NA","2","legacy","no","1024","2","48000","-16","yes","EXP","51","odd","no","no","NA","20896","4442","4445","18905","20873","20873","106284","NA","57968","122988","54192","44975","55772","123492","122982","20896","57968","123492","124127","120471","60894","44975","55698","45009","54189","45009","45009","44975","NA","NA","NA","NA","NA","NA","NA","NA","NA","55775","NA","NA","NA","54696","54696","55198","NA","NA","124627","NA","NA","NA","NA","NA","NA","NA","NA","NA","20899","NA","NA","NA","Orientation_PSA2018","5","5271","5","no","yes","1024"
"Y","5747","V","V","PP_LIST2.csv","broomV.jpg","broomV.jpg","100","100","973.833333333","973.833333333","#ffffff","yes","legacy","legacy","legacy","0","uniform","1","1","undefined","1","undefined","6","j","0","0","0","0","0","0","0","0","29","0","29","5","0","0","29","29","0","0","29","29","29","29","0","5","0","5","0","0","0","0","0","0","0","0","0","0","0","0","0","0","0","0","5","5","5","5","5","29","0","0","0","0","0","0","0","0","0","0","0","0","0","12/05/19 12:43:12","no","Matching Tasks","yes","no","","no","OrientationCrossLanguages_2018PSA_PP_1.2.4.osexp","C:\Users\USUARIO 1\Desktop\Experiment","no","mono","no","18","no","#0000ff","no","Español","yes","768","no","no","legacy","29","29","1","5","C:/Users/USUARIO 1/Desktop/Experiment/Data/COL_001_PP_051.csv","legacy","no","Kafkaesque Koffka","3.2.8","yes","5a7ce671e83246000deafe81","no","no","0","0","j","space","NA","j","NA","NA","NA","NA","NA","NA","NA","NA","NA","space","NA","NA","NA","f","NA","NA","NA","NA","NA","NA","NA","NA","NA","space","NA","NA","NA","572","6463","NA","572","NA","NA","NA","NA","NA","NA","NA","NA","NA","2172","NA","NA","NA","499","NA","NA","NA","NA","NA","NA","NA","NA","NA","24056","NA","NA","NA","2","legacy","no","1024","2","48000","-16","yes","EXP","51","odd","no","no","NA","20896","4442","4445","18905","20873","20873","106284","NA","57968","124839","54192","44975","55772","125343","124836","20896","57968","125343","125918","120471","60894","44975","55698","45009","54189","45009","45009","44975","NA","NA","NA","NA","NA","NA","NA","NA","NA","55775","NA","NA","NA","54696","54696","55198","NA","NA","126419","NA","NA","NA","NA","NA","NA","NA","NA","NA","20899","NA","NA","NA","Orientation_PSA2018","6","5843","6","no","yes","1024"
"F","5747","F","F","PP_LIST2.csv","sutcse.jpg","pumpkin.jpg","100","100","901.571428571","901.571428571","#ffffff","yes","legacy","legacy","legacy","0","uniform","1","1","undefined","1","undefined","6","f","0","0","0","0","0","0","0","0","30","0","30","5","0","0","30","30","0","0","30","30","30","30","0","5","0","5","0","0","0","0","0","0","0","0","0","0","0","0","0","0","0","0","5","5","5","5","5","30","0","0","0","0","0","0","0","0","0","0","0","0","0","12/05/19 12:43:12","no","Matching Tasks","yes","no","","no","OrientationCrossLanguages_2018PSA_PP_1.2.4.osexp","C:\Users\USUARIO 1\Desktop\Experiment","no","mono","no","18","no","#0000ff","no","Español","yes","768","no","no","legacy","30","30","1","5","C:/Users/USUARIO 1/Desktop/Experiment/Data/COL_001_PP_051.csv","legacy","no","Kafkaesque Koffka","3.2.8","yes","5a7ce671e83246000deafe81","no","no","0","0","f","space","NA","f","NA","NA","NA","NA","NA","NA","NA","NA","NA","space","NA","NA","NA","f","NA","NA","NA","NA","NA","NA","NA","NA","NA","space","NA","NA","NA","468","6463","NA","468","NA","NA","NA","NA","NA","NA","NA","NA","NA","2172","NA","NA","NA","499","NA","NA","NA","NA","NA","NA","NA","NA","NA","24056","NA","NA","NA","2","legacy","no","1024","2","48000","-16","yes","EXP","51","odd","no","no","NA","20896","4442","4445","18905","20873","20873","106284","NA","57968","126623","54192","44975","55772","127127","126620","20896","57968","127127","127598","120471","60894","44975","55698","45009","54189","45009","45009","44975","NA","NA","NA","NA","NA","NA","NA","NA","NA","55775","NA","NA","NA","54696","54696","55198","NA","NA","128098","NA","NA","NA","NA","NA","NA","NA","NA","NA","20899","NA","NA","NA","Orientation_PSA2018","7","6311","7","no","yes","1024"
"N","5747","V","H","PP_LIST2.csv","ironV.jpg","ironH.jpg","87.5","87.5","857.75","857.75","#ffffff","yes","legacy","legacy","legacy","0","uniform","0","0","undefined","1","undefined","6","j","0","0","0","0","0","0","0","0","31","0","31","5","0","0","31","31","0","0","31","31","31","31","0","5","0","5","0","0","0","0","0","0","0","0","0","0","0","0","0","0","0","0","5","5","5","5","5","31","0","0","0","0","0","0","0","0","0","0","0","0","0","12/05/19 12:43:12","no","Matching Tasks","yes","no","","no","OrientationCrossLanguages_2018PSA_PP_1.2.4.osexp","C:\Users\USUARIO 1\Desktop\Experiment","no","mono","no","18","no","#0000ff","no","Español","yes","768","no","no","legacy","31","31","1","5","C:/Users/USUARIO 1/Desktop/Experiment/Data/COL_001_PP_051.csv","legacy","no","Kafkaesque Koffka","3.2.8","yes","5a7ce671e83246000deafe81","no","no","0","0","f","space","NA","f","NA","NA","NA","NA","NA","NA","NA","NA","NA","space","NA","NA","NA","f","NA","NA","NA","NA","NA","NA","NA","NA","NA","space","NA","NA","NA","551","6463","NA","551","NA","NA","NA","NA","NA","NA","NA","NA","NA","2172","NA","NA","NA","499","NA","NA","NA","NA","NA","NA","NA","NA","NA","24056","NA","NA","NA","2","legacy","no","1024","2","48000","-16","yes","EXP","51","odd","no","no","NA","20896","4442","4445","18905","20873","20873","106284","NA","57968","128316","54192","44975","55772","128820","128313","20896","57968","128820","127598","120471","129374","44975","55698","45009","54189","45009","45009","44975","NA","NA","NA","NA","NA","NA","NA","NA","NA","55775","NA","NA","NA","54696","54696","55198","NA","NA","129875","NA","NA","NA","NA","NA","NA","NA","NA","NA","20899","NA","NA","NA","Orientation_PSA2018","7","6862","8","no","yes","1024"
"N","5747","V","H","PP_LIST2.csv","guitarV.jpg","guitarH.jpg","88.8888888889","88.8888888889","875.111111111","875.111111111","#ffffff","yes","legacy","legacy","legacy","0","uniform","1","1","undefined","1","undefined","6","j","0","0","0","0","0","0","0","0","32","0","32","5","0","0","32","32","0","0","32","32","32","32","0","5","0","5","0","0","0","0","0","0","0","0","0","0","0","0","0","0","0","0","5","5","5","5","5","32","0","0","0","0","0","0","0","0","0","0","0","0","0","12/05/19 12:43:12","no","Matching Tasks","yes","no","","no","OrientationCrossLanguages_2018PSA_PP_1.2.4.osexp","C:\Users\USUARIO 1\Desktop\Experiment","no","mono","no","18","no","#0000ff","no","Español","yes","768","no","no","legacy","32","32","1","5","C:/Users/USUARIO 1/Desktop/Experiment/Data/COL_001_PP_051.csv","legacy","no","Kafkaesque Koffka","3.2.8","yes","5a7ce671e83246000deafe81","no","no","0","0","j","space","NA","j","NA","NA","NA","NA","NA","NA","NA","NA","NA","space","NA","NA","NA","f","NA","NA","NA","NA","NA","NA","NA","NA","NA","space","NA","NA","NA","1014","6463","NA","1014","NA","NA","NA","NA","NA","NA","NA","NA","NA","2172","NA","NA","NA","499","NA","NA","NA","NA","NA","NA","NA","NA","NA","24056","NA","NA","NA","2","legacy","no","1024","2","48000","-16","yes","EXP","51","odd","no","no","NA","20896","4442","4445","18905","20873","20873","106284","NA","57968","130077","54192","44975","55772","130581","130074","20896","57968","130581","131598","120471","129374","44975","55698","45009","54189","45009","45009","44975","NA","NA","NA","NA","NA","NA","NA","NA","NA","55775","NA","NA","NA","54696","54696","55198","NA","NA","132098","NA","NA","NA","NA","NA","NA","NA","NA","NA","20899","NA","NA","NA","Orientation_PSA2018","8","7876","9","no","yes","1024"
"F","5747","F","F","PP_LIST2.csv","tiger.jpg","wndmil.jpg","90","90","835.3","835.3","#ffffff","yes","legacy","legacy","legacy","0","uniform","1","1","undefined","1","undefined","6","f","0","0","0","0","0","0","0","0","33","0","33","5","0","0","33","33","0","0","33","33","33","33","0","5","0","5","0","0","0","0","0","0","0","0","0","0","0","0","0","0","0","0","5","5","5","5","5","33","0","0","0","0","0","0","0","0","0","0","0","0","0","12/05/19 12:43:12","no","Matching Tasks","yes","no","","no","OrientationCrossLanguages_2018PSA_PP_1.2.4.osexp","C:\Users\USUARIO 1\Desktop\Experiment","no","mono","no","18","no","#0000ff","no","Español","yes","768","no","no","legacy","33","33","1","5","C:/Users/USUARIO 1/Desktop/Experiment/Data/COL_001_PP_051.csv","legacy","no","Kafkaesque Koffka","3.2.8","yes","5a7ce671e83246000deafe81","no","no","0","0","f","space","NA","f","NA","NA","NA","NA","NA","NA","NA","NA","NA","space","NA","NA","NA","f","NA","NA","NA","NA","NA","NA","NA","NA","NA","space","NA","NA","NA","477","6463","NA","477","NA","NA","NA","NA","NA","NA","NA","NA","NA","2172","NA","NA","NA","499","NA","NA","NA","NA","NA","NA","NA","NA","NA","24056","NA","NA","NA","2","legacy","no","1024","2","48000","-16","yes","EXP","51","odd","no","no","NA","20896","4442","4445","18905","20873","20873","106284","NA","57968","132311","54192","44975","55772","132815","132308","20896","57968","132815","133295","120471","129374","44975","55698","45009","54189","45009","45009","44975","NA","NA","NA","NA","NA","NA","NA","NA","NA","55775","NA","NA","NA","54696","54696","55198","NA","NA","133795","NA","NA","NA","NA","NA","NA","NA","NA","NA","20899","NA","NA","NA","Orientation_PSA2018","9","8353","10","no","yes","1024"
"F","5747","F","F","PP_LIST2.csv","spider.jpg","couch.jpg","90.9090909091","90.9090909091","811.272727273","811.272727273","#ffffff","yes","legacy","legacy","legacy","0","uniform","1","1","undefined","1","undefined","6","f","0","0","0","0","0","0","0","0","34","0","34","5","0","0","34","34","0","0","34","34","34","34","0","5","0","5","0","0","0","0","0","0","0","0","0","0","0","0","0","0","0","0","5","5","5","5","5","34","0","0","0","0","0","0","0","0","0","0","0","0","0","12/05/19 12:43:12","no","Matching Tasks","yes","no","","no","OrientationCrossLanguages_2018PSA_PP_1.2.4.osexp","C:\Users\USUARIO 1\Desktop\Experiment","no","mono","no","18","no","#0000ff","no","Español","yes","768","no","no","legacy","34","34","1","5","C:/Users/USUARIO 1/Desktop/Experiment/Data/COL_001_PP_051.csv","legacy","no","Kafkaesque Koffka","3.2.8","yes","5a7ce671e83246000deafe81","no","no","0","0","f","space","NA","f","NA","NA","NA","NA","NA","NA","NA","NA","NA","space","NA","NA","NA","f","NA","NA","NA","NA","NA","NA","NA","NA","NA","space","NA","NA","NA","571","6463","NA","571","NA","NA","NA","NA","NA","NA","NA","NA","NA","2172","NA","NA","NA","499","NA","NA","NA","NA","NA","NA","NA","NA","NA","24056","NA","NA","NA","2","legacy","no","1024","2","48000","-16","yes","EXP","51","odd","no","no","NA","20896","4442","4445","18905","20873","20873","106284","NA","57968","134008","54192","44975","55772","134512","134005","20896","57968","134512","135087","120471","129374","44975","55698","45009","54189","45009","45009","44975","NA","NA","NA","NA","NA","NA","NA","NA","NA","55775","NA","NA","NA","54696","54696","55198","NA","NA","135587","NA","NA","NA","NA","NA","NA","NA","NA","NA","20899","NA","NA","NA","Orientation_PSA2018","10","8924","11","no","yes","1024"
"F","5747","F","F","PP_LIST2.csv","trmpet.jpg","tapedispenser.jpg","91.6666666667","91.6666666667","793.75","793.75","#ffffff","yes","legacy","legacy","legacy","0","uniform","1","1","undefined","1","undefined","6","f","0","0","0","0","0","0","0","0","35","0","35","5","0","0","35","35","0","0","35","35","35","35","0","5","0","5","0","0","0","0","0","0","0","0","0","0","0","0","0","0","0","0","5","5","5","5","5","35","0","0","0","0","0","0","0","0","0","0","0","0","0","12/05/19 12:43:12","no","Matching Tasks","yes","no","","no","OrientationCrossLanguages_2018PSA_PP_1.2.4.osexp","C:\Users\USUARIO 1\Desktop\Experiment","no","mono","no","18","no","#0000ff","no","Español","yes","768","no","no","legacy","35","35","1","5","C:/Users/USUARIO 1/Desktop/Experiment/Data/COL_001_PP_051.csv","legacy","no","Kafkaesque Koffka","3.2.8","yes","5a7ce671e83246000deafe81","no","no","0","0","f","space","NA","f","NA","NA","NA","NA","NA","NA","NA","NA","NA","space","NA","NA","NA","f","NA","NA","NA","NA","NA","NA","NA","NA","NA","space","NA","NA","NA","601","6463","NA","601","NA","NA","NA","NA","NA","NA","NA","NA","NA","2172","NA","NA","NA","499","NA","NA","NA","NA","NA","NA","NA","NA","NA","24056","NA","NA","NA","2","legacy","no","1024","2","48000","-16","yes","EXP","51","odd","no","no","NA","20896","4442","4445","18905","20873","20873","106284","NA","57968","135786","54192","44975","55772","136290","135783","20896","57968","136290","136895","120471","129374","44975","55698","45009","54189","45009","45009","44975","NA","NA","NA","NA","NA","NA","NA","NA","NA","55775","NA","NA","NA","54696","54696","55198","NA","NA","137395","NA","NA","NA","NA","NA","NA","NA","NA","NA","20899","NA","NA","NA","Orientation_PSA2018","11","9525","12","no","yes","1024"
"Y","5747","H","H","PP_LIST2.csv","screwH.jpg","screwH.jpg","92.3076923077","92.3076923077","787.538461538","787.538461538","#ffffff","yes","legacy","legacy","legacy","0","uniform","1","1","undefined","1","undefined","6","j","0","0","0","0","0","0","0","0","36","0","36","5","0","0","36","36","0","0","36","36","36","36","0","5","0","5","0","0","0","0","0","0","0","0","0","0","0","0","0","0","0","0","5","5","5","5","5","36","0","0","0","0","0","0","0","0","0","0","0","0","0","12/05/19 12:43:12","no","Matching Tasks","yes","no","","no","OrientationCrossLanguages_2018PSA_PP_1.2.4.osexp","C:\Users\USUARIO 1\Desktop\Experiment","no","mono","no","18","no","#0000ff","no","Español","yes","768","no","no","legacy","36","36","1","5","C:/Users/USUARIO 1/Desktop/Experiment/Data/COL_001_PP_051.csv","legacy","no","Kafkaesque Koffka","3.2.8","yes","5a7ce671e83246000deafe81","no","no","0","0","j","space","NA","j","NA","NA","NA","NA","NA","NA","NA","NA","NA","space","NA","NA","NA","f","NA","NA","NA","NA","NA","NA","NA","NA","NA","space","NA","NA","NA","713","6463","NA","713","NA","NA","NA","NA","NA","NA","NA","NA","NA","2172","NA","NA","NA","499","NA","NA","NA","NA","NA","NA","NA","NA","NA","24056","NA","NA","NA","2","legacy","no","1024","2","48000","-16","yes","EXP","51","odd","no","no","NA","20896","4442","4445","18905","20873","20873","106284","NA","57968","137610","54192","44975","55772","138114","137607","20896","57968","138114","138831","120471","129374","44975","55698","45009","54189","45009","45009","44975","NA","NA","NA","NA","NA","NA","NA","NA","NA","55775","NA","NA","NA","54696","54696","55198","NA","NA","139331","NA","NA","NA","NA","NA","NA","NA","NA","NA","20899","NA","NA","NA","Orientation_PSA2018","12","10238","13","no","yes","1024"
"F","5747","F","F","PP_LIST2.csv","piano.jpg","sutcse.jpg","92.8571428571","92.8571428571","771.5","771.5","#ffffff","yes","legacy","legacy","legacy","0","uniform","1","1","undefined","1","undefined","6","f","0","0","0","0","0","0","0","0","37","0","37","5","0","0","37","37","0","0","37","37","37","37","0","5","0","5","0","0","0","0","0","0","0","0","0","0","0","0","0","0","0","0","5","5","5","5","5","37","0","0","0","0","0","0","0","0","0","0","0","0","0","12/05/19 12:43:12","no","Matching Tasks","yes","no","","no","OrientationCrossLanguages_2018PSA_PP_1.2.4.osexp","C:\Users\USUARIO 1\Desktop\Experiment","no","mono","no","18","no","#0000ff","no","Español","yes","768","no","no","legacy","37","37","1","5","C:/Users/USUARIO 1/Desktop/Experiment/Data/COL_001_PP_051.csv","legacy","no","Kafkaesque Koffka","3.2.8","yes","5a7ce671e83246000deafe81","no","no","0","0","f","space","NA","f","NA","NA","NA","NA","NA","NA","NA","NA","NA","space","NA","NA","NA","f","NA","NA","NA","NA","NA","NA","NA","NA","NA","space","NA","NA","NA","563","6463","NA","563","NA","NA","NA","NA","NA","NA","NA","NA","NA","2172","NA","NA","NA","499","NA","NA","NA","NA","NA","NA","NA","NA","NA","24056","NA","NA","NA","2","legacy","no","1024","2","48000","-16","yes","EXP","51","odd","no","no","NA","20896","4442","4445","18905","20873","20873","106284","NA","57968","139536","54192","44975","55772","140040","139533","20896","57968","140040","140607","120471","129374","44975","55698","45009","54189","45009","45009","44975","NA","NA","NA","NA","NA","NA","NA","NA","NA","55775","NA","NA","NA","54696","54696","55198","NA","NA","141107","NA","NA","NA","NA","NA","NA","NA","NA","NA","20899","NA","NA","NA","Orientation_PSA2018","13","10801","14","no","yes","1024"
"Y","5747","V","V","PP_LIST2.csv","bottleV.jpg","bottleV.jpg","93.3333333333","93.3333333333","754.066666667","754.066666667","#ffffff","yes","legacy","legacy","legacy","0","uniform","1","1","undefined","1","undefined","6","j","0","0","0","0","0","0","0","0","38","0","38","5","0","0","38","38","0","0","38","38","38","38","0","5","0","5","0","0","0","0","0","0","0","0","0","0","0","0","0","0","0","0","5","5","5","5","5","38","0","0","0","0","0","0","0","0","0","0","0","0","0","12/05/19 12:43:12","no","Matching Tasks","yes","no","","no","OrientationCrossLanguages_2018PSA_PP_1.2.4.osexp","C:\Users\USUARIO 1\Desktop\Experiment","no","mono","no","18","no","#0000ff","no","Español","yes","768","no","no","legacy","38","38","1","5","C:/Users/USUARIO 1/Desktop/Experiment/Data/COL_001_PP_051.csv","legacy","no","Kafkaesque Koffka","3.2.8","yes","5a7ce671e83246000deafe81","no","no","0","0","j","space","NA","j","NA","NA","NA","NA","NA","NA","NA","NA","NA","space","NA","NA","NA","f","NA","NA","NA","NA","NA","NA","NA","NA","NA","space","NA","NA","NA","510","6463","NA","510","NA","NA","NA","NA","NA","NA","NA","NA","NA","2172","NA","NA","NA","499","NA","NA","NA","NA","NA","NA","NA","NA","NA","24056","NA","NA","NA","2","legacy","no","1024","2","48000","-16","yes","EXP","51","odd","no","no","NA","20896","4442","4445","18905","20873","20873","106284","NA","57968","141317","54192","44975","55772","141821","141314","20896","57968","141821","142335","120471","129374","44975","55698","45009","54189","45009","45009","44975","NA","NA","NA","NA","NA","NA","NA","NA","NA","55775","NA","NA","NA","54696","54696","55198","NA","NA","142835","NA","NA","NA","NA","NA","NA","NA","NA","NA","20899","NA","NA","NA","Orientation_PSA2018","14","11311","15","no","yes","1024"
"F","5747","F","F","PP_LIST2.csv","nut.jpg","watch.jpg","93.75","93.75","740.125","740.125","#ffffff","yes","legacy","legacy","legacy","0","uniform","1","1","undefined","1","undefined","6","f","0","0","0","0","0","0","0","0","39","0","39","5","0","0","39","39","0","0","39","39","39","39","0","5","0","5","0","0","0","0","0","0","0","0","0","0","0","0","0","0","0","0","5","5","5","5","5","39","0","0","0","0","0","0","0","0","0","0","0","0","0","12/05/19 12:43:12","no","Matching Tasks","yes","no","","no","OrientationCrossLanguages_2018PSA_PP_1.2.4.osexp","C:\Users\USUARIO 1\Desktop\Experiment","no","mono","no","18","no","#0000ff","no","Español","yes","768","no","no","legacy","39","39","1","5","C:/Users/USUARIO 1/Desktop/Experiment/Data/COL_001_PP_051.csv","legacy","no","Kafkaesque Koffka","3.2.8","yes","5a7ce671e83246000deafe81","no","no","0","0","f","space","NA","f","NA","NA","NA","NA","NA","NA","NA","NA","NA","space","NA","NA","NA","f","NA","NA","NA","NA","NA","NA","NA","NA","NA","space","NA","NA","NA","531","6463","NA","531","NA","NA","NA","NA","NA","NA","NA","NA","NA","2172","NA","NA","NA","499","NA","NA","NA","NA","NA","NA","NA","NA","NA","24056","NA","NA","NA","2","legacy","no","1024","2","48000","-16","yes","EXP","51","odd","no","no","NA","20896","4442","4445","18905","20873","20873","106284","NA","57968","143023","54192","44975","55772","143528","143020","20896","57968","143528","144063","120471","129374","44975","55698","45009","54189","45009","45009","44975","NA","NA","NA","NA","NA","NA","NA","NA","NA","55775","NA","NA","NA","54696","54696","55198","NA","NA","144563","NA","NA","NA","NA","NA","NA","NA","NA","NA","20899","NA","NA","NA","Orientation_PSA2018","15","11842","16","no","yes","1024"
"Y","5747","H","H","PP_LIST2.csv","penH.jpg","penH.jpg","94.1176470588","94.1176470588","752.058823529","752.058823529","#ffffff","yes","legacy","legacy","legacy","0","uniform","1","1","undefined","1","undefined","6","j","0","0","0","0","0","0","0","0","40","0","40","5","0","0","40","40","0","0","40","40","40","40","0","5","0","5","0","0","0","0","0","0","0","0","0","0","0","0","0","0","0","0","5","5","5","5","5","40","0","0","0","0","0","0","0","0","0","0","0","0","0","12/05/19 12:43:12","no","Matching Tasks","yes","no","","no","OrientationCrossLanguages_2018PSA_PP_1.2.4.osexp","C:\Users\USUARIO 1\Desktop\Experiment","no","mono","no","18","no","#0000ff","no","Español","yes","768","no","no","legacy","40","40","1","5","C:/Users/USUARIO 1/Desktop/Experiment/Data/COL_001_PP_051.csv","legacy","no","Kafkaesque Koffka","3.2.8","yes","5a7ce671e83246000deafe81","no","no","0","0","j","space","NA","j","NA","NA","NA","NA","NA","NA","NA","NA","NA","space","NA","NA","NA","f","NA","NA","NA","NA","NA","NA","NA","NA","NA","space","NA","NA","NA","943","6463","NA","943","NA","NA","NA","NA","NA","NA","NA","NA","NA","2172","NA","NA","NA","499","NA","NA","NA","NA","NA","NA","NA","NA","NA","24056","NA","NA","NA","2","legacy","no","1024","2","48000","-16","yes","EXP","51","odd","no","no","NA","20896","4442","4445","18905","20873","20873","106284","NA","57968","144772","54192","44975","55772","145276","144769","20896","57968","145276","146222","120471","129374","44975","55698","45009","54189","45009","45009","44975","NA","NA","NA","NA","NA","NA","NA","NA","NA","55775","NA","NA","NA","54696","54696","55198","NA","NA","146722","NA","NA","NA","NA","NA","NA","NA","NA","NA","20899","NA","NA","NA","Orientation_PSA2018","16","12785","17","no","yes","1024"
"N","5747","H","V","PP_LIST2.csv","brushH.jpg","brushV.jpg","94.4444444444","94.4444444444","765.888888889","765.888888889","#ffffff","yes","legacy","legacy","legacy","0","uniform","1","1","undefined","1","undefined","6","j","0","0","0","0","0","0","0","0","41","0","41","5","0","0","41","41","0","0","41","41","41","41","0","5","0","5","0","0","0","0","0","0","0","0","0","0","0","0","0","0","0","0","5","5","5","5","5","41","0","0","0","0","0","0","0","0","0","0","0","0","0","12/05/19 12:43:12","no","Matching Tasks","yes","no","","no","OrientationCrossLanguages_2018PSA_PP_1.2.4.osexp","C:\Users\USUARIO 1\Desktop\Experiment","no","mono","no","18","no","#0000ff","no","Español","yes","768","no","no","legacy","41","41","1","5","C:/Users/USUARIO 1/Desktop/Experiment/Data/COL_001_PP_051.csv","legacy","no","Kafkaesque Koffka","3.2.8","yes","5a7ce671e83246000deafe81","no","no","0","0","j","space","NA","j","NA","NA","NA","NA","NA","NA","NA","NA","NA","space","NA","NA","NA","f","NA","NA","NA","NA","NA","NA","NA","NA","NA","space","NA","NA","NA","1001","6463","NA","1001","NA","NA","NA","NA","NA","NA","NA","NA","NA","2172","NA","NA","NA","499","NA","NA","NA","NA","NA","NA","NA","NA","NA","24056","NA","NA","NA","2","legacy","no","1024","2","48000","-16","yes","EXP","51","odd","no","no","NA","20896","4442","4445","18905","20873","20873","106284","NA","57968","146938","54192","44975","55772","147442","146935","20896","57968","147442","148446","120471","129374","44975","55698","45009","54189","45009","45009","44975","NA","NA","NA","NA","NA","NA","NA","NA","NA","55775","NA","NA","NA","54696","54696","55198","NA","NA","148946","NA","NA","NA","NA","NA","NA","NA","NA","NA","20899","NA","NA","NA","Orientation_PSA2018","17","13786","18","no","yes","1024"
"F","5747","F","F","PP_LIST2.csv","watch.jpg","skirt.jpg","94.7368421053","94.7368421053","757.842105263","757.842105263","#ffffff","yes","legacy","legacy","legacy","0","uniform","1","1","undefined","1","undefined","6","f","0","0","0","0","0","0","0","0","42","0","42","5","0","0","42","42","0","0","42","42","42","42","0","5","0","5","0","0","0","0","0","0","0","0","0","0","0","0","0","0","0","0","5","5","5","5","5","42","0","0","0","0","0","0","0","0","0","0","0","0","0","12/05/19 12:43:12","no","Matching Tasks","yes","no","","no","OrientationCrossLanguages_2018PSA_PP_1.2.4.osexp","C:\Users\USUARIO 1\Desktop\Experiment","no","mono","no","18","no","#0000ff","no","Español","yes","768","no","no","legacy","42","42","1","5","C:/Users/USUARIO 1/Desktop/Experiment/Data/COL_001_PP_051.csv","legacy","no","Kafkaesque Koffka","3.2.8","yes","5a7ce671e83246000deafe81","no","no","0","0","f","space","NA","f","NA","NA","NA","NA","NA","NA","NA","NA","NA","space","NA","NA","NA","f","NA","NA","NA","NA","NA","NA","NA","NA","NA","space","NA","NA","NA","613","6463","NA","613","NA","NA","NA","NA","NA","NA","NA","NA","NA","2172","NA","NA","NA","499","NA","NA","NA","NA","NA","NA","NA","NA","NA","24056","NA","NA","NA","2","legacy","no","1024","2","48000","-16","yes","EXP","51","odd","no","no","NA","20896","4442","4445","18905","20873","20873","106284","NA","57968","149166","54192","44975","55772","149671","149163","20896","57968","149671","150287","120471","129374","44975","55698","45009","54189","45009","45009","44975","NA","NA","NA","NA","NA","NA","NA","NA","NA","55775","NA","NA","NA","54696","54696","55198","NA","NA","150787","NA","NA","NA","NA","NA","NA","NA","NA","NA","20899","NA","NA","NA","Orientation_PSA2018","18","14399","19","no","yes","1024"
"F","5747","F","F","PP_LIST2.csv","buggy.jpg","glass.jpg","95","95","756.5","756.5","#ffffff","yes","legacy","legacy","legacy","0","uniform","1","1","undefined","1","undefined","6","f","0","0","0","0","0","0","0","0","43","0","43","5","0","0","43","43","0","0","43","43","43","43","0","5","0","5","0","0","0","0","0","0","0","0","0","0","0","0","0","0","0","0","5","5","5","5","5","43","0","0","0","0","0","0","0","0","0","0","0","0","0","12/05/19 12:43:12","no","Matching Tasks","yes","no","","no","OrientationCrossLanguages_2018PSA_PP_1.2.4.osexp","C:\Users\USUARIO 1\Desktop\Experiment","no","mono","no","18","no","#0000ff","no","Español","yes","768","no","no","legacy","43","43","1","5","C:/Users/USUARIO 1/Desktop/Experiment/Data/COL_001_PP_051.csv","legacy","no","Kafkaesque Koffka","3.2.8","yes","5a7ce671e83246000deafe81","no","no","0","0","f","space","NA","f","NA","NA","NA","NA","NA","NA","NA","NA","NA","space","NA","NA","NA","f","NA","NA","NA","NA","NA","NA","NA","NA","NA","space","NA","NA","NA","731","6463","NA","731","NA","NA","NA","NA","NA","NA","NA","NA","NA","2172","NA","NA","NA","499","NA","NA","NA","NA","NA","NA","NA","NA","NA","24056","NA","NA","NA","2","legacy","no","1024","2","48000","-16","yes","EXP","51","odd","no","no","NA","20896","4442","4445","18905","20873","20873","106284","NA","57968","150984","54192","44975","55772","151488","150981","20896","57968","151488","152223","120471","129374","44975","55698","45009","54189","45009","45009","44975","NA","NA","NA","NA","NA","NA","NA","NA","NA","55775","NA","NA","NA","54696","54696","55198","NA","NA","152723","NA","NA","NA","NA","NA","NA","NA","NA","NA","20899","NA","NA","NA","Orientation_PSA2018","19","15130","20","no","yes","1024"
"Y","5747","V","V","PP_LIST2.csv","bowlV.jpg","bowlV.jpg","95.2380952381","95.2380952381","748.095238095","748.095238095","#ffffff","yes","legacy","legacy","legacy","0","uniform","1","1","undefined","1","undefined","6","j","0","0","0","0","0","0","0","0","44","0","44","5","0","0","44","44","0","0","44","44","44","44","0","5","0","5","0","0","0","0","0","0","0","0","0","0","0","0","0","0","0","0","5","5","5","5","5","44","0","0","0","0","0","0","0","0","0","0","0","0","0","12/05/19 12:43:12","no","Matching Tasks","yes","no","","no","OrientationCrossLanguages_2018PSA_PP_1.2.4.osexp","C:\Users\USUARIO 1\Desktop\Experiment","no","mono","no","18","no","#0000ff","no","Español","yes","768","no","no","legacy","44","44","1","5","C:/Users/USUARIO 1/Desktop/Experiment/Data/COL_001_PP_051.csv","legacy","no","Kafkaesque Koffka","3.2.8","yes","5a7ce671e83246000deafe81","no","no","0","0","j","space","NA","j","NA","NA","NA","NA","NA","NA","NA","NA","NA","space","NA","NA","NA","f","NA","NA","NA","NA","NA","NA","NA","NA","NA","space","NA","NA","NA","580","6463","NA","580","NA","NA","NA","NA","NA","NA","NA","NA","NA","2172","NA","NA","NA","499","NA","NA","NA","NA","NA","NA","NA","NA","NA","24056","NA","NA","NA","2","legacy","no","1024","2","48000","-16","yes","EXP","51","odd","no","no","NA","20896","4442","4445","18905","20873","20873","106284","NA","57968","152943","54192","44975","55772","153447","152940","20896","57968","153447","154031","120471","129374","44975","55698","45009","54189","45009","45009","44975","NA","NA","NA","NA","NA","NA","NA","NA","NA","55775","NA","NA","NA","54696","54696","55198","NA","NA","154531","NA","NA","NA","NA","NA","NA","NA","NA","NA","20899","NA","NA","NA","Orientation_PSA2018","20","15710","21","no","yes","1024"
"F","5747","F","F","PP_LIST2.csv","house.jpg","ring.jpg","95.4545454545","95.4545454545","734.227272727","734.227272727","#ffffff","yes","legacy","legacy","legacy","0","uniform","1","1","undefined","1","undefined","6","f","0","0","0","0","0","0","0","0","45","0","45","5","0","0","45","45","0","0","45","45","45","45","0","5","0","5","0","0","0","0","0","0","0","0","0","0","0","0","0","0","0","0","5","5","5","5","5","45","0","0","0","0","0","0","0","0","0","0","0","0","0","12/05/19 12:43:12","no","Matching Tasks","yes","no","","no","OrientationCrossLanguages_2018PSA_PP_1.2.4.osexp","C:\Users\USUARIO 1\Desktop\Experiment","no","mono","no","18","no","#0000ff","no","Español","yes","768","no","no","legacy","45","45","1","5","C:/Users/USUARIO 1/Desktop/Experiment/Data/COL_001_PP_051.csv","legacy","no","Kafkaesque Koffka","3.2.8","yes","5a7ce671e83246000deafe81","no","no","0","0","f","space","NA","f","NA","NA","NA","NA","NA","NA","NA","NA","NA","space","NA","NA","NA","f","NA","NA","NA","NA","NA","NA","NA","NA","NA","space","NA","NA","NA","443","6463","NA","443","NA","NA","NA","NA","NA","NA","NA","NA","NA","2172","NA","NA","NA","499","NA","NA","NA","NA","NA","NA","NA","NA","NA","24056","NA","NA","NA","2","legacy","no","1024","2","48000","-16","yes","EXP","51","odd","no","no","NA","20896","4442","4445","18905","20873","20873","106284","NA","57968","154744","54192","44975","55772","155248","154741","20896","57968","155248","155695","120471","129374","44975","55698","45009","54189","45009","45009","44975","NA","NA","NA","NA","NA","NA","NA","NA","NA","55775","NA","NA","NA","54696","54696","55198","NA","NA","156195","NA","NA","NA","NA","NA","NA","NA","NA","NA","20899","NA","NA","NA","Orientation_PSA2018","21","16153","22","no","yes","1024"
"N","5747","H","V","PP_LIST2.csv","flashH.jpg","flashV.jpg","95.652173913","95.652173913","724.695652174","724.695652174","#ffffff","yes","legacy","legacy","legacy","0","uniform","1","1","undefined","1","undefined","6","j","0","0","0","0","0","0","0","0","46","0","46","5","0","0","46","46","0","0","46","46","46","46","0","5","0","5","0","0","0","0","0","0","0","0","0","0","0","0","0","0","0","0","5","5","5","5","5","46","0","0","0","0","0","0","0","0","0","0","0","0","0","12/05/19 12:43:12","no","Matching Tasks","yes","no","","no","OrientationCrossLanguages_2018PSA_PP_1.2.4.osexp","C:\Users\USUARIO 1\Desktop\Experiment","no","mono","no","18","no","#0000ff","no","Español","yes","768","no","no","legacy","46","46","1","5","C:/Users/USUARIO 1/Desktop/Experiment/Data/COL_001_PP_051.csv","legacy","no","Kafkaesque Koffka","3.2.8","yes","5a7ce671e83246000deafe81","no","no","0","0","j","space","NA","j","NA","NA","NA","NA","NA","NA","NA","NA","NA","space","NA","NA","NA","f","NA","NA","NA","NA","NA","NA","NA","NA","NA","space","NA","NA","NA","515","6463","NA","515","NA","NA","NA","NA","NA","NA","NA","NA","NA","2172","NA","NA","NA","499","NA","NA","NA","NA","NA","NA","NA","NA","NA","24056","NA","NA","NA","2","legacy","no","1024","2","48000","-16","yes","EXP","51","odd","no","no","NA","20896","4442","4445","18905","20873","20873","106284","NA","57968","156416","54192","44975","55772","156920","156413","20896","57968","156920","157439","120471","129374","44975","55698","45009","54189","45009","45009","44975","NA","NA","NA","NA","NA","NA","NA","NA","NA","55775","NA","NA","NA","54696","54696","55198","NA","NA","157939","NA","NA","NA","NA","NA","NA","NA","NA","NA","20899","NA","NA","NA","Orientation_PSA2018","22","16668","23","no","yes","1024"
"F","5747","F","F","PP_LIST2.csv","stove.jpg","ftball.jpg","95.8333333333","95.8333333333","710.5","710.5","#ffffff","yes","legacy","legacy","legacy","0","uniform","1","1","undefined","1","undefined","6","f","0","0","0","0","0","0","0","0","47","0","47","5","0","0","47","47","0","0","47","47","47","47","0","5","0","5","0","0","0","0","0","0","0","0","0","0","0","0","0","0","0","0","5","5","5","5","5","47","0","0","0","0","0","0","0","0","0","0","0","0","0","12/05/19 12:43:12","no","Matching Tasks","yes","no","","no","OrientationCrossLanguages_2018PSA_PP_1.2.4.osexp","C:\Users\USUARIO 1\Desktop\Experiment","no","mono","no","18","no","#0000ff","no","Español","yes","768","no","no","legacy","47","47","1","5","C:/Users/USUARIO 1/Desktop/Experiment/Data/COL_001_PP_051.csv","legacy","no","Kafkaesque Koffka","3.2.8","yes","5a7ce671e83246000deafe81","no","no","0","0","f","space","NA","f","NA","NA","NA","NA","NA","NA","NA","NA","NA","space","NA","NA","NA","f","NA","NA","NA","NA","NA","NA","NA","NA","NA","space","NA","NA","NA","384","6463","NA","384","NA","NA","NA","NA","NA","NA","NA","NA","NA","2172","NA","NA","NA","499","NA","NA","NA","NA","NA","NA","NA","NA","NA","24056","NA","NA","NA","2","legacy","no","1024","2","48000","-16","yes","EXP","51","odd","no","no","NA","20896","4442","4445","18905","20873","20873","106284","NA","57968","158163","54192","44975","55772","158667","158160","20896","57968","158667","159055","120471","129374","44975","55698","45009","54189","45009","45009","44975","NA","NA","NA","NA","NA","NA","NA","NA","NA","55775","NA","NA","NA","54696","54696","55198","NA","NA","159555","NA","NA","NA","NA","NA","NA","NA","NA","NA","20899","NA","NA","NA","Orientation_PSA2018","23","17052","24","no","yes","1024"
