SEED,SUBJID,Sequence,DATE,SIGN,round,Note
5747,1,002_SP -> 002_PP -> 003,2019/11/5,Danilo Zambrano,1,
5747,2,003 -> 002_SP -> 002_PP,2019/11/5,Danilo Zambrano,1,
5747,3,003 -> 002_SP -> 002_PP,2019/11/5,Danilo Zambrano,1,
5747,4,002_SP -> 002_PP -> 003,2019/11/5,Danilo Zambrano,1,
5747,5,003 -> 002_SP -> 002_PP,2019/11/5,Danilo Zambrano,1,
5747,6,002_SP -> 002_PP -> 003,2019/11/6,Danilo Zambrano,1,
5747,7,003 -> 002_SP -> 002_PP,2019/11/6,Danilo Zambrano,1,
5747,8,003 -> 002_SP -> 002_PP,2019/11/6,Danilo Zambrano,1,
5747,9,002_SP -> 002_PP -> 003,2019/11/7,Danilo Zambrano,1,
5747,10,003 -> 002_SP -> 002_PP,2019/11/7,Danilo Zambrano,1,
5747,11,003 -> 002_SP -> 002_PP,2019/11/7,Danilo Zambrano,1,
5747,12,003 -> 002_SP -> 002_PP,2019/11/7,Danilo Zambrano,1,
5747,13,003 -> 002_SP -> 002_PP,2019/11/7,Danilo Zambrano,1,
5747,14,003 -> 002_SP -> 002_PP,2019/11/7,Danilo Zambrano,1,
5747,15,003 -> 002_SP -> 002_PP,2019/11/8,Danilo Zambrano,1,
5747,16,002_SP -> 002_PP -> 003,2019/11/8,Danilo Zambrano,1,
5747,17,002_SP -> 002_PP -> 003,2019/11/8,Danilo Zambrano,1,
5747,18,002_SP -> 002_PP -> 003,2019/11/8,Danilo Zambrano,1,
5747,19,002_SP -> 002_PP -> 003,2019/11/8,Danilo Zambrano,1,
5747,20,002_SP -> 002_PP -> 003,2019/11/8,Danilo Zambrano,1,
5747,21,003 -> 002_SP -> 002_PP,2019/11/12,Danilo Zambrano,1,
5747,22,003 -> 002_SP -> 002_PP,2019/11/12,Danilo Zambrano,1,
5747,23,003 -> 002_SP -> 002_PP,2019/11/12,Danilo Zambrano,1,
5747,24,003 -> 002_SP -> 002_PP,2019/11/14,Danilo Zambrano,1,
5747,25,003 -> 002_SP -> 002_PP,2019/11/15,Danilo Zambrano,1,
5747,26,002_SP -> 002_PP -> 003,2019/11/15,Danilo Zambrano,1,
5747,27,002_SP -> 002_PP -> 003,2019/11/15,Danilo Zambrano,1,
5747,28,002_SP -> 002_PP -> 003,2019/11/15,Danilo Zambrano,1,
5747,29,003 -> 002_SP -> 002_PP,2019/11/15,Danilo Zambrano,1,
5747,30,003 -> 002_SP -> 002_PP,2019/11/15,Danilo Zambrano,1,
5747,31,003 -> 002_SP -> 002_PP,2019/11/18,Danilo Zambrano,1,
5747,32,003 -> 002_SP -> 002_PP,2019/11/18,Danilo Zambrano,1,
5747,33,002_SP -> 002_PP -> 003,2019/11/18,Danilo Zambrano,1,
5747,34,003 -> 002_SP -> 002_PP,2019/11/19,Danilo Zambrano,1,
5747,35,003 -> 002_SP -> 002_PP,2019/11/19,Danilo Zambrano,1,
5747,36,003 -> 002_SP -> 002_PP,2019/11/19,Danilo Zambrano,1,
5747,37,003 -> 002_SP -> 002_PP,2019/11/19,Danilo Zambrano,1,
5747,38,002_SP -> 002_PP -> 003,2019/11/19,Danilo Zambrano,1,
5747,39,002_SP -> 002_PP -> 003,2019/11/19,Danilo Zambrano,1,
5747,40,003 -> 002_SP -> 002_PP,2019/11/19,Danilo Zambrano,1,"Wrong choice, Correct sequence"
5747,41,002_SP -> 002_PP -> 003,2019/11/19,Danilo Zambrano,1,
5747,42,003 -> 002_SP -> 002_PP,2019/11/19,Danilo Zambrano,1,
5747,43,003 -> 002_SP -> 002_PP,2019/11/19,Danilo Zambrano,1,
5747,44,003 -> 002_SP -> 002_PP,2019/11/19,Danilo Zambrano,1,
5747,45,002_SP -> 002_PP -> 003,2019/11/19,Danilo Zambrano,1,
5747,46,002_SP -> 002_PP -> 003,2019/11/19,Danilo Zambrano,1,
5747,47,002_SP -> 002_PP -> 003,2019/11/19,Danilo Zambrano,1,
5747,48,003 -> 002_SP -> 002_PP,2019/11/19,Danilo Zambrano,1,
5747,49,003 -> 002_SP -> 002_PP,2019/11/19,Danilo Zambrano,1,
5747,50,002_SP -> 002_PP -> 003,2019/11/19,Danilo Zambrano,1,
5747,51,003 -> 002_SP -> 002_PP,,,2,
5747,52,003 -> 002_SP -> 002_PP,,,2,
5747,53,002_SP -> 002_PP -> 003,,,2,
5747,54,002_SP -> 002_PP -> 003,,,2,
5747,55,002_SP -> 002_PP -> 003,,,2,
5747,56,003 -> 002_SP -> 002_PP,,,2,
5747,57,002_SP -> 002_PP -> 003,,,2,
5747,58,002_SP -> 002_PP -> 003,,,2,
5747,59,003 -> 002_SP -> 002_PP,,,2,
5747,60,002_SP -> 002_PP -> 003,,,2,
5747,61,002_SP -> 002_PP -> 003,,,2,
5747,62,002_SP -> 002_PP -> 003,,,2,
5747,63,003 -> 002_SP -> 002_PP,,,2,
5747,64,002_SP -> 002_PP -> 003,,,2,
5747,65,003 -> 002_SP -> 002_PP,,,2,
5747,66,003 -> 002_SP -> 002_PP,,,2,
5747,67,003 -> 002_SP -> 002_PP,,,2,
5747,68,002_SP -> 002_PP -> 003,,,2,
5747,69,002_SP -> 002_PP -> 003,,,2,
5747,70,003 -> 002_SP -> 002_PP,,,2,
5747,71,002_SP -> 002_PP -> 003,,,3,
5747,72,003 -> 002_SP -> 002_PP,,,3,
5747,73,002_SP -> 002_PP -> 003,,,3,
5747,74,002_SP -> 002_PP -> 003,,,3,
5747,75,002_SP -> 002_PP -> 003,,,3,
5747,76,003 -> 002_SP -> 002_PP,,,3,
5747,77,002_SP -> 002_PP -> 003,,,3,
5747,78,003 -> 002_SP -> 002_PP,,,3,
5747,79,003 -> 002_SP -> 002_PP,,,3,
5747,80,003 -> 002_SP -> 002_PP,,,3,
5747,81,003 -> 002_SP -> 002_PP,,,3,
5747,82,003 -> 002_SP -> 002_PP,,,3,
5747,83,003 -> 002_SP -> 002_PP,,,3,
5747,84,002_SP -> 002_PP -> 003,,,3,
5747,85,002_SP -> 002_PP -> 003,,,3,
5747,86,003 -> 002_SP -> 002_PP,,,3,
5747,87,002_SP -> 002_PP -> 003,,,3,
5747,88,003 -> 002_SP -> 002_PP,,,3,
5747,89,002_SP -> 002_PP -> 003,,,3,
5747,90,003 -> 002_SP -> 002_PP,,,3,
5747,91,002_SP -> 002_PP -> 003,,,4,
5747,92,002_SP -> 002_PP -> 003,,,4,
5747,93,003 -> 002_SP -> 002_PP,,,4,
5747,94,002_SP -> 002_PP -> 003,,,4,
5747,95,002_SP -> 002_PP -> 003,,,4,
5747,96,003 -> 002_SP -> 002_PP,,,4,
5747,97,003 -> 002_SP -> 002_PP,,,4,
5747,98,003 -> 002_SP -> 002_PP,,,4,
5747,99,003 -> 002_SP -> 002_PP,,,4,
5747,100,002_SP -> 002_PP -> 003,,,4,
5747,101,003 -> 002_SP -> 002_PP,,,4,
5747,102,002_SP -> 002_PP -> 003,,,4,
5747,103,003 -> 002_SP -> 002_PP,,,4,
5747,104,002_SP -> 002_PP -> 003,,,4,
5747,105,003 -> 002_SP -> 002_PP,,,4,
5747,106,002_SP -> 002_PP -> 003,,,4,
5747,107,003 -> 002_SP -> 002_PP,,,4,
5747,108,003 -> 002_SP -> 002_PP,,,4,
5747,109,003 -> 002_SP -> 002_PP,,,4,
5747,110,002_SP -> 002_PP -> 003,,,4,
5747,111,002_SP -> 002_PP -> 003,,,5,
5747,112,003 -> 002_SP -> 002_PP,,,5,
5747,113,002_SP -> 002_PP -> 003,,,5,
5747,114,003 -> 002_SP -> 002_PP,,,5,
5747,115,003 -> 002_SP -> 002_PP,,,5,
5747,116,002_SP -> 002_PP -> 003,,,5,
5747,117,002_SP -> 002_PP -> 003,,,5,
5747,118,002_SP -> 002_PP -> 003,,,5,
5747,119,002_SP -> 002_PP -> 003,,,5,
5747,120,002_SP -> 002_PP -> 003,,,5,
5747,121,002_SP -> 002_PP -> 003,,,5,
5747,122,003 -> 002_SP -> 002_PP,,,5,
5747,123,002_SP -> 002_PP -> 003,,,5,
5747,124,002_SP -> 002_PP -> 003,,,5,
5747,125,003 -> 002_SP -> 002_PP,,,5,
5747,126,003 -> 002_SP -> 002_PP,,,5,
5747,127,002_SP -> 002_PP -> 003,,,5,
5747,128,002_SP -> 002_PP -> 003,,,5,
5747,129,002_SP -> 002_PP -> 003,,,5,
5747,130,002_SP -> 002_PP -> 003,,,5,
5747,131,002_SP -> 002_PP -> 003,,,6,
5747,132,003 -> 002_SP -> 002_PP,,,6,
5747,133,003 -> 002_SP -> 002_PP,,,6,
5747,134,002_SP -> 002_PP -> 003,,,6,
5747,135,002_SP -> 002_PP -> 003,,,6,
5747,136,003 -> 002_SP -> 002_PP,,,6,
5747,137,002_SP -> 002_PP -> 003,,,6,
5747,138,002_SP -> 002_PP -> 003,,,6,
5747,139,003 -> 002_SP -> 002_PP,,,6,
5747,140,002_SP -> 002_PP -> 003,,,6,
5747,141,003 -> 002_SP -> 002_PP,,,6,
5747,142,003 -> 002_SP -> 002_PP,,,6,
5747,143,002_SP -> 002_PP -> 003,,,6,
5747,144,003 -> 002_SP -> 002_PP,,,6,
5747,145,003 -> 002_SP -> 002_PP,,,6,
5747,146,002_SP -> 002_PP -> 003,,,6,
5747,147,002_SP -> 002_PP -> 003,,,6,
5747,148,002_SP -> 002_PP -> 003,,,6,
5747,149,003 -> 002_SP -> 002_PP,,,6,
5747,150,002_SP -> 002_PP -> 003,,,6,
5747,151,002_SP -> 002_PP -> 003,,,7,
5747,152,003 -> 002_SP -> 002_PP,,,7,
5747,153,002_SP -> 002_PP -> 003,,,7,
5747,154,003 -> 002_SP -> 002_PP,,,7,
5747,155,003 -> 002_SP -> 002_PP,,,7,
5747,156,003 -> 002_SP -> 002_PP,,,7,
5747,157,002_SP -> 002_PP -> 003,,,7,
5747,158,002_SP -> 002_PP -> 003,,,7,
5747,159,003 -> 002_SP -> 002_PP,,,7,
5747,160,002_SP -> 002_PP -> 003,,,7,
5747,161,002_SP -> 002_PP -> 003,,,7,
5747,162,002_SP -> 002_PP -> 003,,,7,
5747,163,002_SP -> 002_PP -> 003,,,7,
5747,164,003 -> 002_SP -> 002_PP,,,7,
5747,165,003 -> 002_SP -> 002_PP,,,7,
5747,166,002_SP -> 002_PP -> 003,,,7,
5747,167,003 -> 002_SP -> 002_PP,,,7,
5747,168,002_SP -> 002_PP -> 003,,,7,
5747,169,002_SP -> 002_PP -> 003,,,7,
5747,170,003 -> 002_SP -> 002_PP,,,7,
5747,171,003 -> 002_SP -> 002_PP,,,8,
5747,172,002_SP -> 002_PP -> 003,,,8,
5747,173,002_SP -> 002_PP -> 003,,,8,
5747,174,003 -> 002_SP -> 002_PP,,,8,
5747,175,002_SP -> 002_PP -> 003,,,8,
5747,176,002_SP -> 002_PP -> 003,,,8,
5747,177,003 -> 002_SP -> 002_PP,,,8,
5747,178,002_SP -> 002_PP -> 003,,,8,
5747,179,002_SP -> 002_PP -> 003,,,8,
5747,180,002_SP -> 002_PP -> 003,,,8,
5747,181,003 -> 002_SP -> 002_PP,,,8,
5747,182,002_SP -> 002_PP -> 003,,,8,
5747,183,003 -> 002_SP -> 002_PP,,,8,
5747,184,003 -> 002_SP -> 002_PP,,,8,
5747,185,002_SP -> 002_PP -> 003,,,8,
5747,186,002_SP -> 002_PP -> 003,,,8,
5747,187,003 -> 002_SP -> 002_PP,,,8,
5747,188,003 -> 002_SP -> 002_PP,,,8,
5747,189,003 -> 002_SP -> 002_PP,,,8,
5747,190,003 -> 002_SP -> 002_PP,,,8,
5747,191,002_SP -> 002_PP -> 003,,,9,
5747,192,003 -> 002_SP -> 002_PP,,,9,
5747,193,003 -> 002_SP -> 002_PP,,,9,
5747,194,002_SP -> 002_PP -> 003,,,9,
5747,195,002_SP -> 002_PP -> 003,,,9,
5747,196,002_SP -> 002_PP -> 003,,,9,
5747,197,003 -> 002_SP -> 002_PP,,,9,
5747,198,002_SP -> 002_PP -> 003,,,9,
5747,199,003 -> 002_SP -> 002_PP,,,9,
5747,200,003 -> 002_SP -> 002_PP,,,9,
