"Identical","LAB_SEED","Orientation1","Orientation2","PPList","Picture1","Picture2","acc","accuracy","average_response_time","avg_rt","background","bidi","canvas_backend","clock_backend","color_backend","compensation","coordinates","correct","correct_Pictures_response","correct_Start_HIN","correct_Target_response_Prac","correct_Welcome_PP_HIN","correct_count","correct_response","count_Check_This","count_Disable_Mouse","count_EXP","count_LAB_SEED","count_Language_Selection","count_List_Select","count_List_Selection","count_Pictures_Break","count_Pictures_End","count_Pictures_Exp","count_Pictures_Fixation","count_Pictures_Fixation_Prac","count_Pictures_Prac","count_Pictures_Start","count_Pictures_Target","count_Pictures_Trial","count_Pictures_Welcome","count_Pictures_loop","count_Pictures_response","count_Pictures_response_correct","count_Pictures_response_noans","count_Pictures_response_wrong","count_Prac","count_Prac_Count","count_Prac_Reset","count_Prac_Trial","count_Prac_loop","count_Prac_seq","count_Prac_setup","count_Start_DE","count_Start_E","count_Start_ELL","count_Start_HEB","count_Start_HIN","count_Start_HUN","count_Start_NOR","count_Start_PL","count_Start_POR","count_Start_SC","count_Start_SLK","count_Start_SPA","count_Start_TC","count_Start_THAI","count_Start_TUR","count_Target_Prac","count_Target_response_Prac","count_Target_response_correct_Prac","count_Target_response_noans_Prac","count_Target_response_wrong_Prac","count_Trial_logger","count_Welcome_PP_DE","count_Welcome_PP_E","count_Welcome_PP_ELL","count_Welcome_PP_HEB","count_Welcome_PP_HIN","count_Welcome_PP_HUN","count_Welcome_PP_NOR","count_Welcome_PP_PL","count_Welcome_PP_POR","count_Welcome_PP_SC","count_Welcome_PP_SLK","count_Welcome_PP_SPA","count_Welcome_PP_TC","count_Welcome_PP_THAI","count_Welcome_PP_TUR","datetime","de","description","disable_garbage_collection","ell","empty_column","en","experiment_file","experiment_path","font_bold","font_family","font_italic","font_size","font_underline","foreground","form_clicks","form_response","fullscreen","heb","height","hin","hun","keyboard_backend","live_row","live_row_Pictures_loop","live_row_Prac","live_row_Prac_loop","logfile","mouse_backend","nor","opensesame_codename","opensesame_version","osf_always_upload_experiment","osf_id","pol","por","repeat_cycle","reset_loop","response","response_Pictures_Break","response_Pictures_End","response_Pictures_response","response_Start_DE","response_Start_E","response_Start_ELL","response_Start_HEB","response_Start_HIN","response_Start_HUN","response_Start_NOR","response_Start_PL","response_Start_POR","response_Start_SC","response_Start_SLK","response_Start_SPA","response_Start_TC","response_Start_THAI","response_Start_TUR","response_Target_response_Prac","response_Welcome_PP_DE","response_Welcome_PP_E","response_Welcome_PP_ELL","response_Welcome_PP_HEB","response_Welcome_PP_HIN","response_Welcome_PP_HUN","response_Welcome_PP_NOR","response_Welcome_PP_PL","response_Welcome_PP_POR","response_Welcome_PP_SC","response_Welcome_PP_SLK","response_Welcome_PP_SPA","response_Welcome_PP_TC","response_Welcome_PP_THAI","response_Welcome_PP_TUR","response_time","response_time_Pictures_Break","response_time_Pictures_End","response_time_Pictures_response","response_time_Start_DE","response_time_Start_E","response_time_Start_ELL","response_time_Start_HEB","response_time_Start_HIN","response_time_Start_HUN","response_time_Start_NOR","response_time_Start_PL","response_time_Start_POR","response_time_Start_SC","response_time_Start_SLK","response_time_Start_SPA","response_time_Start_TC","response_time_Start_THAI","response_time_Start_TUR","response_time_Target_response_Prac","response_time_Welcome_PP_DE","response_time_Welcome_PP_E","response_time_Welcome_PP_ELL","response_time_Welcome_PP_HEB","response_time_Welcome_PP_HIN","response_time_Welcome_PP_HUN","response_time_Welcome_PP_NOR","response_time_Welcome_PP_PL","response_time_Welcome_PP_POR","response_time_Welcome_PP_SC","response_time_Welcome_PP_SLK","response_time_Welcome_PP_SPA","response_time_Welcome_PP_TC","response_time_Welcome_PP_THAI","response_time_Welcome_PP_TUR","round_decimals","sampler_backend","sc","slk","sound_buf_size","sound_channels","sound_freq","sound_sample_size","spa","start","subject_nr","subject_parity","tc","thai","time_Check_This","time_Disable_Mouse","time_EXP","time_LAB_SEED","time_Language_Selection","time_List_Select","time_List_Selection","time_Pictures_Break","time_Pictures_End","time_Pictures_Exp","time_Pictures_Fixation","time_Pictures_Fixation_Prac","time_Pictures_Prac","time_Pictures_Start","time_Pictures_Target","time_Pictures_Trial","time_Pictures_Welcome","time_Pictures_loop","time_Pictures_response","time_Pictures_response_correct","time_Pictures_response_noans","time_Pictures_response_wrong","time_Prac","time_Prac_Count","time_Prac_Reset","time_Prac_Trial","time_Prac_loop","time_Prac_seq","time_Prac_setup","time_Start_DE","time_Start_E","time_Start_ELL","time_Start_HEB","time_Start_HIN","time_Start_HUN","time_Start_NOR","time_Start_PL","time_Start_POR","time_Start_SC","time_Start_SLK","time_Start_SPA","time_Start_TC","time_Start_THAI","time_Start_TUR","time_Target_Prac","time_Target_response_Prac","time_Target_response_correct_Prac","time_Target_response_noans_Prac","time_Target_response_wrong_Prac","time_Trial_logger","time_Welcome_PP_DE","time_Welcome_PP_E","time_Welcome_PP_ELL","time_Welcome_PP_HEB","time_Welcome_PP_HIN","time_Welcome_PP_HUN","time_Welcome_PP_NOR","time_Welcome_PP_PL","time_Welcome_PP_POR","time_Welcome_PP_SC","time_Welcome_PP_SLK","time_Welcome_PP_SPA","time_Welcome_PP_TC","time_Welcome_PP_THAI","time_Welcome_PP_TUR","title","total_correct","total_response_time","total_responses","tur","uniform_coordinates","width"
"Y","1183","H","H","PP_LIST2.csv","tireH.jpg","tireH.jpg","75","75","1068.6875","1068.6875","#ffffff","yes","legacy","legacy","legacy","0","uniform","1","1","undefined","1","undefined","6","j","0","0","0","0","0","0","0","NA","0","0","0","14","0","0","0","0","0","0","0","0","0","0","0","14","4","14","4","4","0","0","0","0","0","0","0","0","0","0","0","0","0","0","0","0","14","14","14","14","14","0","0","0","0","0","0","0","0","0","0","0","0","0","0","0","0","12/23/19 13:06:53","no","Matching Tasks","yes","no","","no","OrientationCrossLanguages_2018PSA_PP_1.2.4.osexp","E:\Projects\PSA002","no","mono","no","18","no","#0000ff","no","हिन्दी","yes","no","768","yes","no","legacy","0","0","5","5","E:/Projects/PSA002/raw_data/IND_003-PP_008.csv","legacy","no","Kafkaesque Koffka","3.2.8","yes","5a7ce671e83246000deafe81","no","no","0","0","J","NA","NA","J","NA","NA","NA","NA","space","NA","NA","NA","NA","NA","NA","NA","NA","NA","NA","J","NA","NA","NA","NA","space","NA","NA","NA","NA","NA","NA","NA","NA","NA","NA","760","NA","NA","760","NA","NA","NA","NA","14948","NA","NA","NA","NA","NA","NA","NA","NA","NA","NA","942","NA","NA","NA","NA","18650","NA","NA","NA","NA","NA","NA","NA","NA","NA","NA","2","legacy","no","no","1024","2","48000","-16","no","EXP","8","even","no","no","NA","19822","7766","7766","13365","19785","19785","NA","NA","91077","91459","73988","38511","76088","91973","91455","19823","91077","91974","92739","NA","NA","38511","75951","63357","73985","63358","63357","38511","NA","NA","NA","NA","76093","NA","NA","NA","NA","NA","NA","NA","NA","NA","NA","74502","74503","75450","52815","62741","93239","NA","NA","NA","NA","19828","NA","NA","NA","NA","NA","NA","NA","NA","NA","NA","Orientation_PSA2018","12","17099","16","no","yes","1024"
"N","1183","H","V","PP_LIST2.csv","flashH.jpg","flashV.jpg","76.4705882353","76.4705882353","1056","1056","#ffffff","yes","legacy","legacy","legacy","0","uniform","1","1","undefined","1","undefined","6","j","0","0","0","0","0","0","0","NA","1","0","1","14","0","0","1","1","0","0","1","1","1","1","0","14","4","14","4","4","0","0","0","0","0","0","0","0","0","0","0","0","0","0","0","0","14","14","14","14","14","1","0","0","0","0","0","0","0","0","0","0","0","0","0","0","0","12/23/19 13:06:53","no","Matching Tasks","yes","no","","no","OrientationCrossLanguages_2018PSA_PP_1.2.4.osexp","E:\Projects\PSA002","no","mono","no","18","no","#0000ff","no","हिन्दी","yes","no","768","yes","no","legacy","1","1","5","5","E:/Projects/PSA002/raw_data/IND_003-PP_008.csv","legacy","no","Kafkaesque Koffka","3.2.8","yes","5a7ce671e83246000deafe81","no","no","0","0","J","NA","NA","J","NA","NA","NA","NA","space","NA","NA","NA","NA","NA","NA","NA","NA","NA","NA","J","NA","NA","NA","NA","space","NA","NA","NA","NA","NA","NA","NA","NA","NA","NA","853","NA","NA","853","NA","NA","NA","NA","14948","NA","NA","NA","NA","NA","NA","NA","NA","NA","NA","942","NA","NA","NA","NA","18650","NA","NA","NA","NA","NA","NA","NA","NA","NA","NA","2","legacy","no","no","1024","2","48000","-16","no","EXP","8","even","no","no","NA","19822","7766","7766","13365","19785","19785","NA","NA","91077","93764","73988","38511","76088","94277","93760","19823","91077","94277","95135","NA","NA","38511","75951","63357","73985","63358","63357","38511","NA","NA","NA","NA","76093","NA","NA","NA","NA","NA","NA","NA","NA","NA","NA","74502","74503","75450","52815","62741","95636","NA","NA","NA","NA","19828","NA","NA","NA","NA","NA","NA","NA","NA","NA","NA","Orientation_PSA2018","13","17952","17","no","yes","1024"
"Y","1183","H","H","PP_LIST2.csv","plateH.jpg","plateH.jpg","77.7777777778","77.7777777778","1025.88888889","1025.88888889","#ffffff","yes","legacy","legacy","legacy","0","uniform","1","1","undefined","1","undefined","6","j","0","0","0","0","0","0","0","NA","2","0","2","14","0","0","2","2","0","0","2","2","2","2","0","14","4","14","4","4","0","0","0","0","0","0","0","0","0","0","0","0","0","0","0","0","14","14","14","14","14","2","0","0","0","0","0","0","0","0","0","0","0","0","0","0","0","12/23/19 13:06:53","no","Matching Tasks","yes","no","","no","OrientationCrossLanguages_2018PSA_PP_1.2.4.osexp","E:\Projects\PSA002","no","mono","no","18","no","#0000ff","no","हिन्दी","yes","no","768","yes","no","legacy","2","2","5","5","E:/Projects/PSA002/raw_data/IND_003-PP_008.csv","legacy","no","Kafkaesque Koffka","3.2.8","yes","5a7ce671e83246000deafe81","no","no","0","0","J","NA","NA","J","NA","NA","NA","NA","space","NA","NA","NA","NA","NA","NA","NA","NA","NA","NA","J","NA","NA","NA","NA","space","NA","NA","NA","NA","NA","NA","NA","NA","NA","NA","514","NA","NA","514","NA","NA","NA","NA","14948","NA","NA","NA","NA","NA","NA","NA","NA","NA","NA","942","NA","NA","NA","NA","18650","NA","NA","NA","NA","NA","NA","NA","NA","NA","NA","2","legacy","no","no","1024","2","48000","-16","no","EXP","8","even","no","no","NA","19822","7766","7766","13365","19785","19785","NA","NA","91077","96101","73988","38511","76088","96613","96097","19823","91077","96613","97132","NA","NA","38511","75951","63357","73985","63358","63357","38511","NA","NA","NA","NA","76093","NA","NA","NA","NA","NA","NA","NA","NA","NA","NA","74502","74503","75450","52815","62741","97632","NA","NA","NA","NA","19828","NA","NA","NA","NA","NA","NA","NA","NA","NA","NA","Orientation_PSA2018","14","18466","18","no","yes","1024"
"N","1183","V","H","PP_LIST2.csv","glassV.jpg","glassH.jpg","78.9473684211","78.9473684211","1003.10526316","1003.10526316","#ffffff","yes","legacy","legacy","legacy","0","uniform","1","1","undefined","1","undefined","6","j","0","0","0","0","0","0","0","NA","3","0","3","14","0","0","3","3","0","0","3","3","3","3","0","14","4","14","4","4","0","0","0","0","0","0","0","0","0","0","0","0","0","0","0","0","14","14","14","14","14","3","0","0","0","0","0","0","0","0","0","0","0","0","0","0","0","12/23/19 13:06:53","no","Matching Tasks","yes","no","","no","OrientationCrossLanguages_2018PSA_PP_1.2.4.osexp","E:\Projects\PSA002","no","mono","no","18","no","#0000ff","no","हिन्दी","yes","no","768","yes","no","legacy","3","3","5","5","E:/Projects/PSA002/raw_data/IND_003-PP_008.csv","legacy","no","Kafkaesque Koffka","3.2.8","yes","5a7ce671e83246000deafe81","no","no","0","0","J","NA","NA","J","NA","NA","NA","NA","space","NA","NA","NA","NA","NA","NA","NA","NA","NA","NA","J","NA","NA","NA","NA","space","NA","NA","NA","NA","NA","NA","NA","NA","NA","NA","593","NA","NA","593","NA","NA","NA","NA","14948","NA","NA","NA","NA","NA","NA","NA","NA","NA","NA","942","NA","NA","NA","NA","18650","NA","NA","NA","NA","NA","NA","NA","NA","NA","NA","2","legacy","no","no","1024","2","48000","-16","no","EXP","8","even","no","no","NA","19822","7766","7766","13365","19785","19785","NA","NA","91077","98057","73988","38511","76088","98567","98053","19823","91077","98567","99165","NA","NA","38511","75951","63357","73985","63358","63357","38511","NA","NA","NA","NA","76093","NA","NA","NA","NA","NA","NA","NA","NA","NA","NA","74502","74503","75450","52815","62741","99666","NA","NA","NA","NA","19828","NA","NA","NA","NA","NA","NA","NA","NA","NA","NA","Orientation_PSA2018","15","19059","19","no","yes","1024"
"N","1183","V","H","PP_LIST2.csv","nailV.jpg","nailH.jpg","80","80","980.85","980.85","#ffffff","yes","legacy","legacy","legacy","0","uniform","1","1","undefined","1","undefined","6","j","0","0","0","0","0","0","0","NA","4","0","4","14","0","0","4","4","0","0","4","4","4","4","0","14","4","14","4","4","0","0","0","0","0","0","0","0","0","0","0","0","0","0","0","0","14","14","14","14","14","4","0","0","0","0","0","0","0","0","0","0","0","0","0","0","0","12/23/19 13:06:53","no","Matching Tasks","yes","no","","no","OrientationCrossLanguages_2018PSA_PP_1.2.4.osexp","E:\Projects\PSA002","no","mono","no","18","no","#0000ff","no","हिन्दी","yes","no","768","yes","no","legacy","4","4","5","5","E:/Projects/PSA002/raw_data/IND_003-PP_008.csv","legacy","no","Kafkaesque Koffka","3.2.8","yes","5a7ce671e83246000deafe81","no","no","0","0","J","NA","NA","J","NA","NA","NA","NA","space","NA","NA","NA","NA","NA","NA","NA","NA","NA","NA","J","NA","NA","NA","NA","space","NA","NA","NA","NA","NA","NA","NA","NA","NA","NA","558","NA","NA","558","NA","NA","NA","NA","14948","NA","NA","NA","NA","NA","NA","NA","NA","NA","NA","942","NA","NA","NA","NA","18650","NA","NA","NA","NA","NA","NA","NA","NA","NA","NA","2","legacy","no","no","1024","2","48000","-16","no","EXP","8","even","no","no","NA","19822","7766","7766","13365","19785","19785","NA","NA","91077","100050","73988","38511","76088","100562","100046","19823","91077","100562","101125","NA","NA","38511","75951","63357","73985","63358","63357","38511","NA","NA","NA","NA","76093","NA","NA","NA","NA","NA","NA","NA","NA","NA","NA","74502","74503","75450","52815","62741","101626","NA","NA","NA","NA","19828","NA","NA","NA","NA","NA","NA","NA","NA","NA","NA","Orientation_PSA2018","16","19617","20","no","yes","1024"
"N","1183","V","H","PP_LIST2.csv","keyV.jpg","keyH.jpg","80.9523809524","80.9523809524","964.476190476","964.476190476","#ffffff","yes","legacy","legacy","legacy","0","uniform","1","1","undefined","1","undefined","6","j","0","0","0","0","0","0","0","NA","5","0","5","14","0","0","5","5","0","0","5","5","5","5","0","14","4","14","4","4","0","0","0","0","0","0","0","0","0","0","0","0","0","0","0","0","14","14","14","14","14","5","0","0","0","0","0","0","0","0","0","0","0","0","0","0","0","12/23/19 13:06:53","no","Matching Tasks","yes","no","","no","OrientationCrossLanguages_2018PSA_PP_1.2.4.osexp","E:\Projects\PSA002","no","mono","no","18","no","#0000ff","no","हिन्दी","yes","no","768","yes","no","legacy","5","5","5","5","E:/Projects/PSA002/raw_data/IND_003-PP_008.csv","legacy","no","Kafkaesque Koffka","3.2.8","yes","5a7ce671e83246000deafe81","no","no","0","0","J","NA","NA","J","NA","NA","NA","NA","space","NA","NA","NA","NA","NA","NA","NA","NA","NA","NA","J","NA","NA","NA","NA","space","NA","NA","NA","NA","NA","NA","NA","NA","NA","NA","637","NA","NA","637","NA","NA","NA","NA","14948","NA","NA","NA","NA","NA","NA","NA","NA","NA","NA","942","NA","NA","NA","NA","18650","NA","NA","NA","NA","NA","NA","NA","NA","NA","NA","2","legacy","no","no","1024","2","48000","-16","no","EXP","8","even","no","no","NA","19822","7766","7766","13365","19785","19785","NA","NA","91077","102061","73988","38511","76088","102571","102057","19823","91077","102572","103214","NA","NA","38511","75951","63357","73985","63358","63357","38511","NA","NA","NA","NA","76093","NA","NA","NA","NA","NA","NA","NA","NA","NA","NA","74502","74503","75450","52815","62741","103714","NA","NA","NA","NA","19828","NA","NA","NA","NA","NA","NA","NA","NA","NA","NA","Orientation_PSA2018","17","20254","21","no","yes","1024"
"N","1183","H","V","PP_LIST2.csv","fire_extinguisherH.jpg","fire_extinguisherV.jpg","81.8181818182","81.8181818182","948.181818182","948.181818182","#ffffff","yes","legacy","legacy","legacy","0","uniform","1","1","undefined","1","undefined","6","j","0","0","0","0","0","0","0","NA","6","0","6","14","0","0","6","6","0","0","6","6","6","6","0","14","4","14","4","4","0","0","0","0","0","0","0","0","0","0","0","0","0","0","0","0","14","14","14","14","14","6","0","0","0","0","0","0","0","0","0","0","0","0","0","0","0","12/23/19 13:06:53","no","Matching Tasks","yes","no","","no","OrientationCrossLanguages_2018PSA_PP_1.2.4.osexp","E:\Projects\PSA002","no","mono","no","18","no","#0000ff","no","हिन्दी","yes","no","768","yes","no","legacy","6","6","5","5","E:/Projects/PSA002/raw_data/IND_003-PP_008.csv","legacy","no","Kafkaesque Koffka","3.2.8","yes","5a7ce671e83246000deafe81","no","no","0","0","J","NA","NA","J","NA","NA","NA","NA","space","NA","NA","NA","NA","NA","NA","NA","NA","NA","NA","J","NA","NA","NA","NA","space","NA","NA","NA","NA","NA","NA","NA","NA","NA","NA","606","NA","NA","606","NA","NA","NA","NA","14948","NA","NA","NA","NA","NA","NA","NA","NA","NA","NA","942","NA","NA","NA","NA","18650","NA","NA","NA","NA","NA","NA","NA","NA","NA","NA","2","legacy","no","no","1024","2","48000","-16","no","EXP","8","even","no","no","NA","19822","7766","7766","13365","19785","19785","NA","NA","91077","104141","73988","38511","76088","104651","104137","19823","91077","104652","105263","NA","NA","38511","75951","63357","73985","63358","63357","38511","NA","NA","NA","NA","76093","NA","NA","NA","NA","NA","NA","NA","NA","NA","NA","74502","74503","75450","52815","62741","105764","NA","NA","NA","NA","19828","NA","NA","NA","NA","NA","NA","NA","NA","NA","NA","Orientation_PSA2018","18","20860","22","no","yes","1024"
"Y","1183","V","V","PP_LIST2.csv","batV.jpg","batV.jpg","82.6086956522","82.6086956522","929.739130435","929.739130435","#ffffff","yes","legacy","legacy","legacy","0","uniform","1","1","undefined","1","undefined","6","j","0","0","0","0","0","0","0","NA","7","0","7","14","0","0","7","7","0","0","7","7","7","7","0","14","4","14","4","4","0","0","0","0","0","0","0","0","0","0","0","0","0","0","0","0","14","14","14","14","14","7","0","0","0","0","0","0","0","0","0","0","0","0","0","0","0","12/23/19 13:06:53","no","Matching Tasks","yes","no","","no","OrientationCrossLanguages_2018PSA_PP_1.2.4.osexp","E:\Projects\PSA002","no","mono","no","18","no","#0000ff","no","हिन्दी","yes","no","768","yes","no","legacy","7","7","5","5","E:/Projects/PSA002/raw_data/IND_003-PP_008.csv","legacy","no","Kafkaesque Koffka","3.2.8","yes","5a7ce671e83246000deafe81","no","no","0","0","J","NA","NA","J","NA","NA","NA","NA","space","NA","NA","NA","NA","NA","NA","NA","NA","NA","NA","J","NA","NA","NA","NA","space","NA","NA","NA","NA","NA","NA","NA","NA","NA","NA","524","NA","NA","524","NA","NA","NA","NA","14948","NA","NA","NA","NA","NA","NA","NA","NA","NA","NA","942","NA","NA","NA","NA","18650","NA","NA","NA","NA","NA","NA","NA","NA","NA","NA","2","legacy","no","no","1024","2","48000","-16","no","EXP","8","even","no","no","NA","19822","7766","7766","13365","19785","19785","NA","NA","91077","106255","73988","38511","76088","106767","106250","19823","91077","106767","107296","NA","NA","38511","75951","63357","73985","63358","63357","38511","NA","NA","NA","NA","76093","NA","NA","NA","NA","NA","NA","NA","NA","NA","NA","74502","74503","75450","52815","62741","107796","NA","NA","NA","NA","19828","NA","NA","NA","NA","NA","NA","NA","NA","NA","NA","Orientation_PSA2018","19","21384","23","no","yes","1024"
"N","1183","H","V","PP_LIST2.csv","crayonH.jpg","crayonV.jpg","83.3333333333","83.3333333333","916.625","916.625","#ffffff","yes","legacy","legacy","legacy","0","uniform","1","1","undefined","1","undefined","6","j","0","0","0","0","0","0","0","NA","8","0","8","14","0","0","8","8","0","0","8","8","8","8","0","14","4","14","4","4","0","0","0","0","0","0","0","0","0","0","0","0","0","0","0","0","14","14","14","14","14","8","0","0","0","0","0","0","0","0","0","0","0","0","0","0","0","12/23/19 13:06:53","no","Matching Tasks","yes","no","","no","OrientationCrossLanguages_2018PSA_PP_1.2.4.osexp","E:\Projects\PSA002","no","mono","no","18","no","#0000ff","no","हिन्दी","yes","no","768","yes","no","legacy","8","8","5","5","E:/Projects/PSA002/raw_data/IND_003-PP_008.csv","legacy","no","Kafkaesque Koffka","3.2.8","yes","5a7ce671e83246000deafe81","no","no","0","0","J","NA","NA","J","NA","NA","NA","NA","space","NA","NA","NA","NA","NA","NA","NA","NA","NA","NA","J","NA","NA","NA","NA","space","NA","NA","NA","NA","NA","NA","NA","NA","NA","NA","615","NA","NA","615","NA","NA","NA","NA","14948","NA","NA","NA","NA","NA","NA","NA","NA","NA","NA","942","NA","NA","NA","NA","18650","NA","NA","NA","NA","NA","NA","NA","NA","NA","NA","2","legacy","no","no","1024","2","48000","-16","no","EXP","8","even","no","no","NA","19822","7766","7766","13365","19785","19785","NA","NA","91077","108208","73988","38511","76088","108720","108204","19823","91077","108720","109340","NA","NA","38511","75951","63357","73985","63358","63357","38511","NA","NA","NA","NA","76093","NA","NA","NA","NA","NA","NA","NA","NA","NA","NA","74502","74503","75450","52815","62741","109840","NA","NA","NA","NA","19828","NA","NA","NA","NA","NA","NA","NA","NA","NA","NA","Orientation_PSA2018","20","21999","24","no","yes","1024"
"F","1183","F","F","PP_LIST2.csv","pumpkin.jpg","trmpet.jpg","84","84","910.8","910.8","#ffffff","yes","legacy","legacy","legacy","0","uniform","1","1","undefined","1","undefined","6","f","0","0","0","0","0","0","0","NA","9","0","9","14","0","0","9","9","0","0","9","9","9","9","0","14","4","14","4","4","0","0","0","0","0","0","0","0","0","0","0","0","0","0","0","0","14","14","14","14","14","9","0","0","0","0","0","0","0","0","0","0","0","0","0","0","0","12/23/19 13:06:53","no","Matching Tasks","yes","no","","no","OrientationCrossLanguages_2018PSA_PP_1.2.4.osexp","E:\Projects\PSA002","no","mono","no","18","no","#0000ff","no","हिन्दी","yes","no","768","yes","no","legacy","9","9","5","5","E:/Projects/PSA002/raw_data/IND_003-PP_008.csv","legacy","no","Kafkaesque Koffka","3.2.8","yes","5a7ce671e83246000deafe81","no","no","0","0","F","NA","NA","F","NA","NA","NA","NA","space","NA","NA","NA","NA","NA","NA","NA","NA","NA","NA","J","NA","NA","NA","NA","space","NA","NA","NA","NA","NA","NA","NA","NA","NA","NA","771","NA","NA","771","NA","NA","NA","NA","14948","NA","NA","NA","NA","NA","NA","NA","NA","NA","NA","942","NA","NA","NA","NA","18650","NA","NA","NA","NA","NA","NA","NA","NA","NA","NA","2","legacy","no","no","1024","2","48000","-16","no","EXP","8","even","no","no","NA","19822","7766","7766","13365","19785","19785","NA","NA","91077","110278","73988","38511","76088","110791","110274","19823","91077","110791","111567","NA","NA","38511","75951","63357","73985","63358","63357","38511","NA","NA","NA","NA","76093","NA","NA","NA","NA","NA","NA","NA","NA","NA","NA","74502","74503","75450","52815","62741","112067","NA","NA","NA","NA","19828","NA","NA","NA","NA","NA","NA","NA","NA","NA","NA","Orientation_PSA2018","21","22770","25","no","yes","1024"
"F","1183","F","F","PP_LIST2.csv","house.jpg","ring.jpg","84.6153846154","84.6153846154","901.961538462","901.961538462","#ffffff","yes","legacy","legacy","legacy","0","uniform","1","1","undefined","1","undefined","6","f","0","0","0","0","0","0","0","NA","10","0","10","14","0","0","10","10","0","0","10","10","10","10","0","14","4","14","4","4","0","0","0","0","0","0","0","0","0","0","0","0","0","0","0","0","14","14","14","14","14","10","0","0","0","0","0","0","0","0","0","0","0","0","0","0","0","12/23/19 13:06:53","no","Matching Tasks","yes","no","","no","OrientationCrossLanguages_2018PSA_PP_1.2.4.osexp","E:\Projects\PSA002","no","mono","no","18","no","#0000ff","no","हिन्दी","yes","no","768","yes","no","legacy","10","10","5","5","E:/Projects/PSA002/raw_data/IND_003-PP_008.csv","legacy","no","Kafkaesque Koffka","3.2.8","yes","5a7ce671e83246000deafe81","no","no","0","0","F","NA","NA","F","NA","NA","NA","NA","space","NA","NA","NA","NA","NA","NA","NA","NA","NA","NA","J","NA","NA","NA","NA","space","NA","NA","NA","NA","NA","NA","NA","NA","NA","NA","681","NA","NA","681","NA","NA","NA","NA","14948","NA","NA","NA","NA","NA","NA","NA","NA","NA","NA","942","NA","NA","NA","NA","18650","NA","NA","NA","NA","NA","NA","NA","NA","NA","NA","2","legacy","no","no","1024","2","48000","-16","no","EXP","8","even","no","no","NA","19822","7766","7766","13365","19785","19785","NA","NA","91077","112503","73988","38511","76088","113015","112499","19823","91077","113015","113702","NA","NA","38511","75951","63357","73985","63358","63357","38511","NA","NA","NA","NA","76093","NA","NA","NA","NA","NA","NA","NA","NA","NA","NA","74502","74503","75450","52815","62741","114202","NA","NA","NA","NA","19828","NA","NA","NA","NA","NA","NA","NA","NA","NA","NA","Orientation_PSA2018","22","23451","26","no","yes","1024"
"F","1183","F","F","PP_LIST2.csv","ladder.jpg","house.jpg","85.1851851852","85.1851851852","895.444444444","895.444444444","#ffffff","yes","legacy","legacy","legacy","0","uniform","1","1","undefined","1","undefined","6","f","0","0","0","0","0","0","0","NA","11","0","11","14","0","0","11","11","0","0","11","11","11","11","0","14","4","14","4","4","0","0","0","0","0","0","0","0","0","0","0","0","0","0","0","0","14","14","14","14","14","11","0","0","0","0","0","0","0","0","0","0","0","0","0","0","0","12/23/19 13:06:53","no","Matching Tasks","yes","no","","no","OrientationCrossLanguages_2018PSA_PP_1.2.4.osexp","E:\Projects\PSA002","no","mono","no","18","no","#0000ff","no","हिन्दी","yes","no","768","yes","no","legacy","11","11","5","5","E:/Projects/PSA002/raw_data/IND_003-PP_008.csv","legacy","no","Kafkaesque Koffka","3.2.8","yes","5a7ce671e83246000deafe81","no","no","0","0","F","NA","NA","F","NA","NA","NA","NA","space","NA","NA","NA","NA","NA","NA","NA","NA","NA","NA","J","NA","NA","NA","NA","space","NA","NA","NA","NA","NA","NA","NA","NA","NA","NA","726","NA","NA","726","NA","NA","NA","NA","14948","NA","NA","NA","NA","NA","NA","NA","NA","NA","NA","942","NA","NA","NA","NA","18650","NA","NA","NA","NA","NA","NA","NA","NA","NA","NA","2","legacy","no","no","1024","2","48000","-16","no","EXP","8","even","no","no","NA","19822","7766","7766","13365","19785","19785","NA","NA","91077","114616","73988","38511","76088","115127","114612","19823","91077","115128","115859","NA","NA","38511","75951","63357","73985","63358","63357","38511","NA","NA","NA","NA","76093","NA","NA","NA","NA","NA","NA","NA","NA","NA","NA","74502","74503","75450","52815","62741","116360","NA","NA","NA","NA","19828","NA","NA","NA","NA","NA","NA","NA","NA","NA","NA","Orientation_PSA2018","23","24177","27","no","yes","1024"
"Y","1183","H","H","PP_LIST2.csv","scssorH.jpg","scssorH.jpg","85.7142857143","85.7142857143","893.714285714","893.714285714","#ffffff","yes","legacy","legacy","legacy","0","uniform","1","1","undefined","1","undefined","6","j","0","0","0","0","0","0","0","NA","12","0","12","14","0","0","12","12","0","0","12","12","12","12","0","14","4","14","4","4","0","0","0","0","0","0","0","0","0","0","0","0","0","0","0","0","14","14","14","14","14","12","0","0","0","0","0","0","0","0","0","0","0","0","0","0","0","12/23/19 13:06:53","no","Matching Tasks","yes","no","","no","OrientationCrossLanguages_2018PSA_PP_1.2.4.osexp","E:\Projects\PSA002","no","mono","no","18","no","#0000ff","no","हिन्दी","yes","no","768","yes","no","legacy","12","12","5","5","E:/Projects/PSA002/raw_data/IND_003-PP_008.csv","legacy","no","Kafkaesque Koffka","3.2.8","yes","5a7ce671e83246000deafe81","no","no","0","0","J","NA","NA","J","NA","NA","NA","NA","space","NA","NA","NA","NA","NA","NA","NA","NA","NA","NA","J","NA","NA","NA","NA","space","NA","NA","NA","NA","NA","NA","NA","NA","NA","NA","847","NA","NA","847","NA","NA","NA","NA","14948","NA","NA","NA","NA","NA","NA","NA","NA","NA","NA","942","NA","NA","NA","NA","18650","NA","NA","NA","NA","NA","NA","NA","NA","NA","NA","2","legacy","no","no","1024","2","48000","-16","no","EXP","8","even","no","no","NA","19822","7766","7766","13365","19785","19785","NA","NA","91077","116792","73988","38511","76088","117303","116788","19823","91077","117304","118156","NA","NA","38511","75951","63357","73985","63358","63357","38511","NA","NA","NA","NA","76093","NA","NA","NA","NA","NA","NA","NA","NA","NA","NA","74502","74503","75450","52815","62741","118657","NA","NA","NA","NA","19828","NA","NA","NA","NA","NA","NA","NA","NA","NA","NA","Orientation_PSA2018","24","25024","28","no","yes","1024"
"F","1183","F","F","PP_LIST2.csv","mitten.jpg","needle.jpg","86.2068965517","86.2068965517","920.827586207","920.827586207","#ffffff","yes","legacy","legacy","legacy","0","uniform","1","1","undefined","1","undefined","6","f","0","0","0","0","0","0","0","NA","13","0","13","14","0","0","13","13","0","0","13","13","13","13","0","14","4","14","4","4","0","0","0","0","0","0","0","0","0","0","0","0","0","0","0","0","14","14","14","14","14","13","0","0","0","0","0","0","0","0","0","0","0","0","0","0","0","12/23/19 13:06:53","no","Matching Tasks","yes","no","","no","OrientationCrossLanguages_2018PSA_PP_1.2.4.osexp","E:\Projects\PSA002","no","mono","no","18","no","#0000ff","no","हिन्दी","yes","no","768","yes","no","legacy","13","13","5","5","E:/Projects/PSA002/raw_data/IND_003-PP_008.csv","legacy","no","Kafkaesque Koffka","3.2.8","yes","5a7ce671e83246000deafe81","no","no","0","0","F","NA","NA","F","NA","NA","NA","NA","space","NA","NA","NA","NA","NA","NA","NA","NA","NA","NA","J","NA","NA","NA","NA","space","NA","NA","NA","NA","NA","NA","NA","NA","NA","NA","1680","NA","NA","1680","NA","NA","NA","NA","14948","NA","NA","NA","NA","NA","NA","NA","NA","NA","NA","942","NA","NA","NA","NA","18650","NA","NA","NA","NA","NA","NA","NA","NA","NA","NA","2","legacy","no","no","1024","2","48000","-16","no","EXP","8","even","no","no","NA","19822","7766","7766","13365","19785","19785","NA","NA","91077","119030","73988","38511","76088","119543","119026","19823","91077","119543","121228","121739","NA","38511","75951","63357","73985","63358","63357","38511","NA","NA","NA","NA","76093","NA","NA","NA","NA","NA","NA","NA","NA","NA","NA","74502","74503","75450","52815","62741","122239","NA","NA","NA","NA","19828","NA","NA","NA","NA","NA","NA","NA","NA","NA","NA","Orientation_PSA2018","25","26704","29","no","yes","1024"
"N","1183","H","V","PP_LIST2.csv","caterpillarH.jpg","caterpillarV.jpg","86.6666666667","86.6666666667","914.466666667","914.466666667","#ffffff","yes","legacy","legacy","legacy","0","uniform","1","1","undefined","1","undefined","6","j","0","0","0","0","0","0","0","NA","14","0","14","14","0","0","14","14","0","0","14","14","14","14","0","14","4","14","4","4","0","0","0","0","0","0","0","0","0","0","0","0","0","0","0","0","14","14","14","14","14","14","0","0","0","0","0","0","0","0","0","0","0","0","0","0","0","12/23/19 13:06:53","no","Matching Tasks","yes","no","","no","OrientationCrossLanguages_2018PSA_PP_1.2.4.osexp","E:\Projects\PSA002","no","mono","no","18","no","#0000ff","no","हिन्दी","yes","no","768","yes","no","legacy","14","14","5","5","E:/Projects/PSA002/raw_data/IND_003-PP_008.csv","legacy","no","Kafkaesque Koffka","3.2.8","yes","5a7ce671e83246000deafe81","no","no","0","0","J","NA","NA","J","NA","NA","NA","NA","space","NA","NA","NA","NA","NA","NA","NA","NA","NA","NA","J","NA","NA","NA","NA","space","NA","NA","NA","NA","NA","NA","NA","NA","NA","NA","730","NA","NA","730","NA","NA","NA","NA","14948","NA","NA","NA","NA","NA","NA","NA","NA","NA","NA","942","NA","NA","NA","NA","18650","NA","NA","NA","NA","NA","NA","NA","NA","NA","NA","2","legacy","no","no","1024","2","48000","-16","no","EXP","8","even","no","no","NA","19822","7766","7766","13365","19785","19785","NA","NA","91077","122687","73988","38511","76088","123199","122684","19823","91077","123199","123934","121739","NA","38511","75951","63357","73985","63358","63357","38511","NA","NA","NA","NA","76093","NA","NA","NA","NA","NA","NA","NA","NA","NA","NA","74502","74503","75450","52815","62741","124434","NA","NA","NA","NA","19828","NA","NA","NA","NA","NA","NA","NA","NA","NA","NA","Orientation_PSA2018","26","27434","30","no","yes","1024"
"N","1183","H","V","PP_LIST2.csv","clothespinH.jpg","clothespinV.jpg","87.0967741935","87.0967741935","905.193548387","905.193548387","#ffffff","yes","legacy","legacy","legacy","0","uniform","1","1","undefined","1","undefined","6","j","0","0","0","0","0","0","0","NA","15","0","15","14","0","0","15","15","0","0","15","15","15","15","0","14","4","14","4","4","0","0","0","0","0","0","0","0","0","0","0","0","0","0","0","0","14","14","14","14","14","15","0","0","0","0","0","0","0","0","0","0","0","0","0","0","0","12/23/19 13:06:53","no","Matching Tasks","yes","no","","no","OrientationCrossLanguages_2018PSA_PP_1.2.4.osexp","E:\Projects\PSA002","no","mono","no","18","no","#0000ff","no","हिन्दी","yes","no","768","yes","no","legacy","15","15","5","5","E:/Projects/PSA002/raw_data/IND_003-PP_008.csv","legacy","no","Kafkaesque Koffka","3.2.8","yes","5a7ce671e83246000deafe81","no","no","0","0","J","NA","NA","J","NA","NA","NA","NA","space","NA","NA","NA","NA","NA","NA","NA","NA","NA","NA","J","NA","NA","NA","NA","space","NA","NA","NA","NA","NA","NA","NA","NA","NA","NA","627","NA","NA","627","NA","NA","NA","NA","14948","NA","NA","NA","NA","NA","NA","NA","NA","NA","NA","942","NA","NA","NA","NA","18650","NA","NA","NA","NA","NA","NA","NA","NA","NA","NA","2","legacy","no","no","1024","2","48000","-16","no","EXP","8","even","no","no","NA","19822","7766","7766","13365","19785","19785","NA","NA","91077","124891","73988","38511","76088","125402","124887","19823","91077","125402","126034","121739","NA","38511","75951","63357","73985","63358","63357","38511","NA","NA","NA","NA","76093","NA","NA","NA","NA","NA","NA","NA","NA","NA","NA","74502","74503","75450","52815","62741","126534","NA","NA","NA","NA","19828","NA","NA","NA","NA","NA","NA","NA","NA","NA","NA","Orientation_PSA2018","27","28061","31","no","yes","1024"
"F","1183","F","F","PP_LIST2.csv","skirt.jpg","tlphon.jpg","87.5","87.5","897.625","897.625","#ffffff","yes","legacy","legacy","legacy","0","uniform","1","1","undefined","1","undefined","6","f","0","0","0","0","0","0","0","NA","16","0","16","14","0","0","16","16","0","0","16","16","16","16","0","14","4","14","4","4","0","0","0","0","0","0","0","0","0","0","0","0","0","0","0","0","14","14","14","14","14","16","0","0","0","0","0","0","0","0","0","0","0","0","0","0","0","12/23/19 13:06:53","no","Matching Tasks","yes","no","","no","OrientationCrossLanguages_2018PSA_PP_1.2.4.osexp","E:\Projects\PSA002","no","mono","no","18","no","#0000ff","no","हिन्दी","yes","no","768","yes","no","legacy","16","16","5","5","E:/Projects/PSA002/raw_data/IND_003-PP_008.csv","legacy","no","Kafkaesque Koffka","3.2.8","yes","5a7ce671e83246000deafe81","no","no","0","0","F","NA","NA","F","NA","NA","NA","NA","space","NA","NA","NA","NA","NA","NA","NA","NA","NA","NA","J","NA","NA","NA","NA","space","NA","NA","NA","NA","NA","NA","NA","NA","NA","NA","663","NA","NA","663","NA","NA","NA","NA","14948","NA","NA","NA","NA","NA","NA","NA","NA","NA","NA","942","NA","NA","NA","NA","18650","NA","NA","NA","NA","NA","NA","NA","NA","NA","NA","2","legacy","no","no","1024","2","48000","-16","no","EXP","8","even","no","no","NA","19822","7766","7766","13365","19785","19785","NA","NA","91077","126965","73988","38511","76088","127477","126961","19823","91077","127478","128145","121739","NA","38511","75951","63357","73985","63358","63357","38511","NA","NA","NA","NA","76093","NA","NA","NA","NA","NA","NA","NA","NA","NA","NA","74502","74503","75450","52815","62741","128646","NA","NA","NA","NA","19828","NA","NA","NA","NA","NA","NA","NA","NA","NA","NA","Orientation_PSA2018","28","28724","32","no","yes","1024"
"F","1183","F","F","PP_LIST2.csv","couch.jpg","spider.jpg","87.8787878788","87.8787878788","893.181818182","893.181818182","#ffffff","yes","legacy","legacy","legacy","0","uniform","1","1","undefined","1","undefined","6","f","0","0","0","0","0","0","0","NA","17","0","17","14","0","0","17","17","0","0","17","17","17","17","0","14","4","14","4","4","0","0","0","0","0","0","0","0","0","0","0","0","0","0","0","0","14","14","14","14","14","17","0","0","0","0","0","0","0","0","0","0","0","0","0","0","0","12/23/19 13:06:53","no","Matching Tasks","yes","no","","no","OrientationCrossLanguages_2018PSA_PP_1.2.4.osexp","E:\Projects\PSA002","no","mono","no","18","no","#0000ff","no","हिन्दी","yes","no","768","yes","no","legacy","17","17","5","5","E:/Projects/PSA002/raw_data/IND_003-PP_008.csv","legacy","no","Kafkaesque Koffka","3.2.8","yes","5a7ce671e83246000deafe81","no","no","0","0","F","NA","NA","F","NA","NA","NA","NA","space","NA","NA","NA","NA","NA","NA","NA","NA","NA","NA","J","NA","NA","NA","NA","space","NA","NA","NA","NA","NA","NA","NA","NA","NA","NA","751","NA","NA","751","NA","NA","NA","NA","14948","NA","NA","NA","NA","NA","NA","NA","NA","NA","NA","942","NA","NA","NA","NA","18650","NA","NA","NA","NA","NA","NA","NA","NA","NA","NA","2","legacy","no","no","1024","2","48000","-16","no","EXP","8","even","no","no","NA","19822","7766","7766","13365","19785","19785","NA","NA","91077","129050","73988","38511","76088","129561","129047","19823","91077","129562","130318","121739","NA","38511","75951","63357","73985","63358","63357","38511","NA","NA","NA","NA","76093","NA","NA","NA","NA","NA","NA","NA","NA","NA","NA","74502","74503","75450","52815","62741","130819","NA","NA","NA","NA","19828","NA","NA","NA","NA","NA","NA","NA","NA","NA","NA","Orientation_PSA2018","29","29475","33","no","yes","1024"
"F","1183","F","F","PP_LIST2.csv","sutcse.jpg","pumpkin.jpg","88.2352941176","88.2352941176","885.676470588","885.676470588","#ffffff","yes","legacy","legacy","legacy","0","uniform","1","1","undefined","1","undefined","6","f","0","0","0","0","0","0","0","NA","18","0","18","14","0","0","18","18","0","0","18","18","18","18","0","14","4","14","4","4","0","0","0","0","0","0","0","0","0","0","0","0","0","0","0","0","14","14","14","14","14","18","0","0","0","0","0","0","0","0","0","0","0","0","0","0","0","12/23/19 13:06:53","no","Matching Tasks","yes","no","","no","OrientationCrossLanguages_2018PSA_PP_1.2.4.osexp","E:\Projects\PSA002","no","mono","no","18","no","#0000ff","no","हिन्दी","yes","no","768","yes","no","legacy","18","18","5","5","E:/Projects/PSA002/raw_data/IND_003-PP_008.csv","legacy","no","Kafkaesque Koffka","3.2.8","yes","5a7ce671e83246000deafe81","no","no","0","0","F","NA","NA","F","NA","NA","NA","NA","space","NA","NA","NA","NA","NA","NA","NA","NA","NA","NA","J","NA","NA","NA","NA","space","NA","NA","NA","NA","NA","NA","NA","NA","NA","NA","638","NA","NA","638","NA","NA","NA","NA","14948","NA","NA","NA","NA","NA","NA","NA","NA","NA","NA","942","NA","NA","NA","NA","18650","NA","NA","NA","NA","NA","NA","NA","NA","NA","NA","2","legacy","no","no","1024","2","48000","-16","no","EXP","8","even","no","no","NA","19822","7766","7766","13365","19785","19785","NA","NA","91077","131256","73988","38511","76088","131767","131252","19823","91077","131768","132411","121739","NA","38511","75951","63357","73985","63358","63357","38511","NA","NA","NA","NA","76093","NA","NA","NA","NA","NA","NA","NA","NA","NA","NA","74502","74503","75450","52815","62741","132911","NA","NA","NA","NA","19828","NA","NA","NA","NA","NA","NA","NA","NA","NA","NA","Orientation_PSA2018","30","30113","34","no","yes","1024"
"Y","1183","H","H","PP_LIST2.csv","saltH.jpg","saltH.jpg","88.5714285714","88.5714285714","875.085714286","875.085714286","#ffffff","yes","legacy","legacy","legacy","0","uniform","1","1","undefined","1","undefined","6","j","0","0","0","0","0","0","0","NA","19","0","19","14","0","0","19","19","0","0","19","19","19","19","0","14","4","14","4","4","0","0","0","0","0","0","0","0","0","0","0","0","0","0","0","0","14","14","14","14","14","19","0","0","0","0","0","0","0","0","0","0","0","0","0","0","0","12/23/19 13:06:53","no","Matching Tasks","yes","no","","no","OrientationCrossLanguages_2018PSA_PP_1.2.4.osexp","E:\Projects\PSA002","no","mono","no","18","no","#0000ff","no","हिन्दी","yes","no","768","yes","no","legacy","19","19","5","5","E:/Projects/PSA002/raw_data/IND_003-PP_008.csv","legacy","no","Kafkaesque Koffka","3.2.8","yes","5a7ce671e83246000deafe81","no","no","0","0","J","NA","NA","J","NA","NA","NA","NA","space","NA","NA","NA","NA","NA","NA","NA","NA","NA","NA","J","NA","NA","NA","NA","space","NA","NA","NA","NA","NA","NA","NA","NA","NA","NA","515","NA","NA","515","NA","NA","NA","NA","14948","NA","NA","NA","NA","NA","NA","NA","NA","NA","NA","942","NA","NA","NA","NA","18650","NA","NA","NA","NA","NA","NA","NA","NA","NA","NA","2","legacy","no","no","1024","2","48000","-16","no","EXP","8","even","no","no","NA","19822","7766","7766","13365","19785","19785","NA","NA","91077","133341","73988","38511","76088","133853","133337","19823","91077","133853","134374","121739","NA","38511","75951","63357","73985","63358","63357","38511","NA","NA","NA","NA","76093","NA","NA","NA","NA","NA","NA","NA","NA","NA","NA","74502","74503","75450","52815","62741","134875","NA","NA","NA","NA","19828","NA","NA","NA","NA","NA","NA","NA","NA","NA","NA","Orientation_PSA2018","31","30628","35","no","yes","1024"
"F","1183","F","F","PP_LIST2.csv","wndmil.jpg","mitten.jpg","88.8888888889","88.8888888889","871.972222222","871.972222222","#ffffff","yes","legacy","legacy","legacy","0","uniform","1","1","undefined","1","undefined","6","f","0","0","0","0","0","0","0","NA","20","0","20","14","0","0","20","20","0","0","20","20","20","20","0","14","4","14","4","4","0","0","0","0","0","0","0","0","0","0","0","0","0","0","0","0","14","14","14","14","14","20","0","0","0","0","0","0","0","0","0","0","0","0","0","0","0","12/23/19 13:06:53","no","Matching Tasks","yes","no","","no","OrientationCrossLanguages_2018PSA_PP_1.2.4.osexp","E:\Projects\PSA002","no","mono","no","18","no","#0000ff","no","हिन्दी","yes","no","768","yes","no","legacy","20","20","5","5","E:/Projects/PSA002/raw_data/IND_003-PP_008.csv","legacy","no","Kafkaesque Koffka","3.2.8","yes","5a7ce671e83246000deafe81","no","no","0","0","F","NA","NA","F","NA","NA","NA","NA","space","NA","NA","NA","NA","NA","NA","NA","NA","NA","NA","J","NA","NA","NA","NA","space","NA","NA","NA","NA","NA","NA","NA","NA","NA","NA","763","NA","NA","763","NA","NA","NA","NA","14948","NA","NA","NA","NA","NA","NA","NA","NA","NA","NA","942","NA","NA","NA","NA","18650","NA","NA","NA","NA","NA","NA","NA","NA","NA","NA","2","legacy","no","no","1024","2","48000","-16","no","EXP","8","even","no","no","NA","19822","7766","7766","13365","19785","19785","NA","NA","91077","135285","73988","38511","76088","135797","135281","19823","91077","135798","136567","121739","NA","38511","75951","63357","73985","63358","63357","38511","NA","NA","NA","NA","76093","NA","NA","NA","NA","NA","NA","NA","NA","NA","NA","74502","74503","75450","52815","62741","137067","NA","NA","NA","NA","19828","NA","NA","NA","NA","NA","NA","NA","NA","NA","NA","Orientation_PSA2018","32","31391","36","no","yes","1024"
"F","1183","F","F","PP_LIST2.csv","wrench.jpg","piano.jpg","89.1891891892","89.1891891892","868.567567568","868.567567568","#ffffff","yes","legacy","legacy","legacy","0","uniform","1","1","undefined","1","undefined","6","f","0","0","0","0","0","0","0","NA","21","0","21","14","0","0","21","21","0","0","21","21","21","21","0","14","4","14","4","4","0","0","0","0","0","0","0","0","0","0","0","0","0","0","0","0","14","14","14","14","14","21","0","0","0","0","0","0","0","0","0","0","0","0","0","0","0","12/23/19 13:06:53","no","Matching Tasks","yes","no","","no","OrientationCrossLanguages_2018PSA_PP_1.2.4.osexp","E:\Projects\PSA002","no","mono","no","18","no","#0000ff","no","हिन्दी","yes","no","768","yes","no","legacy","21","21","5","5","E:/Projects/PSA002/raw_data/IND_003-PP_008.csv","legacy","no","Kafkaesque Koffka","3.2.8","yes","5a7ce671e83246000deafe81","no","no","0","0","F","NA","NA","F","NA","NA","NA","NA","space","NA","NA","NA","NA","NA","NA","NA","NA","NA","NA","J","NA","NA","NA","NA","space","NA","NA","NA","NA","NA","NA","NA","NA","NA","NA","746","NA","NA","746","NA","NA","NA","NA","14948","NA","NA","NA","NA","NA","NA","NA","NA","NA","NA","942","NA","NA","NA","NA","18650","NA","NA","NA","NA","NA","NA","NA","NA","NA","NA","2","legacy","no","no","1024","2","48000","-16","no","EXP","8","even","no","no","NA","19822","7766","7766","13365","19785","19785","NA","NA","91077","137487","73988","38511","76088","138000","137483","19823","91077","138000","138751","121739","NA","38511","75951","63357","73985","63358","63357","38511","NA","NA","NA","NA","76093","NA","NA","NA","NA","NA","NA","NA","NA","NA","NA","74502","74503","75450","52815","62741","139251","NA","NA","NA","NA","19828","NA","NA","NA","NA","NA","NA","NA","NA","NA","NA","Orientation_PSA2018","33","32137","37","no","yes","1024"
"N","1183","V","H","PP_LIST2.csv","pencilV.jpg","pencilH.jpg","89.4736842105","89.4736842105","863.578947368","863.578947368","#ffffff","yes","legacy","legacy","legacy","0","uniform","1","1","undefined","1","undefined","6","j","0","0","0","0","0","0","0","NA","22","0","22","14","0","0","22","22","0","0","22","22","22","22","0","14","4","14","4","4","0","0","0","0","0","0","0","0","0","0","0","0","0","0","0","0","14","14","14","14","14","22","0","0","0","0","0","0","0","0","0","0","0","0","0","0","0","12/23/19 13:06:53","no","Matching Tasks","yes","no","","no","OrientationCrossLanguages_2018PSA_PP_1.2.4.osexp","E:\Projects\PSA002","no","mono","no","18","no","#0000ff","no","हिन्दी","yes","no","768","yes","no","legacy","22","22","5","5","E:/Projects/PSA002/raw_data/IND_003-PP_008.csv","legacy","no","Kafkaesque Koffka","3.2.8","yes","5a7ce671e83246000deafe81","no","no","0","0","J","NA","NA","J","NA","NA","NA","NA","space","NA","NA","NA","NA","NA","NA","NA","NA","NA","NA","J","NA","NA","NA","NA","space","NA","NA","NA","NA","NA","NA","NA","NA","NA","NA","679","NA","NA","679","NA","NA","NA","NA","14948","NA","NA","NA","NA","NA","NA","NA","NA","NA","NA","942","NA","NA","NA","NA","18650","NA","NA","NA","NA","NA","NA","NA","NA","NA","NA","2","legacy","no","no","1024","2","48000","-16","no","EXP","8","even","no","no","NA","19822","7766","7766","13365","19785","19785","NA","NA","91077","139683","73988","38511","76088","140194","139679","19823","91077","140194","140879","121739","NA","38511","75951","63357","73985","63358","63357","38511","NA","NA","NA","NA","76093","NA","NA","NA","NA","NA","NA","NA","NA","NA","NA","74502","74503","75450","52815","62741","141379","NA","NA","NA","NA","19828","NA","NA","NA","NA","NA","NA","NA","NA","NA","NA","Orientation_PSA2018","34","32816","38","no","yes","1024"
"Y","1183","H","H","PP_LIST2.csv","penH.jpg","penH.jpg","89.7435897436","89.7435897436","860.58974359","860.58974359","#ffffff","yes","legacy","legacy","legacy","0","uniform","1","1","undefined","1","undefined","6","j","0","0","0","0","0","0","0","NA","23","0","23","14","0","0","23","23","0","0","23","23","23","23","0","14","4","14","4","4","0","0","0","0","0","0","0","0","0","0","0","0","0","0","0","0","14","14","14","14","14","23","0","0","0","0","0","0","0","0","0","0","0","0","0","0","0","12/23/19 13:06:53","no","Matching Tasks","yes","no","","no","OrientationCrossLanguages_2018PSA_PP_1.2.4.osexp","E:\Projects\PSA002","no","mono","no","18","no","#0000ff","no","हिन्दी","yes","no","768","yes","no","legacy","23","23","5","5","E:/Projects/PSA002/raw_data/IND_003-PP_008.csv","legacy","no","Kafkaesque Koffka","3.2.8","yes","5a7ce671e83246000deafe81","no","no","0","0","J","NA","NA","J","NA","NA","NA","NA","space","NA","NA","NA","NA","NA","NA","NA","NA","NA","NA","J","NA","NA","NA","NA","space","NA","NA","NA","NA","NA","NA","NA","NA","NA","NA","747","NA","NA","747","NA","NA","NA","NA","14948","NA","NA","NA","NA","NA","NA","NA","NA","NA","NA","942","NA","NA","NA","NA","18650","NA","NA","NA","NA","NA","NA","NA","NA","NA","NA","2","legacy","no","no","1024","2","48000","-16","no","EXP","8","even","no","no","NA","19822","7766","7766","13365","19785","19785","NA","NA","91077","141816","73988","38511","76088","142327","141812","19823","91077","142328","143081","121739","NA","38511","75951","63357","73985","63358","63357","38511","NA","NA","NA","NA","76093","NA","NA","NA","NA","NA","NA","NA","NA","NA","NA","74502","74503","75450","52815","62741","143582","NA","NA","NA","NA","19828","NA","NA","NA","NA","NA","NA","NA","NA","NA","NA","Orientation_PSA2018","35","33563","39","no","yes","1024"
"F","1183","F","F","PP_LIST2.csv","tapedispenser.jpg","wrench.jpg","100","100","661","661","#ffffff","yes","legacy","legacy","legacy","0","uniform","1","1","undefined","1","undefined","6","f","0","0","0","0","0","0","0","0","24","0","24","14","0","0","24","24","0","0","24","24","24","24","0","14","4","14","4","4","0","0","0","0","0","0","0","0","0","0","0","0","0","0","0","0","14","14","14","14","14","24","0","0","0","0","0","0","0","0","0","0","0","0","0","0","0","12/23/19 13:06:53","no","Matching Tasks","yes","no","","no","OrientationCrossLanguages_2018PSA_PP_1.2.4.osexp","E:\Projects\PSA002","no","mono","no","18","no","#0000ff","no","हिन्दी","yes","no","768","yes","no","legacy","24","24","5","5","E:/Projects/PSA002/raw_data/IND_003-PP_008.csv","legacy","no","Kafkaesque Koffka","3.2.8","yes","5a7ce671e83246000deafe81","no","no","0","0","F","space","NA","F","NA","NA","NA","NA","space","NA","NA","NA","NA","NA","NA","NA","NA","NA","NA","J","NA","NA","NA","NA","space","NA","NA","NA","NA","NA","NA","NA","NA","NA","NA","661","2260","NA","661","NA","NA","NA","NA","14948","NA","NA","NA","NA","NA","NA","NA","NA","NA","NA","942","NA","NA","NA","NA","18650","NA","NA","NA","NA","NA","NA","NA","NA","NA","NA","2","legacy","no","no","1024","2","48000","-16","no","EXP","8","even","no","no","NA","19822","7766","7766","13365","19785","19785","143847","NA","91077","146405","73988","38511","76088","146917","146401","19823","91077","146917","147583","121739","NA","38511","75951","63357","73985","63358","63357","38511","NA","NA","NA","NA","76093","NA","NA","NA","NA","NA","NA","NA","NA","NA","NA","74502","74503","75450","52815","62741","148084","NA","NA","NA","NA","19828","NA","NA","NA","NA","NA","NA","NA","NA","NA","NA","Orientation_PSA2018","1","661","1","no","yes","1024"
"F","1183","F","F","PP_LIST2.csv","tiger.jpg","wndmil.jpg","100","100","670.5","670.5","#ffffff","yes","legacy","legacy","legacy","0","uniform","1","1","undefined","1","undefined","6","f","0","0","0","0","0","0","0","0","25","0","25","14","0","0","25","25","0","0","25","25","25","25","0","14","4","14","4","4","0","0","0","0","0","0","0","0","0","0","0","0","0","0","0","0","14","14","14","14","14","25","0","0","0","0","0","0","0","0","0","0","0","0","0","0","0","12/23/19 13:06:53","no","Matching Tasks","yes","no","","no","OrientationCrossLanguages_2018PSA_PP_1.2.4.osexp","E:\Projects\PSA002","no","mono","no","18","no","#0000ff","no","हिन्दी","yes","no","768","yes","no","legacy","25","25","5","5","E:/Projects/PSA002/raw_data/IND_003-PP_008.csv","legacy","no","Kafkaesque Koffka","3.2.8","yes","5a7ce671e83246000deafe81","no","no","0","0","F","space","NA","F","NA","NA","NA","NA","space","NA","NA","NA","NA","NA","NA","NA","NA","NA","NA","J","NA","NA","NA","NA","space","NA","NA","NA","NA","NA","NA","NA","NA","NA","NA","680","2260","NA","680","NA","NA","NA","NA","14948","NA","NA","NA","NA","NA","NA","NA","NA","NA","NA","942","NA","NA","NA","NA","18650","NA","NA","NA","NA","NA","NA","NA","NA","NA","NA","2","legacy","no","no","1024","2","48000","-16","no","EXP","8","even","no","no","NA","19822","7766","7766","13365","19785","19785","143847","NA","91077","148482","73988","38511","76088","148993","148478","19823","91077","148994","149678","121739","NA","38511","75951","63357","73985","63358","63357","38511","NA","NA","NA","NA","76093","NA","NA","NA","NA","NA","NA","NA","NA","NA","NA","74502","74503","75450","52815","62741","150179","NA","NA","NA","NA","19828","NA","NA","NA","NA","NA","NA","NA","NA","NA","NA","Orientation_PSA2018","2","1341","2","no","yes","1024"
"N","1183","V","H","PP_LIST2.csv","ironV.jpg","ironH.jpg","66.6666666667","66.6666666667","727","727","#ffffff","yes","legacy","legacy","legacy","0","uniform","0","0","undefined","1","undefined","6","j","0","0","0","0","0","0","0","0","26","0","26","14","0","0","26","26","0","0","26","26","26","26","0","14","4","14","4","4","0","0","0","0","0","0","0","0","0","0","0","0","0","0","0","0","14","14","14","14","14","26","0","0","0","0","0","0","0","0","0","0","0","0","0","0","0","12/23/19 13:06:53","no","Matching Tasks","yes","no","","no","OrientationCrossLanguages_2018PSA_PP_1.2.4.osexp","E:\Projects\PSA002","no","mono","no","18","no","#0000ff","no","हिन्दी","yes","no","768","yes","no","legacy","26","26","5","5","E:/Projects/PSA002/raw_data/IND_003-PP_008.csv","legacy","no","Kafkaesque Koffka","3.2.8","yes","5a7ce671e83246000deafe81","no","no","0","0","F","space","NA","F","NA","NA","NA","NA","space","NA","NA","NA","NA","NA","NA","NA","NA","NA","NA","J","NA","NA","NA","NA","space","NA","NA","NA","NA","NA","NA","NA","NA","NA","NA","840","2260","NA","840","NA","NA","NA","NA","14948","NA","NA","NA","NA","NA","NA","NA","NA","NA","NA","942","NA","NA","NA","NA","18650","NA","NA","NA","NA","NA","NA","NA","NA","NA","NA","2","legacy","no","no","1024","2","48000","-16","no","EXP","8","even","no","no","NA","19822","7766","7766","13365","19785","19785","143847","NA","91077","150602","73988","38511","76088","151113","150598","19823","91077","151113","149678","121739","151958","38511","75951","63357","73985","63358","63357","38511","NA","NA","NA","NA","76093","NA","NA","NA","NA","NA","NA","NA","NA","NA","NA","74502","74503","75450","52815","62741","152459","NA","NA","NA","NA","19828","NA","NA","NA","NA","NA","NA","NA","NA","NA","NA","Orientation_PSA2018","2","2181","3","no","yes","1024"
"F","1183","F","F","PP_LIST2.csv","tlphon.jpg","knife.jpg","75","75","732.75","732.75","#ffffff","yes","legacy","legacy","legacy","0","uniform","1","1","undefined","1","undefined","6","f","0","0","0","0","0","0","0","0","27","0","27","14","0","0","27","27","0","0","27","27","27","27","0","14","4","14","4","4","0","0","0","0","0","0","0","0","0","0","0","0","0","0","0","0","14","14","14","14","14","27","0","0","0","0","0","0","0","0","0","0","0","0","0","0","0","12/23/19 13:06:53","no","Matching Tasks","yes","no","","no","OrientationCrossLanguages_2018PSA_PP_1.2.4.osexp","E:\Projects\PSA002","no","mono","no","18","no","#0000ff","no","हिन्दी","yes","no","768","yes","no","legacy","27","27","5","5","E:/Projects/PSA002/raw_data/IND_003-PP_008.csv","legacy","no","Kafkaesque Koffka","3.2.8","yes","5a7ce671e83246000deafe81","no","no","0","0","F","space","NA","F","NA","NA","NA","NA","space","NA","NA","NA","NA","NA","NA","NA","NA","NA","NA","J","NA","NA","NA","NA","space","NA","NA","NA","NA","NA","NA","NA","NA","NA","NA","750","2260","NA","750","NA","NA","NA","NA","14948","NA","NA","NA","NA","NA","NA","NA","NA","NA","NA","942","NA","NA","NA","NA","18650","NA","NA","NA","NA","NA","NA","NA","NA","NA","NA","2","legacy","no","no","1024","2","48000","-16","no","EXP","8","even","no","no","NA","19822","7766","7766","13365","19785","19785","143847","NA","91077","152850","73988","38511","76088","153361","152846","19823","91077","153361","154116","121739","151958","38511","75951","63357","73985","63358","63357","38511","NA","NA","NA","NA","76093","NA","NA","NA","NA","NA","NA","NA","NA","NA","NA","74502","74503","75450","52815","62741","154617","NA","NA","NA","NA","19828","NA","NA","NA","NA","NA","NA","NA","NA","NA","NA","Orientation_PSA2018","3","2931","4","no","yes","1024"
"F","1183","F","F","PP_LIST2.csv","umberella.jpg","flower.jpg","80","80","731.2","731.2","#ffffff","yes","legacy","legacy","legacy","0","uniform","1","1","undefined","1","undefined","6","f","0","0","0","0","0","0","0","0","28","0","28","14","0","0","28","28","0","0","28","28","28","28","0","14","4","14","4","4","0","0","0","0","0","0","0","0","0","0","0","0","0","0","0","0","14","14","14","14","14","28","0","0","0","0","0","0","0","0","0","0","0","0","0","0","0","12/23/19 13:06:53","no","Matching Tasks","yes","no","","no","OrientationCrossLanguages_2018PSA_PP_1.2.4.osexp","E:\Projects\PSA002","no","mono","no","18","no","#0000ff","no","हिन्दी","yes","no","768","yes","no","legacy","28","28","5","5","E:/Projects/PSA002/raw_data/IND_003-PP_008.csv","legacy","no","Kafkaesque Koffka","3.2.8","yes","5a7ce671e83246000deafe81","no","no","0","0","F","space","NA","F","NA","NA","NA","NA","space","NA","NA","NA","NA","NA","NA","NA","NA","NA","NA","J","NA","NA","NA","NA","space","NA","NA","NA","NA","NA","NA","NA","NA","NA","NA","725","2260","NA","725","NA","NA","NA","NA","14948","NA","NA","NA","NA","NA","NA","NA","NA","NA","NA","942","NA","NA","NA","NA","18650","NA","NA","NA","NA","NA","NA","NA","NA","NA","NA","2","legacy","no","no","1024","2","48000","-16","no","EXP","8","even","no","no","NA","19822","7766","7766","13365","19785","19785","143847","NA","91077","155043","73988","38511","76088","155558","155039","19823","91077","155558","156288","121739","151958","38511","75951","63357","73985","63358","63357","38511","NA","NA","NA","NA","76093","NA","NA","NA","NA","NA","NA","NA","NA","NA","NA","74502","74503","75450","52815","62741","156789","NA","NA","NA","NA","19828","NA","NA","NA","NA","NA","NA","NA","NA","NA","NA","Orientation_PSA2018","4","3656","5","no","yes","1024"
"Y","1183","V","V","PP_LIST2.csv","bookV.jpg","bookV.jpg","66.6666666667","66.6666666667","707.833333333","707.833333333","#ffffff","yes","legacy","legacy","legacy","0","uniform","0","0","undefined","1","undefined","6","j","0","0","0","0","0","0","0","0","29","0","29","14","0","0","29","29","0","0","29","29","29","29","0","14","4","14","4","4","0","0","0","0","0","0","0","0","0","0","0","0","0","0","0","0","14","14","14","14","14","29","0","0","0","0","0","0","0","0","0","0","0","0","0","0","0","12/23/19 13:06:53","no","Matching Tasks","yes","no","","no","OrientationCrossLanguages_2018PSA_PP_1.2.4.osexp","E:\Projects\PSA002","no","mono","no","18","no","#0000ff","no","हिन्दी","yes","no","768","yes","no","legacy","29","29","5","5","E:/Projects/PSA002/raw_data/IND_003-PP_008.csv","legacy","no","Kafkaesque Koffka","3.2.8","yes","5a7ce671e83246000deafe81","no","no","0","0","F","space","NA","F","NA","NA","NA","NA","space","NA","NA","NA","NA","NA","NA","NA","NA","NA","NA","J","NA","NA","NA","NA","space","NA","NA","NA","NA","NA","NA","NA","NA","NA","NA","591","2260","NA","591","NA","NA","NA","NA","14948","NA","NA","NA","NA","NA","NA","NA","NA","NA","NA","942","NA","NA","NA","NA","18650","NA","NA","NA","NA","NA","NA","NA","NA","NA","NA","2","legacy","no","no","1024","2","48000","-16","no","EXP","8","even","no","no","NA","19822","7766","7766","13365","19785","19785","143847","NA","91077","157142","73988","38511","76088","157655","157138","19823","91077","157655","156288","121739","158251","38511","75951","63357","73985","63358","63357","38511","NA","NA","NA","NA","76093","NA","NA","NA","NA","NA","NA","NA","NA","NA","NA","74502","74503","75450","52815","62741","158751","NA","NA","NA","NA","19828","NA","NA","NA","NA","NA","NA","NA","NA","NA","NA","Orientation_PSA2018","4","4247","6","no","yes","1024"
"F","1183","F","F","PP_LIST2.csv","needle.jpg","tiger.jpg","71.4285714286","71.4285714286","746.714285714","746.714285714","#ffffff","yes","legacy","legacy","legacy","0","uniform","1","1","undefined","1","undefined","6","f","0","0","0","0","0","0","0","0","30","0","30","14","0","0","30","30","0","0","30","30","30","30","0","14","4","14","4","4","0","0","0","0","0","0","0","0","0","0","0","0","0","0","0","0","14","14","14","14","14","30","0","0","0","0","0","0","0","0","0","0","0","0","0","0","0","12/23/19 13:06:53","no","Matching Tasks","yes","no","","no","OrientationCrossLanguages_2018PSA_PP_1.2.4.osexp","E:\Projects\PSA002","no","mono","no","18","no","#0000ff","no","हिन्दी","yes","no","768","yes","no","legacy","30","30","5","5","E:/Projects/PSA002/raw_data/IND_003-PP_008.csv","legacy","no","Kafkaesque Koffka","3.2.8","yes","5a7ce671e83246000deafe81","no","no","0","0","F","space","NA","F","NA","NA","NA","NA","space","NA","NA","NA","NA","NA","NA","NA","NA","NA","NA","J","NA","NA","NA","NA","space","NA","NA","NA","NA","NA","NA","NA","NA","NA","NA","980","2260","NA","980","NA","NA","NA","NA","14948","NA","NA","NA","NA","NA","NA","NA","NA","NA","NA","942","NA","NA","NA","NA","18650","NA","NA","NA","NA","NA","NA","NA","NA","NA","NA","2","legacy","no","no","1024","2","48000","-16","no","EXP","8","even","no","no","NA","19822","7766","7766","13365","19785","19785","143847","NA","91077","159183","73988","38511","76088","159694","159179","19823","91077","159695","160680","121739","158251","38511","75951","63357","73985","63358","63357","38511","NA","NA","NA","NA","76093","NA","NA","NA","NA","NA","NA","NA","NA","NA","NA","74502","74503","75450","52815","62741","161180","NA","NA","NA","NA","19828","NA","NA","NA","NA","NA","NA","NA","NA","NA","NA","Orientation_PSA2018","5","5227","7","no","yes","1024"
"F","1183","F","F","PP_LIST2.csv","ring.jpg","stove.jpg","75","75","753.375","753.375","#ffffff","yes","legacy","legacy","legacy","0","uniform","1","1","undefined","1","undefined","6","f","0","0","0","0","0","0","0","0","31","0","31","14","0","0","31","31","0","0","31","31","31","31","0","14","4","14","4","4","0","0","0","0","0","0","0","0","0","0","0","0","0","0","0","0","14","14","14","14","14","31","0","0","0","0","0","0","0","0","0","0","0","0","0","0","0","12/23/19 13:06:53","no","Matching Tasks","yes","no","","no","OrientationCrossLanguages_2018PSA_PP_1.2.4.osexp","E:\Projects\PSA002","no","mono","no","18","no","#0000ff","no","हिन्दी","yes","no","768","yes","no","legacy","31","31","5","5","E:/Projects/PSA002/raw_data/IND_003-PP_008.csv","legacy","no","Kafkaesque Koffka","3.2.8","yes","5a7ce671e83246000deafe81","no","no","0","0","F","space","NA","F","NA","NA","NA","NA","space","NA","NA","NA","NA","NA","NA","NA","NA","NA","NA","J","NA","NA","NA","NA","space","NA","NA","NA","NA","NA","NA","NA","NA","NA","NA","800","2260","NA","800","NA","NA","NA","NA","14948","NA","NA","NA","NA","NA","NA","NA","NA","NA","NA","942","NA","NA","NA","NA","18650","NA","NA","NA","NA","NA","NA","NA","NA","NA","NA","2","legacy","no","no","1024","2","48000","-16","no","EXP","8","even","no","no","NA","19822","7766","7766","13365","19785","19785","143847","NA","91077","161609","73988","38511","76088","162121","161604","19823","91077","162121","162926","121739","158251","38511","75951","63357","73985","63358","63357","38511","NA","NA","NA","NA","76093","NA","NA","NA","NA","NA","NA","NA","NA","NA","NA","74502","74503","75450","52815","62741","163426","NA","NA","NA","NA","19828","NA","NA","NA","NA","NA","NA","NA","NA","NA","NA","Orientation_PSA2018","6","6027","8","no","yes","1024"
"Y","1183","H","H","PP_LIST2.csv","screwH.jpg","screwH.jpg","77.7777777778","77.7777777778","736.555555556","736.555555556","#ffffff","yes","legacy","legacy","legacy","0","uniform","1","1","undefined","1","undefined","6","j","0","0","0","0","0","0","0","0","32","0","32","14","0","0","32","32","0","0","32","32","32","32","0","14","4","14","4","4","0","0","0","0","0","0","0","0","0","0","0","0","0","0","0","0","14","14","14","14","14","32","0","0","0","0","0","0","0","0","0","0","0","0","0","0","0","12/23/19 13:06:53","no","Matching Tasks","yes","no","","no","OrientationCrossLanguages_2018PSA_PP_1.2.4.osexp","E:\Projects\PSA002","no","mono","no","18","no","#0000ff","no","हिन्दी","yes","no","768","yes","no","legacy","32","32","5","5","E:/Projects/PSA002/raw_data/IND_003-PP_008.csv","legacy","no","Kafkaesque Koffka","3.2.8","yes","5a7ce671e83246000deafe81","no","no","0","0","J","space","NA","J","NA","NA","NA","NA","space","NA","NA","NA","NA","NA","NA","NA","NA","NA","NA","J","NA","NA","NA","NA","space","NA","NA","NA","NA","NA","NA","NA","NA","NA","NA","602","2260","NA","602","NA","NA","NA","NA","14948","NA","NA","NA","NA","NA","NA","NA","NA","NA","NA","942","NA","NA","NA","NA","18650","NA","NA","NA","NA","NA","NA","NA","NA","NA","NA","2","legacy","no","no","1024","2","48000","-16","no","EXP","8","even","no","no","NA","19822","7766","7766","13365","19785","19785","143847","NA","91077","163861","73988","38511","76088","164372","163857","19823","91077","164373","164979","121739","158251","38511","75951","63357","73985","63358","63357","38511","NA","NA","NA","NA","76093","NA","NA","NA","NA","NA","NA","NA","NA","NA","NA","74502","74503","75450","52815","62741","165479","NA","NA","NA","NA","19828","NA","NA","NA","NA","NA","NA","NA","NA","NA","NA","Orientation_PSA2018","7","6629","9","no","yes","1024"
"N","1183","V","H","PP_LIST2.csv","guitarV.jpg","guitarH.jpg","80","80","753.4","753.4","#ffffff","yes","legacy","legacy","legacy","0","uniform","1","1","undefined","1","undefined","6","j","0","0","0","0","0","0","0","0","33","0","33","14","0","0","33","33","0","0","33","33","33","33","0","14","4","14","4","4","0","0","0","0","0","0","0","0","0","0","0","0","0","0","0","0","14","14","14","14","14","33","0","0","0","0","0","0","0","0","0","0","0","0","0","0","0","12/23/19 13:06:53","no","Matching Tasks","yes","no","","no","OrientationCrossLanguages_2018PSA_PP_1.2.4.osexp","E:\Projects\PSA002","no","mono","no","18","no","#0000ff","no","हिन्दी","yes","no","768","yes","no","legacy","33","33","5","5","E:/Projects/PSA002/raw_data/IND_003-PP_008.csv","legacy","no","Kafkaesque Koffka","3.2.8","yes","5a7ce671e83246000deafe81","no","no","0","0","J","space","NA","J","NA","NA","NA","NA","space","NA","NA","NA","NA","NA","NA","NA","NA","NA","NA","J","NA","NA","NA","NA","space","NA","NA","NA","NA","NA","NA","NA","NA","NA","NA","905","2260","NA","905","NA","NA","NA","NA","14948","NA","NA","NA","NA","NA","NA","NA","NA","NA","NA","942","NA","NA","NA","NA","18650","NA","NA","NA","NA","NA","NA","NA","NA","NA","NA","2","legacy","no","no","1024","2","48000","-16","no","EXP","8","even","no","no","NA","19822","7766","7766","13365","19785","19785","143847","NA","91077","165888","73988","38511","76088","166398","165884","19823","91077","166398","167308","121739","158251","38511","75951","63357","73985","63358","63357","38511","NA","NA","NA","NA","76093","NA","NA","NA","NA","NA","NA","NA","NA","NA","NA","74502","74503","75450","52815","62741","167809","NA","NA","NA","NA","19828","NA","NA","NA","NA","NA","NA","NA","NA","NA","NA","Orientation_PSA2018","8","7534","10","no","yes","1024"
"N","1183","H","V","PP_LIST2.csv","brushH.jpg","brushV.jpg","81.8181818182","81.8181818182","742.727272727","742.727272727","#ffffff","yes","legacy","legacy","legacy","0","uniform","1","1","undefined","1","undefined","6","j","0","0","0","0","0","0","0","0","34","0","34","14","0","0","34","34","0","0","34","34","34","34","0","14","4","14","4","4","0","0","0","0","0","0","0","0","0","0","0","0","0","0","0","0","14","14","14","14","14","34","0","0","0","0","0","0","0","0","0","0","0","0","0","0","0","12/23/19 13:06:53","no","Matching Tasks","yes","no","","no","OrientationCrossLanguages_2018PSA_PP_1.2.4.osexp","E:\Projects\PSA002","no","mono","no","18","no","#0000ff","no","हिन्दी","yes","no","768","yes","no","legacy","34","34","5","5","E:/Projects/PSA002/raw_data/IND_003-PP_008.csv","legacy","no","Kafkaesque Koffka","3.2.8","yes","5a7ce671e83246000deafe81","no","no","0","0","J","space","NA","J","NA","NA","NA","NA","space","NA","NA","NA","NA","NA","NA","NA","NA","NA","NA","J","NA","NA","NA","NA","space","NA","NA","NA","NA","NA","NA","NA","NA","NA","NA","636","2260","NA","636","NA","NA","NA","NA","14948","NA","NA","NA","NA","NA","NA","NA","NA","NA","NA","942","NA","NA","NA","NA","18650","NA","NA","NA","NA","NA","NA","NA","NA","NA","NA","2","legacy","no","no","1024","2","48000","-16","no","EXP","8","even","no","no","NA","19822","7766","7766","13365","19785","19785","143847","NA","91077","168246","73988","38511","76088","168757","168241","19823","91077","168758","169399","121739","158251","38511","75951","63357","73985","63358","63357","38511","NA","NA","NA","NA","76093","NA","NA","NA","NA","NA","NA","NA","NA","NA","NA","74502","74503","75450","52815","62741","169900","NA","NA","NA","NA","19828","NA","NA","NA","NA","NA","NA","NA","NA","NA","NA","Orientation_PSA2018","9","8170","11","no","yes","1024"
"F","1183","F","F","PP_LIST2.csv","nut.jpg","watch.jpg","83.3333333333","83.3333333333","753.416666667","753.416666667","#ffffff","yes","legacy","legacy","legacy","0","uniform","1","1","undefined","1","undefined","6","f","0","0","0","0","0","0","0","0","35","0","35","14","0","0","35","35","0","0","35","35","35","35","0","14","4","14","4","4","0","0","0","0","0","0","0","0","0","0","0","0","0","0","0","0","14","14","14","14","14","35","0","0","0","0","0","0","0","0","0","0","0","0","0","0","0","12/23/19 13:06:53","no","Matching Tasks","yes","no","","no","OrientationCrossLanguages_2018PSA_PP_1.2.4.osexp","E:\Projects\PSA002","no","mono","no","18","no","#0000ff","no","हिन्दी","yes","no","768","yes","no","legacy","35","35","5","5","E:/Projects/PSA002/raw_data/IND_003-PP_008.csv","legacy","no","Kafkaesque Koffka","3.2.8","yes","5a7ce671e83246000deafe81","no","no","0","0","F","space","NA","F","NA","NA","NA","NA","space","NA","NA","NA","NA","NA","NA","NA","NA","NA","NA","J","NA","NA","NA","NA","space","NA","NA","NA","NA","NA","NA","NA","NA","NA","NA","871","2260","NA","871","NA","NA","NA","NA","14948","NA","NA","NA","NA","NA","NA","NA","NA","NA","NA","942","NA","NA","NA","NA","18650","NA","NA","NA","NA","NA","NA","NA","NA","NA","NA","2","legacy","no","no","1024","2","48000","-16","no","EXP","8","even","no","no","NA","19822","7766","7766","13365","19785","19785","143847","NA","91077","170287","73988","38511","76088","170798","170283","19823","91077","170799","171675","121739","158251","38511","75951","63357","73985","63358","63357","38511","NA","NA","NA","NA","76093","NA","NA","NA","NA","NA","NA","NA","NA","NA","NA","74502","74503","75450","52815","62741","172177","NA","NA","NA","NA","19828","NA","NA","NA","NA","NA","NA","NA","NA","NA","NA","Orientation_PSA2018","10","9041","12","no","yes","1024"
"F","1183","F","F","PP_LIST2.csv","stove.jpg","ftball.jpg","84.6153846154","84.6153846154","773.230769231","773.230769231","#ffffff","yes","legacy","legacy","legacy","0","uniform","1","1","undefined","1","undefined","6","f","0","0","0","0","0","0","0","0","36","0","36","14","0","0","36","36","0","0","36","36","36","36","0","14","4","14","4","4","0","0","0","0","0","0","0","0","0","0","0","0","0","0","0","0","14","14","14","14","14","36","0","0","0","0","0","0","0","0","0","0","0","0","0","0","0","12/23/19 13:06:53","no","Matching Tasks","yes","no","","no","OrientationCrossLanguages_2018PSA_PP_1.2.4.osexp","E:\Projects\PSA002","no","mono","no","18","no","#0000ff","no","हिन्दी","yes","no","768","yes","no","legacy","36","36","5","5","E:/Projects/PSA002/raw_data/IND_003-PP_008.csv","legacy","no","Kafkaesque Koffka","3.2.8","yes","5a7ce671e83246000deafe81","no","no","0","0","F","space","NA","F","NA","NA","NA","NA","space","NA","NA","NA","NA","NA","NA","NA","NA","NA","NA","J","NA","NA","NA","NA","space","NA","NA","NA","NA","NA","NA","NA","NA","NA","NA","1011","2260","NA","1011","NA","NA","NA","NA","14948","NA","NA","NA","NA","NA","NA","NA","NA","NA","NA","942","NA","NA","NA","NA","18650","NA","NA","NA","NA","NA","NA","NA","NA","NA","NA","2","legacy","no","no","1024","2","48000","-16","no","EXP","8","even","no","no","NA","19822","7766","7766","13365","19785","19785","143847","NA","91077","172558","73988","38511","76088","173064","172554","19823","91077","173064","174081","121739","158251","38511","75951","63357","73985","63358","63357","38511","NA","NA","NA","NA","76093","NA","NA","NA","NA","NA","NA","NA","NA","NA","NA","74502","74503","75450","52815","62741","174581","NA","NA","NA","NA","19828","NA","NA","NA","NA","NA","NA","NA","NA","NA","NA","Orientation_PSA2018","11","10052","13","no","yes","1024"
"F","1183","F","F","PP_LIST2.csv","buggy.jpg","glass.jpg","85.7142857143","85.7142857143","769.357142857","769.357142857","#ffffff","yes","legacy","legacy","legacy","0","uniform","1","1","undefined","1","undefined","6","f","0","0","0","0","0","0","0","0","37","0","37","14","0","0","37","37","0","0","37","37","37","37","0","14","4","14","4","4","0","0","0","0","0","0","0","0","0","0","0","0","0","0","0","0","14","14","14","14","14","37","0","0","0","0","0","0","0","0","0","0","0","0","0","0","0","12/23/19 13:06:53","no","Matching Tasks","yes","no","","no","OrientationCrossLanguages_2018PSA_PP_1.2.4.osexp","E:\Projects\PSA002","no","mono","no","18","no","#0000ff","no","हिन्दी","yes","no","768","yes","no","legacy","37","37","5","5","E:/Projects/PSA002/raw_data/IND_003-PP_008.csv","legacy","no","Kafkaesque Koffka","3.2.8","yes","5a7ce671e83246000deafe81","no","no","0","0","F","space","NA","F","NA","NA","NA","NA","space","NA","NA","NA","NA","NA","NA","NA","NA","NA","NA","J","NA","NA","NA","NA","space","NA","NA","NA","NA","NA","NA","NA","NA","NA","NA","719","2260","NA","719","NA","NA","NA","NA","14948","NA","NA","NA","NA","NA","NA","NA","NA","NA","NA","942","NA","NA","NA","NA","18650","NA","NA","NA","NA","NA","NA","NA","NA","NA","NA","2","legacy","no","no","1024","2","48000","-16","no","EXP","8","even","no","no","NA","19822","7766","7766","13365","19785","19785","143847","NA","91077","175015","73988","38511","76088","175526","175011","19823","91077","175526","176250","121739","158251","38511","75951","63357","73985","63358","63357","38511","NA","NA","NA","NA","76093","NA","NA","NA","NA","NA","NA","NA","NA","NA","NA","74502","74503","75450","52815","62741","176751","NA","NA","NA","NA","19828","NA","NA","NA","NA","NA","NA","NA","NA","NA","NA","Orientation_PSA2018","12","10771","14","no","yes","1024"
"F","1183","F","F","PP_LIST2.csv","watch.jpg","skirt.jpg","86.6666666667","86.6666666667","759.666666667","759.666666667","#ffffff","yes","legacy","legacy","legacy","0","uniform","1","1","undefined","1","undefined","6","f","0","0","0","0","0","0","0","0","38","0","38","14","0","0","38","38","0","0","38","38","38","38","0","14","4","14","4","4","0","0","0","0","0","0","0","0","0","0","0","0","0","0","0","0","14","14","14","14","14","38","0","0","0","0","0","0","0","0","0","0","0","0","0","0","0","12/23/19 13:06:53","no","Matching Tasks","yes","no","","no","OrientationCrossLanguages_2018PSA_PP_1.2.4.osexp","E:\Projects\PSA002","no","mono","no","18","no","#0000ff","no","हिन्दी","yes","no","768","yes","no","legacy","38","38","5","5","E:/Projects/PSA002/raw_data/IND_003-PP_008.csv","legacy","no","Kafkaesque Koffka","3.2.8","yes","5a7ce671e83246000deafe81","no","no","0","0","F","space","NA","F","NA","NA","NA","NA","space","NA","NA","NA","NA","NA","NA","NA","NA","NA","NA","J","NA","NA","NA","NA","space","NA","NA","NA","NA","NA","NA","NA","NA","NA","NA","624","2260","NA","624","NA","NA","NA","NA","14948","NA","NA","NA","NA","NA","NA","NA","NA","NA","NA","942","NA","NA","NA","NA","18650","NA","NA","NA","NA","NA","NA","NA","NA","NA","NA","2","legacy","no","no","1024","2","48000","-16","no","EXP","8","even","no","no","NA","19822","7766","7766","13365","19785","19785","143847","NA","91077","177176","73988","38511","76088","177686","177172","19823","91077","177687","178316","121739","158251","38511","75951","63357","73985","63358","63357","38511","NA","NA","NA","NA","76093","NA","NA","NA","NA","NA","NA","NA","NA","NA","NA","74502","74503","75450","52815","62741","178818","NA","NA","NA","NA","19828","NA","NA","NA","NA","NA","NA","NA","NA","NA","NA","Orientation_PSA2018","13","11395","15","no","yes","1024"
"F","1183","F","F","PP_LIST2.csv","spider.jpg","couch.jpg","87.5","87.5","767.3125","767.3125","#ffffff","yes","legacy","legacy","legacy","0","uniform","1","1","undefined","1","undefined","6","f","0","0","0","0","0","0","0","0","39","0","39","14","0","0","39","39","0","0","39","39","39","39","0","14","4","14","4","4","0","0","0","0","0","0","0","0","0","0","0","0","0","0","0","0","14","14","14","14","14","39","0","0","0","0","0","0","0","0","0","0","0","0","0","0","0","12/23/19 13:06:53","no","Matching Tasks","yes","no","","no","OrientationCrossLanguages_2018PSA_PP_1.2.4.osexp","E:\Projects\PSA002","no","mono","no","18","no","#0000ff","no","हिन्दी","yes","no","768","yes","no","legacy","39","39","5","5","E:/Projects/PSA002/raw_data/IND_003-PP_008.csv","legacy","no","Kafkaesque Koffka","3.2.8","yes","5a7ce671e83246000deafe81","no","no","0","0","F","space","NA","F","NA","NA","NA","NA","space","NA","NA","NA","NA","NA","NA","NA","NA","NA","NA","J","NA","NA","NA","NA","space","NA","NA","NA","NA","NA","NA","NA","NA","NA","NA","882","2260","NA","882","NA","NA","NA","NA","14948","NA","NA","NA","NA","NA","NA","NA","NA","NA","NA","942","NA","NA","NA","NA","18650","NA","NA","NA","NA","NA","NA","NA","NA","NA","NA","2","legacy","no","no","1024","2","48000","-16","no","EXP","8","even","no","no","NA","19822","7766","7766","13365","19785","19785","143847","NA","91077","179250","73988","38511","76088","179763","179246","19823","91077","179764","180652","121739","158251","38511","75951","63357","73985","63358","63357","38511","NA","NA","NA","NA","76093","NA","NA","NA","NA","NA","NA","NA","NA","NA","NA","74502","74503","75450","52815","62741","181152","NA","NA","NA","NA","19828","NA","NA","NA","NA","NA","NA","NA","NA","NA","NA","Orientation_PSA2018","14","12277","16","no","yes","1024"
"F","1183","F","F","PP_LIST2.csv","piano.jpg","sutcse.jpg","88.2352941176","88.2352941176","764.529411765","764.529411765","#ffffff","yes","legacy","legacy","legacy","0","uniform","1","1","undefined","1","undefined","6","f","0","0","0","0","0","0","0","0","40","0","40","14","0","0","40","40","0","0","40","40","40","40","0","14","4","14","4","4","0","0","0","0","0","0","0","0","0","0","0","0","0","0","0","0","14","14","14","14","14","40","0","0","0","0","0","0","0","0","0","0","0","0","0","0","0","12/23/19 13:06:53","no","Matching Tasks","yes","no","","no","OrientationCrossLanguages_2018PSA_PP_1.2.4.osexp","E:\Projects\PSA002","no","mono","no","18","no","#0000ff","no","हिन्दी","yes","no","768","yes","no","legacy","40","40","5","5","E:/Projects/PSA002/raw_data/IND_003-PP_008.csv","legacy","no","Kafkaesque Koffka","3.2.8","yes","5a7ce671e83246000deafe81","no","no","0","0","F","space","NA","F","NA","NA","NA","NA","space","NA","NA","NA","NA","NA","NA","NA","NA","NA","NA","J","NA","NA","NA","NA","space","NA","NA","NA","NA","NA","NA","NA","NA","NA","NA","720","2260","NA","720","NA","NA","NA","NA","14948","NA","NA","NA","NA","NA","NA","NA","NA","NA","NA","942","NA","NA","NA","NA","18650","NA","NA","NA","NA","NA","NA","NA","NA","NA","NA","2","legacy","no","no","1024","2","48000","-16","no","EXP","8","even","no","no","NA","19822","7766","7766","13365","19785","19785","143847","NA","91077","181573","73988","38511","76088","182084","181569","19823","91077","182085","182810","121739","158251","38511","75951","63357","73985","63358","63357","38511","NA","NA","NA","NA","76093","NA","NA","NA","NA","NA","NA","NA","NA","NA","NA","74502","74503","75450","52815","62741","183311","NA","NA","NA","NA","19828","NA","NA","NA","NA","NA","NA","NA","NA","NA","NA","Orientation_PSA2018","15","12997","17","no","yes","1024"
"Y","1183","V","V","PP_LIST2.csv","axeV.jpg","axeV.jpg","88.8888888889","88.8888888889","755.5","755.5","#ffffff","yes","legacy","legacy","legacy","0","uniform","1","1","undefined","1","undefined","6","j","0","0","0","0","0","0","0","0","41","0","41","14","0","0","41","41","0","0","41","41","41","41","0","14","4","14","4","4","0","0","0","0","0","0","0","0","0","0","0","0","0","0","0","0","14","14","14","14","14","41","0","0","0","0","0","0","0","0","0","0","0","0","0","0","0","12/23/19 13:06:53","no","Matching Tasks","yes","no","","no","OrientationCrossLanguages_2018PSA_PP_1.2.4.osexp","E:\Projects\PSA002","no","mono","no","18","no","#0000ff","no","हिन्दी","yes","no","768","yes","no","legacy","41","41","5","5","E:/Projects/PSA002/raw_data/IND_003-PP_008.csv","legacy","no","Kafkaesque Koffka","3.2.8","yes","5a7ce671e83246000deafe81","no","no","0","0","J","space","NA","J","NA","NA","NA","NA","space","NA","NA","NA","NA","NA","NA","NA","NA","NA","NA","J","NA","NA","NA","NA","space","NA","NA","NA","NA","NA","NA","NA","NA","NA","NA","602","2260","NA","602","NA","NA","NA","NA","14948","NA","NA","NA","NA","NA","NA","NA","NA","NA","NA","942","NA","NA","NA","NA","18650","NA","NA","NA","NA","NA","NA","NA","NA","NA","NA","2","legacy","no","no","1024","2","48000","-16","no","EXP","8","even","no","no","NA","19822","7766","7766","13365","19785","19785","143847","NA","91077","183709","73988","38511","76088","184221","183705","19823","91077","184223","184830","121739","158251","38511","75951","63357","73985","63358","63357","38511","NA","NA","NA","NA","76093","NA","NA","NA","NA","NA","NA","NA","NA","NA","NA","74502","74503","75450","52815","62741","185330","NA","NA","NA","NA","19828","NA","NA","NA","NA","NA","NA","NA","NA","NA","NA","Orientation_PSA2018","16","13599","18","no","yes","1024"
"F","1183","F","F","PP_LIST2.csv","trmpet.jpg","tapedispenser.jpg","89.4736842105","89.4736842105","753.263157895","753.263157895","#ffffff","yes","legacy","legacy","legacy","0","uniform","1","1","undefined","1","undefined","6","f","0","0","0","0","0","0","0","0","42","0","42","14","0","0","42","42","0","0","42","42","42","42","0","14","4","14","4","4","0","0","0","0","0","0","0","0","0","0","0","0","0","0","0","0","14","14","14","14","14","42","0","0","0","0","0","0","0","0","0","0","0","0","0","0","0","12/23/19 13:06:53","no","Matching Tasks","yes","no","","no","OrientationCrossLanguages_2018PSA_PP_1.2.4.osexp","E:\Projects\PSA002","no","mono","no","18","no","#0000ff","no","हिन्दी","yes","no","768","yes","no","legacy","42","42","5","5","E:/Projects/PSA002/raw_data/IND_003-PP_008.csv","legacy","no","Kafkaesque Koffka","3.2.8","yes","5a7ce671e83246000deafe81","no","no","0","0","F","space","NA","F","NA","NA","NA","NA","space","NA","NA","NA","NA","NA","NA","NA","NA","NA","NA","J","NA","NA","NA","NA","space","NA","NA","NA","NA","NA","NA","NA","NA","NA","NA","713","2260","NA","713","NA","NA","NA","NA","14948","NA","NA","NA","NA","NA","NA","NA","NA","NA","NA","942","NA","NA","NA","NA","18650","NA","NA","NA","NA","NA","NA","NA","NA","NA","NA","2","legacy","no","no","1024","2","48000","-16","no","EXP","8","even","no","no","NA","19822","7766","7766","13365","19785","19785","143847","NA","91077","185758","73988","38511","76088","186271","185754","19823","91077","186272","186990","121739","158251","38511","75951","63357","73985","63358","63357","38511","NA","NA","NA","NA","76093","NA","NA","NA","NA","NA","NA","NA","NA","NA","NA","74502","74503","75450","52815","62741","187490","NA","NA","NA","NA","19828","NA","NA","NA","NA","NA","NA","NA","NA","NA","NA","Orientation_PSA2018","17","14312","19","no","yes","1024"
"F","1183","F","F","PP_LIST2.csv","knife.jpg","ladder.jpg","90","90","758.65","758.65","#ffffff","yes","legacy","legacy","legacy","0","uniform","1","1","undefined","1","undefined","6","f","0","0","0","0","0","0","0","0","43","0","43","14","0","0","43","43","0","0","43","43","43","43","0","14","4","14","4","4","0","0","0","0","0","0","0","0","0","0","0","0","0","0","0","0","14","14","14","14","14","43","0","0","0","0","0","0","0","0","0","0","0","0","0","0","0","12/23/19 13:06:53","no","Matching Tasks","yes","no","","no","OrientationCrossLanguages_2018PSA_PP_1.2.4.osexp","E:\Projects\PSA002","no","mono","no","18","no","#0000ff","no","हिन्दी","yes","no","768","yes","no","legacy","43","43","5","5","E:/Projects/PSA002/raw_data/IND_003-PP_008.csv","legacy","no","Kafkaesque Koffka","3.2.8","yes","5a7ce671e83246000deafe81","no","no","0","0","F","space","NA","F","NA","NA","NA","NA","space","NA","NA","NA","NA","NA","NA","NA","NA","NA","NA","J","NA","NA","NA","NA","space","NA","NA","NA","NA","NA","NA","NA","NA","NA","NA","861","2260","NA","861","NA","NA","NA","NA","14948","NA","NA","NA","NA","NA","NA","NA","NA","NA","NA","942","NA","NA","NA","NA","18650","NA","NA","NA","NA","NA","NA","NA","NA","NA","NA","2","legacy","no","no","1024","2","48000","-16","no","EXP","8","even","no","no","NA","19822","7766","7766","13365","19785","19785","143847","NA","91077","187940","73988","38511","76088","188451","187936","19823","91077","188452","189319","121739","158251","38511","75951","63357","73985","63358","63357","38511","NA","NA","NA","NA","76093","NA","NA","NA","NA","NA","NA","NA","NA","NA","NA","74502","74503","75450","52815","62741","189819","NA","NA","NA","NA","19828","NA","NA","NA","NA","NA","NA","NA","NA","NA","NA","Orientation_PSA2018","18","15173","20","no","yes","1024"
"Y","1183","V","V","PP_LIST2.csv","bottleV.jpg","bottleV.jpg","90.4761904762","90.4761904762","750.380952381","750.380952381","#ffffff","yes","legacy","legacy","legacy","0","uniform","1","1","undefined","1","undefined","6","j","0","0","0","0","0","0","0","0","44","0","44","14","0","0","44","44","0","0","44","44","44","44","0","14","4","14","4","4","0","0","0","0","0","0","0","0","0","0","0","0","0","0","0","0","14","14","14","14","14","44","0","0","0","0","0","0","0","0","0","0","0","0","0","0","0","12/23/19 13:06:53","no","Matching Tasks","yes","no","","no","OrientationCrossLanguages_2018PSA_PP_1.2.4.osexp","E:\Projects\PSA002","no","mono","no","18","no","#0000ff","no","हिन्दी","yes","no","768","yes","no","legacy","44","44","5","5","E:/Projects/PSA002/raw_data/IND_003-PP_008.csv","legacy","no","Kafkaesque Koffka","3.2.8","yes","5a7ce671e83246000deafe81","no","no","0","0","J","space","NA","J","NA","NA","NA","NA","space","NA","NA","NA","NA","NA","NA","NA","NA","NA","NA","J","NA","NA","NA","NA","space","NA","NA","NA","NA","NA","NA","NA","NA","NA","NA","585","2260","NA","585","NA","NA","NA","NA","14948","NA","NA","NA","NA","NA","NA","NA","NA","NA","NA","942","NA","NA","NA","NA","18650","NA","NA","NA","NA","NA","NA","NA","NA","NA","NA","2","legacy","no","no","1024","2","48000","-16","no","EXP","8","even","no","no","NA","19822","7766","7766","13365","19785","19785","143847","NA","91077","190216","73988","38511","76088","190728","190212","19823","91077","190729","191319","121739","158251","38511","75951","63357","73985","63358","63357","38511","NA","NA","NA","NA","76093","NA","NA","NA","NA","NA","NA","NA","NA","NA","NA","74502","74503","75450","52815","62741","191819","NA","NA","NA","NA","19828","NA","NA","NA","NA","NA","NA","NA","NA","NA","NA","Orientation_PSA2018","19","15758","21","no","yes","1024"
"Y","1183","V","V","PP_LIST2.csv","bowlV.jpg","bowlV.jpg","90.9090909091","90.9090909091","752.5","752.5","#ffffff","yes","legacy","legacy","legacy","0","uniform","1","1","undefined","1","undefined","6","j","0","0","0","0","0","0","0","0","45","0","45","14","0","0","45","45","0","0","45","45","45","45","0","14","4","14","4","4","0","0","0","0","0","0","0","0","0","0","0","0","0","0","0","0","14","14","14","14","14","45","0","0","0","0","0","0","0","0","0","0","0","0","0","0","0","12/23/19 13:06:53","no","Matching Tasks","yes","no","","no","OrientationCrossLanguages_2018PSA_PP_1.2.4.osexp","E:\Projects\PSA002","no","mono","no","18","no","#0000ff","no","हिन्दी","yes","no","768","yes","no","legacy","45","45","5","5","E:/Projects/PSA002/raw_data/IND_003-PP_008.csv","legacy","no","Kafkaesque Koffka","3.2.8","yes","5a7ce671e83246000deafe81","no","no","0","0","J","space","NA","J","NA","NA","NA","NA","space","NA","NA","NA","NA","NA","NA","NA","NA","NA","NA","J","NA","NA","NA","NA","space","NA","NA","NA","NA","NA","NA","NA","NA","NA","NA","797","2260","NA","797","NA","NA","NA","NA","14948","NA","NA","NA","NA","NA","NA","NA","NA","NA","NA","942","NA","NA","NA","NA","18650","NA","NA","NA","NA","NA","NA","NA","NA","NA","NA","2","legacy","no","no","1024","2","48000","-16","no","EXP","8","even","no","no","NA","19822","7766","7766","13365","19785","19785","143847","NA","91077","192266","73988","38511","76088","192776","192262","19823","91077","192777","193579","121739","158251","38511","75951","63357","73985","63358","63357","38511","NA","NA","NA","NA","76093","NA","NA","NA","NA","NA","NA","NA","NA","NA","NA","74502","74503","75450","52815","62741","194080","NA","NA","NA","NA","19828","NA","NA","NA","NA","NA","NA","NA","NA","NA","NA","Orientation_PSA2018","20","16555","22","no","yes","1024"
"F","1183","F","F","PP_LIST2.csv","ftball.jpg","nut.jpg","91.3043478261","91.3043478261","754.869565217","754.869565217","#ffffff","yes","legacy","legacy","legacy","0","uniform","1","1","undefined","1","undefined","6","f","0","0","0","0","0","0","0","0","46","0","46","14","0","0","46","46","0","0","46","46","46","46","0","14","4","14","4","4","0","0","0","0","0","0","0","0","0","0","0","0","0","0","0","0","14","14","14","14","14","46","0","0","0","0","0","0","0","0","0","0","0","0","0","0","0","12/23/19 13:06:53","no","Matching Tasks","yes","no","","no","OrientationCrossLanguages_2018PSA_PP_1.2.4.osexp","E:\Projects\PSA002","no","mono","no","18","no","#0000ff","no","हिन्दी","yes","no","768","yes","no","legacy","46","46","5","5","E:/Projects/PSA002/raw_data/IND_003-PP_008.csv","legacy","no","Kafkaesque Koffka","3.2.8","yes","5a7ce671e83246000deafe81","no","no","0","0","F","space","NA","F","NA","NA","NA","NA","space","NA","NA","NA","NA","NA","NA","NA","NA","NA","NA","J","NA","NA","NA","NA","space","NA","NA","NA","NA","NA","NA","NA","NA","NA","NA","807","2260","NA","807","NA","NA","NA","NA","14948","NA","NA","NA","NA","NA","NA","NA","NA","NA","NA","942","NA","NA","NA","NA","18650","NA","NA","NA","NA","NA","NA","NA","NA","NA","NA","2","legacy","no","no","1024","2","48000","-16","no","EXP","8","even","no","no","NA","19822","7766","7766","13365","19785","19785","143847","NA","91077","194513","73988","38511","76088","195023","194509","19823","91077","195024","195837","121739","158251","38511","75951","63357","73985","63358","63357","38511","NA","NA","NA","NA","76093","NA","NA","NA","NA","NA","NA","NA","NA","NA","NA","74502","74503","75450","52815","62741","196337","NA","NA","NA","NA","19828","NA","NA","NA","NA","NA","NA","NA","NA","NA","NA","Orientation_PSA2018","21","17362","23","no","yes","1024"
"Y","1183","V","V","PP_LIST2.csv","broomV.jpg","broomV.jpg","91.6666666667","91.6666666667","750.375","750.375","#ffffff","yes","legacy","legacy","legacy","0","uniform","1","1","undefined","1","undefined","6","j","0","0","0","0","0","0","0","0","47","0","47","14","0","0","47","47","0","0","47","47","47","47","0","14","4","14","4","4","0","0","0","0","0","0","0","0","0","0","0","0","0","0","0","0","14","14","14","14","14","47","0","0","0","0","0","0","0","0","0","0","0","0","0","0","0","12/23/19 13:06:53","no","Matching Tasks","yes","no","","no","OrientationCrossLanguages_2018PSA_PP_1.2.4.osexp","E:\Projects\PSA002","no","mono","no","18","no","#0000ff","no","हिन्दी","yes","no","768","yes","no","legacy","47","47","5","5","E:/Projects/PSA002/raw_data/IND_003-PP_008.csv","legacy","no","Kafkaesque Koffka","3.2.8","yes","5a7ce671e83246000deafe81","no","no","0","0","J","space","NA","J","NA","NA","NA","NA","space","NA","NA","NA","NA","NA","NA","NA","NA","NA","NA","J","NA","NA","NA","NA","space","NA","NA","NA","NA","NA","NA","NA","NA","NA","NA","647","2260","NA","647","NA","NA","NA","NA","14948","NA","NA","NA","NA","NA","NA","NA","NA","NA","NA","942","NA","NA","NA","NA","18650","NA","NA","NA","NA","NA","NA","NA","NA","NA","NA","2","legacy","no","no","1024","2","48000","-16","no","EXP","8","even","no","no","NA","19822","7766","7766","13365","19785","19785","143847","NA","91077","196780","73988","38511","76088","197291","196776","19823","91077","197292","197944","121739","158251","38511","75951","63357","73985","63358","63357","38511","NA","NA","NA","NA","76093","NA","NA","NA","NA","NA","NA","NA","NA","NA","NA","74502","74503","75450","52815","62741","198444","NA","NA","NA","NA","19828","NA","NA","NA","NA","NA","NA","NA","NA","NA","NA","Orientation_PSA2018","22","18009","24","no","yes","1024"
