"Identical","LAB_SEED","Orientation1","Orientation2","PPList","Picture1","Picture2","acc","accuracy","average_response_time","avg_rt","background","bidi","canvas_backend","clock_backend","color_backend","compensation","coordinates","correct","correct_Pictures_response","correct_Start_SLK","correct_Target_response_Prac","correct_Welcome_PP_SLK","correct_count","correct_response","count_Check_This","count_Disable_Mouse","count_EXP","count_LAB_SEED","count_Language_Selection","count_List_Select","count_List_Selection","count_Pictures_Break","count_Pictures_End","count_Pictures_Exp","count_Pictures_Fixation","count_Pictures_Fixation_Prac","count_Pictures_Prac","count_Pictures_Start","count_Pictures_Target","count_Pictures_Trial","count_Pictures_Welcome","count_Pictures_loop","count_Pictures_response","count_Pictures_response_correct","count_Pictures_response_noans","count_Pictures_response_wrong","count_Prac","count_Prac_Count","count_Prac_Reset","count_Prac_Trial","count_Prac_loop","count_Prac_seq","count_Prac_setup","count_Start_DE","count_Start_E","count_Start_ELL","count_Start_HEB","count_Start_HIN","count_Start_HUN","count_Start_NOR","count_Start_PL","count_Start_POR","count_Start_SC","count_Start_SLK","count_Start_SPA","count_Start_TC","count_Start_THAI","count_Start_TUR","count_Target_Prac","count_Target_response_Prac","count_Target_response_correct_Prac","count_Target_response_noans_Prac","count_Target_response_wrong_Prac","count_Trial_logger","count_Welcome_PP_DE","count_Welcome_PP_E","count_Welcome_PP_ELL","count_Welcome_PP_HEB","count_Welcome_PP_HIN","count_Welcome_PP_HUN","count_Welcome_PP_NOR","count_Welcome_PP_PL","count_Welcome_PP_POR","count_Welcome_PP_SC","count_Welcome_PP_SLK","count_Welcome_PP_SPA","count_Welcome_PP_TC","count_Welcome_PP_THAI","count_Welcome_PP_TUR","datetime","de","description","disable_garbage_collection","ell","empty_column","en","experiment_file","experiment_path","font_bold","font_family","font_italic","font_size","font_underline","foreground","form_clicks","form_response","fullscreen","heb","height","hin","hun","keyboard_backend","live_row","live_row_Pictures_loop","live_row_Prac","live_row_Prac_loop","logfile","mouse_backend","nor","opensesame_codename","opensesame_version","osf_always_upload_experiment","osf_id","pol","por","repeat_cycle","reset_loop","response","response_Pictures_Break","response_Pictures_End","response_Pictures_response","response_Start_DE","response_Start_E","response_Start_ELL","response_Start_HEB","response_Start_HIN","response_Start_HUN","response_Start_NOR","response_Start_PL","response_Start_POR","response_Start_SC","response_Start_SLK","response_Start_SPA","response_Start_TC","response_Start_THAI","response_Start_TUR","response_Target_response_Prac","response_Welcome_PP_DE","response_Welcome_PP_E","response_Welcome_PP_ELL","response_Welcome_PP_HEB","response_Welcome_PP_HIN","response_Welcome_PP_HUN","response_Welcome_PP_NOR","response_Welcome_PP_PL","response_Welcome_PP_POR","response_Welcome_PP_SC","response_Welcome_PP_SLK","response_Welcome_PP_SPA","response_Welcome_PP_TC","response_Welcome_PP_THAI","response_Welcome_PP_TUR","response_time","response_time_Pictures_Break","response_time_Pictures_End","response_time_Pictures_response","response_time_Start_DE","response_time_Start_E","response_time_Start_ELL","response_time_Start_HEB","response_time_Start_HIN","response_time_Start_HUN","response_time_Start_NOR","response_time_Start_PL","response_time_Start_POR","response_time_Start_SC","response_time_Start_SLK","response_time_Start_SPA","response_time_Start_TC","response_time_Start_THAI","response_time_Start_TUR","response_time_Target_response_Prac","response_time_Welcome_PP_DE","response_time_Welcome_PP_E","response_time_Welcome_PP_ELL","response_time_Welcome_PP_HEB","response_time_Welcome_PP_HIN","response_time_Welcome_PP_HUN","response_time_Welcome_PP_NOR","response_time_Welcome_PP_PL","response_time_Welcome_PP_POR","response_time_Welcome_PP_SC","response_time_Welcome_PP_SLK","response_time_Welcome_PP_SPA","response_time_Welcome_PP_TC","response_time_Welcome_PP_THAI","response_time_Welcome_PP_TUR","round_decimals","sampler_backend","sc","slk","sound_buf_size","sound_channels","sound_freq","sound_sample_size","spa","start","subject_nr","subject_parity","tc","thai","time_Check_This","time_Disable_Mouse","time_EXP","time_LAB_SEED","time_Language_Selection","time_List_Select","time_List_Selection","time_Pictures_Break","time_Pictures_End","time_Pictures_Exp","time_Pictures_Fixation","time_Pictures_Fixation_Prac","time_Pictures_Prac","time_Pictures_Start","time_Pictures_Target","time_Pictures_Trial","time_Pictures_Welcome","time_Pictures_loop","time_Pictures_response","time_Pictures_response_correct","time_Pictures_response_noans","time_Pictures_response_wrong","time_Prac","time_Prac_Count","time_Prac_Reset","time_Prac_Trial","time_Prac_loop","time_Prac_seq","time_Prac_setup","time_Start_DE","time_Start_E","time_Start_ELL","time_Start_HEB","time_Start_HIN","time_Start_HUN","time_Start_NOR","time_Start_PL","time_Start_POR","time_Start_SC","time_Start_SLK","time_Start_SPA","time_Start_TC","time_Start_THAI","time_Start_TUR","time_Target_Prac","time_Target_response_Prac","time_Target_response_correct_Prac","time_Target_response_noans_Prac","time_Target_response_wrong_Prac","time_Trial_logger","time_Welcome_PP_DE","time_Welcome_PP_E","time_Welcome_PP_ELL","time_Welcome_PP_HEB","time_Welcome_PP_HIN","time_Welcome_PP_HUN","time_Welcome_PP_NOR","time_Welcome_PP_PL","time_Welcome_PP_POR","time_Welcome_PP_SC","time_Welcome_PP_SLK","time_Welcome_PP_SPA","time_Welcome_PP_TC","time_Welcome_PP_THAI","time_Welcome_PP_TUR","title","total_correct","total_response_time","total_responses","tur","uniform_coordinates","width"
"N","9317","V","H","PP_LIST4.csv","bottleV.jpg","bottleH.jpg","76.9230769231","76.9230769231","673.923076923","673.923076923","#ffffff","yes","legacy","legacy","legacy","0","uniform","0","0","undefined","1","undefined","6","j","0","0","0","0","0","0","0","NA","0","0","0","11","0","0","0","0","0","0","0","0","0","0","0","11","2","11","2","2","0","0","0","0","0","0","0","0","0","0","0","0","0","0","0","0","11","11","11","11","11","0","0","0","0","0","0","0","0","0","0","0","0","0","0","0","0","12/03/19 13:59:06","no","Matching Tasks","yes","no","","no","OrientationCrossLanguages_2018PSA_PP_1.2.4.osexp","C:\Users\K11-15\Disk Google\00, PSA\upload","no","mono","no","18","no","#0000ff","no","slovenčina","yes","no","768","no","no","legacy","0","0","3","5","SVK_001_PP_14.csv","legacy","no","Kafkaesque Koffka","3.2.8","yes","5a7ce671e83246000deafe81","no","no","0","0","f","NA","NA","f","NA","NA","NA","NA","NA","NA","NA","NA","NA","NA","space","NA","NA","NA","NA","f","NA","NA","NA","NA","NA","NA","NA","NA","NA","NA","space","NA","NA","NA","NA","605","NA","NA","605","NA","NA","NA","NA","NA","NA","NA","NA","NA","NA","1815","NA","NA","NA","NA","585","NA","NA","NA","NA","NA","NA","NA","NA","NA","NA","10027","NA","NA","NA","NA","2","legacy","no","yes","1024","2","48000","-16","no","EXP","0","even","no","no","NA","13530","4730","4731","7627","13516","13516","NA","NA","46644","46757","43185","23572","44814","47258","46756","13530","46644","47258","NA","NA","47865","23572","44774","34570","43183","34570","34570","23572","NA","NA","NA","NA","NA","NA","NA","NA","NA","NA","44816","NA","NA","NA","NA","43686","43686","44274","NA","34041","48365","NA","NA","NA","NA","NA","NA","NA","NA","NA","NA","13532","NA","NA","NA","NA","Orientation_PSA2018","10","8761","13","no","yes","1024"
"F","9317","F","F","PP_LIST4.csv","piano.jpg","sutcse.jpg","78.5714285714","78.5714285714","690.357142857","690.357142857","#ffffff","yes","legacy","legacy","legacy","0","uniform","1","1","undefined","1","undefined","6","f","0","0","0","0","0","0","0","NA","1","0","1","11","0","0","1","1","0","0","1","1","1","1","0","11","2","11","2","2","0","0","0","0","0","0","0","0","0","0","0","0","0","0","0","0","11","11","11","11","11","1","0","0","0","0","0","0","0","0","0","0","0","0","0","0","0","12/03/19 13:59:06","no","Matching Tasks","yes","no","","no","OrientationCrossLanguages_2018PSA_PP_1.2.4.osexp","C:\Users\K11-15\Disk Google\00, PSA\upload","no","mono","no","18","no","#0000ff","no","slovenčina","yes","no","768","no","no","legacy","1","1","3","5","SVK_001_PP_14.csv","legacy","no","Kafkaesque Koffka","3.2.8","yes","5a7ce671e83246000deafe81","no","no","0","0","f","NA","NA","f","NA","NA","NA","NA","NA","NA","NA","NA","NA","NA","space","NA","NA","NA","NA","f","NA","NA","NA","NA","NA","NA","NA","NA","NA","NA","space","NA","NA","NA","NA","904","NA","NA","904","NA","NA","NA","NA","NA","NA","NA","NA","NA","NA","1815","NA","NA","NA","NA","585","NA","NA","NA","NA","NA","NA","NA","NA","NA","NA","10027","NA","NA","NA","NA","2","legacy","no","yes","1024","2","48000","-16","no","EXP","0","even","no","no","NA","13530","4730","4731","7627","13516","13516","NA","NA","46644","48538","43185","23572","44814","49039","48536","13530","46644","49039","49945","NA","47865","23572","44774","34570","43183","34570","34570","23572","NA","NA","NA","NA","NA","NA","NA","NA","NA","NA","44816","NA","NA","NA","NA","43686","43686","44274","NA","34041","50445","NA","NA","NA","NA","NA","NA","NA","NA","NA","NA","13532","NA","NA","NA","NA","Orientation_PSA2018","11","9665","14","no","yes","1024"
"Y","9317","H","H","PP_LIST4.csv","crayonH.jpg","crayonH.jpg","80","80","676.666666667","676.666666667","#ffffff","yes","legacy","legacy","legacy","0","uniform","1","1","undefined","1","undefined","6","j","0","0","0","0","0","0","0","NA","2","0","2","11","0","0","2","2","0","0","2","2","2","2","0","11","2","11","2","2","0","0","0","0","0","0","0","0","0","0","0","0","0","0","0","0","11","11","11","11","11","2","0","0","0","0","0","0","0","0","0","0","0","0","0","0","0","12/03/19 13:59:06","no","Matching Tasks","yes","no","","no","OrientationCrossLanguages_2018PSA_PP_1.2.4.osexp","C:\Users\K11-15\Disk Google\00, PSA\upload","no","mono","no","18","no","#0000ff","no","slovenčina","yes","no","768","no","no","legacy","2","2","3","5","SVK_001_PP_14.csv","legacy","no","Kafkaesque Koffka","3.2.8","yes","5a7ce671e83246000deafe81","no","no","0","0","j","NA","NA","j","NA","NA","NA","NA","NA","NA","NA","NA","NA","NA","space","NA","NA","NA","NA","f","NA","NA","NA","NA","NA","NA","NA","NA","NA","NA","space","NA","NA","NA","NA","485","NA","NA","485","NA","NA","NA","NA","NA","NA","NA","NA","NA","NA","1815","NA","NA","NA","NA","585","NA","NA","NA","NA","NA","NA","NA","NA","NA","NA","10027","NA","NA","NA","NA","2","legacy","no","yes","1024","2","48000","-16","no","EXP","0","even","no","no","NA","13530","4730","4731","7627","13516","13516","NA","NA","46644","50597","43185","23572","44814","51098","50596","13530","46644","51098","51585","NA","47865","23572","44774","34570","43183","34570","34570","23572","NA","NA","NA","NA","NA","NA","NA","NA","NA","NA","44816","NA","NA","NA","NA","43686","43686","44274","NA","34041","52085","NA","NA","NA","NA","NA","NA","NA","NA","NA","NA","13532","NA","NA","NA","NA","Orientation_PSA2018","12","10150","15","no","yes","1024"
"Y","9317","V","V","PP_LIST4.csv","guitarV.jpg","guitarV.jpg","81.25","81.25","662.6875","662.6875","#ffffff","yes","legacy","legacy","legacy","0","uniform","1","1","undefined","1","undefined","6","j","0","0","0","0","0","0","0","NA","3","0","3","11","0","0","3","3","0","0","3","3","3","3","0","11","2","11","2","2","0","0","0","0","0","0","0","0","0","0","0","0","0","0","0","0","11","11","11","11","11","3","0","0","0","0","0","0","0","0","0","0","0","0","0","0","0","12/03/19 13:59:06","no","Matching Tasks","yes","no","","no","OrientationCrossLanguages_2018PSA_PP_1.2.4.osexp","C:\Users\K11-15\Disk Google\00, PSA\upload","no","mono","no","18","no","#0000ff","no","slovenčina","yes","no","768","no","no","legacy","3","3","3","5","SVK_001_PP_14.csv","legacy","no","Kafkaesque Koffka","3.2.8","yes","5a7ce671e83246000deafe81","no","no","0","0","j","NA","NA","j","NA","NA","NA","NA","NA","NA","NA","NA","NA","NA","space","NA","NA","NA","NA","f","NA","NA","NA","NA","NA","NA","NA","NA","NA","NA","space","NA","NA","NA","NA","453","NA","NA","453","NA","NA","NA","NA","NA","NA","NA","NA","NA","NA","1815","NA","NA","NA","NA","585","NA","NA","NA","NA","NA","NA","NA","NA","NA","NA","10027","NA","NA","NA","NA","2","legacy","no","yes","1024","2","48000","-16","no","EXP","0","even","no","no","NA","13530","4730","4731","7627","13516","13516","NA","NA","46644","52221","43185","23572","44814","52722","52219","13530","46644","52722","53177","NA","47865","23572","44774","34570","43183","34570","34570","23572","NA","NA","NA","NA","NA","NA","NA","NA","NA","NA","44816","NA","NA","NA","NA","43686","43686","44274","NA","34041","53677","NA","NA","NA","NA","NA","NA","NA","NA","NA","NA","13532","NA","NA","NA","NA","Orientation_PSA2018","13","10603","16","no","yes","1024"
"Y","9317","H","H","PP_LIST4.csv","clothespinH.jpg","clothespinH.jpg","82.3529411765","82.3529411765","649.705882353","649.705882353","#ffffff","yes","legacy","legacy","legacy","0","uniform","1","1","undefined","1","undefined","6","j","0","0","0","0","0","0","0","NA","4","0","4","11","0","0","4","4","0","0","4","4","4","4","0","11","2","11","2","2","0","0","0","0","0","0","0","0","0","0","0","0","0","0","0","0","11","11","11","11","11","4","0","0","0","0","0","0","0","0","0","0","0","0","0","0","0","12/03/19 13:59:06","no","Matching Tasks","yes","no","","no","OrientationCrossLanguages_2018PSA_PP_1.2.4.osexp","C:\Users\K11-15\Disk Google\00, PSA\upload","no","mono","no","18","no","#0000ff","no","slovenčina","yes","no","768","no","no","legacy","4","4","3","5","SVK_001_PP_14.csv","legacy","no","Kafkaesque Koffka","3.2.8","yes","5a7ce671e83246000deafe81","no","no","0","0","j","NA","NA","j","NA","NA","NA","NA","NA","NA","NA","NA","NA","NA","space","NA","NA","NA","NA","f","NA","NA","NA","NA","NA","NA","NA","NA","NA","NA","space","NA","NA","NA","NA","442","NA","NA","442","NA","NA","NA","NA","NA","NA","NA","NA","NA","NA","1815","NA","NA","NA","NA","585","NA","NA","NA","NA","NA","NA","NA","NA","NA","NA","10027","NA","NA","NA","NA","2","legacy","no","yes","1024","2","48000","-16","no","EXP","0","even","no","no","NA","13530","4730","4731","7627","13516","13516","NA","NA","46644","53823","43185","23572","44814","54324","53822","13530","46644","54324","54769","NA","47865","23572","44774","34570","43183","34570","34570","23572","NA","NA","NA","NA","NA","NA","NA","NA","NA","NA","44816","NA","NA","NA","NA","43686","43686","44274","NA","34041","55269","NA","NA","NA","NA","NA","NA","NA","NA","NA","NA","13532","NA","NA","NA","NA","Orientation_PSA2018","14","11045","17","no","yes","1024"
","undefined","1","undefined","6","f","0","0","0","0","0","0","0","NA","5","0","5","5","0","0","5","5","0","0","5","5","5","5","0","5","0","5","0","0","0","0","0","0","0","0","0","0","0","0","0","0","0","0","0","0","5","5","5","5","5","5","0","0","0","0","0","0","0","0","0","0","0","0","0","0","0","12/03/19 13:57:36","no","Matching Tasks","yes","no","","no","OrientationCrossLanguages_2018PSA_PP_1.2.4.osexp","C:\Users\K11-14\Disk Google\00, PSA\upload","no","mono","no","18","no","#0000ff","no","slovenčina","yes","no","768","no","no","legacy","5","5","1","5","SVK_001_PP_14.csv","legacy","no","Kafkaesque Koffka","3.2.8","yes","5a7ce671e83246000deafe81","no","no","0","0","f","NA","NA","f","NA","NA","NA","NA","NA","NA","NA","NA","NA","NA","space","NA","NA","NA","NA","f","NA","NA","NA","NA","NA","NA","NA","NA","NA","NA","space","NA","NA","NA","NA","629","NA","NA","629","NA","NA","NA","NA","NA","NA","NA","NA","NA","NA","5373","NA","NA","NA","NA","673","NA","NA","NA","NA","NA","NA","NA","NA","NA","NA","19972","NA","NA","NA","NA","2","legacy","no","yes","1024","2","48000","-16","no","EXP","14","even","no","no","NA","9770","5407","5408","7467","9756","9756","NA","NA","47398","56949","40290","29757","42008","57450","56947","9771","47398","57450","58083","NA","NA","29757","41966","29779","40288","29780","29779","29757","NA","NA","NA","NA","NA","NA","NA","NA","NA","NA","42011","NA","NA","NA","NA","40791","40791","41466","NA","NA","58583","NA","NA","NA","NA","NA","NA","NA","NA","NA","NA","9772","NA","NA","NA","NA","Orientation_PSA2018","12","9922","12","no","yes","1024"
"F","9317","F","F","PP_LIST2.csv","needle.jpg","tiger.jpg","100","100","804.923076923","804.923076923","#ffffff","yes","legacy","legacy","legacy","0","uniform","1","1","undefined","1","undefined","6","f","0","0","0","0","0","0","0","NA","6","0","6","5","0","0","6","6","0","0","6","6","6","6","0","5","0","5","0","0","0","0","0","0","0","0","0","0","0","0","0","0","0","0","0","0","5","5","5","5","5","6","0","0","0","0","0","0","0","0","0","0","0","0","0","0","0","12/03/19 13:57:36","no","Matching Tasks","yes","no","","no","OrientationCrossLanguages_2018PSA_PP_1.2.4.osexp","C:\Users\K11-14\Disk Google\00, PSA\upload","no","mono","no","18","no","#0000ff","no","slovenčina","yes","no","768","no","no","legacy","6","6","1","5","SVK_001_PP_14.csv","legacy","no","Kafkaesque Koffka","3.2.8","yes","5a7ce671e83246000deafe81","no","no","0","0","f","NA","NA","f","NA","NA","NA","NA","NA","NA","NA","NA","NA","NA","space","NA","NA","NA","NA","f","NA","NA","NA","NA","NA","NA","NA","NA","NA","NA","space","NA","NA","NA","NA","542","NA","NA","542","NA","NA","NA","NA","NA","NA","NA","NA","NA","NA","5373","NA","NA","NA","NA","673","NA","NA","NA","NA","NA","NA","NA","NA","NA","NA","19972","NA","NA","NA","NA","2","legacy","no","yes","1024","2","48000","-16","no","EXP","14","even","no","no","NA","9770","5407","5408","7467","9756","9756","NA","NA","47398","58723","40290","29757","42008","59225","58722","9771","47398","59225","59769","NA","NA","29757","41966","29779","40288","29780","29779","29757","NA","NA","NA","NA","NA","NA","NA","NA","NA","NA","42011","NA","NA","NA","NA","40791","40791","41466","NA","NA","60269","NA","NA","NA","NA","NA","NA","NA","NA","NA","NA","9772","NA","NA","NA","NA","Orientation_PSA2018","13","10464","13","no","yes","1024"
"F","9317","F","F","PP_LIST2.csv","tiger.jpg","wndmil.jpg","100","100","792.142857143","792.142857143","#ffffff","yes","legacy","legacy","legacy","0","uniform","1","1","undefined","1","undefined","6","f","0","0","0","0","0","0","0","NA",""N","9317","V","H","PP_LIST4.csv","bookV.jpg","bookH.jpg","85","85","633.2","633.2","#ffffff","yes","legacy","legacy","legacy","0","uniform","1","1","undefined","1","undefined","6","j","0","0","0","0","0","0","0","NA","7","0","7","11","0","0","7","7","0","0","7","7","7","7","0","11","2","11","2","2","0","0","0","0","0","0","0","0","0","0","0","0","0","0","0","0","11","11","11","11","11","7","0","0","0","0","0","0","0","0","0","0","0","0","0","0","0","12/03/19 13:59:06","no","Matching Tasks","yes","no","","no","OrientationCrossLanguages_2018PSA_PP_1.2.4.osexp","C:\Users\K11-15\Disk Google\00, PSA\upload","no","mono","no","18","no","#0000ff","no","slovenčina","yes","no","768","no","no","legacy","7","7","3","5","SVK_001_PP_14.csv","legacy","no","Kafkaesque Koffka","3.2.8","yes","5a7ce671e83246000deafe81","no","no","0","0","j","NA","NA","j","NA","NA","NA","NA","NA","NA","NA","NA","NA","NA","space","NA","NA","NA","NA","f","NA","NA","NA","NA","NA","NA","NA","NA","NA","NA","space","NA","NA","NA","NA","638","NA","NA","638","NA","NA","NA","NA","NA","NA","NA","NA","NA","NA","1815","NA","NA","NA","NA","585","NA","NA","NA","NA","NA","NA","NA","NA","NA","NA","10027","NA","NA","NA","NA","2","legacy","no","yes","1024","2","48000","-16","no","EXP","0","even","no","no","NA","13530","4730","4731","7627","13516","13516","NA","NA","46644","58716","43185","23572","44814","59217","58714","13530","46644","59217","59857","NA","47865","23572","44774","34570","43183","34570","34570","23572","NA","NA","NA","NA","NA","NA","NA","NA","NA","NA","44816","NA","NA","NA","NA","43686","43686","44274","NA","34041","60357","NA","NA","NA","NA","NA","NA","NA","NA","NA","NA","13532","NA","NA","NA","NA","Orientation_PSA2018","17","12664","20","no","yes","1024"
"F","9317","F","F","PP_LIST4.csv","skirt.jpg","tlphon.jpg","85.7142857143","85.7142857143","628.571428571","628.571428571","#ffffff","yes","legacy","legacy","legacy","0","uniform","1","1","undefined","1","undefined","6","f","0","0","0","0","0","0","0","NA","8","0","8","11","0","0","8","8","0","0","8","8","8","8","0","11","2","11","2","2","0","0","0","0","0","0","0","0","0","0","0","0","0","0","0","0","11","11","11","11","11","8","0","0","0","0","0","0","0","0","0","0","0","0","0","0","0","12/03/19 13:59:06","no","Matching Tasks","yes","no","","no","OrientationCrossLanguages_2018PSA_PP_1.2.4.osexp","C:\Users\K11-15\Disk Google\00, PSA\upload","no","mono","no","18","no","#0000ff","no","slovenčina","yes","no","768","no","no","legacy","8","8","3","5","SVK_001_PP_14.csv","legacy","no","Kafkaesque Koffka","3.2.8","yes","5a7ce671e83246000deafe81","no","no","0","0","f","NA","NA","f","NA","NA","NA","NA","NA","NA","NA","NA","NA","NA","space","NA","NA","NA","NA","f","NA","NA","NA","NA","NA","NA","NA","NA","NA","NA","space","NA","NA","NA","NA","536","NA","NA","536","NA","NA","NA","NA","NA","NA","NA","NA","NA","NA","1815","NA","NA","NA","NA","585","NA","NA","NA","NA","NA","NA","NA","NA","NA","NA","10027","NA","NA","NA","NA","2","legacy","no","yes","1024","2","48000","-16","no","EXP","0","even","no","no","NA","13530","4730","4731","7627","13516","13516","NA","NA","46644","60514","43185","23572","44814","61015","60512","13530","46644","61015","61553","NA","47865","23572","44774","34570","43183","34570","34570","23572","NA","NA","NA","NA","NA","NA","NA","NA","NA","NA","44816","NA","NA","NA","NA","43686","43686","44274","NA","34041","62053","NA","NA","NA","NA","NA","NA","NA","NA","NA","NA","13532","NA","NA","NA","NA","Orientation_PSA2018","18","13200","21","no","yes","1024"
"N","9317","H","V","PP_LIST4.csv","saltH.jpg","saltV.jpg","86.3636363636","86.3636363636","622","622","#ffffff","yes","legacy","legacy","legacy","0","uniform","1","1","undefined","1","undefined","6","j","0","0","0","0","0","0","0","NA","9","0","9","11","0","0","9","9","0","0","9","9","9","9","0","11","2","11","2","2","0","0","0","0","0","0","0","0","0","0","0","0","0","0","0","0","11","11","11","11","11","9","0","0","0","0","0","0","0","0","0","0","0","0","0","0","0","12/03/19 13:59:06","no","Matching Tasks","yes","no","","no","OrientationCrossLanguages_2018PSA_PP_1.2.4.osexp","C:\Users\K11-15\Disk Google\00, PSA\upload","no","mono","no","18","no","#0000ff","no","slovenčina","yes","no","768","no","no","legacy","9","9","3","5","SVK_001_PP_14.csv","legacy","no","Kafkaesque Koffka","3.2.8","yes","5a7ce671e83246000deafe81","no","no","0","0","j","NA","NA","j","NA","NA","NA","NA","NA","NA","NA","NA","NA","NA","space","NA","NA","NA","NA","f","NA","NA","NA","NA","NA","NA","NA","NA","NA","NA","space","NA","NA","NA","NA","484","NA","NA","484","NA","NA","NA","NA","NA","NA","NA","NA","NA","NA","1815","NA","NA","NA","NA","585","NA","NA","NA","NA","NA","NA","NA","NA","NA","NA","10027","NA","NA","NA","NA","2","legacy","no","yes","1024","2","48000","-16","no","EXP","0","even","no","no","NA","13530","4730","4731","7627","13516","13516","NA","NA","46644","62198","43185","23572","44814","62699","62196","13530","46644","62699","63185","NA","47865","23572","44774","34570","43183","34570","34570","23572","NA","NA","NA","NA","NA","NA","NA","NA","NA","NA","44816","NA","NA","NA","NA","43686","43686","44274","NA","34041","63685","NA","NA","NA","NA","NA","NA","NA","NA","NA","NA","13532","NA","NA","NA","NA","Orientation_PSA2018","19","13684","22","no","yes","1024"
"F","9317","F","F","PP_LIST4.csv","tlphon.jpg","knife.jpg","82.6086956522","82.6086956522","617.956521739","617.956521739","#ffffff","yes","legacy","legacy","legacy","0","uniform","0","0","undefined","1","undefined","6","f","0","0","0","0","0","0","0","NA","10","0","10","11","0","0","10","10","0","0","10","10","10","10","0","11","2","11","2","2","0","0","0","0","0","0","0","0","0","0","0","0","0","0","0","0","11","11","11","11","11","10","0","0","0","0","0","0","0","0","0","0","0","0","0","0","0","12/03/19 13:59:06","no","Matching Tasks","yes","no","","no","OrientationCrossLanguages_2018PSA_PP_1.2.4.osexp","C:\Users\K11-15\Disk Google\00, PSA\upload","no","mono","no","18","no","#0000ff","no","slovenčina","yes","no","768","no","no","legacy","10","10","3","5","SVK_001_PP_14.csv","legacy","no","Kafkaesque Koffka","3.2.8","yes","5a7ce671e83246000deafe81","no","no","0","0","j","NA","NA","j","NA","NA","NA","NA","NA","NA","NA","NA","NA","NA","space","NA","NA","NA","NA","f","NA","NA","NA","NA","NA","NA","NA","NA","NA","NA","space","NA","NA","NA","NA","529","NA","NA","529","NA","NA","NA","NA","NA","NA","NA","NA","NA","NA","1815","NA","NA","NA","NA","585","NA","NA","NA","NA","NA","NA","NA","NA","NA","NA","10027","NA","NA","NA","NA","2","legacy","no","yes","1024","2","48000","-16","no","EXP","0","even","no","no","NA","13530","4730","4731","7627","13516","13516","NA","NA","46644","63880","43185","23572","44814","64381","63878","13530","46644","64381","63185","NA","64913","23572","44774","34570","43183","34570","34570","23572","NA","NA","NA","NA","NA","NA","NA","NA","NA","NA","44816","NA","NA","NA","NA","43686","43686","44274","NA","34041","65413","NA","NA","NA","NA","NA","NA","NA","NA","NA","NA","13532","NA","NA","NA","NA","Orientation_PSA2018","19","14213","23","no","yes","1024"
"F","9317","F","F","PP_LIST4.csv","tapedispenser.jpg","wrench.jpg","83.3333333333","83.3333333333","623.083333333","623.083333333","#ffffff","yes","legacy","legacy","legacy","0","uniform","1","1","undefined","1","undefined","6","f","0","0","0","0","0","0","0","NA","11","0","11","11","0","0","11","11","0","0","11","11","11","11","0","11","2","11","2","2","0","0","0","0","0","0","0","0","0","0","0","0","0","0","0","0","11","11","11","11","11","11","0","0","0","0","0","0","0","0","0","0","0","0","0","0","0","12/03/19 13:59:06","no","Matching Tasks","yes","no","","no","OrientationCrossLanguages_2018PSA_PP_1.2.4.osexp","C:\Users\K11-15\Disk Google\00, PSA\upload","no","mono","no","18","no","#0000ff","no","slovenčina","yes","no","768","no","no","legacy","11","11","3","5","SVK_001_PP_14.csv","legacy","no","Kafkaesque Koffka","3.2.8","yes","5a7ce671e83246000deafe81","no","no","0","0","f","NA","NA","f","NA","NA","NA","NA","NA","NA","NA","NA","NA","NA","space","NA","NA","NA","NA","f","NA","NA","NA","NA","NA","NA","NA","NA","NA","NA","space","NA","NA","NA","NA","741","NA","NA","741","NA","NA","NA","NA","NA","NA","NA","NA","NA","NA","1815","NA","NA","NA","NA","585","NA","NA","NA","NA","NA","NA","NA","NA","NA","NA","10027","NA","NA","NA","NA","2","legacy","no","yes","1024","2","48000","-16","no","EXP","0","even","no","no","NA","13530","4730","4731","7627","13516","13516","NA","NA","46644","65549","43185","23572","44814","66050","65548","13530","46644","66050","66793","NA","64913","23572","44774","34570","43183","34570","34570","23572","NA","NA","NA","NA","NA","NA","NA","NA","NA","NA","44816","NA","NA","NA","NA","43686","43686","44274","NA","34041","67293","NA","NA","NA","NA","NA","NA","NA","NA","NA","NA","13532","NA","NA","NA","NA","Orientation_PSA2018","20","14954","24","no","yes","1024"
"N","9317","H","V","PP_LIST4.csv","tireH.jpg","tireV.jpg","84","84","615.92","615.92","#ffffff","yes","legacy","legacy","legacy","0","uniform","1","1","undefined","1","undefined","6","j","0","0","0","0","0","0","0","NA","12","0","12","11","0","0","12","12","0","0","12","12","12","12","0","11","2","11","2","2","0","0","0","0","0","0","0","0","0","0","0","0","0","0","0","0","11","11","11","11","11","12","0","0","0","0","0","0","0","0","0","0","0","0","0","0","0","12/03/19 13:59:06","no","Matching Tasks","yes","no","","no","OrientationCrossLanguages_2018PSA_PP_1.2.4.osexp","C:\Users\K11-15\Disk Google\00, PSA\upload","no","mono","no","18","no","#0000ff","no","slovenčina","yes","no","768","no","no","legacy","12","12","3","5","SVK_001_PP_14.csv","legacy","no","Kafkaesque Koffka","3.2.8","yes","5a7ce671e83246000deafe81","no","no","0","0","j","NA","NA","j","NA","NA","NA","NA","NA","NA","NA","NA","NA","NA","space","NA","NA","NA","NA","f","NA","NA","NA","NA","NA","NA","NA","NA","NA","NA","space","NA","NA","NA","NA","444","NA","NA","444","NA","NA","NA","NA","NA","NA","NA","NA","NA","NA","1815","NA","NA","NA","NA","585","NA","NA","NA","NA","NA","NA","NA","NA","NA","NA","10027","NA","NA","NA","NA","2","legacy","no","yes","1024","2","48000","-16","no","EXP","0","even","no","no","NA","13530","4730","4731","7627","13516","13516","NA","NA","46644","67446","43185","23572","44814","67947","67445","13530","46644","67947","68393","NA","64913","23572","44774","34570","43183","34570","34570","23572","NA","NA","NA","NA","NA","NA","NA","NA","NA","NA","44816","NA","NA","NA","NA","43686","43686","44274","NA","34041","68893","NA","NA","NA","NA","NA","NA","NA","NA","NA","NA","13532","NA","NA","NA","NA","Orientation_PSA2018","21","15398","25","no","yes","1024"
"Y","9317","V","V","PP_LIST4.csv","pencilV.jpg","pencilV.jpg","84.6153846154","84.6153846154","609.769230769","609.769230769","#ffffff","yes","legacy","legacy","legacy","0","uniform","1","1","undefined","1","undefined","6","j","0","0","0","0","0","0","0","NA","13","0","13","11","0","0","13","13","0","0","13","13","13","13","0","11","2","11","2","2","0","0","0","0","0","0","0","0","0","0","0","0","0","0","0","0","11","11","11","11","11","13","0","0","0","0","0","0","0","0","0","0","0","0","0","0","0","12/03/19 13:59:06","no","Matching Tasks","yes","no","","no","OrientationCrossLanguages_2018PSA_PP_1.2.4.osexp","C:\Users\K11-15\Disk Google\00, PSA\upload","no","mono","no","18","no","#0000ff","no","slovenčina","yes","no","768","no","no","legacy","13","13","3","5","SVK_001_PP_14.csv","legacy","no","Kafkaesque Koffka","3.2.8","yes","5a7ce671e83246000deafe81","no","no","0","0","j","NA","NA","j","NA","NA","NA","NA","NA","NA","NA","NA","NA","NA","space","NA","NA","NA","NA","f","NA","NA","NA","NA","NA","NA","NA","NA","NA","NA","space","NA","NA","NA","NA","456","NA","NA","456","NA","NA","NA","NA","NA","NA","NA","NA","NA","NA","1815","NA","NA","NA","NA","585","NA","NA","NA","NA","NA","NA","NA","NA","NA","NA","10027","NA","NA","NA","NA","2","legacy","no","yes","1024","2","48000","-16","no","EXP","0","even","no","no","NA","13530","4730","4731","7627","13516","13516","NA","NA","46644","69041","43185","23572","44814","69542","69039","13530","46644","69542","70001","NA","64913","23572","44774","34570","43183","34570","34570","23572","NA","NA","NA","NA","NA","NA","NA","NA","NA","NA","44816","NA","NA","NA","NA","43686","43686","44274","NA","34041","70501","NA","NA","NA","NA","NA","NA","NA","NA","NA","NA","13532","NA","NA","NA","NA","Orientation_PSA2018","22","15854","26","no","yes","1024"
"Y","9317","H","H","PP_LIST4.csv","brushH.jpg","brushH.jpg","85.1851851852","85.1851851852","605","605","#ffffff","yes","legacy","legacy","legacy","0","uniform","1","1","undefined","1","undefined","6","j","0","0","0","0","0","0","0","NA","14","0","14","11","0","0","14","14","0","0","14","14","14","14","0","11","2","11","2","2","0","0","0","0","0","0","0","0","0","0","0","0","0","0","0","0","11","11","11","11","11","14","0","0","0","0","0","0","0","0","0","0","0","0","0","0","0","12/03/19 13:59:06","no","Matching Tasks","yes","no","","no","OrientationCrossLanguages_2018PSA_PP_1.2.4.osexp","C:\Users\K11-15\Disk Google\00, PSA\upload","no","mono","no","18","no","#0000ff","no","slovenčina","yes","no","768","no","no","legacy","14","14","3","5","SVK_001_PP_14.csv","legacy","no","Kafkaesque Koffka","3.2.8","yes","5a7ce671e83246000deafe81","no","no","0","0","j","NA","NA","j","NA","NA","NA","NA","NA","NA","NA","NA","NA","NA","space","NA","NA","NA","NA","f","NA","NA","NA","NA","NA","NA","NA","NA","NA","NA","space","NA","NA","NA","NA","481","NA","NA","481","NA","NA","NA","NA","NA","NA","NA","NA","NA","NA","1815","NA","NA","NA","NA","585","NA","NA","NA","NA","NA","NA","NA","NA","NA","NA","10027","NA","NA","NA","NA","2","legacy","no","yes","1024","2","48000","-16","no","EXP","0","even","no","no","NA","13530","4730","4731","7627","13516","13516","NA","NA","46644","70657","43185","23572","44814","71158","70655","13530","46644","71158","71641","NA","64913","23572","44774","34570","43183","34570","34570","23572","NA","NA","NA","NA","NA","NA","NA","NA","NA","NA","44816","NA","NA","NA","NA","43686","43686","44274","NA","34041","72141","NA","NA","NA","NA","NA","NA","NA","NA","NA","NA","13532","NA","NA","NA","NA","Orientation_PSA2018","23","16335","27","no","yes","1024"
"F","9317","F","F","PP_LIST4.csv","stove.jpg","ftball.jpg","85.7142857143","85.7142857143","603.5","603.5","#ffffff","yes","legacy","legacy","legacy","0","uniform","1","1","undefined","1","undefined","6","f","0","0","0","0","0","0","0","NA","15","0","15","11","0","0","15","15","0","0","15","15","15","15","0","11","2","11","2","2","0","0","0","0","0","0","0","0","0","0","0","0","0","0","0","0","11","11","11","11","11","15","0","0","0","0","0","0","0","0","0","0","0","0","0","0","0","12/03/19 13:59:06","no","Matching Tasks","yes","no","","no","OrientationCrossLanguages_2018PSA_PP_1.2.4.osexp","C:\Users\K11-15\Disk Google\00, PSA\upload","no","mono","no","18","no","#0000ff","no","slovenčina","yes","no","768","no","no","legacy","15","15","3","5","SVK_001_PP_14.csv","legacy","no","Kafkaesque Koffka","3.2.8","yes","5a7ce671e83246000deafe81","no","no","0","0","f","NA","NA","f","NA","NA","NA","NA","NA","NA","NA","NA","NA","NA","space","NA","NA","NA","NA","f","NA","NA","NA","NA","NA","NA","NA","NA","NA","NA","space","NA","NA","NA","NA","563","NA","NA","563","NA","NA","NA","NA","NA","NA","NA","NA","NA","NA","1815","NA","NA","NA","NA","585","NA","NA","NA","NA","NA","NA","NA","NA","NA","NA","10027","NA","NA","NA","NA","2","legacy","no","yes","1024","2","48000","-16","no","EXP","0","even","no","no","NA","13530","4730","4731","7627","13516","13516","NA","NA","46644","72279","43185","23572","44814","72780","72277","13530","46644","72780","73345","NA","64913","23572","44774","34570","43183","34570","34570","23572","NA","NA","NA","NA","NA","NA","NA","NA","NA","NA","44816","NA","NA","NA","NA","43686","43686","44274","NA","34041","73845","NA","NA","NA","NA","NA","NA","NA","NA","NA","NA","13532","NA","NA","NA","NA","Orientation_PSA2018","24","16898","28","no","yes","1024"
"F","9317","F","F","PP_LIST4.csv","nut.jpg","watch.jpg","86.2068965517","86.2068965517","602.862068966","602.862068966","#ffffff","yes","legacy","legacy","legacy","0","uniform","1","1","undefined","1","undefined","6","f","0","0","0","0","0","0","0","NA","16","0","16","11","0","0","16","16","0","0","16","16","16","16","0","11","2","11","2","2","0","0","0","0","0","0","0","0","0","0","0","0","0","0","0","0","11","11","11","11","11","16","0","0","0","0","0","0","0","0","0","0","0","0","0","0","0","12/03/19 13:59:06","no","Matching Tasks","yes","no","","no","OrientationCrossLanguages_2018PSA_PP_1.2.4.osexp","C:\Users\K11-15\Disk Google\00, PSA\upload","no","mono","no","18","no","#0000ff","no","slovenčina","yes","no","768","no","no","legacy","16","16","3","5","SVK_001_PP_14.csv","legacy","no","Kafkaesque Koffka","3.2.8","yes","5a7ce671e83246000deafe81","no","no","0","0","f","NA","NA","f","NA","NA","NA","NA","NA","NA","NA","NA","NA","NA","space","NA","NA","NA","NA","f","NA","NA","NA","NA","NA","NA","NA","NA","NA","NA","space","NA","NA","NA","NA","585","NA","NA","585","NA","NA","NA","NA","NA","NA","NA","NA","NA","NA","1815","NA","NA","NA","NA","585","NA","NA","NA","NA","NA","NA","NA","NA","NA","NA","10027","NA","NA","NA","NA","2","legacy","no","yes","1024","2","48000","-16","no","EXP","0","even","no","no","NA","13530","4730","4731","7627","13516","13516","NA","NA","46644","73984","43185","23572","44814","74486","73982","13530","46644","74486","75073","NA","64913","23572","44774","34570","43183","34570","34570","23572","NA","NA","NA","NA","NA","NA","NA","NA","NA","NA","44816","NA","NA","NA","NA","43686","43686","44274","NA","34041","75573","NA","NA","NA","NA","NA","NA","NA","NA","NA","NA","13532","NA","NA","NA","NA","Orientation_PSA2018","25","17483","29","no","yes","1024"
"N","9317","H","V","PP_LIST4.csv","penH.jpg","penV.jpg","86.6666666667","86.6666666667","597.033333333","597.033333333","#ffffff","yes","legacy","legacy","legacy","0","uniform","1","1","undefined","1","undefined","6","j","0","0","0","0","0","0","0","NA","17","0","17","11","0","0","17","17","0","0","17","17","17","17","0","11","2","11","2","2","0","0","0","0","0","0","0","0","0","0","0","0","0","0","0","0","11","11","11","11","11","17","0","0","0","0","0","0","0","0","0","0","0","0","0","0","0","12/03/19 13:59:06","no","Matching Tasks","yes","no","","no","OrientationCrossLanguages_2018PSA_PP_1.2.4.osexp","C:\Users\K11-15\Disk Google\00, PSA\upload","no","mono","no","18","no","#0000ff","no","slovenčina","yes","no","768","no","no","legacy","17","17","3","5","SVK_001_PP_14.csv","legacy","no","Kafkaesque Koffka","3.2.8","yes","5a7ce671e83246000deafe81","no","no","0","0","j","NA","NA","j","NA","NA","NA","NA","NA","NA","NA","NA","NA","NA","space","NA","NA","NA","NA","f","NA","NA","NA","NA","NA","NA","NA","NA","NA","NA","space","NA","NA","NA","NA","428","NA","NA","428","NA","NA","NA","NA","NA","NA","NA","NA","NA","NA","1815","NA","NA","NA","NA","585","NA","NA","NA","NA","NA","NA","NA","NA","NA","NA","10027","NA","NA","NA","NA","2","legacy","no","yes","1024","2","48000","-16","no","EXP","0","even","no","no","NA","13530","4730","4731","7627","13516","13516","NA","NA","46644","75724","43185","23572","44814","76226","75722","13530","46644","76226","76657","NA","64913","23572","44774","34570","43183","34570","34570","23572","NA","NA","NA","NA","NA","NA","NA","NA","NA","NA","44816","NA","NA","NA","NA","43686","43686","44274","NA","34041","77157","NA","NA","NA","NA","NA","NA","NA","NA","NA","NA","13532","NA","NA","NA","NA","Orientation_PSA2018","26","17911","30","no","yes","1024"
"Y","9317","V","V","PP_LIST4.csv","glassV.jpg","glassV.jpg","87.0967741935","87.0967741935","592.258064516","592.258064516","#ffffff","yes","legacy","legacy","legacy","0","uniform","1","1","undefined","1","undefined","6","j","0","0","0","0","0","0","0","NA","18","0","18","11","0","0","18","18","0","0","18","18","18","18","0","11","2","11","2","2","0","0","0","0","0","0","0","0","0","0","0","0","0","0","0","0","11","11","11","11","11","18","0","0","0","0","0","0","0","0","0","0","0","0","0","0","0","12/03/19 13:59:06","no","Matching Tasks","yes","no","","no","OrientationCrossLanguages_2018PSA_PP_1.2.4.osexp","C:\Users\K11-15\Disk Google\00, PSA\upload","no","mono","no","18","no","#0000ff","no","slovenčina","yes","no","768","no","no","legacy","18","18","3","5","SVK_001_PP_14.csv","legacy","no","Kafkaesque Koffka","3.2.8","yes","5a7ce671e83246000deafe81","no","no","0","0","j","NA","NA","j","NA","NA","NA","NA","NA","NA","NA","NA","NA","NA","space","NA","NA","NA","NA","f","NA","NA","NA","NA","NA","NA","NA","NA","NA","NA","space","NA","NA","NA","NA","449","NA","NA","449","NA","NA","NA","NA","NA","NA","NA","NA","NA","NA","1815","NA","NA","NA","NA","585","NA","NA","NA","NA","NA","NA","NA","NA","NA","NA","10027","NA","NA","NA","NA","2","legacy","no","yes","1024","2","48000","-16","no","EXP","0","even","no","no","NA","13530","4730","4731","7627","13516","13516","NA","NA","46644","77297","43185","23572","44814","77798","77295","13530","46644","77798","78249","NA","64913","23572","44774","34570","43183","34570","34570","23572","NA","NA","NA","NA","NA","NA","NA","NA","NA","NA","44816","NA","NA","NA","NA","43686","43686","44274","NA","34041","78749","NA","NA","NA","NA","NA","NA","NA","NA","NA","NA","13532","NA","NA","NA","NA","Orientation_PSA2018","27","18360","31","no","yes","1024"
"N","9317","V","H","PP_LIST4.csv","broomV.jpg","broomH.jpg","87.5","87.5","589.96875","589.96875","#ffffff","yes","legacy","legacy","legacy","0","uniform","1","1","undefined","1","undefined","6","j","0","0","0","0","0","0","0","NA","19","0","19","11","0","0","19","19","0","0","19","19","19","19","0","11","2","11","2","2","0","0","0","0","0","0","0","0","0","0","0","0","0","0","0","0","11","11","11","11","11","19","0","0","0","0","0","0","0","0","0","0","0","0","0","0","0","12/03/19 13:59:06","no","Matching Tasks","yes","no","","no","OrientationCrossLanguages_2018PSA_PP_1.2.4.osexp","C:\Users\K11-15\Disk Google\00, PSA\upload","no","mono","no","18","no","#0000ff","no","slovenčina","yes","no","768","no","no","legacy","19","19","3","5","SVK_001_PP_14.csv","legacy","no","Kafkaesque Koffka","3.2.8","yes","5a7ce671e83246000deafe81","no","no","0","0","j","NA","NA","j","NA","NA","NA","NA","NA","NA","NA","NA","NA","NA","space","NA","NA","NA","NA","f","NA","NA","NA","NA","NA","NA","NA","NA","NA","NA","space","NA","NA","NA","NA","519","NA","NA","519","NA","NA","NA","NA","NA","NA","NA","NA","NA","NA","1815","NA","NA","NA","NA","585","NA","NA","NA","NA","NA","NA","NA","NA","NA","NA","10027","NA","NA","NA","NA","2","legacy","no","yes","1024","2","48000","-16","no","EXP","0","even","no","no","NA","13530","4730","4731","7627","13516","13516","NA","NA","46644","78891","43185","23572","44814","79392","78889","13530","46644","79392","79913","NA","64913","23572","44774","34570","43183","34570","34570","23572","NA","NA","NA","NA","NA","NA","NA","NA","NA","NA","44816","NA","NA","NA","NA","43686","43686","44274","NA","34041","80413","NA","NA","NA","NA","NA","NA","NA","NA","NA","NA","13532","NA","NA","NA","NA","Orientation_PSA2018","28","18879","32","no","yes","1024"
"Y","9317","H","H","PP_LIST4.csv","fire_extinguisherH.jpg","fire_extinguisherH.jpg","87.8787878788","87.8787878788","586.636363636","586.636363636","#ffffff","yes","legacy","legacy","legacy","0","uniform","1","1","undefined","1","undefined","6","j","0","0","0","0","0","0","0","NA","20","0","20","11","0","0","20","20","0","0","20","20","20","20","0","11","2","11","2","2","0","0","0","0","0","0","0","0","0","0","0","0","0","0","0","0","11","11","11","11","11","20","0","0","0","0","0","0","0","0","0","0","0","0","0","0","0","12/03/19 13:59:06","no","Matching Tasks","yes","no","","no","OrientationCrossLanguages_2018PSA_PP_1.2.4.osexp","C:\Users\K11-15\Disk Google\00, PSA\upload","no","mono","no","18","no","#0000ff","no","slovenčina","yes","no","768","no","no","legacy","20","20","3","5","SVK_001_PP_14.csv","legacy","no","Kafkaesque Koffka","3.2.8","yes","5a7ce671e83246000deafe81","no","no","0","0","j","NA","NA","j","NA","NA","NA","NA","NA","NA","NA","NA","NA","NA","space","NA","NA","NA","NA","f","NA","NA","NA","NA","NA","NA","NA","NA","NA","NA","space","NA","NA","NA","NA","480","NA","NA","480","NA","NA","NA","NA","NA","NA","NA","NA","NA","NA","1815","NA","NA","NA","NA","585","NA","NA","NA","NA","NA","NA","NA","NA","NA","NA","10027","NA","NA","NA","NA","2","legacy","no","yes","1024","2","48000","-16","no","EXP","0","even","no","no","NA","13530","4730","4731","7627","13516","13516","NA","NA","46644","80601","43185","23572","44814","81103","80600","13530","46644","81103","81585","NA","64913","23572","44774","34570","43183","34570","34570","23572","NA","NA","NA","NA","NA","NA","NA","NA","NA","NA","44816","NA","NA","NA","NA","43686","43686","44274","NA","34041","82085","NA","NA","NA","NA","NA","NA","NA","NA","NA","NA","13532","NA","NA","NA","NA","Orientation_PSA2018","29","19359","33","no","yes","1024"
"F","9317","F","F","PP_LIST4.csv","ftball.jpg","nut.jpg","85.2941176471","85.2941176471","584.5","584.5","#ffffff","yes","legacy","legacy","legacy","0","uniform","0","0","undefined","1","undefined","6","f","0","0","0","0","0","0","0","NA","21","0","21","11","0","0","21","21","0","0","21","21","21","21","0","11","2","11","2","2","0","0","0","0","0","0","0","0","0","0","0","0","0","0","0","0","11","11","11","11","11","21","0","0","0","0","0","0","0","0","0","0","0","0","0","0","0","12/03/19 13:59:06","no","Matching Tasks","yes","no","","no","OrientationCrossLanguages_2018PSA_PP_1.2.4.osexp","C:\Users\K11-15\Disk Google\00, PSA\upload","no","mono","no","18","no","#0000ff","no","slovenčina","yes","no","768","no","no","legacy","21","21","3","5","SVK_001_PP_14.csv","legacy","no","Kafkaesque Koffka","3.2.8","yes","5a7ce671e83246000deafe81","no","no","0","0","j","NA","NA","j","NA","NA","NA","NA","NA","NA","NA","NA","NA","NA","space","NA","NA","NA","NA","f","NA","NA","NA","NA","NA","NA","NA","NA","NA","NA","space","NA","NA","NA","NA","514","NA","NA","514","NA","NA","NA","NA","NA","NA","NA","NA","NA","NA","1815","NA","NA","NA","NA","585","NA","NA","NA","NA","NA","NA","NA","NA","NA","NA","10027","NA","NA","NA","NA","2","legacy","no","yes","1024","2","48000","-16","no","EXP","0","even","no","no","NA","13530","4730","4731","7627","13516","13516","NA","NA","46644","82216","43185","23572","44814","82717","82214","13530","46644","82717","81585","NA","83233","23572","44774","34570","43183","34570","34570","23572","NA","NA","NA","NA","NA","NA","NA","NA","NA","NA","44816","NA","NA","NA","NA","43686","43686","44274","NA","34041","83733","NA","NA","NA","NA","NA","NA","NA","NA","NA","NA","13532","NA","NA","NA","NA","Orientation_PSA2018","29","19873","34","no","yes","1024"
"Y","9317","V","V","PP_LIST4.csv","ironV.jpg","ironV.jpg","85.7142857143","85.7142857143","590.771428571","590.771428571","#ffffff","yes","legacy","legacy","legacy","0","uniform","1","1","undefined","1","undefined","6","j","0","0","0","0","0","0","0","NA","22","0","22","11","0","0","22","22","0","0","22","22","22","22","0","11","2","11","2","2","0","0","0","0","0","0","0","0","0","0","0","0","0","0","0","0","11","11","11","11","11","22","0","0","0","0","0","0","0","0","0","0","0","0","0","0","0","12/03/19 13:59:06","no","Matching Tasks","yes","no","","no","OrientationCrossLanguages_2018PSA_PP_1.2.4.osexp","C:\Users\K11-15\Disk Google\00, PSA\upload","no","mono","no","18","no","#0000ff","no","slovenčina","yes","no","768","no","no","legacy","22","22","3","5","SVK_001_PP_14.csv","legacy","no","Kafkaesque Koffka","3.2.8","yes","5a7ce671e83246000deafe81","no","no","0","0","j","NA","NA","j","NA","NA","NA","NA","NA","NA","NA","NA","NA","NA","space","NA","NA","NA","NA","f","NA","NA","NA","NA","NA","NA","NA","NA","NA","NA","space","NA","NA","NA","NA","804","NA","NA","804","NA","NA","NA","NA","NA","NA","NA","NA","NA","NA","1815","NA","NA","NA","NA","585","NA","NA","NA","NA","NA","NA","NA","NA","NA","NA","10027","NA","NA","NA","NA","2","legacy","no","yes","1024","2","48000","-16","no","EXP","0","even","no","no","NA","13530","4730","4731","7627","13516","13516","NA","NA","46644","83917","43185","23572","44814","84418","83915","13530","46644","84418","85224","NA","83233","23572","44774","34570","43183","34570","34570","23572","NA","NA","NA","NA","NA","NA","NA","NA","NA","NA","44816","NA","NA","NA","NA","43686","43686","44274","NA","34041","85724","NA","NA","NA","NA","NA","NA","NA","NA","NA","NA","13532","NA","NA","NA","NA","Orientation_PSA2018","30","20677","35","no","yes","1024"
"F","9317","F","F","PP_LIST4.csv","spider.jpg","couch.jpg","86.1111111111","86.1111111111","589.805555556","589.805555556","#ffffff","yes","legacy","legacy","legacy","0","uniform","1","1","undefined","1","undefined","6","f","0","0","0","0","0","0","0","NA","23","0","23","11","0","0","23","23","0","0","23","23","23","23","0","11","2","11","2","2","0","0","0","0","0","0","0","0","0","0","0","0","0","0","0","0","11","11","11","11","11","23","0","0","0","0","0","0","0","0","0","0","0","0","0","0","0","12/03/19 13:59:06","no","Matching Tasks","yes","no","","no","OrientationCrossLanguages_2018PSA_PP_1.2.4.osexp","C:\Users\K11-15\Disk Google\00, PSA\upload","no","mono","no","18","no","#0000ff","no","slovenčina","yes","no","768","no","no","legacy","23","23","3","5","SVK_001_PP_14.csv","legacy","no","Kafkaesque Koffka","3.2.8","yes","5a7ce671e83246000deafe81","no","no","0","0","f","NA","NA","f","NA","NA","NA","NA","NA","NA","NA","NA","NA","NA","space","NA","NA","NA","NA","f","NA","NA","NA","NA","NA","NA","NA","NA","NA","NA","space","NA","NA","NA","NA","556","NA","NA","556","NA","NA","NA","NA","NA","NA","NA","NA","NA","NA","1815","NA","NA","NA","NA","585","NA","NA","NA","NA","NA","NA","NA","NA","NA","NA","10027","NA","NA","NA","NA","2","legacy","no","yes","1024","2","48000","-16","no","EXP","0","even","no","no","NA","13530","4730","4731","7627","13516","13516","NA","NA","46644","85861","43185","23572","44814","86362","85859","13530","46644","86362","86921","NA","83233","23572","44774","34570","43183","34570","34570","23572","NA","NA","NA","NA","NA","NA","NA","NA","NA","NA","44816","NA","NA","NA","NA","43686","43686","44274","NA","34041","87421","NA","NA","NA","NA","NA","NA","NA","NA","NA","NA","13532","NA","NA","NA","NA","Orientation_PSA2018","31","21233","36","no","yes","1024"
"F","9317","F","F","PP_LIST4.csv","buggy.jpg","glass.jpg","100","100","958","958","#ffffff","yes","legacy","legacy","legacy","0","uniform","1","1","undefined","1","undefined","6","f","0","0","0","0","0","0","0","0","24","0","24","11","0","0","24","24","0","0","24","24","24","24","0","11","2","11","2","2","0","0","0","0","0","0","0","0","0","0","0","0","0","0","0","0","11","11","11","11","11","24","0","0","0","0","0","0","0","0","0","0","0","0","0","0","0","12/03/19 13:59:06","no","Matching Tasks","yes","no","","no","OrientationCrossLanguages_2018PSA_PP_1.2.4.osexp","C:\Users\K11-15\Disk Google\00, PSA\upload","no","mono","no","18","no","#0000ff","no","slovenčina","yes","no","768","no","no","legacy","24","24","3","5","SVK_001_PP_14.csv","legacy","no","Kafkaesque Koffka","3.2.8","yes","5a7ce671e83246000deafe81","no","no","0","0","f","space","NA","f","NA","NA","NA","NA","NA","NA","NA","NA","NA","NA","space","NA","NA","NA","NA","f","NA","NA","NA","NA","NA","NA","NA","NA","NA","NA","space","NA","NA","NA","NA","958","3889","NA","958","NA","NA","NA","NA","NA","NA","NA","NA","NA","NA","1815","NA","NA","NA","NA","585","NA","NA","NA","NA","NA","NA","NA","NA","NA","NA","10027","NA","NA","NA","NA","2","legacy","no","yes","1024","2","48000","-16","no","EXP","0","even","no","no","NA","13530","4730","4731","7627","13516","13516","87485","NA","46644","91483","43185","23572","44814","91984","91480","13530","46644","91984","92944","NA","83233","23572","44774","34570","43183","34570","34570","23572","NA","NA","NA","NA","NA","NA","NA","NA","NA","NA","44816","NA","NA","NA","NA","43686","43686","44274","NA","34041","93445","NA","NA","NA","NA","NA","NA","NA","NA","NA","NA","13532","NA","NA","NA","NA","Orientation_PSA2018","1","958","1","no","yes","1024"
"F","9317","F","F","PP_LIST4.csv","needle.jpg","tiger.jpg","100","100","755.5","755.5","#ffffff","yes","legacy","legacy","legacy","0","uniform","1","1","undefined","1","undefined","6","f","0","0","0","0","0","0","0","0","25","0","25","11","0","0","25","25","0","0","25","25","25","25","0","11","2","11","2","2","0","0","0","0","0","0","0","0","0","0","0","0","0","0","0","0","11","11","11","11","11","25","0","0","0","0","0","0","0","0","0","0","0","0","0","0","0","12/03/19 13:59:06","no","Matching Tasks","yes","no","","no","OrientationCrossLanguages_2018PSA_PP_1.2.4.osexp","C:\Users\K11-15\Disk Google\00, PSA\upload","no","mono","no","18","no","#0000ff","no","slovenčina","yes","no","768","no","no","legacy","25","25","3","5","SVK_001_PP_14.csv","legacy","no","Kafkaesque Koffka","3.2.8","yes","5a7ce671e83246000deafe81","no","no","0","0","f","space","NA","f","NA","NA","NA","NA","NA","NA","NA","NA","NA","NA","space","NA","NA","NA","NA","f","NA","NA","NA","NA","NA","NA","NA","NA","NA","NA","space","NA","NA","NA","NA","553","3889","NA","553","NA","NA","NA","NA","NA","NA","NA","NA","NA","NA","1815","NA","NA","NA","NA","585","NA","NA","NA","NA","NA","NA","NA","NA","NA","NA","10027","NA","NA","NA","NA","2","legacy","no","yes","1024","2","48000","-16","no","EXP","0","even","no","no","NA","13530","4730","4731","7627","13516","13516","87485","NA","46644","93592","43185","23572","44814","94093","93590","13530","46644","94093","94648","NA","83233","23572","44774","34570","43183","34570","34570","23572","NA","NA","NA","NA","NA","NA","NA","NA","NA","NA","44816","NA","NA","NA","NA","43686","43686","44274","NA","34041","95149","NA","NA","NA","NA","NA","NA","NA","NA","NA","NA","13532","NA","NA","NA","NA","Orientation_PSA2018","2","1511","2","no","yes","1024"
"F","9317","F","F","PP_LIST4.csv","ring.jpg","stove.jpg","100","100","701.666666667","701.666666667","#ffffff","yes","legacy","legacy","legacy","0","uniform","1","1","undefined","1","undefined","6","f","0","0","0","0","0","0","0","0","26","0","26","11","0","0","26","26","0","0","26","26","26","26","0","11","2","11","2","2","0","0","0","0","0","0","0","0","0","0","0","0","0","0","0","0","11","11","11","11","11","26","0","0","0","0","0","0","0","0","0","0","0","0","0","0","0","12/03/19 13:59:06","no","Matching Tasks","yes","no","","no","OrientationCrossLanguages_2018PSA_PP_1.2.4.osexp","C:\Users\K11-15\Disk Google\00, PSA\upload","no","mono","no","18","no","#0000ff","no","slovenčina","yes","no","768","no","no","legacy","26","26","3","5","SVK_001_PP_14.csv","legacy","no","Kafkaesque Koffka","3.2.8","yes","5a7ce671e83246000deafe81","no","no","0","0","f","space","NA","f","NA","NA","NA","NA","NA","NA","NA","NA","NA","NA","space","NA","NA","NA","NA","f","NA","NA","NA","NA","NA","NA","NA","NA","NA","NA","space","NA","NA","NA","NA","594","3889","NA","594","NA","NA","NA","NA","NA","NA","NA","NA","NA","NA","1815","NA","NA","NA","NA","585","NA","NA","NA","NA","NA","NA","NA","NA","NA","NA","10027","NA","NA","NA","NA","2","legacy","no","yes","1024","2","48000","-16","no","EXP","0","even","no","no","NA","13530","4730","4731","7627","13516","13516","87485","NA","46644","95288","43185","23572","44814","95789","95286","13530","46644","95789","96385","NA","83233","23572","44774","34570","43183","34570","34570","23572","NA","NA","NA","NA","NA","NA","NA","NA","NA","NA","44816","NA","NA","NA","NA","43686","43686","44274","NA","34041","96885","NA","NA","NA","NA","NA","NA","NA","NA","NA","NA","13532","NA","NA","NA","NA","Orientation_PSA2018","3","2105","3","no","yes","1024"
"N","9317","H","V","PP_LIST4.csv","scssorH.jpg","scssorV.jpg","100","100","657","657","#ffffff","yes","legacy","legacy","legacy","0","uniform","1","1","undefined","1","undefined","6","j","0","0","0","0","0","0","0","0","27","0","27","11","0","0","27","27","0","0","27","27","27","27","0","11","2","11","2","2","0","0","0","0","0","0","0","0","0","0","0","0","0","0","0","0","11","11","11","11","11","27","0","0","0","0","0","0","0","0","0","0","0","0","0","0","0","12/03/19 13:59:06","no","Matching Tasks","yes","no","","no","OrientationCrossLanguages_2018PSA_PP_1.2.4.osexp","C:\Users\K11-15\Disk Google\00, PSA\upload","no","mono","no","18","no","#0000ff","no","slovenčina","yes","no","768","no","no","legacy","27","27","3","5","SVK_001_PP_14.csv","legacy","no","Kafkaesque Koffka","3.2.8","yes","5a7ce671e83246000deafe81","no","no","0","0","j","space","NA","j","NA","NA","NA","NA","NA","NA","NA","NA","NA","NA","space","NA","NA","NA","NA","f","NA","NA","NA","NA","NA","NA","NA","NA","NA","NA","space","NA","NA","NA","NA","523","3889","NA","523","NA","NA","NA","NA","NA","NA","NA","NA","NA","NA","1815","NA","NA","NA","NA","585","NA","NA","NA","NA","NA","NA","NA","NA","NA","NA","10027","NA","NA","NA","NA","2","legacy","no","yes","1024","2","48000","-16","no","EXP","0","even","no","no","NA","13530","4730","4731","7627","13516","13516","87485","NA","46644","97038","43185","23572","44814","97539","97036","13530","46644","97539","98064","NA","83233","23572","44774","34570","43183","34570","34570","23572","NA","NA","NA","NA","NA","NA","NA","NA","NA","NA","44816","NA","NA","NA","NA","43686","43686","44274","NA","34041","98564","NA","NA","NA","NA","NA","NA","NA","NA","NA","NA","13532","NA","NA","NA","NA","Orientation_PSA2018","4","2628","4","no","yes","1024"
"N","9317","V","H","PP_LIST4.csv","batV.jpg","batH.jpg","100","100","628.6","628.6","#ffffff","yes","legacy","legacy","legacy","0","uniform","1","1","undefined","1","undefined","6","j","0","0","0","0","0","0","0","0","28","0","28","11","0","0","28","28","0","0","28","28","28","28","0","11","2","11","2","2","0","0","0","0","0","0","0","0","0","0","0","0","0","0","0","0","11","11","11","11","11","28","0","0","0","0","0","0","0","0","0","0","0","0","0","0","0","12/03/19 13:59:06","no","Matching Tasks","yes","no","","no","OrientationCrossLanguages_2018PSA_PP_1.2.4.osexp","C:\Users\K11-15\Disk Google\00, PSA\upload","no","mono","no","18","no","#0000ff","no","slovenčina","yes","no","768","no","no","legacy","28","28","3","5","SVK_001_PP_14.csv","legacy","no","Kafkaesque Koffka","3.2.8","yes","5a7ce671e83246000deafe81","no","no","0","0","j","space","NA","j","NA","NA","NA","NA","NA","NA","NA","NA","NA","NA","space","NA","NA","NA","NA","f","NA","NA","NA","NA","NA","NA","NA","NA","NA","NA","space","NA","NA","NA","NA","515","3889","NA","515","NA","NA","NA","NA","NA","NA","NA","NA","NA","NA","1815","NA","NA","NA","NA","585","NA","NA","NA","NA","NA","NA","NA","NA","NA","NA","10027","NA","NA","NA","NA","2","legacy","no","yes","1024","2","48000","-16","no","EXP","0","even","no","no","NA","13530","4730","4731","7627","13516","13516","87485","NA","46644","98710","43185","23572","44814","99211","98708","13530","46644","99211","99728","NA","83233","23572","44774","34570","43183","34570","34570","23572","NA","NA","NA","NA","NA","NA","NA","NA","NA","NA","44816","NA","NA","NA","NA","43686","43686","44274","NA","34041","100229","NA","NA","NA","NA","NA","NA","NA","NA","NA","NA","13532","NA","NA","NA","NA","Orientation_PSA2018","5","3143","5","no","yes","1024"
"Y","9317","V","V","PP_LIST4.csv","nailV.jpg","nailV.jpg","100","100","598","598","#ffffff","yes","legacy","legacy","legacy","0","uniform","1","1","undefined","1","undefined","6","j","0","0","0","0","0","0","0","0","29","0","29","11","0","0","29","29","0","0","29","29","29","29","0","11","2","11","2","2","0","0","0","0","0","0","0","0","0","0","0","0","0","0","0","0","11","11","11","11","11","29","0","0","0","0","0","0","0","0","0","0","0","0","0","0","0","12/03/19 13:59:06","no","Matching Tasks","yes","no","","no","OrientationCrossLanguages_2018PSA_PP_1.2.4.osexp","C:\Users\K11-15\Disk Google\00, PSA\upload","no","mono","no","18","no","#0000ff","no","slovenčina","yes","no","768","no","no","legacy","29","29","3","5","SVK_001_PP_14.csv","legacy","no","Kafkaesque Koffka","3.2.8","yes","5a7ce671e83246000deafe81","no","no","0","0","j","space","NA","j","NA","NA","NA","NA","NA","NA","NA","NA","NA","NA","space","NA","NA","NA","NA","f","NA","NA","NA","NA","NA","NA","NA","NA","NA","NA","space","NA","NA","NA","NA","445","3889","NA","445","NA","NA","NA","NA","NA","NA","NA","NA","NA","NA","1815","NA","NA","NA","NA","585","NA","NA","NA","NA","NA","NA","NA","NA","NA","NA","10027","NA","NA","NA","NA","2","legacy","no","yes","1024","2","48000","-16","no","EXP","0","even","no","no","NA","13530","4730","4731","7627","13516","13516","87485","NA","46644","100372","43185","23572","44814","100873","100370","13530","46644","100873","101320","NA","83233","23572","44774","34570","43183","34570","34570","23572","NA","NA","NA","NA","NA","NA","NA","NA","NA","NA","44816","NA","NA","NA","NA","43686","43686","44274","NA","34041","101820","NA","NA","NA","NA","NA","NA","NA","NA","NA","NA","13532","NA","NA","NA","NA","Orientation_PSA2018","6","3588","6","no","yes","1024"
"N","9317","H","V","PP_LIST4.csv","screwH.jpg","screwV.jpg","100","100","577.571428571","577.571428571","#ffffff","yes","legacy","legacy","legacy","0","uniform","1","1","undefined","1","undefined","6","j","0","0","0","0","0","0","0","0","30","0","30","11","0","0","30","30","0","0","30","30","30","30","0","11","2","11","2","2","0","0","0","0","0","0","0","0","0","0","0","0","0","0","0","0","11","11","11","11","11","30","0","0","0","0","0","0","0","0","0","0","0","0","0","0","0","12/03/19 13:59:06","no","Matching Tasks","yes","no","","no","OrientationCrossLanguages_2018PSA_PP_1.2.4.osexp","C:\Users\K11-15\Disk Google\00, PSA\upload","no","mono","no","18","no","#0000ff","no","slovenčina","yes","no","768","no","no","legacy","30","30","3","5","SVK_001_PP_14.csv","legacy","no","Kafkaesque Koffka","3.2.8","yes","5a7ce671e83246000deafe81","no","no","0","0","j","space","NA","j","NA","NA","NA","NA","NA","NA","NA","NA","NA","NA","space","NA","NA","NA","NA","f","NA","NA","NA","NA","NA","NA","NA","NA","NA","NA","space","NA","NA","NA","NA","455","3889","NA","455","NA","NA","NA","NA","NA","NA","NA","NA","NA","NA","1815","NA","NA","NA","NA","585","NA","NA","NA","NA","NA","NA","NA","NA","NA","NA","10027","NA","NA","NA","NA","2","legacy","no","yes","1024","2","48000","-16","no","EXP","0","even","no","no","NA","13530","4730","4731","7627","13516","13516","87485","NA","46644","101970","43185","23572","44814","102471","101968","13530","46644","102471","102928","NA","83233","23572","44774","34570","43183","34570","34570","23572","NA","NA","NA","NA","NA","NA","NA","NA","NA","NA","44816","NA","NA","NA","NA","43686","43686","44274","NA","34041","103428","NA","NA","NA","NA","NA","NA","NA","NA","NA","NA","13532","NA","NA","NA","NA","Orientation_PSA2018","7","4043","7","no","yes","1024"
"F","9317","F","F","PP_LIST4.csv","mitten.jpg","needle.jpg","100","100","561.5","561.5","#ffffff","yes","legacy","legacy","legacy","0","uniform","1","1","undefined","1","undefined","6","f","0","0","0","0","0","0","0","0","31","0","31","11","0","0","31","31","0","0","31","31","31","31","0","11","2","11","2","2","0","0","0","0","0","0","0","0","0","0","0","0","0","0","0","0","11","11","11","11","11","31","0","0","0","0","0","0","0","0","0","0","0","0","0","0","0","12/03/19 13:59:06","no","Matching Tasks","yes","no","","no","OrientationCrossLanguages_2018PSA_PP_1.2.4.osexp","C:\Users\K11-15\Disk Google\00, PSA\upload","no","mono","no","18","no","#0000ff","no","slovenčina","yes","no","768","no","no","legacy","31","31","3","5","SVK_001_PP_14.csv","legacy","no","Kafkaesque Koffka","3.2.8","yes","5a7ce671e83246000deafe81","no","no","0","0","f","space","NA","f","NA","NA","NA","NA","NA","NA","NA","NA","NA","NA","space","NA","NA","NA","NA","f","NA","NA","NA","NA","NA","NA","NA","NA","NA","NA","space","NA","NA","NA","NA","449","3889","NA","449","NA","NA","NA","NA","NA","NA","NA","NA","NA","NA","1815","NA","NA","NA","NA","585","NA","NA","NA","NA","NA","NA","NA","NA","NA","NA","10027","NA","NA","NA","NA","2","legacy","no","yes","1024","2","48000","-16","no","EXP","0","even","no","no","NA","13530","4730","4731","7627","13516","13516","87485","NA","46644","103575","43185","23572","44814","104077","103573","13530","46644","104077","104528","NA","83233","23572","44774","34570","43183","34570","34570","23572","NA","NA","NA","NA","NA","NA","NA","NA","NA","NA","44816","NA","NA","NA","NA","43686","43686","44274","NA","34041","105029","NA","NA","NA","NA","NA","NA","NA","NA","NA","NA","13532","NA","NA","NA","NA","Orientation_PSA2018","8","4492","8","no","yes","1024"
"N","9317","H","V","PP_LIST4.csv","plateH.jpg","plateV.jpg","100","100","550.444444444","550.444444444","#ffffff","yes","legacy","legacy","legacy","0","uniform","1","1","undefined","1","undefined","6","j","0","0","0","0","0","0","0","0","32","0","32","11","0","0","32","32","0","0","32","32","32","32","0","11","2","11","2","2","0","0","0","0","0","0","0","0","0","0","0","0","0","0","0","0","11","11","11","11","11","32","0","0","0","0","0","0","0","0","0","0","0","0","0","0","0","12/03/19 13:59:06","no","Matching Tasks","yes","no","","no","OrientationCrossLanguages_2018PSA_PP_1.2.4.osexp","C:\Users\K11-15\Disk Google\00, PSA\upload","no","mono","no","18","no","#0000ff","no","slovenčina","yes","no","768","no","no","legacy","32","32","3","5","SVK_001_PP_14.csv","legacy","no","Kafkaesque Koffka","3.2.8","yes","5a7ce671e83246000deafe81","no","no","0","0","j","space","NA","j","NA","NA","NA","NA","NA","NA","NA","NA","NA","NA","space","NA","NA","NA","NA","f","NA","NA","NA","NA","NA","NA","NA","NA","NA","NA","space","NA","NA","NA","NA","462","3889","NA","462","NA","NA","NA","NA","NA","NA","NA","NA","NA","NA","1815","NA","NA","NA","NA","585","NA","NA","NA","NA","NA","NA","NA","NA","NA","NA","10027","NA","NA","NA","NA","2","legacy","no","yes","1024","2","48000","-16","no","EXP","0","even","no","no","NA","13530","4730","4731","7627","13516","13516","87485","NA","46644","105179","43185","23572","44814","105680","105177","13530","46644","105680","106144","NA","83233","23572","44774","34570","43183","34570","34570","23572","NA","NA","NA","NA","NA","NA","NA","NA","NA","NA","44816","NA","NA","NA","NA","43686","43686","44274","NA","34041","106644","NA","NA","NA","NA","NA","NA","NA","NA","NA","NA","13532","NA","NA","NA","NA","Orientation_PSA2018","9","4954","9","no","yes","1024"
"F","9317","F","F","PP_LIST4.csv","knife.jpg","ladder.jpg","100","100","549.4","549.4","#ffffff","yes","legacy","legacy","legacy","0","uniform","1","1","undefined","1","undefined","6","f","0","0","0","0","0","0","0","0","33","0","33","11","0","0","33","33","0","0","33","33","33","33","0","11","2","11","2","2","0","0","0","0","0","0","0","0","0","0","0","0","0","0","0","0","11","11","11","11","11","33","0","0","0","0","0","0","0","0","0","0","0","0","0","0","0","12/03/19 13:59:06","no","Matching Tasks","yes","no","","no","OrientationCrossLanguages_2018PSA_PP_1.2.4.osexp","C:\Users\K11-15\Disk Google\00, PSA\upload","no","mono","no","18","no","#0000ff","no","slovenčina","yes","no","768","no","no","legacy","33","33","3","5","SVK_001_PP_14.csv","legacy","no","Kafkaesque Koffka","3.2.8","yes","5a7ce671e83246000deafe81","no","no","0","0","f","space","NA","f","NA","NA","NA","NA","NA","NA","NA","NA","NA","NA","space","NA","NA","NA","NA","f","NA","NA","NA","NA","NA","NA","NA","NA","NA","NA","space","NA","NA","NA","NA","540","3889","NA","540","NA","NA","NA","NA","NA","NA","NA","NA","NA","NA","1815","NA","NA","NA","NA","585","NA","NA","NA","NA","NA","NA","NA","NA","NA","NA","10027","NA","NA","NA","NA","2","legacy","no","yes","1024","2","48000","-16","no","EXP","0","even","no","no","NA","13530","4730","4731","7627","13516","13516","87485","NA","46644","106789","43185","23572","44814","107290","106787","13530","46644","107290","107832","NA","83233","23572","44774","34570","43183","34570","34570","23572","NA","NA","NA","NA","NA","NA","NA","NA","NA","NA","44816","NA","NA","NA","NA","43686","43686","44274","NA","34041","108332","NA","NA","NA","NA","NA","NA","NA","NA","NA","NA","13532","NA","NA","NA","NA","Orientation_PSA2018","10","5494","10","no","yes","1024"
"F","9317","F","F","PP_LIST4.csv","sutcse.jpg","pumpkin.jpg","100","100","547.363636364","547.363636364","#ffffff","yes","legacy","legacy","legacy","0","uniform","1","1","undefined","1","undefined","6","f","0","0","0","0","0","0","0","0","34","0","34","11","0","0","34","34","0","0","34","34","34","34","0","11","2","11","2","2","0","0","0","0","0","0","0","0","0","0","0","0","0","0","0","0","11","11","11","11","11","34","0","0","0","0","0","0","0","0","0","0","0","0","0","0","0","12/03/19 13:59:06","no","Matching Tasks","yes","no","","no","OrientationCrossLanguages_2018PSA_PP_1.2.4.osexp","C:\Users\K11-15\Disk Google\00, PSA\upload","no","mono","no","18","no","#0000ff","no","slovenčina","yes","no","768","no","no","legacy","34","34","3","5","SVK_001_PP_14.csv","legacy","no","Kafkaesque Koffka","3.2.8","yes","5a7ce671e83246000deafe81","no","no","0","0","f","space","NA","f","NA","NA","NA","NA","NA","NA","NA","NA","NA","NA","space","NA","NA","NA","NA","f","NA","NA","NA","NA","NA","NA","NA","NA","NA","NA","space","NA","NA","NA","NA","527","3889","NA","527","NA","NA","NA","NA","NA","NA","NA","NA","NA","NA","1815","NA","NA","NA","NA","585","NA","NA","NA","NA","NA","NA","NA","NA","NA","NA","10027","NA","NA","NA","NA","2","legacy","no","yes","1024","2","48000","-16","no","EXP","0","even","no","no","NA","13530","4730","4731","7627","13516","13516","87485","NA","46644","108482","43185","23572","44814","108984","108481","13530","46644","108984","109513","NA","83233","23572","44774","34570","43183","34570","34570","23572","NA","NA","NA","NA","NA","NA","NA","NA","NA","NA","44816","NA","NA","NA","NA","43686","43686","44274","NA","34041","110013","NA","NA","NA","NA","NA","NA","NA","NA","NA","NA","13532","NA","NA","NA","NA","Orientation_PSA2018","11","6021","11","no","yes","1024"
"F","9317","F","F","PP_LIST4.csv","pumpkin.jpg","trmpet.jpg","100","100","541.75","541.75","#ffffff","yes","legacy","legacy","legacy","0","uniform","1","1","undefined","1","undefined","6","f","0","0","0","0","0","0","0","0","35","0","35","11","0","0","35","35","0","0","35","35","35","35","0","11","2","11","2","2","0","0","0","0","0","0","0","0","0","0","0","0","0","0","0","0","11","11","11","11","11","35","0","0","0","0","0","0","0","0","0","0","0","0","0","0","0","12/03/19 13:59:06","no","Matching Tasks","yes","no","","no","OrientationCrossLanguages_2018PSA_PP_1.2.4.osexp","C:\Users\K11-15\Disk Google\00, PSA\upload","no","mono","no","18","no","#0000ff","no","slovenčina","yes","no","768","no","no","legacy","35","35","3","5","SVK_001_PP_14.csv","legacy","no","Kafkaesque Koffka","3.2.8","yes","5a7ce671e83246000deafe81","no","no","0","0","f","space","NA","f","NA","NA","NA","NA","NA","NA","NA","NA","NA","NA","space","NA","NA","NA","NA","f","NA","NA","NA","NA","NA","NA","NA","NA","NA","NA","space","NA","NA","NA","NA","480","3889","NA","480","NA","NA","NA","NA","NA","NA","NA","NA","NA","NA","1815","NA","NA","NA","NA","585","NA","NA","NA","NA","NA","NA","NA","NA","NA","NA","10027","NA","NA","NA","NA","2","legacy","no","yes","1024","2","48000","-16","no","EXP","0","even","no","no","NA","13530","4730","4731","7627","13516","13516","87485","NA","46644","110185","43185","23572","44814","110686","110184","13530","46644","110686","111168","NA","83233","23572","44774","34570","43183","34570","34570","23572","NA","NA","NA","NA","NA","NA","NA","NA","NA","NA","44816","NA","NA","NA","NA","43686","43686","44274","NA","34041","111668","NA","NA","NA","NA","NA","NA","NA","NA","NA","NA","13532","NA","NA","NA","NA","Orientation_PSA2018","12","6501","12","no","yes","1024"
"F","9317","F","F","PP_LIST4.csv","tiger.jpg","wndmil.jpg","100","100","537","537","#ffffff","yes","legacy","legacy","legacy","0","uniform","1","1","undefined","1","undefined","6","f","0","0","0","0","0","0","0","0","36","0","36","11","0","0","36","36","0","0","36","36","36","36","0","11","2","11","2","2","0","0","0","0","0","0","0","0","0","0","0","0","0","0","0","0","11","11","11","11","11","36","0","0","0","0","0","0","0","0","0","0","0","0","0","0","0","12/03/19 13:59:06","no","Matching Tasks","yes","no","","no","OrientationCrossLanguages_2018PSA_PP_1.2.4.osexp","C:\Users\K11-15\Disk Google\00, PSA\upload","no","mono","no","18","no","#0000ff","no","slovenčina","yes","no","768","no","no","legacy","36","36","3","5","SVK_001_PP_14.csv","legacy","no","Kafkaesque Koffka","3.2.8","yes","5a7ce671e83246000deafe81","no","no","0","0","f","space","NA","f","NA","NA","NA","NA","NA","NA","NA","NA","NA","NA","space","NA","NA","NA","NA","f","NA","NA","NA","NA","NA","NA","NA","NA","NA","NA","space","NA","NA","NA","NA","480","3889","NA","480","NA","NA","NA","NA","NA","NA","NA","NA","NA","NA","1815","NA","NA","NA","NA","585","NA","NA","NA","NA","NA","NA","NA","NA","NA","NA","10027","NA","NA","NA","NA","2","legacy","no","yes","1024","2","48000","-16","no","EXP","0","even","no","no","NA","13530","4730","4731","7627","13516","13516","87485","NA","46644","111809","43185","23572","44814","112310","111807","13530","46644","112310","112792","NA","83233","23572","44774","34570","43183","34570","34570","23572","NA","NA","NA","NA","NA","NA","NA","NA","NA","NA","44816","NA","NA","NA","NA","43686","43686","44274","NA","34041","113292","NA","NA","NA","NA","NA","NA","NA","NA","NA","NA","13532","NA","NA","NA","NA","Orientation_PSA2018","13","6981","13","no","yes","1024"
"Y","9317","H","H","PP_LIST4.csv","flashH.jpg","flashH.jpg","100","100","525.642857143","525.642857143","#ffffff","yes","legacy","legacy","legacy","0","uniform","1","1","undefined","1","undefined","6","j","0","0","0","0","0","0","0","0","37","0","37","11","0","0","37","37","0","0","37","37","37","37","0","11","2","11","2","2","0","0","0","0","0","0","0","0","0","0","0","0","0","0","0","0","11","11","11","11","11","37","0","0","0","0","0","0","0","0","0","0","0","0","0","0","0","12/03/19 13:59:06","no","Matching Tasks","yes","no","","no","OrientationCrossLanguages_2018PSA_PP_1.2.4.osexp","C:\Users\K11-15\Disk Google\00, PSA\upload","no","mono","no","18","no","#0000ff","no","slovenčina","yes","no","768","no","no","legacy","37","37","3","5","SVK_001_PP_14.csv","legacy","no","Kafkaesque Koffka","3.2.8","yes","5a7ce671e83246000deafe81","no","no","0","0","j","space","NA","j","NA","NA","NA","NA","NA","NA","NA","NA","NA","NA","space","NA","NA","NA","NA","f","NA","NA","NA","NA","NA","NA","NA","NA","NA","NA","space","NA","NA","NA","NA","378","3889","NA","378","NA","NA","NA","NA","NA","NA","NA","NA","NA","NA","1815","NA","NA","NA","NA","585","NA","NA","NA","NA","NA","NA","NA","NA","NA","NA","10027","NA","NA","NA","NA","2","legacy","no","yes","1024","2","48000","-16","no","EXP","0","even","no","no","NA","13530","4730","4731","7627","13516","13516","87485","NA","46644","113439","43185","23572","44814","113940","113437","13530","46644","113940","114320","NA","83233","23572","44774","34570","43183","34570","34570","23572","NA","NA","NA","NA","NA","NA","NA","NA","NA","NA","44816","NA","NA","NA","NA","43686","43686","44274","NA","34041","114820","NA","NA","NA","NA","NA","NA","NA","NA","NA","NA","13532","NA","NA","NA","NA","Orientation_PSA2018","14","7359","14","no","yes","1024"
"F","9317","F","F","PP_LIST4.csv","couch.jpg","spider.jpg","100","100","521.333333333","521.333333333","#ffffff","yes","legacy","legacy","legacy","0","uniform","1","1","undefined","1","undefined","6","f","0","0","0","0","0","0","0","0","38","0","38","11","0","0","38","38","0","0","38","38","38","38","0","11","2","11","2","2","0","0","0","0","0","0","0","0","0","0","0","0","0","0","0","0","11","11","11","11","11","38","0","0","0","0","0","0","0","0","0","0","0","0","0","0","0","12/03/19 13:59:06","no","Matching Tasks","yes","no","","no","OrientationCrossLanguages_2018PSA_PP_1.2.4.osexp","C:\Users\K11-15\Disk Google\00, PSA\upload","no","mono","no","18","no","#0000ff","no","slovenčina","yes","no","768","no","no","legacy","38","38","3","5","SVK_001_PP_14.csv","legacy","no","Kafkaesque Koffka","3.2.8","yes","5a7ce671e83246000deafe81","no","no","0","0","f","space","NA","f","NA","NA","NA","NA","NA","NA","NA","NA","NA","NA","space","NA","NA","NA","NA","f","NA","NA","NA","NA","NA","NA","NA","NA","NA","NA","space","NA","NA","NA","NA","461","3889","NA","461","NA","NA","NA","NA","NA","NA","NA","NA","NA","NA","1815","NA","NA","NA","NA","585","NA","NA","NA","NA","NA","NA","NA","NA","NA","NA","10027","NA","NA","NA","NA","2","legacy","no","yes","1024","2","48000","-16","no","EXP","0","even","no","no","NA","13530","4730","4731","7627","13516","13516","87485","NA","46644","114964","43185","23572","44814","115465","114962","13530","46644","115465","115929","NA","83233","23572","44774","34570","43183","34570","34570","23572","NA","NA","NA","NA","NA","NA","NA","NA","NA","NA","44816","NA","NA","NA","NA","43686","43686","44274","NA","34041","116429","NA","NA","NA","NA","NA","NA","NA","NA","NA","NA","13532","NA","NA","NA","NA","Orientation_PSA2018","15","7820","15","no","yes","1024"
"F","9317","F","F","PP_LIST4.csv","trmpet.jpg","tapedispenser.jpg","100","100","523.8125","523.8125","#ffffff","yes","legacy","legacy","legacy","0","uniform","1","1","undefined","1","undefined","6","f","0","0","0","0","0","0","0","0","39","0","39","11","0","0","39","39","0","0","39","39","39","39","0","11","2","11","2","2","0","0","0","0","0","0","0","0","0","0","0","0","0","0","0","0","11","11","11","11","11","39","0","0","0","0","0","0","0","0","0","0","0","0","0","0","0","12/03/19 13:59:06","no","Matching Tasks","yes","no","","no","OrientationCrossLanguages_2018PSA_PP_1.2.4.osexp","C:\Users\K11-15\Disk Google\00, PSA\upload","no","mono","no","18","no","#0000ff","no","slovenčina","yes","no","768","no","no","legacy","39","39","3","5","SVK_001_PP_14.csv","legacy","no","Kafkaesque Koffka","3.2.8","yes","5a7ce671e83246000deafe81","no","no","0","0","f","space","NA","f","NA","NA","NA","NA","NA","NA","NA","NA","NA","NA","space","NA","NA","NA","NA","f","NA","NA","NA","NA","NA","NA","NA","NA","NA","NA","space","NA","NA","NA","NA","561","3889","NA","561","NA","NA","NA","NA","NA","NA","NA","NA","NA","NA","1815","NA","NA","NA","NA","585","NA","NA","NA","NA","NA","NA","NA","NA","NA","NA","10027","NA","NA","NA","NA","2","legacy","no","yes","1024","2","48000","-16","no","EXP","0","even","no","no","NA","13530","4730","4731","7627","13516","13516","87485","NA","46644","116560","43185","23572","44814","117061","116559","13530","46644","117061","117625","NA","83233","23572","44774","34570","43183","34570","34570","23572","NA","NA","NA","NA","NA","NA","NA","NA","NA","NA","44816","NA","NA","NA","NA","43686","43686","44274","NA","34041","118125","NA","NA","NA","NA","NA","NA","NA","NA","NA","NA","13532","NA","NA","NA","NA","Orientation_PSA2018","16","8381","16","no","yes","1024"
"F","9317","F","F","PP_LIST4.csv","wndmil.jpg","mitten.jpg","100","100","518.588235294","518.588235294","#ffffff","yes","legacy","legacy","legacy","0","uniform","1","1","undefined","1","undefined","6","f","0","0","0","0","0","0","0","0","40","0","40","11","0","0","40","40","0","0","40","40","40","40","0","11","2","11","2","2","0","0","0","0","0","0","0","0","0","0","0","0","0","0","0","0","11","11","11","11","11","40","0","0","0","0","0","0","0","0","0","0","0","0","0","0","0","12/03/19 13:59:06","no","Matching Tasks","yes","no","","no","OrientationCrossLanguages_2018PSA_PP_1.2.4.osexp","C:\Users\K11-15\Disk Google\00, PSA\upload","no","mono","no","18","no","#0000ff","no","slovenčina","yes","no","768","no","no","legacy","40","40","3","5","SVK_001_PP_14.csv","legacy","no","Kafkaesque Koffka","3.2.8","yes","5a7ce671e83246000deafe81","no","no","0","0","f","space","NA","f","NA","NA","NA","NA","NA","NA","NA","NA","NA","NA","space","NA","NA","NA","NA","f","NA","NA","NA","NA","NA","NA","NA","NA","NA","NA","space","NA","NA","NA","NA","435","3889","NA","435","NA","NA","NA","NA","NA","NA","NA","NA","NA","NA","1815","NA","NA","NA","NA","585","NA","NA","NA","NA","NA","NA","NA","NA","NA","NA","10027","NA","NA","NA","NA","2","legacy","no","yes","1024","2","48000","-16","no","EXP","0","even","no","no","NA","13530","4730","4731","7627","13516","13516","87485","NA","46644","118262","43185","23572","44814","118763","118260","13530","46644","118763","119200","NA","83233","23572","44774","34570","43183","34570","34570","23572","NA","NA","NA","NA","NA","NA","NA","NA","NA","NA","44816","NA","NA","NA","NA","43686","43686","44274","NA","34041","119700","NA","NA","NA","NA","NA","NA","NA","NA","NA","NA","13532","NA","NA","NA","NA","Orientation_PSA2018","17","8816","17","no","yes","1024"
"F","9317","F","F","PP_LIST4.csv","ladder.jpg","house.jpg","100","100","513.944444444","513.944444444","#ffffff","yes","legacy","legacy","legacy","0","uniform","1","1","undefined","1","undefined","6","f","0","0","0","0","0","0","0","0","41","0","41","11","0","0","41","41","0","0","41","41","41","41","0","11","2","11","2","2","0","0","0","0","0","0","0","0","0","0","0","0","0","0","0","0","11","11","11","11","11","41","0","0","0","0","0","0","0","0","0","0","0","0","0","0","0","12/03/19 13:59:06","no","Matching Tasks","yes","no","","no","OrientationCrossLanguages_2018PSA_PP_1.2.4.osexp","C:\Users\K11-15\Disk Google\00, PSA\upload","no","mono","no","18","no","#0000ff","no","slovenčina","yes","no","768","no","no","legacy","41","41","3","5","SVK_001_PP_14.csv","legacy","no","Kafkaesque Koffka","3.2.8","yes","5a7ce671e83246000deafe81","no","no","0","0","f","space","NA","f","NA","NA","NA","NA","NA","NA","NA","NA","NA","NA","space","NA","NA","NA","NA","f","NA","NA","NA","NA","NA","NA","NA","NA","NA","NA","space","NA","NA","NA","NA","435","3889","NA","435","NA","NA","NA","NA","NA","NA","NA","NA","NA","NA","1815","NA","NA","NA","NA","585","NA","NA","NA","NA","NA","NA","NA","NA","NA","NA","10027","NA","NA","NA","NA","2","legacy","no","yes","1024","2","48000","-16","no","EXP","0","even","no","no","NA","13530","4730","4731","7627","13516","13516","87485","NA","46644","119838","43185","23572","44814","120339","119836","13530","46644","120339","120776","NA","83233","23572","44774","34570","43183","34570","34570","23572","NA","NA","NA","NA","NA","NA","NA","NA","NA","NA","44816","NA","NA","NA","NA","43686","43686","44274","NA","34041","121276","NA","NA","NA","NA","NA","NA","NA","NA","NA","NA","13532","NA","NA","NA","NA","Orientation_PSA2018","18","9251","18","no","yes","1024"
"N","9317","V","H","PP_LIST4.csv","axeV.jpg","axeH.jpg","94.7368421053","94.7368421053","510.105263158","510.105263158","#ffffff","yes","legacy","legacy","legacy","0","uniform","0","0","undefined","1","undefined","6","j","0","0","0","0","0","0","0","0","42","0","42","11","0","0","42","42","0","0","42","42","42","42","0","11","2","11","2","2","0","0","0","0","0","0","0","0","0","0","0","0","0","0","0","0","11","11","11","11","11","42","0","0","0","0","0","0","0","0","0","0","0","0","0","0","0","12/03/19 13:59:06","no","Matching Tasks","yes","no","","no","OrientationCrossLanguages_2018PSA_PP_1.2.4.osexp","C:\Users\K11-15\Disk Google\00, PSA\upload","no","mono","no","18","no","#0000ff","no","slovenčina","yes","no","768","no","no","legacy","42","42","3","5","SVK_001_PP_14.csv","legacy","no","Kafkaesque Koffka","3.2.8","yes","5a7ce671e83246000deafe81","no","no","0","0","f","space","NA","f","NA","NA","NA","NA","NA","NA","NA","NA","NA","NA","space","NA","NA","NA","NA","f","NA","NA","NA","NA","NA","NA","NA","NA","NA","NA","space","NA","NA","NA","NA","441","3889","NA","441","NA","NA","NA","NA","NA","NA","NA","NA","NA","NA","1815","NA","NA","NA","NA","585","NA","NA","NA","NA","NA","NA","NA","NA","NA","NA","10027","NA","NA","NA","NA","2","legacy","no","yes","1024","2","48000","-16","no","EXP","0","even","no","no","NA","13530","4730","4731","7627","13516","13516","87485","NA","46644","121416","43185","23572","44814","121917","121415","13530","46644","121917","120776","NA","122360","23572","44774","34570","43183","34570","34570","23572","NA","NA","NA","NA","NA","NA","NA","NA","NA","NA","44816","NA","NA","NA","NA","43686","43686","44274","NA","34041","122860","NA","NA","NA","NA","NA","NA","NA","NA","NA","NA","13532","NA","NA","NA","NA","Orientation_PSA2018","18","9692","19","no","yes","1024"
"F","9317","F","F","PP_LIST4.csv","watch.jpg","skirt.jpg","95","95","513.8","513.8","#ffffff","yes","legacy","legacy","legacy","0","uniform","1","1","undefined","1","undefined","6","f","0","0","0","0","0","0","0","0","43","0","43","11","0","0","43","43","0","0","43","43","43","43","0","11","2","11","2","2","0","0","0","0","0","0","0","0","0","0","0","0","0","0","0","0","11","11","11","11","11","43","0","0","0","0","0","0","0","0","0","0","0","0","0","0","0","12/03/19 13:59:06","no","Matching Tasks","yes","no","","no","OrientationCrossLanguages_2018PSA_PP_1.2.4.osexp","C:\Users\K11-15\Disk Google\00, PSA\upload","no","mono","no","18","no","#0000ff","no","slovenčina","yes","no","768","no","no","legacy","43","43","3","5","SVK_001_PP_14.csv","legacy","no","Kafkaesque Koffka","3.2.8","yes","5a7ce671e83246000deafe81","no","no","0","0","f","space","NA","f","NA","NA","NA","NA","NA","NA","NA","NA","NA","NA","space","NA","NA","NA","NA","f","NA","NA","NA","NA","NA","NA","NA","NA","NA","NA","space","NA","NA","NA","NA","584","3889","NA","584","NA","NA","NA","NA","NA","NA","NA","NA","NA","NA","1815","NA","NA","NA","NA","585","NA","NA","NA","NA","NA","NA","NA","NA","NA","NA","10027","NA","NA","NA","NA","2","legacy","no","yes","1024","2","48000","-16","no","EXP","0","even","no","no","NA","13530","4730","4731","7627","13516","13516","87485","NA","46644","122993","43185","23572","44814","123494","122991","13530","46644","123494","124080","NA","122360","23572","44774","34570","43183","34570","34570","23572","NA","NA","NA","NA","NA","NA","NA","NA","NA","NA","44816","NA","NA","NA","NA","43686","43686","44274","NA","34041","124581","NA","NA","NA","NA","NA","NA","NA","NA","NA","NA","13532","NA","NA","NA","NA","Orientation_PSA2018","19","10276","20","no","yes","1024"
"F","9317","F","F","PP_LIST4.csv","umberella.jpg","flower.jpg","95.2380952381","95.2380952381","512.19047619","512.19047619","#ffffff","yes","legacy","legacy","legacy","0","uniform","1","1","undefined","1","undefined","6","f","0","0","0","0","0","0","0","0","44","0","44","11","0","0","44","44","0","0","44","44","44","44","0","11","2","11","2","2","0","0","0","0","0","0","0","0","0","0","0","0","0","0","0","0","11","11","11","11","11","44","0","0","0","0","0","0","0","0","0","0","0","0","0","0","0","12/03/19 13:59:06","no","Matching Tasks","yes","no","","no","OrientationCrossLanguages_2018PSA_PP_1.2.4.osexp","C:\Users\K11-15\Disk Google\00, PSA\upload","no","mono","no","18","no","#0000ff","no","slovenčina","yes","no","768","no","no","legacy","44","44","3","5","SVK_001_PP_14.csv","legacy","no","Kafkaesque Koffka","3.2.8","yes","5a7ce671e83246000deafe81","no","no","0","0","f","space","NA","f","NA","NA","NA","NA","NA","NA","NA","NA","NA","NA","space","NA","NA","NA","NA","f","NA","NA","NA","NA","NA","NA","NA","NA","NA","NA","space","NA","NA","NA","NA","480","3889","NA","480","NA","NA","NA","NA","NA","NA","NA","NA","NA","NA","1815","NA","NA","NA","NA","585","NA","NA","NA","NA","NA","NA","NA","NA","NA","NA","10027","NA","NA","NA","NA","2","legacy","no","yes","1024","2","48000","-16","no","EXP","0","even","no","no","NA","13530","4730","4731","7627","13516","13516","87485","NA","46644","124721","43185","23572","44814","125222","124719","13530","46644","125222","125704","NA","122360","23572","44774","34570","43183","34570","34570","23572","NA","NA","NA","NA","NA","NA","NA","NA","NA","NA","44816","NA","NA","NA","NA","43686","43686","44274","NA","34041","126204","NA","NA","NA","NA","NA","NA","NA","NA","NA","NA","13532","NA","NA","NA","NA","Orientation_PSA2018","20","10756","21","no","yes","1024"
"F","9317","F","F","PP_LIST4.csv","wrench.jpg","piano.jpg","95.4545454545","95.4545454545","511.181818182","511.181818182","#ffffff","yes","legacy","legacy","legacy","0","uniform","1","1","undefined","1","undefined","6","f","0","0","0","0","0","0","0","0","45","0","45","11","0","0","45","45","0","0","45","45","45","45","0","11","2","11","2","2","0","0","0","0","0","0","0","0","0","0","0","0","0","0","0","0","11","11","11","11","11","45","0","0","0","0","0","0","0","0","0","0","0","0","0","0","0","12/03/19 13:59:06","no","Matching Tasks","yes","no","","no","OrientationCrossLanguages_2018PSA_PP_1.2.4.osexp","C:\Users\K11-15\Disk Google\00, PSA\upload","no","mono","no","18","no","#0000ff","no","slovenčina","yes","no","768","no","no","legacy","45","45","3","5","SVK_001_PP_14.csv","legacy","no","Kafkaesque Koffka","3.2.8","yes","5a7ce671e83246000deafe81","no","no","0","0","f","space","NA","f","NA","NA","NA","NA","NA","NA","NA","NA","NA","NA","space","NA","NA","NA","NA","f","NA","NA","NA","NA","NA","NA","NA","NA","NA","NA","space","NA","NA","NA","NA","490","3889","NA","490","NA","NA","NA","NA","NA","NA","NA","NA","NA","NA","1815","NA","NA","NA","NA","585","NA","NA","NA","NA","NA","NA","NA","NA","NA","NA","10027","NA","NA","NA","NA","2","legacy","no","yes","1024","2","48000","-16","no","EXP","0","even","no","no","NA","13530","4730","4731","7627","13516","13516","87485","NA","46644","126375","43185","23572","44814","126876","126373","13530","46644","126876","127368","NA","122360","23572","44774","34570","43183","34570","34570","23572","NA","NA","NA","NA","NA","NA","NA","NA","NA","NA","44816","NA","NA","NA","NA","43686","43686","44274","NA","34041","127868","NA","NA","NA","NA","NA","NA","NA","NA","NA","NA","13532","NA","NA","NA","NA","Orientation_PSA2018","21","11246","22","no","yes","1024"
"N","9317","V","H","PP_LIST4.csv","bowlV.jpg","bowlH.jpg","95.652173913","95.652173913","511.956521739","511.956521739","#ffffff","yes","legacy","legacy","legacy","0","uniform","1","1","undefined","1","undefined","6","j","0","0","0","0","0","0","0","0","46","0","46","11","0","0","46","46","0","0","46","46","46","46","0","11","2","11","2","2","0","0","0","0","0","0","0","0","0","0","0","0","0","0","0","0","11","11","11","11","11","46","0","0","0","0","0","0","0","0","0","0","0","0","0","0","0","12/03/19 13:59:06","no","Matching Tasks","yes","no","","no","OrientationCrossLanguages_2018PSA_PP_1.2.4.osexp","C:\Users\K11-15\Disk Google\00, PSA\upload","no","mono","no","18","no","#0000ff","no","slovenčina","yes","no","768","no","no","legacy","46","46","3","5","SVK_001_PP_14.csv","legacy","no","Kafkaesque Koffka","3.2.8","yes","5a7ce671e83246000deafe81","no","no","0","0","j","space","NA","j","NA","NA","NA","NA","NA","NA","NA","NA","NA","NA","space","NA","NA","NA","NA","f","NA","NA","NA","NA","NA","NA","NA","NA","NA","NA","space","NA","NA","NA","NA","529","3889","NA","529","NA","NA","NA","NA","NA","NA","NA","NA","NA","NA","1815","NA","NA","NA","NA","585","NA","NA","NA","NA","NA","NA","NA","NA","NA","NA","10027","NA","NA","NA","NA","2","legacy","no","yes","1024","2","48000","-16","no","EXP","0","even","no","no","NA","13530","4730","4731","7627","13516","13516","87485","NA","46644","128024","43185","23572","44814","128525","128022","13530","46644","128525","129057","NA","122360","23572","44774","34570","43183","34570","34570","23572","NA","NA","NA","NA","NA","NA","NA","NA","NA","NA","44816","NA","NA","NA","NA","43686","43686","44274","NA","34041","129557","NA","NA","NA","NA","NA","NA","NA","NA","NA","NA","13532","NA","NA","NA","NA","Orientation_PSA2018","22","11775","23","no","yes","1024"
"Y","9317","H","H","PP_LIST4.csv","caterpillarH.jpg","caterpillarH.jpg","95.8333333333","95.8333333333","509.666666667","509.666666667","#ffffff","yes","legacy","legacy","legacy","0","uniform","1","1","undefined","1","undefined","6","j","0","0","0","0","0","0","0","0","47","0","47","11","0","0","47","47","0","0","47","47","47","47","0","11","2","11","2","2","0","0","0","0","0","0","0","0","0","0","0","0","0","0","0","0","11","11","11","11","11","47","0","0","0","0","0","0","0","0","0","0","0","0","0","0","0","12/03/19 13:59:06","no","Matching Tasks","yes","no","","no","OrientationCrossLanguages_2018PSA_PP_1.2.4.osexp","C:\Users\K11-15\Disk Google\00, PSA\upload","no","mono","no","18","no","#0000ff","no","slovenčina","yes","no","768","no","no","legacy","47","47","3","5","SVK_001_PP_14.csv","legacy","no","Kafkaesque Koffka","3.2.8","yes","5a7ce671e83246000deafe81","no","no","0","0","j","space","NA","j","NA","NA","NA","NA","NA","NA","NA","NA","NA","NA","space","NA","NA","NA","NA","f","NA","NA","NA","NA","NA","NA","NA","NA","NA","NA","space","NA","NA","NA","NA","457","3889","NA","457","NA","NA","NA","NA","NA","NA","NA","NA","NA","NA","1815","NA","NA","NA","NA","585","NA","NA","NA","NA","NA","NA","NA","NA","NA","NA","10027","NA","NA","NA","NA","2","legacy","no","yes","1024","2","48000","-16","no","EXP","0","even","no","no","NA","13530","4730","4731","7627","13516","13516","87485","NA","46644","129704","43185","23572","44814","130205","129702","13530","46644","130205","130664","NA","122360","23572","44774","34570","43183","34570","34570","23572","NA","NA","NA","NA","NA","NA","NA","NA","NA","NA","44816","NA","NA","NA","NA","43686","43686","44274","NA","34041","131164","NA","NA","NA","NA","NA","NA","NA","NA","NA","NA","13532","NA","NA","NA","NA","Orientation_PSA2018","23","12232","24","no","yes","1024"
