"Identical","LAB_SEED","Orientation1","Orientation2","PPList","Picture1","Picture2","acc","accuracy","average_response_time","avg_rt","background","bidi","canvas_backend","clock_backend","color_backend","compensation","coordinates","correct","correct_Pictures_response","correct_Start_TC","correct_Target_response_Prac","correct_Welcome_PP_TC","correct_count","correct_response","count_Check_This","count_Disable_Mouse","count_EXP","count_LAB_SEED","count_Language_Selection","count_List_Select","count_List_Selection","count_Pictures_Break","count_Pictures_End","count_Pictures_Exp","count_Pictures_Fixation","count_Pictures_Fixation_Prac","count_Pictures_Prac","count_Pictures_Start","count_Pictures_Target","count_Pictures_Trial","count_Pictures_Welcome","count_Pictures_loop","count_Pictures_response","count_Pictures_response_correct","count_Pictures_response_noans","count_Pictures_response_wrong","count_Prac","count_Prac_Count","count_Prac_Reset","count_Prac_Trial","count_Prac_loop","count_Prac_seq","count_Prac_setup","count_Start_DE","count_Start_E","count_Start_ELL","count_Start_HEB","count_Start_HIN","count_Start_HUN","count_Start_NOR","count_Start_PL","count_Start_POR","count_Start_SC","count_Start_SLK","count_Start_SPA","count_Start_TC","count_Start_THAI","count_Start_TUR","count_Target_Prac","count_Target_response_Prac","count_Target_response_correct_Prac","count_Target_response_noans_Prac","count_Target_response_wrong_Prac","count_Trial_logger","count_Welcome_PP_DE","count_Welcome_PP_E","count_Welcome_PP_ELL","count_Welcome_PP_HEB","count_Welcome_PP_HIN","count_Welcome_PP_HUN","count_Welcome_PP_NOR","count_Welcome_PP_PL","count_Welcome_PP_POR","count_Welcome_PP_SC","count_Welcome_PP_SLK","count_Welcome_PP_SPA","count_Welcome_PP_TC","count_Welcome_PP_THAI","count_Welcome_PP_TUR","datetime","de","description","disable_garbage_collection","ell","empty_column","en","experiment_file","experiment_path","font_bold","font_family","font_italic","font_size","font_underline","foreground","form_clicks","form_response","fullscreen","heb","height","hin","hun","keyboard_backend","live_row","live_row_Pictures_loop","live_row_Prac","live_row_Prac_loop","logfile","mouse_backend","nor","opensesame_codename","opensesame_version","osf_always_upload_experiment","osf_id","pol","por","repeat_cycle","reset_loop","response","response_Pictures_Break","response_Pictures_End","response_Pictures_response","response_Start_DE","response_Start_E","response_Start_ELL","response_Start_HEB","response_Start_HIN","response_Start_HUN","response_Start_NOR","response_Start_PL","response_Start_POR","response_Start_SC","response_Start_SLK","response_Start_SPA","response_Start_TC","response_Start_THAI","response_Start_TUR","response_Target_response_Prac","response_Welcome_PP_DE","response_Welcome_PP_E","response_Welcome_PP_ELL","response_Welcome_PP_HEB","response_Welcome_PP_HIN","response_Welcome_PP_HUN","response_Welcome_PP_NOR","response_Welcome_PP_PL","response_Welcome_PP_POR","response_Welcome_PP_SC","response_Welcome_PP_SLK","response_Welcome_PP_SPA","response_Welcome_PP_TC","response_Welcome_PP_THAI","response_Welcome_PP_TUR","response_time","response_time_Pictures_Break","response_time_Pictures_End","response_time_Pictures_response","response_time_Start_DE","response_time_Start_E","response_time_Start_ELL","response_time_Start_HEB","response_time_Start_HIN","response_time_Start_HUN","response_time_Start_NOR","response_time_Start_PL","response_time_Start_POR","response_time_Start_SC","response_time_Start_SLK","response_time_Start_SPA","response_time_Start_TC","response_time_Start_THAI","response_time_Start_TUR","response_time_Target_response_Prac","response_time_Welcome_PP_DE","response_time_Welcome_PP_E","response_time_Welcome_PP_ELL","response_time_Welcome_PP_HEB","response_time_Welcome_PP_HIN","response_time_Welcome_PP_HUN","response_time_Welcome_PP_NOR","response_time_Welcome_PP_PL","response_time_Welcome_PP_POR","response_time_Welcome_PP_SC","response_time_Welcome_PP_SLK","response_time_Welcome_PP_SPA","response_time_Welcome_PP_TC","response_time_Welcome_PP_THAI","response_time_Welcome_PP_TUR","round_decimals","sampler_backend","sc","slk","sound_buf_size","sound_channels","sound_freq","sound_sample_size","spa","start","subject_nr","subject_parity","tc","thai","time_Check_This","time_Disable_Mouse","time_EXP","time_LAB_SEED","time_Language_Selection","time_List_Select","time_List_Selection","time_Pictures_Break","time_Pictures_End","time_Pictures_Exp","time_Pictures_Fixation","time_Pictures_Fixation_Prac","time_Pictures_Prac","time_Pictures_Start","time_Pictures_Target","time_Pictures_Trial","time_Pictures_Welcome","time_Pictures_loop","time_Pictures_response","time_Pictures_response_correct","time_Pictures_response_noans","time_Pictures_response_wrong","time_Prac","time_Prac_Count","time_Prac_Reset","time_Prac_Trial","time_Prac_loop","time_Prac_seq","time_Prac_setup","time_Start_DE","time_Start_E","time_Start_ELL","time_Start_HEB","time_Start_HIN","time_Start_HUN","time_Start_NOR","time_Start_PL","time_Start_POR","time_Start_SC","time_Start_SLK","time_Start_SPA","time_Start_TC","time_Start_THAI","time_Start_TUR","time_Target_Prac","time_Target_response_Prac","time_Target_response_correct_Prac","time_Target_response_noans_Prac","time_Target_response_wrong_Prac","time_Trial_logger","time_Welcome_PP_DE","time_Welcome_PP_E","time_Welcome_PP_ELL","time_Welcome_PP_HEB","time_Welcome_PP_HIN","time_Welcome_PP_HUN","time_Welcome_PP_NOR","time_Welcome_PP_PL","time_Welcome_PP_POR","time_Welcome_PP_SC","time_Welcome_PP_SLK","time_Welcome_PP_SPA","time_Welcome_PP_TC","time_Welcome_PP_THAI","time_Welcome_PP_TUR","title","total_correct","total_response_time","total_responses","tur","uniform_coordinates","width"
"F","2684","F","F","PP_LIST3.csv","watch.jpg","skirt.jpg","100","100","674.285714286","674.285714286","#ffffff","yes","legacy","legacy","legacy","0","uniform","1","1","undefined","1","undefined","6","f","0","0","0","0","0","0","0","NA","0","0","0","5","0","0","0","0","0","0","0","0","0","0","0","5","0","5","0","0","0","0","0","0","0","0","0","0","0","0","0","0","0","0","0","0","5","5","5","5","5","0","0","0","0","0","0","0","0","0","0","0","0","0","0","0","0","12/24/19 15:22:19","no","Matching Tasks","yes","no","","no","OrientationCrossLanguages_2018PSA_PP_1.2.4.osexp","C:\Users\kunglab\Desktop\object_orientation","no","mono","no","18","no","#0000ff","no","繁體中文","yes","no","768","no","no","legacy","0","0","1","5","C:/Users/kunglab/Desktop/object_orientation/raw_data/TWN_002_PP_012.csv","legacy","no","Kafkaesque Koffka","3.2.8","yes","5a7ce671e83246000deafe81","no","no","0","0","f","NA","NA","f","NA","NA","NA","NA","NA","NA","NA","NA","NA","NA","NA","NA","space","NA","NA","j","NA","NA","NA","NA","NA","NA","NA","NA","NA","NA","NA","NA","space","NA","NA","624","NA","NA","624","NA","NA","NA","NA","NA","NA","NA","NA","NA","NA","NA","NA","858","NA","NA","711","NA","NA","NA","NA","NA","NA","NA","NA","NA","NA","NA","NA","9572","NA","NA","2","legacy","no","no","1024","2","48000","-16","no","EXP","12","even","yes","no","NA","7422","3028","3032","5585","7413","7413","NA","NA","28379","28452","25774","17003","27511","28954","28451","7422","28379","28954","29580","NA","NA","17003","27488","17016","25773","17016","17016","17003","NA","NA","NA","NA","NA","NA","NA","NA","NA","NA","NA","NA","27512","NA","NA","26275","26275","26988","NA","NA","30080","NA","NA","NA","NA","NA","NA","NA","NA","NA","NA","NA","NA","7423","NA","NA","Orientation_PSA2018","7","4720","7","no","yes","1024"
"Y","2684","V","V","PP_LIST3.csv","screwV.jpg","screwV.jpg","100","100","660.375","660.375","#ffffff","yes","legacy","legacy","legacy","0","uniform","1","1","undefined","1","undefined","6","j","0","0","0","0","0","0","0","NA","1","0","1","5","0","0","1","1","0","0","1","1","1","1","0","5","0","5","0","0","0","0","0","0","0","0","0","0","0","0","0","0","0","0","0","0","5","5","5","5","5","1","0","0","0","0","0","0","0","0","0","0","0","0","0","0","0","12/24/19 15:22:19","no","Matching Tasks","yes","no","","no","OrientationCrossLanguages_2018PSA_PP_1.2.4.osexp","C:\Users\kunglab\Desktop\object_orientation","no","mono","no","18","no","#0000ff","no","繁體中文","yes","no","768","no","no","legacy","1","1","1","5","C:/Users/kunglab/Desktop/object_orientation/raw_data/TWN_002_PP_012.csv","legacy","no","Kafkaesque Koffka","3.2.8","yes","5a7ce671e83246000deafe81","no","no","0","0","j","NA","NA","j","NA","NA","NA","NA","NA","NA","NA","NA","NA","NA","NA","NA","space","NA","NA","j","NA","NA","NA","NA","NA","NA","NA","NA","NA","NA","NA","NA","space","NA","NA","563","NA","NA","563","NA","NA","NA","NA","NA","NA","NA","NA","NA","NA","NA","NA","858","NA","NA","711","NA","NA","NA","NA","NA","NA","NA","NA","NA","NA","NA","NA","9572","NA","NA","2","legacy","no","no","1024","2","48000","-16","no","EXP","12","even","yes","no","NA","7422","3028","3032","5585","7413","7413","NA","NA","28379","30154","25774","17003","27511","30655","30152","7422","28379","30655","31220","NA","NA","17003","27488","17016","25773","17016","17016","17003","NA","NA","NA","NA","NA","NA","NA","NA","NA","NA","NA","NA","27512","NA","NA","26275","26275","26988","NA","NA","31720","NA","NA","NA","NA","NA","NA","NA","NA","NA","NA","NA","NA","7423","NA","NA","Orientation_PSA2018","8","5283","8","no","yes","1024"
"Y","2684","V","V","PP_LIST3.csv","plateV.jpg","plateV.jpg","100","100","647.777777778","647.777777778","#ffffff","yes","legacy","legacy","legacy","0","uniform","1","1","undefined","1","undefined","6","j","0","0","0","0","0","0","0","NA","2","0","2","5","0","0","2","2","0","0","2","2","2","2","0","5","0","5","0","0","0","0","0","0","0","0","0","0","0","0","0","0","0","0","0","0","5","5","5","5","5","2","0","0","0","0","0","0","0","0","0","0","0","0","0","0","0","12/24/19 15:22:19","no","Matching Tasks","yes","no","","no","OrientationCrossLanguages_2018PSA_PP_1.2.4.osexp","C:\Users\kunglab\Desktop\object_orientation","no","mono","no","18","no","#0000ff","no","繁體中文","yes","no","768","no","no","legacy","2","2","1","5","C:/Users/kunglab/Desktop/object_orientation/raw_data/TWN_002_PP_012.csv","legacy","no","Kafkaesque Koffka","3.2.8","yes","5a7ce671e83246000deafe81","no","no","0","0","j","NA","NA","j","NA","NA","NA","NA","NA","NA","NA","NA","NA","NA","NA","NA","space","NA","NA","j","NA","NA","NA","NA","NA","NA","NA","NA","NA","NA","NA","NA","space","NA","NA","547","NA","NA","547","NA","NA","NA","NA","NA","NA","NA","NA","NA","NA","NA","NA","858","NA","NA","711","NA","NA","NA","NA","NA","NA","NA","NA","NA","NA","NA","NA","9572","NA","NA","2","legacy","no","no","1024","2","48000","-16","no","EXP","12","even","yes","no","NA","7422","3028","3032","5585","7413","7413","NA","NA","28379","31794","25774","17003","27511","32295","31792","7422","28379","32295","32844","NA","NA","17003","27488","17016","25773","17016","17016","17003","NA","NA","NA","NA","NA","NA","NA","NA","NA","NA","NA","NA","27512","NA","NA","26275","26275","26988","NA","NA","33344","NA","NA","NA","NA","NA","NA","NA","NA","NA","NA","NA","NA","7423","NA","NA","Orientation_PSA2018","9","5830","9","no","yes","1024"
"F","2684","F","F","PP_LIST3.csv","skirt.jpg","tlphon.jpg","100","100","634.8","634.8","#ffffff","yes","legacy","legacy","legacy","0","uniform","1","1","undefined","1","undefined","6","f","0","0","0","0","0","0","0","NA","3","0","3","5","0","0","3","3","0","0","3","3","3","3","0","5","0","5","0","0","0","0","0","0","0","0","0","0","0","0","0","0","0","0","0","0","5","5","5","5","5","3","0","0","0","0","0","0","0","0","0","0","0","0","0","0","0","12/24/19 15:22:19","no","Matching Tasks","yes","no","","no","OrientationCrossLanguages_2018PSA_PP_1.2.4.osexp","C:\Users\kunglab\Desktop\object_orientation","no","mono","no","18","no","#0000ff","no","繁體中文","yes","no","768","no","no","legacy","3","3","1","5","C:/Users/kunglab/Desktop/object_orientation/raw_data/TWN_002_PP_012.csv","legacy","no","Kafkaesque Koffka","3.2.8","yes","5a7ce671e83246000deafe81","no","no","0","0","f","NA","NA","f","NA","NA","NA","NA","NA","NA","NA","NA","NA","NA","NA","NA","space","NA","NA","j","NA","NA","NA","NA","NA","NA","NA","NA","NA","NA","NA","NA","space","NA","NA","518","NA","NA","518","NA","NA","NA","NA","NA","NA","NA","NA","NA","NA","NA","NA","858","NA","NA","711","NA","NA","NA","NA","NA","NA","NA","NA","NA","NA","NA","NA","9572","NA","NA","2","legacy","no","no","1024","2","48000","-16","no","EXP","12","even","yes","no","NA","7422","3028","3032","5585","7413","7413","NA","NA","28379","33414","25774","17003","27511","33916","33413","7422","28379","33916","34436","NA","NA","17003","27488","17016","25773","17016","17016","17003","NA","NA","NA","NA","NA","NA","NA","NA","NA","NA","NA","NA","27512","NA","NA","26275","26275","26988","NA","NA","34936","NA","NA","NA","NA","NA","NA","NA","NA","NA","NA","NA","NA","7423","NA","NA","Orientation_PSA2018","10","6348","10","no","yes","1024"
"Y","2684","H","H","PP_LIST3.csv","glassH.jpg","glassH.jpg","100","100","623.545454545","623.545454545","#ffffff","yes","legacy","legacy","legacy","0","uniform","1","1","undefined","1","undefined","6","j","0","0","0","0","0","0","0","NA","4","0","4","5","0","0","4","4","0","0","4","4","4","4","0","5","0","5","0","0","0","0","0","0","0","0","0","0","0","0","0","0","0","0","0","0","5","5","5","5","5","4","0","0","0","0","0","0","0","0","0","0","0","0","0","0","0","12/24/19 15:22:19","no","Matching Tasks","yes","no","","no","OrientationCrossLanguages_2018PSA_PP_1.2.4.osexp","C:\Users\kunglab\Desktop\object_orientation","no","mono","no","18","no","#0000ff","no","繁體中文","yes","no","768","no","no","legacy","4","4","1","5","C:/Users/kunglab/Desktop/object_orientation/raw_data/TWN_002_PP_012.csv","legacy","no","Kafkaesque Koffka","3.2.8","yes","5a7ce671e83246000deafe81","no","no","0","0","j","NA","NA","j","NA","NA","NA","NA","NA","NA","NA","NA","NA","NA","NA","NA","space","NA","NA","j","NA","NA","NA","NA","NA","NA","NA","NA","NA","NA","NA","NA","space","NA","NA","511","NA","NA","511","NA","NA","NA","NA","NA","NA","NA","NA","NA","NA","NA","NA","858","NA","NA","711","NA","NA","NA","NA","NA","NA","NA","NA","NA","NA","NA","NA","9572","NA","NA","2","legacy","no","no","1024","2","48000","-16","no","EXP","12","even","yes","no","NA","7422","3028","3032","5585","7413","7413","NA","NA","28379","35014","25774","17003","27511","35515","35012","7422","28379","35515","36028","NA","NA","17003","27488","17016","25773","17016","17016","17003","NA","NA","NA","NA","NA","NA","NA","NA","NA","NA","NA","NA","27512","NA","NA","26275","26275","26988","NA","NA","36528","NA","NA","NA","NA","NA","NA","NA","NA","NA","NA","NA","NA","7423","NA","NA","Orientation_PSA2018","11","6859","11","no","yes","1024"
"F","2684","F","F","PP_LIST3.csv","umberella.jpg","flower.jpg","100","100","617.333333333","617.333333333","#ffffff","yes","legacy","legacy","legacy","0","uniform","1","1","undefined","1","undefined","6","f","0","0","0","0","0","0","0","NA","5","0","5","5","0","0","5","5","0","0","5","5","5","5","0","5","0","5","0","0","0","0","0","0","0","0","0","0","0","0","0","0","0","0","0","0","5","5","5","5","5","5","0","0","0","0","0","0","0","0","0","0","0","0","0","0","0","12/24/19 15:22:19","no","Matching Tasks","yes","no","","no","OrientationCrossLanguages_2018PSA_PP_1.2.4.osexp","C:\Users\kunglab\Desktop\object_orientation","no","mono","no","18","no","#0000ff","no","繁體中文","yes","no","768","no","no","legacy","5","5","1","5","C:/Users/kunglab/Desktop/object_orientation/raw_data/TWN_002_PP_012.csv","legacy","no","Kafkaesque Koffka","3.2.8","yes","5a7ce671e83246000deafe81","no","no","0","0","f","NA","NA","f","NA","NA","NA","NA","NA","NA","NA","NA","NA","NA","NA","NA","space","NA","NA","j","NA","NA","NA","NA","NA","NA","NA","NA","NA","NA","NA","NA","space","NA","NA","549","NA","NA","549","NA","NA","NA","NA","NA","NA","NA","NA","NA","NA","NA","NA","858","NA","NA","711","NA","NA","NA","NA","NA","NA","NA","NA","NA","NA","NA","NA","9572","NA","NA","2","legacy","no","no","1024","2","48000","-16","no","EXP","12","even","yes","no","NA","7422","3028","3032","5585","7413","7413","NA","NA","28379","36600","25774","17003","27511","37101","36598","7422","28379","37101","37651","NA","NA","17003","27488","17016","25773","17016","17016","17003","NA","NA","NA","NA","NA","NA","NA","NA","NA","NA","NA","NA","27512","NA","NA","26275","26275","26988","NA","NA","38152","NA","NA","NA","NA","NA","NA","NA","NA","NA","NA","NA","NA","7423","NA","NA","Orientation_PSA2018","12","7408","12","no","yes","1024"
"F","2684","F","F","PP_LIST3.csv","nut.jpg","watch.jpg","100","100","617.769230769","617.769230769","#ffffff","yes","legacy","legacy","legacy","0","uniform","1","1","undefined","1","undefined","6","f","0","0","0","0","0","0","0","NA","6","0","6","5","0","0","6","6","0","0","6","6","6","6","0","5","0","5","0","0","0","0","0","0","0","0","0","0","0","0","0","0","0","0","0","0","5","5","5","5","5","6","0","0","0","0","0","0","0","0","0","0","0","0","0","0","0","12/24/19 15:22:19","no","Matching Tasks","yes","no","","no","OrientationCrossLanguages_2018PSA_PP_1.2.4.osexp","C:\Users\kunglab\Desktop\object_orientation","no","mono","no","18","no","#0000ff","no","繁體中文","yes","no","768","no","no","legacy","6","6","1","5","C:/Users/kunglab/Desktop/object_orientation/raw_data/TWN_002_PP_012.csv","legacy","no","Kafkaesque Koffka","3.2.8","yes","5a7ce671e83246000deafe81","no","no","0","0","f","NA","NA","f","NA","NA","NA","NA","NA","NA","NA","NA","NA","NA","NA","NA","space","NA","NA","j","NA","NA","NA","NA","NA","NA","NA","NA","NA","NA","NA","NA","space","NA","NA","623","NA","NA","623","NA","NA","NA","NA","NA","NA","NA","NA","NA","NA","NA","NA","858","NA","NA","711","NA","NA","NA","NA","NA","NA","NA","NA","NA","NA","NA","NA","9572","NA","NA","2","legacy","no","no","1024","2","48000","-16","no","EXP","12","even","yes","no","NA","7422","3028","3032","5585","7413","7413","NA","NA","28379","38222","25774","17003","27511","38723","38220","7422","28379","38723","39347","NA","NA","17003","27488","17016","25773","17016","17016","17003","NA","NA","NA","NA","NA","NA","NA","NA","NA","NA","NA","NA","27512","NA","NA","26275","26275","26988","NA","NA","39847","NA","NA","NA","NA","NA","NA","NA","NA","NA","NA","NA","NA","7423","NA","NA","Orientation_PSA2018","13","8031","13","no","yes","1024"
"F","2684","F","F","PP_LIST3.csv","tiger.jpg","wndmil.jpg","100","100","612.285714286","612.285714286","#ffffff","yes","legacy","legacy","legacy","0","uniform","1","1","undefined","1","undefined","6","f","0","0","0","0","0","0","0","NA","7","0","7","5","0","0","7","7","0","0","7","7","7","7","0","5","0","5","0","0","0","0","0","0","0","0","0","0","0","0","0","0","0","0","0","0","5","5","5","5","5","7","0","0","0","0","0","0","0","0","0","0","0","0","0","0","0","12/24/19 15:22:19","no","Matching Tasks","yes","no","","no","OrientationCrossLanguages_2018PSA_PP_1.2.4.osexp","C:\Users\kunglab\Desktop\object_orientation","no","mono","no","18","no","#0000ff","no","繁體中文","yes","no","768","no","no","legacy","7","7","1","5","C:/Users/kunglab/Desktop/object_orientation/raw_data/TWN_002_PP_012.csv","legacy","no","Kafkaesque Koffka","3.2.8","yes","5a7ce671e83246000deafe81","no","no","0","0","f","NA","NA","f","NA","NA","NA","NA","NA","NA","NA","NA","NA","NA","NA","NA","space","NA","NA","j","NA","NA","NA","NA","NA","NA","NA","NA","NA","NA","NA","NA","space","NA","NA","541","NA","NA","541","NA","NA","NA","NA","NA","NA","NA","NA","NA","NA","NA","NA","858","NA","NA","711","NA","NA","NA","NA","NA","NA","NA","NA","NA","NA","NA","NA","9572","NA","NA","2","legacy","no","no","1024","2","48000","-16","no","EXP","12","even","yes","no","NA","7422","3028","3032","5585","7413","7413","NA","NA","28379","39920","25774","17003","27511","40421","39919","7422","28379","40421","40964","NA","NA","17003","27488","17016","25773","17016","17016","17003","NA","NA","NA","NA","NA","NA","NA","NA","NA","NA","NA","NA","27512","NA","NA","26275","26275","26988","NA","NA","41464","NA","NA","NA","NA","NA","NA","NA","NA","NA","NA","NA","NA","7423","NA","NA","Orientation_PSA2018","14","8572","14","no","yes","1024"
"F","2684","F","F","PP_LIST3.csv","knife.jpg","ladder.jpg","100","100","614.6","614.6","#ffffff","yes","legacy","legacy","legacy","0","uniform","1","1","undefined","1","undefined","6","f","0","0","0","0","0","0","0","NA","8","0","8","5","0","0","8","8","0","0","8","8","8","8","0","5","0","5","0","0","0","0","0","0","0","0","0","0","0","0","0","0","0","0","0","0","5","5","5","5","5","8","0","0","0","0","0","0","0","0","0","0","0","0","0","0","0","12/24/19 15:22:19","no","Matching Tasks","yes","no","","no","OrientationCrossLanguages_2018PSA_PP_1.2.4.osexp","C:\Users\kunglab\Desktop\object_orientation","no","mono","no","18","no","#0000ff","no","繁體中文","yes","no","768","no","no","legacy","8","8","1","5","C:/Users/kunglab/Desktop/object_orientation/raw_data/TWN_002_PP_012.csv","legacy","no","Kafkaesque Koffka","3.2.8","yes","5a7ce671e83246000deafe81","no","no","0","0","f","NA","NA","f","NA","NA","NA","NA","NA","NA","NA","NA","NA","NA","NA","NA","space","NA","NA","j","NA","NA","NA","NA","NA","NA","NA","NA","NA","NA","NA","NA","space","NA","NA","647","NA","NA","647","NA","NA","NA","NA","NA","NA","NA","NA","NA","NA","NA","NA","858","NA","NA","711","NA","NA","NA","NA","NA","NA","NA","NA","NA","NA","NA","NA","9572","NA","NA","2","legacy","no","no","1024","2","48000","-16","no","EXP","12","even","yes","no","NA","7422","3028","3032","5585","7413","7413","NA","NA","28379","41535","25774","17003","27511","42036","41534","7422","28379","42036","42684","NA","NA","17003","27488","17016","25773","17016","17016","17003","NA","NA","NA","NA","NA","NA","NA","NA","NA","NA","NA","NA","27512","NA","NA","26275","26275","26988","NA","NA","43184","NA","NA","NA","NA","NA","NA","NA","NA","NA","NA","NA","NA","7423","NA","NA","Orientation_PSA2018","15","9219","15","no","yes","1024"
"Y","2684","V","V","PP_LIST3.csv","tireV.jpg","tireV.jpg","93.75","93.75","611.625","611.625","#ffffff","yes","legacy","legacy","legacy","0","uniform","0","0","undefined","1","undefined","6","j","0","0","0","0","0","0","0","NA","9","0","9","5","0","0","9","9","0","0","9","9","9","9","0","5","0","5","0","0","0","0","0","0","0","0","0","0","0","0","0","0","0","0","0","0","5","5","5","5","5","9","0","0","0","0","0","0","0","0","0","0","0","0","0","0","0","12/24/19 15:22:19","no","Matching Tasks","yes","no","","no","OrientationCrossLanguages_2018PSA_PP_1.2.4.osexp","C:\Users\kunglab\Desktop\object_orientation","no","mono","no","18","no","#0000ff","no","繁體中文","yes","no","768","no","no","legacy","9","9","1","5","C:/Users/kunglab/Desktop/object_orientation/raw_data/TWN_002_PP_012.csv","legacy","no","Kafkaesque Koffka","3.2.8","yes","5a7ce671e83246000deafe81","no","no","0","0","f","NA","NA","f","NA","NA","NA","NA","NA","NA","NA","NA","NA","NA","NA","NA","space","NA","NA","j","NA","NA","NA","NA","NA","NA","NA","NA","NA","NA","NA","NA","space","NA","NA","567","NA","NA","567","NA","NA","NA","NA","NA","NA","NA","NA","NA","NA","NA","NA","858","NA","NA","711","NA","NA","NA","NA","NA","NA","NA","NA","NA","NA","NA","NA","9572","NA","NA","2","legacy","no","no","1024","2","48000","-16","no","EXP","12","even","yes","no","NA","7422","3028","3032","5585","7413","7413","NA","NA","28379","43262","25774","17003","27511","43763","43261","7422","28379","43763","42684","NA","44332","17003","27488","17016","25773","17016","17016","17003","NA","NA","NA","NA","NA","NA","NA","NA","NA","NA","NA","NA","27512","NA","NA","26275","26275","26988","NA","NA","44832","NA","NA","NA","NA","NA","NA","NA","NA","NA","NA","NA","NA","7423","NA","NA","Orientation_PSA2018","15","9786","16","no","yes","1024"
"Y","2684","V","V","PP_LIST3.csv","saltV.jpg","saltV.jpg","94.1176470588","94.1176470588","611.411764706","611.411764706","#ffffff","yes","legacy","legacy","legacy","0","uniform","1","1","undefined","1","undefined","6","j","0","0","0","0","0","0","0","NA","10","0","10","5","0","0","10","10","0","0","10","10","10","10","0","5","0","5","0","0","0","0","0","0","0","0","0","0","0","0","0","0","0","0","0","0","5","5","5","5","5","10","0","0","0","0","0","0","0","0","0","0","0","0","0","0","0","12/24/19 15:22:19","no","Matching Tasks","yes","no","","no","OrientationCrossLanguages_2018PSA_PP_1.2.4.osexp","C:\Users\kunglab\Desktop\object_orientation","no","mono","no","18","no","#0000ff","no","繁體中文","yes","no","768","no","no","legacy","10","10","1","5","C:/Users/kunglab/Desktop/object_orientation/raw_data/TWN_002_PP_012.csv","legacy","no","Kafkaesque Koffka","3.2.8","yes","5a7ce671e83246000deafe81","no","no","0","0","j","NA","NA","j","NA","NA","NA","NA","NA","NA","NA","NA","NA","NA","NA","NA","space","NA","NA","j","NA","NA","NA","NA","NA","NA","NA","NA","NA","NA","NA","NA","space","NA","NA","608","NA","NA","608","NA","NA","NA","NA","NA","NA","NA","NA","NA","NA","NA","NA","858","NA","NA","711","NA","NA","NA","NA","NA","NA","NA","NA","NA","NA","NA","NA","9572","NA","NA","2","legacy","no","no","1024","2","48000","-16","no","EXP","12","even","yes","no","NA","7422","3028","3032","5585","7413","7413","NA","NA","28379","44901","25774","17003","27511","45402","44900","7422","28379","45402","46012","NA","44332","17003","27488","17016","25773","17016","17016","17003","NA","NA","NA","NA","NA","NA","NA","NA","NA","NA","NA","NA","27512","NA","NA","26275","26275","26988","NA","NA","46512","NA","NA","NA","NA","NA","NA","NA","NA","NA","NA","NA","NA","7423","NA","NA","Orientation_PSA2018","16","10394","17","no","yes","1024"
"N","2684","V","H","PP_LIST3.csv","clothespinV.jpg","clothespinH.jpg","94.4444444444","94.4444444444","606.611111111","606.611111111","#ffffff","yes","legacy","legacy","legacy","0","uniform","1","1","undefined","1","undefined","6","j","0","0","0","0","0","0","0","NA","11","0","11","5","0","0","11","11","0","0","11","11","11","11","0","5","0","5","0","0","0","0","0","0","0","0","0","0","0","0","0","0","0","0","0","0","5","5","5","5","5","11","0","0","0","0","0","0","0","0","0","0","0","0","0","0","0","12/24/19 15:22:19","no","Matching Tasks","yes","no","","no","OrientationCrossLanguages_2018PSA_PP_1.2.4.osexp","C:\Users\kunglab\Desktop\object_orientation","no","mono","no","18","no","#0000ff","no","繁體中文","yes","no","768","no","no","legacy","11","11","1","5","C:/Users/kunglab/Desktop/object_orientation/raw_data/TWN_002_PP_012.csv","legacy","no","Kafkaesque Koffka","3.2.8","yes","5a7ce671e83246000deafe81","no","no","0","0","j","NA","NA","j","NA","NA","NA","NA","NA","NA","NA","NA","NA","NA","NA","NA","space","NA","NA","j","NA","NA","NA","NA","NA","NA","NA","NA","NA","NA","NA","NA","space","NA","NA","525","NA","NA","525","NA","NA","NA","NA","NA","NA","NA","NA","NA","NA","NA","NA","858","NA","NA","711","NA","NA","NA","NA","NA","NA","NA","NA","NA","NA","NA","NA","9572","NA","NA","2","legacy","no","no","1024","2","48000","-16","no","EXP","12","even","yes","no","NA","7422","3028","3032","5585","7413","7413","NA","NA","28379","46592","25774","17003","27511","47093","46590","7422","28379","47093","47620","NA","44332","17003","27488","17016","25773","17016","17016","17003","NA","NA","NA","NA","NA","NA","NA","NA","NA","NA","NA","NA","27512","NA","NA","26275","26275","26988","NA","NA","48120","NA","NA","NA","NA","NA","NA","NA","NA","NA","NA","NA","NA","7423","NA","NA","Orientation_PSA2018","17","10919","18","no","yes","1024"
"N","2684","V","H","PP_LIST3.csv","crayonV.jpg","crayonH.jpg","94.7368421053","94.7368421053","603.736842105","603.736842105","#ffffff","yes","legacy","legacy","legacy","0","uniform","1","1","undefined","1","undefined","6","j","0","0","0","0","0","0","0","NA","12","0","12","5","0","0","12","12","0","0","12","12","12","12","0","5","0","5","0","0","0","0","0","0","0","0","0","0","0","0","0","0","0","0","0","0","5","5","5","5","5","12","0","0","0","0","0","0","0","0","0","0","0","0","0","0","0","12/24/19 15:22:19","no","Matching Tasks","yes","no","","no","OrientationCrossLanguages_2018PSA_PP_1.2.4.osexp","C:\Users\kunglab\Desktop\object_orientation","no","mono","no","18","no","#0000ff","no","繁體中文","yes","no","768","no","no","legacy","12","12","1","5","C:/Users/kunglab/Desktop/object_orientation/raw_data/TWN_002_PP_012.csv","legacy","no","Kafkaesque Koffka","3.2.8","yes","5a7ce671e83246000deafe81","no","no","0","0","j","NA","NA","j","NA","NA","NA","NA","NA","NA","NA","NA","NA","NA","NA","NA","space","NA","NA","j","NA","NA","NA","NA","NA","NA","NA","NA","NA","NA","NA","NA","space","NA","NA","552","NA","NA","552","NA","NA","NA","NA","NA","NA","NA","NA","NA","NA","NA","NA","858","NA","NA","711","NA","NA","NA","NA","NA","NA","NA","NA","NA","NA","NA","NA","9572","NA","NA","2","legacy","no","no","1024","2","48000","-16","no","EXP","12","even","yes","no","NA","7422","3028","3032","5585","7413","7413","NA","NA","28379","48197","25774","17003","27511","48698","48195","7422","28379","48698","49252","NA","44332","17003","27488","17016","25773","17016","17016","17003","NA","NA","NA","NA","NA","NA","NA","NA","NA","NA","NA","NA","27512","NA","NA","26275","26275","26988","NA","NA","49752","NA","NA","NA","NA","NA","NA","NA","NA","NA","NA","NA","NA","7423","NA","NA","Orientation_PSA2018","18","11471","19","no","yes","1024"
"Y","2684","H","H","PP_LIST3.csv","guitarH.jpg","guitarH.jpg","95","95","602.35","602.35","#ffffff","yes","legacy","legacy","legacy","0","uniform","1","1","undefined","1","undefined","6","j","0","0","0","0","0","0","0","NA","13","0","13","5","0","0","13","13","0","0","13","13","13","13","0","5","0","5","0","0","0","0","0","0","0","0","0","0","0","0","0","0","0","0","0","0","5","5","5","5","5","13","0","0","0","0","0","0","0","0","0","0","0","0","0","0","0","12/24/19 15:22:19","no","Matching Tasks","yes","no","","no","OrientationCrossLanguages_2018PSA_PP_1.2.4.osexp","C:\Users\kunglab\Desktop\object_orientation","no","mono","no","18","no","#0000ff","no","繁體中文","yes","no","768","no","no","legacy","13","13","1","5","C:/Users/kunglab/Desktop/object_orientation/raw_data/TWN_002_PP_012.csv","legacy","no","Kafkaesque Koffka","3.2.8","yes","5a7ce671e83246000deafe81","no","no","0","0","j","NA","NA","j","NA","NA","NA","NA","NA","NA","NA","NA","NA","NA","NA","NA","space","NA","NA","j","NA","NA","NA","NA","NA","NA","NA","NA","NA","NA","NA","NA","space","NA","NA","576","NA","NA","576","NA","NA","NA","NA","NA","NA","NA","NA","NA","NA","NA","NA","858","NA","NA","711","NA","NA","NA","NA","NA","NA","NA","NA","NA","NA","NA","NA","9572","NA","NA","2","legacy","no","no","1024","2","48000","-16","no","EXP","12","even","yes","no","NA","7422","3028","3032","5585","7413","7413","NA","NA","28379","49821","25774","17003","27511","50322","49820","7422","28379","50322","50900","NA","44332","17003","27488","17016","25773","17016","17016","17003","NA","NA","NA","NA","NA","NA","NA","NA","NA","NA","NA","NA","27512","NA","NA","26275","26275","26988","NA","NA","51400","NA","NA","NA","NA","NA","NA","NA","NA","NA","NA","NA","NA","7423","NA","NA","Orientation_PSA2018","19","12047","20","no","yes","1024"
"Y","2684","V","V","PP_LIST3.csv","scssorV.jpg","scssorV.jpg","95.2380952381","95.2380952381","601.476190476","601.476190476","#ffffff","yes","legacy","legacy","legacy","0","uniform","1","1","undefined","1","undefined","6","j","0","0","0","0","0","0","0","NA","14","0","14","5","0","0","14","14","0","0","14","14","14","14","0","5","0","5","0","0","0","0","0","0","0","0","0","0","0","0","0","0","0","0","0","0","5","5","5","5","5","14","0","0","0","0","0","0","0","0","0","0","0","0","0","0","0","12/24/19 15:22:19","no","Matching Tasks","yes","no","","no","OrientationCrossLanguages_2018PSA_PP_1.2.4.osexp","C:\Users\kunglab\Desktop\object_orientation","no","mono","no","18","no","#0000ff","no","繁體中文","yes","no","768","no","no","legacy","14","14","1","5","C:/Users/kunglab/Desktop/object_orientation/raw_data/TWN_002_PP_012.csv","legacy","no","Kafkaesque Koffka","3.2.8","yes","5a7ce671e83246000deafe81","no","no","0","0","j","NA","NA","j","NA","NA","NA","NA","NA","NA","NA","NA","NA","NA","NA","NA","space","NA","NA","j","NA","NA","NA","NA","NA","NA","NA","NA","NA","NA","NA","NA","space","NA","NA","584","NA","NA","584","NA","NA","NA","NA","NA","NA","NA","NA","NA","NA","NA","NA","858","NA","NA","711","NA","NA","NA","NA","NA","NA","NA","NA","NA","NA","NA","NA","9572","NA","NA","2","legacy","no","no","1024","2","48000","-16","no","EXP","12","even","yes","no","NA","7422","3028","3032","5585","7413","7413","NA","NA","28379","51469","25774","17003","27511","51970","51468","7422","28379","51970","52556","NA","44332","17003","27488","17016","25773","17016","17016","17003","NA","NA","NA","NA","NA","NA","NA","NA","NA","NA","NA","NA","27512","NA","NA","26275","26275","26988","NA","NA","53056","NA","NA","NA","NA","NA","NA","NA","NA","NA","NA","NA","NA","7423","NA","NA","Orientation_PSA2018","20","12631","21","no","yes","1024"
"N","2684","H","V","PP_LIST3.csv","bottleH.jpg","bottleV.jpg","95.4545454545","95.4545454545","607.409090909","607.409090909","#ffffff","yes","legacy","legacy","legacy","0","uniform","1","1","undefined","1","undefined","6","j","0","0","0","0","0","0","0","NA","15","0","15","5","0","0","15","15","0","0","15","15","15","15","0","5","0","5","0","0","0","0","0","0","0","0","0","0","0","0","0","0","0","0","0","0","5","5","5","5","5","15","0","0","0","0","0","0","0","0","0","0","0","0","0","0","0","12/24/19 15:22:19","no","Matching Tasks","yes","no","","no","OrientationCrossLanguages_2018PSA_PP_1.2.4.osexp","C:\Users\kunglab\Desktop\object_orientation","no","mono","no","18","no","#0000ff","no","繁體中文","yes","no","768","no","no","legacy","15","15","1","5","C:/Users/kunglab/Desktop/object_orientation/raw_data/TWN_002_PP_012.csv","legacy","no","Kafkaesque Koffka","3.2.8","yes","5a7ce671e83246000deafe81","no","no","0","0","j","NA","NA","j","NA","NA","NA","NA","NA","NA","NA","NA","NA","NA","NA","NA","space","NA","NA","j","NA","NA","NA","NA","NA","NA","NA","NA","NA","NA","NA","NA","space","NA","NA","732","NA","NA","732","NA","NA","NA","NA","NA","NA","NA","NA","NA","NA","NA","NA","858","NA","NA","711","NA","NA","NA","NA","NA","NA","NA","NA","NA","NA","NA","NA","9572","NA","NA","2","legacy","no","no","1024","2","48000","-16","no","EXP","12","even","yes","no","NA","7422","3028","3032","5585","7413","7413","NA","NA","28379","53129","25774","17003","27511","53630","53127","7422","28379","53630","54365","NA","44332","17003","27488","17016","25773","17016","17016","17003","NA","NA","NA","NA","NA","NA","NA","NA","NA","NA","NA","NA","27512","NA","NA","26275","26275","26988","NA","NA","54865","NA","NA","NA","NA","NA","NA","NA","NA","NA","NA","NA","NA","7423","NA","NA","Orientation_PSA2018","21","13363","22","no","yes","1024"
"N","2684","H","V","PP_LIST3.csv","batH.jpg","batV.jpg","95.652173913","95.652173913","608.347826087","608.347826087","#ffffff","yes","legacy","legacy","legacy","0","uniform","1","1","undefined","1","undefined","6","j","0","0","0","0","0","0","0","NA","16","0","16","5","0","0","16","16","0","0","16","16","16","16","0","5","0","5","0","0","0","0","0","0","0","0","0","0","0","0","0","0","0","0","0","0","5","5","5","5","5","16","0","0","0","0","0","0","0","0","0","0","0","0","0","0","0","12/24/19 15:22:19","no","Matching Tasks","yes","no","","no","OrientationCrossLanguages_2018PSA_PP_1.2.4.osexp","C:\Users\kunglab\Desktop\object_orientation","no","mono","no","18","no","#0000ff","no","繁體中文","yes","no","768","no","no","legacy","16","16","1","5","C:/Users/kunglab/Desktop/object_orientation/raw_data/TWN_002_PP_012.csv","legacy","no","Kafkaesque Koffka","3.2.8","yes","5a7ce671e83246000deafe81","no","no","0","0","j","NA","NA","j","NA","NA","NA","NA","NA","NA","NA","NA","NA","NA","NA","NA","space","NA","NA","j","NA","NA","NA","NA","NA","NA","NA","NA","NA","NA","NA","NA","space","NA","NA","629","NA","NA","629","NA","NA","NA","NA","NA","NA","NA","NA","NA","NA","NA","NA","858","NA","NA","711","NA","NA","NA","NA","NA","NA","NA","NA","NA","NA","NA","NA","9572","NA","NA","2","legacy","no","no","1024","2","48000","-16","no","EXP","12","even","yes","no","NA","7422","3028","3032","5585","7413","7413","NA","NA","28379","54944","25774","17003","27511","55445","54942","7422","28379","55445","56076","NA","44332","17003","27488","17016","25773","17016","17016","17003","NA","NA","NA","NA","NA","NA","NA","NA","NA","NA","NA","NA","27512","NA","NA","26275","26275","26988","NA","NA","56576","NA","NA","NA","NA","NA","NA","NA","NA","NA","NA","NA","NA","7423","NA","NA","Orientation_PSA2018","22","13992","23","no","yes","1024"
"N","2684","H","V","PP_LIST3.csv","axeH.jpg","axeV.jpg","95.8333333333","95.8333333333","606.541666667","606.541666667","#ffffff","yes","legacy","legacy","legacy","0","uniform","1","1","undefined","1","undefined","6","j","0","0","0","0","0","0","0","NA","17","0","17","5","0","0","17","17","0","0","17","17","17","17","0","5","0","5","0","0","0","0","0","0","0","0","0","0","0","0","0","0","0","0","0","0","5","5","5","5","5","17","0","0","0","0","0","0","0","0","0","0","0","0","0","0","0","12/24/19 15:22:19","no","Matching Tasks","yes","no","","no","OrientationCrossLanguages_2018PSA_PP_1.2.4.osexp","C:\Users\kunglab\Desktop\object_orientation","no","mono","no","18","no","#0000ff","no","繁體中文","yes","no","768","no","no","legacy","17","17","1","5","C:/Users/kunglab/Desktop/object_orientation/raw_data/TWN_002_PP_012.csv","legacy","no","Kafkaesque Koffka","3.2.8","yes","5a7ce671e83246000deafe81","no","no","0","0","j","NA","NA","j","NA","NA","NA","NA","NA","NA","NA","NA","NA","NA","NA","NA","space","NA","NA","j","NA","NA","NA","NA","NA","NA","NA","NA","NA","NA","NA","NA","space","NA","NA","565","NA","NA","565","NA","NA","NA","NA","NA","NA","NA","NA","NA","NA","NA","NA","858","NA","NA","711","NA","NA","NA","NA","NA","NA","NA","NA","NA","NA","NA","NA","9572","NA","NA","2","legacy","no","no","1024","2","48000","-16","no","EXP","12","even","yes","no","NA","7422","3028","3032","5585","7413","7413","NA","NA","28379","56648","25774","17003","27511","57149","56647","7422","28379","57149","57716","NA","44332","17003","27488","17016","25773","17016","17016","17003","NA","NA","NA","NA","NA","NA","NA","NA","NA","NA","NA","NA","27512","NA","NA","26275","26275","26988","NA","NA","58216","NA","NA","NA","NA","NA","NA","NA","NA","NA","NA","NA","NA","7423","NA","NA","Orientation_PSA2018","23","14557","24","no","yes","1024"
"Y","2684","H","H","PP_LIST3.csv","nailH.jpg","nailH.jpg","96","96","600.56","600.56","#ffffff","yes","legacy","legacy","legacy","0","uniform","1","1","undefined","1","undefined","6","j","0","0","0","0","0","0","0","NA","18","0","18","5","0","0","18","18","0","0","18","18","18","18","0","5","0","5","0","0","0","0","0","0","0","0","0","0","0","0","0","0","0","0","0","0","5","5","5","5","5","18","0","0","0","0","0","0","0","0","0","0","0","0","0","0","0","12/24/19 15:22:19","no","Matching Tasks","yes","no","","no","OrientationCrossLanguages_2018PSA_PP_1.2.4.osexp","C:\Users\kunglab\Desktop\object_orientation","no","mono","no","18","no","#0000ff","no","繁體中文","yes","no","768","no","no","legacy","18","18","1","5","C:/Users/kunglab/Desktop/object_orientation/raw_data/TWN_002_PP_012.csv","legacy","no","Kafkaesque Koffka","3.2.8","yes","5a7ce671e83246000deafe81","no","no","0","0","j","NA","NA","j","NA","NA","NA","NA","NA","NA","NA","NA","NA","NA","NA","NA","space","NA","NA","j","NA","NA","NA","NA","NA","NA","NA","NA","NA","NA","NA","NA","space","NA","NA","457","NA","NA","457","NA","NA","NA","NA","NA","NA","NA","NA","NA","NA","NA","NA","858","NA","NA","711","NA","NA","NA","NA","NA","NA","NA","NA","NA","NA","NA","NA","9572","NA","NA","2","legacy","no","no","1024","2","48000","-16","no","EXP","12","even","yes","no","NA","7422","3028","3032","5585","7413","7413","NA","NA","28379","58285","25774","17003","27511","58785","58284","7422","28379","58785","59244","NA","44332","17003","27488","17016","25773","17016","17016","17003","NA","NA","NA","NA","NA","NA","NA","NA","NA","NA","NA","NA","27512","NA","NA","26275","26275","26988","NA","NA","59744","NA","NA","NA","NA","NA","NA","NA","NA","NA","NA","NA","NA","7423","NA","NA","Orientation_PSA2018","24","15014","25","no","yes","1024"
"F","2684","F","F","PP_LIST3.csv","wndmil.jpg","mitten.jpg","96.1538461538","96.1538461538","598.307692308","598.307692308","#ffffff","yes","legacy","legacy","legacy","0","uniform","1","1","undefined","1","undefined","6","f","0","0","0","0","0","0","0","NA","19","0","19","5","0","0","19","19","0","0","19","19","19","19","0","5","0","5","0","0","0","0","0","0","0","0","0","0","0","0","0","0","0","0","0","0","5","5","5","5","5","19","0","0","0","0","0","0","0","0","0","0","0","0","0","0","0","12/24/19 15:22:19","no","Matching Tasks","yes","no","","no","OrientationCrossLanguages_2018PSA_PP_1.2.4.osexp","C:\Users\kunglab\Desktop\object_orientation","no","mono","no","18","no","#0000ff","no","繁體中文","yes","no","768","no","no","legacy","19","19","1","5","C:/Users/kunglab/Desktop/object_orientation/raw_data/TWN_002_PP_012.csv","legacy","no","Kafkaesque Koffka","3.2.8","yes","5a7ce671e83246000deafe81","no","no","0","0","f","NA","NA","f","NA","NA","NA","NA","NA","NA","NA","NA","NA","NA","NA","NA","space","NA","NA","j","NA","NA","NA","NA","NA","NA","NA","NA","NA","NA","NA","NA","space","NA","NA","542","NA","NA","542","NA","NA","NA","NA","NA","NA","NA","NA","NA","NA","NA","NA","858","NA","NA","711","NA","NA","NA","NA","NA","NA","NA","NA","NA","NA","NA","NA","9572","NA","NA","2","legacy","no","no","1024","2","48000","-16","no","EXP","12","even","yes","no","NA","7422","3028","3032","5585","7413","7413","NA","NA","28379","59815","25774","17003","27511","60316","59814","7422","28379","60316","60859","NA","44332","17003","27488","17016","25773","17016","17016","17003","NA","NA","NA","NA","NA","NA","NA","NA","NA","NA","NA","NA","27512","NA","NA","26275","26275","26988","NA","NA","61359","NA","NA","NA","NA","NA","NA","NA","NA","NA","NA","NA","NA","7423","NA","NA","Orientation_PSA2018","25","15556","26","no","yes","1024"
"N","2684","V","H","PP_LIST3.csv","caterpillarV.jpg","caterpillarH.jpg","96.2962962963","96.2962962963","601.518518519","601.518518519","#ffffff","yes","legacy","legacy","legacy","0","uniform","1","1","undefined","1","undefined","6","j","0","0","0","0","0","0","0","NA","20","0","20","5","0","0","20","20","0","0","20","20","20","20","0","5","0","5","0","0","0","0","0","0","0","0","0","0","0","0","0","0","0","0","0","0","5","5","5","5","5","20","0","0","0","0","0","0","0","0","0","0","0","0","0","0","0","12/24/19 15:22:19","no","Matching Tasks","yes","no","","no","OrientationCrossLanguages_2018PSA_PP_1.2.4.osexp","C:\Users\kunglab\Desktop\object_orientation","no","mono","no","18","no","#0000ff","no","繁體中文","yes","no","768","no","no","legacy","20","20","1","5","C:/Users/kunglab/Desktop/object_orientation/raw_data/TWN_002_PP_012.csv","legacy","no","Kafkaesque Koffka","3.2.8","yes","5a7ce671e83246000deafe81","no","no","0","0","j","NA","NA","j","NA","NA","NA","NA","NA","NA","NA","NA","NA","NA","NA","NA","space","NA","NA","j","NA","NA","NA","NA","NA","NA","NA","NA","NA","NA","NA","NA","space","NA","NA","685","NA","NA","685","NA","NA","NA","NA","NA","NA","NA","NA","NA","NA","NA","NA","858","NA","NA","711","NA","NA","NA","NA","NA","NA","NA","NA","NA","NA","NA","NA","9572","NA","NA","2","legacy","no","no","1024","2","48000","-16","no","EXP","12","even","yes","no","NA","7422","3028","3032","5585","7413","7413","NA","NA","28379","61440","25774","17003","27511","61941","61439","7422","28379","61941","62628","NA","44332","17003","27488","17016","25773","17016","17016","17003","NA","NA","NA","NA","NA","NA","NA","NA","NA","NA","NA","NA","27512","NA","NA","26275","26275","26988","NA","NA","63128","NA","NA","NA","NA","NA","NA","NA","NA","NA","NA","NA","NA","7423","NA","NA","Orientation_PSA2018","26","16241","27","no","yes","1024"
"F","2684","F","F","PP_LIST3.csv","tapedispenser.jpg","wrench.jpg","96.4285714286","96.4285714286","599.107142857","599.107142857","#ffffff","yes","legacy","legacy","legacy","0","uniform","1","1","undefined","1","undefined","6","f","0","0","0","0","0","0","0","NA","21","0","21","5","0","0","21","21","0","0","21","21","21","21","0","5","0","5","0","0","0","0","0","0","0","0","0","0","0","0","0","0","0","0","0","0","5","5","5","5","5","21","0","0","0","0","0","0","0","0","0","0","0","0","0","0","0","12/24/19 15:22:19","no","Matching Tasks","yes","no","","no","OrientationCrossLanguages_2018PSA_PP_1.2.4.osexp","C:\Users\kunglab\Desktop\object_orientation","no","mono","no","18","no","#0000ff","no","繁體中文","yes","no","768","no","no","legacy","21","21","1","5","C:/Users/kunglab/Desktop/object_orientation/raw_data/TWN_002_PP_012.csv","legacy","no","Kafkaesque Koffka","3.2.8","yes","5a7ce671e83246000deafe81","no","no","0","0","f","NA","NA","f","NA","NA","NA","NA","NA","NA","NA","NA","NA","NA","NA","NA","space","NA","NA","j","NA","NA","NA","NA","NA","NA","NA","NA","NA","NA","NA","NA","space","NA","NA","534","NA","NA","534","NA","NA","NA","NA","NA","NA","NA","NA","NA","NA","NA","NA","858","NA","NA","711","NA","NA","NA","NA","NA","NA","NA","NA","NA","NA","NA","NA","9572","NA","NA","2","legacy","no","no","1024","2","48000","-16","no","EXP","12","even","yes","no","NA","7422","3028","3032","5585","7413","7413","NA","NA","28379","63199","25774","17003","27511","63700","63197","7422","28379","63700","64236","NA","44332","17003","27488","17016","25773","17016","17016","17003","NA","NA","NA","NA","NA","NA","NA","NA","NA","NA","NA","NA","27512","NA","NA","26275","26275","26988","NA","NA","64736","NA","NA","NA","NA","NA","NA","NA","NA","NA","NA","NA","NA","7423","NA","NA","Orientation_PSA2018","27","16775","28","no","yes","1024"
"N","2684","V","H","PP_LIST3.csv","brushV.jpg","brushH.jpg","96.5517241379","96.5517241379","594.068965517","594.068965517","#ffffff","yes","legacy","legacy","legacy","0","uniform","1","1","undefined","1","undefined","6","j","0","0","0","0","0","0","0","NA","22","0","22","5","0","0","22","22","0","0","22","22","22","22","0","5","0","5","0","0","0","0","0","0","0","0","0","0","0","0","0","0","0","0","0","0","5","5","5","5","5","22","0","0","0","0","0","0","0","0","0","0","0","0","0","0","0","12/24/19 15:22:19","no","Matching Tasks","yes","no","","no","OrientationCrossLanguages_2018PSA_PP_1.2.4.osexp","C:\Users\kunglab\Desktop\object_orientation","no","mono","no","18","no","#0000ff","no","繁體中文","yes","no","768","no","no","legacy","22","22","1","5","C:/Users/kunglab/Desktop/object_orientation/raw_data/TWN_002_PP_012.csv","legacy","no","Kafkaesque Koffka","3.2.8","yes","5a7ce671e83246000deafe81","no","no","0","0","j","NA","NA","j","NA","NA","NA","NA","NA","NA","NA","NA","NA","NA","NA","NA","space","NA","NA","j","NA","NA","NA","NA","NA","NA","NA","NA","NA","NA","NA","NA","space","NA","NA","453","NA","NA","453","NA","NA","NA","NA","NA","NA","NA","NA","NA","NA","NA","NA","858","NA","NA","711","NA","NA","NA","NA","NA","NA","NA","NA","NA","NA","NA","NA","9572","NA","NA","2","legacy","no","no","1024","2","48000","-16","no","EXP","12","even","yes","no","NA","7422","3028","3032","5585","7413","7413","NA","NA","28379","64808","25774","17003","27511","65309","64807","7422","28379","65309","65764","NA","44332","17003","27488","17016","25773","17016","17016","17003","NA","NA","NA","NA","NA","NA","NA","NA","NA","NA","NA","NA","27512","NA","NA","26275","26275","26988","NA","NA","66264","NA","NA","NA","NA","NA","NA","NA","NA","NA","NA","NA","NA","7423","NA","NA","Orientation_PSA2018","28","17228","29","no","yes","1024"
"F","2684","F","F","PP_LIST3.csv","needle.jpg","tiger.jpg","96.6666666667","96.6666666667","593.533333333","593.533333333","#ffffff","yes","legacy","legacy","legacy","0","uniform","1","1","undefined","1","undefined","6","f","0","0","0","0","0","0","0","NA","23","0","23","5","0","0","23","23","0","0","23","23","23","23","0","5","0","5","0","0","0","0","0","0","0","0","0","0","0","0","0","0","0","0","0","0","5","5","5","5","5","23","0","0","0","0","0","0","0","0","0","0","0","0","0","0","0","12/24/19 15:22:19","no","Matching Tasks","yes","no","","no","OrientationCrossLanguages_2018PSA_PP_1.2.4.osexp","C:\Users\kunglab\Desktop\object_orientation","no","mono","no","18","no","#0000ff","no","繁體中文","yes","no","768","no","no","legacy","23","23","1","5","C:/Users/kunglab/Desktop/object_orientation/raw_data/TWN_002_PP_012.csv","legacy","no","Kafkaesque Koffka","3.2.8","yes","5a7ce671e83246000deafe81","no","no","0","0","f","NA","NA","f","NA","NA","NA","NA","NA","NA","NA","NA","NA","NA","NA","NA","space","NA","NA","j","NA","NA","NA","NA","NA","NA","NA","NA","NA","NA","NA","NA","space","NA","NA","578","NA","NA","578","NA","NA","NA","NA","NA","NA","NA","NA","NA","NA","NA","NA","858","NA","NA","711","NA","NA","NA","NA","NA","NA","NA","NA","NA","NA","NA","NA","9572","NA","NA","2","legacy","no","no","1024","2","48000","-16","no","EXP","12","even","yes","no","NA","7422","3028","3032","5585","7413","7413","NA","NA","28379","66332","25774","17003","27511","66833","66331","7422","28379","66833","67412","NA","44332","17003","27488","17016","25773","17016","17016","17003","NA","NA","NA","NA","NA","NA","NA","NA","NA","NA","NA","NA","27512","NA","NA","26275","26275","26988","NA","NA","67912","NA","NA","NA","NA","NA","NA","NA","NA","NA","NA","NA","NA","7423","NA","NA","Orientation_PSA2018","29","17806","30","no","yes","1024"
"Y","2684","H","H","PP_LIST3.csv","ironH.jpg","ironH.jpg","100","100","623","623","#ffffff","yes","legacy","legacy","legacy","0","uniform","1","1","undefined","1","undefined","6","j","0","0","0","0","0","0","0","0","24","0","24","5","0","0","24","24","0","0","24","24","24","24","0","5","0","5","0","0","0","0","0","0","0","0","0","0","0","0","0","0","0","0","0","0","5","5","5","5","5","24","0","0","0","0","0","0","0","0","0","0","0","0","0","0","0","12/24/19 15:22:19","no","Matching Tasks","yes","no","","no","OrientationCrossLanguages_2018PSA_PP_1.2.4.osexp","C:\Users\kunglab\Desktop\object_orientation","no","mono","no","18","no","#0000ff","no","繁體中文","yes","no","768","no","no","legacy","24","24","1","5","C:/Users/kunglab/Desktop/object_orientation/raw_data/TWN_002_PP_012.csv","legacy","no","Kafkaesque Koffka","3.2.8","yes","5a7ce671e83246000deafe81","no","no","0","0","j","space","NA","j","NA","NA","NA","NA","NA","NA","NA","NA","NA","NA","NA","NA","space","NA","NA","j","NA","NA","NA","NA","NA","NA","NA","NA","NA","NA","NA","NA","space","NA","NA","623","958","NA","623","NA","NA","NA","NA","NA","NA","NA","NA","NA","NA","NA","NA","858","NA","NA","711","NA","NA","NA","NA","NA","NA","NA","NA","NA","NA","NA","NA","9572","NA","NA","2","legacy","no","no","1024","2","48000","-16","no","EXP","12","even","yes","no","NA","7422","3028","3032","5585","7413","7413","67940","NA","28379","68966","25774","17003","27511","69467","68965","7422","28379","69467","70092","NA","44332","17003","27488","17016","25773","17016","17016","17003","NA","NA","NA","NA","NA","NA","NA","NA","NA","NA","NA","NA","27512","NA","NA","26275","26275","26988","NA","NA","70592","NA","NA","NA","NA","NA","NA","NA","NA","NA","NA","NA","NA","7423","NA","NA","Orientation_PSA2018","1","623","1","no","yes","1024"
"N","2684","V","H","PP_LIST3.csv","fire_extinguisherV.jpg","fire_extinguisherH.jpg","100","100","574","574","#ffffff","yes","legacy","legacy","legacy","0","uniform","1","1","undefined","1","undefined","6","j","0","0","0","0","0","0","0","0","25","0","25","5","0","0","25","25","0","0","25","25","25","25","0","5","0","5","0","0","0","0","0","0","0","0","0","0","0","0","0","0","0","0","0","0","5","5","5","5","5","25","0","0","0","0","0","0","0","0","0","0","0","0","0","0","0","12/24/19 15:22:19","no","Matching Tasks","yes","no","","no","OrientationCrossLanguages_2018PSA_PP_1.2.4.osexp","C:\Users\kunglab\Desktop\object_orientation","no","mono","no","18","no","#0000ff","no","繁體中文","yes","no","768","no","no","legacy","25","25","1","5","C:/Users/kunglab/Desktop/object_orientation/raw_data/TWN_002_PP_012.csv","legacy","no","Kafkaesque Koffka","3.2.8","yes","5a7ce671e83246000deafe81","no","no","0","0","j","space","NA","j","NA","NA","NA","NA","NA","NA","NA","NA","NA","NA","NA","NA","space","NA","NA","j","NA","NA","NA","NA","NA","NA","NA","NA","NA","NA","NA","NA","space","NA","NA","525","958","NA","525","NA","NA","NA","NA","NA","NA","NA","NA","NA","NA","NA","NA","858","NA","NA","711","NA","NA","NA","NA","NA","NA","NA","NA","NA","NA","NA","NA","9572","NA","NA","2","legacy","no","no","1024","2","48000","-16","no","EXP","12","even","yes","no","NA","7422","3028","3032","5585","7413","7413","67940","NA","28379","70672","25774","17003","27511","71173","70670","7422","28379","71173","71700","NA","44332","17003","27488","17016","25773","17016","17016","17003","NA","NA","NA","NA","NA","NA","NA","NA","NA","NA","NA","NA","27512","NA","NA","26275","26275","26988","NA","NA","72200","NA","NA","NA","NA","NA","NA","NA","NA","NA","NA","NA","NA","7423","NA","NA","Orientation_PSA2018","2","1148","2","no","yes","1024"
"F","2684","F","F","PP_LIST3.csv","mitten.jpg","needle.jpg","100","100","599.333333333","599.333333333","#ffffff","yes","legacy","legacy","legacy","0","uniform","1","1","undefined","1","undefined","6","f","0","0","0","0","0","0","0","0","26","0","26","5","0","0","26","26","0","0","26","26","26","26","0","5","0","5","0","0","0","0","0","0","0","0","0","0","0","0","0","0","0","0","0","0","5","5","5","5","5","26","0","0","0","0","0","0","0","0","0","0","0","0","0","0","0","12/24/19 15:22:19","no","Matching Tasks","yes","no","","no","OrientationCrossLanguages_2018PSA_PP_1.2.4.osexp","C:\Users\kunglab\Desktop\object_orientation","no","mono","no","18","no","#0000ff","no","繁體中文","yes","no","768","no","no","legacy","26","26","1","5","C:/Users/kunglab/Desktop/object_orientation/raw_data/TWN_002_PP_012.csv","legacy","no","Kafkaesque Koffka","3.2.8","yes","5a7ce671e83246000deafe81","no","no","0","0","f","space","NA","f","NA","NA","NA","NA","NA","NA","NA","NA","NA","NA","NA","NA","space","NA","NA","j","NA","NA","NA","NA","NA","NA","NA","NA","NA","NA","NA","NA","space","NA","NA","650","958","NA","650","NA","NA","NA","NA","NA","NA","NA","NA","NA","NA","NA","NA","858","NA","NA","711","NA","NA","NA","NA","NA","NA","NA","NA","NA","NA","NA","NA","9572","NA","NA","2","legacy","no","no","1024","2","48000","-16","no","EXP","12","even","yes","no","NA","7422","3028","3032","5585","7413","7413","67940","NA","28379","72267","25774","17003","27511","72768","72265","7422","28379","72768","73420","NA","44332","17003","27488","17016","25773","17016","17016","17003","NA","NA","NA","NA","NA","NA","NA","NA","NA","NA","NA","NA","27512","NA","NA","26275","26275","26988","NA","NA","73920","NA","NA","NA","NA","NA","NA","NA","NA","NA","NA","NA","NA","7423","NA","NA","Orientation_PSA2018","3","1798","3","no","yes","1024"
"F","2684","F","F","PP_LIST3.csv","ladder.jpg","house.jpg","100","100","583.25","583.25","#ffffff","yes","legacy","legacy","legacy","0","uniform","1","1","undefined","1","undefined","6","f","0","0","0","0","0","0","0","0","27","0","27","5","0","0","27","27","0","0","27","27","27","27","0","5","0","5","0","0","0","0","0","0","0","0","0","0","0","0","0","0","0","0","0","0","5","5","5","5","5","27","0","0","0","0","0","0","0","0","0","0","0","0","0","0","0","12/24/19 15:22:19","no","Matching Tasks","yes","no","","no","OrientationCrossLanguages_2018PSA_PP_1.2.4.osexp","C:\Users\kunglab\Desktop\object_orientation","no","mono","no","18","no","#0000ff","no","繁體中文","yes","no","768","no","no","legacy","27","27","1","5","C:/Users/kunglab/Desktop/object_orientation/raw_data/TWN_002_PP_012.csv","legacy","no","Kafkaesque Koffka","3.2.8","yes","5a7ce671e83246000deafe81","no","no","0","0","f","space","NA","f","NA","NA","NA","NA","NA","NA","NA","NA","NA","NA","NA","NA","space","NA","NA","j","NA","NA","NA","NA","NA","NA","NA","NA","NA","NA","NA","NA","space","NA","NA","535","958","NA","535","NA","NA","NA","NA","NA","NA","NA","NA","NA","NA","NA","NA","858","NA","NA","711","NA","NA","NA","NA","NA","NA","NA","NA","NA","NA","NA","NA","9572","NA","NA","2","legacy","no","no","1024","2","48000","-16","no","EXP","12","even","yes","no","NA","7422","3028","3032","5585","7413","7413","67940","NA","28379","73990","25774","17003","27511","74491","73989","7422","28379","74491","75028","NA","44332","17003","27488","17016","25773","17016","17016","17003","NA","NA","NA","NA","NA","NA","NA","NA","NA","NA","NA","NA","27512","NA","NA","26275","26275","26988","NA","NA","75528","NA","NA","NA","NA","NA","NA","NA","NA","NA","NA","NA","NA","7423","NA","NA","Orientation_PSA2018","4","2333","4","no","yes","1024"
"F","2684","F","F","PP_LIST3.csv","stove.jpg","ftball.jpg","80","80","565","565","#ffffff","yes","legacy","legacy","legacy","0","uniform","0","0","undefined","1","undefined","6","f","0","0","0","0","0","0","0","0","28","0","28","5","0","0","28","28","0","0","28","28","28","28","0","5","0","5","0","0","0","0","0","0","0","0","0","0","0","0","0","0","0","0","0","0","5","5","5","5","5","28","0","0","0","0","0","0","0","0","0","0","0","0","0","0","0","12/24/19 15:22:19","no","Matching Tasks","yes","no","","no","OrientationCrossLanguages_2018PSA_PP_1.2.4.osexp","C:\Users\kunglab\Desktop\object_orientation","no","mono","no","18","no","#0000ff","no","繁體中文","yes","no","768","no","no","legacy","28","28","1","5","C:/Users/kunglab/Desktop/object_orientation/raw_data/TWN_002_PP_012.csv","legacy","no","Kafkaesque Koffka","3.2.8","yes","5a7ce671e83246000deafe81","no","no","0","0","j","space","NA","j","NA","NA","NA","NA","NA","NA","NA","NA","NA","NA","NA","NA","space","NA","NA","j","NA","NA","NA","NA","NA","NA","NA","NA","NA","NA","NA","NA","space","NA","NA","492","958","NA","492","NA","NA","NA","NA","NA","NA","NA","NA","NA","NA","NA","NA","858","NA","NA","711","NA","NA","NA","NA","NA","NA","NA","NA","NA","NA","NA","NA","9572","NA","NA","2","legacy","no","no","1024","2","48000","-16","no","EXP","12","even","yes","no","NA","7422","3028","3032","5585","7413","7413","67940","NA","28379","75601","25774","17003","27511","76102","75600","7422","28379","76102","75028","NA","76596","17003","27488","17016","25773","17016","17016","17003","NA","NA","NA","NA","NA","NA","NA","NA","NA","NA","NA","NA","27512","NA","NA","26275","26275","26988","NA","NA","77096","NA","NA","NA","NA","NA","NA","NA","NA","NA","NA","NA","NA","7423","NA","NA","Orientation_PSA2018","4","2825","5","no","yes","1024"
"Y","2684","V","V","PP_LIST3.csv","penV.jpg","penV.jpg","83.3333333333","83.3333333333","585.5","585.5","#ffffff","yes","legacy","legacy","legacy","0","uniform","1","1","undefined","1","undefined","6","j","0","0","0","0","0","0","0","0","29","0","29","5","0","0","29","29","0","0","29","29","29","29","0","5","0","5","0","0","0","0","0","0","0","0","0","0","0","0","0","0","0","0","0","0","5","5","5","5","5","29","0","0","0","0","0","0","0","0","0","0","0","0","0","0","0","12/24/19 15:22:19","no","Matching Tasks","yes","no","","no","OrientationCrossLanguages_2018PSA_PP_1.2.4.osexp","C:\Users\kunglab\Desktop\object_orientation","no","mono","no","18","no","#0000ff","no","繁體中文","yes","no","768","no","no","legacy","29","29","1","5","C:/Users/kunglab/Desktop/object_orientation/raw_data/TWN_002_PP_012.csv","legacy","no","Kafkaesque Koffka","3.2.8","yes","5a7ce671e83246000deafe81","no","no","0","0","j","space","NA","j","NA","NA","NA","NA","NA","NA","NA","NA","NA","NA","NA","NA","space","NA","NA","j","NA","NA","NA","NA","NA","NA","NA","NA","NA","NA","NA","NA","space","NA","NA","688","958","NA","688","NA","NA","NA","NA","NA","NA","NA","NA","NA","NA","NA","NA","858","NA","NA","711","NA","NA","NA","NA","NA","NA","NA","NA","NA","NA","NA","NA","9572","NA","NA","2","legacy","no","no","1024","2","48000","-16","no","EXP","12","even","yes","no","NA","7422","3028","3032","5585","7413","7413","67940","NA","28379","77165","25774","17003","27511","77666","77164","7422","28379","77666","78356","NA","76596","17003","27488","17016","25773","17016","17016","17003","NA","NA","NA","NA","NA","NA","NA","NA","NA","NA","NA","NA","27512","NA","NA","26275","26275","26988","NA","NA","78856","NA","NA","NA","NA","NA","NA","NA","NA","NA","NA","NA","NA","7423","NA","NA","Orientation_PSA2018","5","3513","6","no","yes","1024"
"N","2684","H","V","PP_LIST3.csv","broomH.jpg","broomV.jpg","71.4285714286","71.4285714286","584.857142857","584.857142857","#ffffff","yes","legacy","legacy","legacy","0","uniform","0","0","undefined","1","undefined","6","j","0","0","0","0","0","0","0","0","30","0","30","5","0","0","30","30","0","0","30","30","30","30","0","5","0","5","0","0","0","0","0","0","0","0","0","0","0","0","0","0","0","0","0","0","5","5","5","5","5","30","0","0","0","0","0","0","0","0","0","0","0","0","0","0","0","12/24/19 15:22:19","no","Matching Tasks","yes","no","","no","OrientationCrossLanguages_2018PSA_PP_1.2.4.osexp","C:\Users\kunglab\Desktop\object_orientation","no","mono","no","18","no","#0000ff","no","繁體中文","yes","no","768","no","no","legacy","30","30","1","5","C:/Users/kunglab/Desktop/object_orientation/raw_data/TWN_002_PP_012.csv","legacy","no","Kafkaesque Koffka","3.2.8","yes","5a7ce671e83246000deafe81","no","no","0","0","f","space","NA","f","NA","NA","NA","NA","NA","NA","NA","NA","NA","NA","NA","NA","space","NA","NA","j","NA","NA","NA","NA","NA","NA","NA","NA","NA","NA","NA","NA","space","NA","NA","581","958","NA","581","NA","NA","NA","NA","NA","NA","NA","NA","NA","NA","NA","NA","858","NA","NA","711","NA","NA","NA","NA","NA","NA","NA","NA","NA","NA","NA","NA","9572","NA","NA","2","legacy","no","no","1024","2","48000","-16","no","EXP","12","even","yes","no","NA","7422","3028","3032","5585","7413","7413","67940","NA","28379","78928","25774","17003","27511","79429","78927","7422","28379","79429","78356","NA","80012","17003","27488","17016","25773","17016","17016","17003","NA","NA","NA","NA","NA","NA","NA","NA","NA","NA","NA","NA","27512","NA","NA","26275","26275","26988","NA","NA","80512","NA","NA","NA","NA","NA","NA","NA","NA","NA","NA","NA","NA","7423","NA","NA","Orientation_PSA2018","5","4094","7","no","yes","1024"
"F","2684","F","F","PP_LIST3.csv","sutcse.jpg","pumpkin.jpg","75","75","589.25","589.25","#ffffff","yes","legacy","legacy","legacy","0","uniform","1","1","undefined","1","undefined","6","f","0","0","0","0","0","0","0","0","31","0","31","5","0","0","31","31","0","0","31","31","31","31","0","5","0","5","0","0","0","0","0","0","0","0","0","0","0","0","0","0","0","0","0","0","5","5","5","5","5","31","0","0","0","0","0","0","0","0","0","0","0","0","0","0","0","12/24/19 15:22:19","no","Matching Tasks","yes","no","","no","OrientationCrossLanguages_2018PSA_PP_1.2.4.osexp","C:\Users\kunglab\Desktop\object_orientation","no","mono","no","18","no","#0000ff","no","繁體中文","yes","no","768","no","no","legacy","31","31","1","5","C:/Users/kunglab/Desktop/object_orientation/raw_data/TWN_002_PP_012.csv","legacy","no","Kafkaesque Koffka","3.2.8","yes","5a7ce671e83246000deafe81","no","no","0","0","f","space","NA","f","NA","NA","NA","NA","NA","NA","NA","NA","NA","NA","NA","NA","space","NA","NA","j","NA","NA","NA","NA","NA","NA","NA","NA","NA","NA","NA","NA","space","NA","NA","620","958","NA","620","NA","NA","NA","NA","NA","NA","NA","NA","NA","NA","NA","NA","858","NA","NA","711","NA","NA","NA","NA","NA","NA","NA","NA","NA","NA","NA","NA","9572","NA","NA","2","legacy","no","no","1024","2","48000","-16","no","EXP","12","even","yes","no","NA","7422","3028","3032","5585","7413","7413","67940","NA","28379","80585","25774","17003","27511","81086","80583","7422","28379","81086","81708","NA","80012","17003","27488","17016","25773","17016","17016","17003","NA","NA","NA","NA","NA","NA","NA","NA","NA","NA","NA","NA","27512","NA","NA","26275","26275","26988","NA","NA","82208","NA","NA","NA","NA","NA","NA","NA","NA","NA","NA","NA","NA","7423","NA","NA","Orientation_PSA2018","6","4714","8","no","yes","1024"
"N","2684","V","H","PP_LIST3.csv","flashV.jpg","flashH.jpg","77.7777777778","77.7777777778","590.555555556","590.555555556","#ffffff","yes","legacy","legacy","legacy","0","uniform","1","1","undefined","1","undefined","6","j","0","0","0","0","0","0","0","0","32","0","32","5","0","0","32","32","0","0","32","32","32","32","0","5","0","5","0","0","0","0","0","0","0","0","0","0","0","0","0","0","0","0","0","0","5","5","5","5","5","32","0","0","0","0","0","0","0","0","0","0","0","0","0","0","0","12/24/19 15:22:19","no","Matching Tasks","yes","no","","no","OrientationCrossLanguages_2018PSA_PP_1.2.4.osexp","C:\Users\kunglab\Desktop\object_orientation","no","mono","no","18","no","#0000ff","no","繁體中文","yes","no","768","no","no","legacy","32","32","1","5","C:/Users/kunglab/Desktop/object_orientation/raw_data/TWN_002_PP_012.csv","legacy","no","Kafkaesque Koffka","3.2.8","yes","5a7ce671e83246000deafe81","no","no","0","0","j","space","NA","j","NA","NA","NA","NA","NA","NA","NA","NA","NA","NA","NA","NA","space","NA","NA","j","NA","NA","NA","NA","NA","NA","NA","NA","NA","NA","NA","NA","space","NA","NA","601","958","NA","601","NA","NA","NA","NA","NA","NA","NA","NA","NA","NA","NA","NA","858","NA","NA","711","NA","NA","NA","NA","NA","NA","NA","NA","NA","NA","NA","NA","9572","NA","NA","2","legacy","no","no","1024","2","48000","-16","no","EXP","12","even","yes","no","NA","7422","3028","3032","5585","7413","7413","67940","NA","28379","82285","25774","17003","27511","82786","82284","7422","28379","82786","83388","NA","80012","17003","27488","17016","25773","17016","17016","17003","NA","NA","NA","NA","NA","NA","NA","NA","NA","NA","NA","NA","27512","NA","NA","26275","26275","26988","NA","NA","83888","NA","NA","NA","NA","NA","NA","NA","NA","NA","NA","NA","NA","7423","NA","NA","Orientation_PSA2018","7","5315","9","no","yes","1024"
"F","2684","F","F","PP_LIST3.csv","piano.jpg","sutcse.jpg","80","80","603.3","603.3","#ffffff","yes","legacy","legacy","legacy","0","uniform","1","1","undefined","1","undefined","6","f","0","0","0","0","0","0","0","0","33","0","33","5","0","0","33","33","0","0","33","33","33","33","0","5","0","5","0","0","0","0","0","0","0","0","0","0","0","0","0","0","0","0","0","0","5","5","5","5","5","33","0","0","0","0","0","0","0","0","0","0","0","0","0","0","0","12/24/19 15:22:19","no","Matching Tasks","yes","no","","no","OrientationCrossLanguages_2018PSA_PP_1.2.4.osexp","C:\Users\kunglab\Desktop\object_orientation","no","mono","no","18","no","#0000ff","no","繁體中文","yes","no","768","no","no","legacy","33","33","1","5","C:/Users/kunglab/Desktop/object_orientation/raw_data/TWN_002_PP_012.csv","legacy","no","Kafkaesque Koffka","3.2.8","yes","5a7ce671e83246000deafe81","no","no","0","0","f","space","NA","f","NA","NA","NA","NA","NA","NA","NA","NA","NA","NA","NA","NA","space","NA","NA","j","NA","NA","NA","NA","NA","NA","NA","NA","NA","NA","NA","NA","space","NA","NA","718","958","NA","718","NA","NA","NA","NA","NA","NA","NA","NA","NA","NA","NA","NA","858","NA","NA","711","NA","NA","NA","NA","NA","NA","NA","NA","NA","NA","NA","NA","9572","NA","NA","2","legacy","no","no","1024","2","48000","-16","no","EXP","12","even","yes","no","NA","7422","3028","3032","5585","7413","7413","67940","NA","28379","83959","25774","17003","27511","84460","83958","7422","28379","84460","85180","NA","80012","17003","27488","17016","25773","17016","17016","17003","NA","NA","NA","NA","NA","NA","NA","NA","NA","NA","NA","NA","27512","NA","NA","26275","26275","26988","NA","NA","85680","NA","NA","NA","NA","NA","NA","NA","NA","NA","NA","NA","NA","7423","NA","NA","Orientation_PSA2018","8","6033","10","no","yes","1024"
"F","2684","F","F","PP_LIST3.csv","house.jpg","ring.jpg","81.8181818182","81.8181818182","604.363636364","604.363636364","#ffffff","yes","legacy","legacy","legacy","0","uniform","1","1","undefined","1","undefined","6","f","0","0","0","0","0","0","0","0","34","0","34","5","0","0","34","34","0","0","34","34","34","34","0","5","0","5","0","0","0","0","0","0","0","0","0","0","0","0","0","0","0","0","0","0","5","5","5","5","5","34","0","0","0","0","0","0","0","0","0","0","0","0","0","0","0","12/24/19 15:22:19","no","Matching Tasks","yes","no","","no","OrientationCrossLanguages_2018PSA_PP_1.2.4.osexp","C:\Users\kunglab\Desktop\object_orientation","no","mono","no","18","no","#0000ff","no","繁體中文","yes","no","768","no","no","legacy","34","34","1","5","C:/Users/kunglab/Desktop/object_orientation/raw_data/TWN_002_PP_012.csv","legacy","no","Kafkaesque Koffka","3.2.8","yes","5a7ce671e83246000deafe81","no","no","0","0","f","space","NA","f","NA","NA","NA","NA","NA","NA","NA","NA","NA","NA","NA","NA","space","NA","NA","j","NA","NA","NA","NA","NA","NA","NA","NA","NA","NA","NA","NA","space","NA","NA","615","958","NA","615","NA","NA","NA","NA","NA","NA","NA","NA","NA","NA","NA","NA","858","NA","NA","711","NA","NA","NA","NA","NA","NA","NA","NA","NA","NA","NA","NA","9572","NA","NA","2","legacy","no","no","1024","2","48000","-16","no","EXP","12","even","yes","no","NA","7422","3028","3032","5585","7413","7413","67940","NA","28379","85750","25774","17003","27511","86251","85749","7422","28379","86251","86868","NA","80012","17003","27488","17016","25773","17016","17016","17003","NA","NA","NA","NA","NA","NA","NA","NA","NA","NA","NA","NA","27512","NA","NA","26275","26275","26988","NA","NA","87368","NA","NA","NA","NA","NA","NA","NA","NA","NA","NA","NA","NA","7423","NA","NA","Orientation_PSA2018","9","6648","11","no","yes","1024"
"Y","2684","H","H","PP_LIST3.csv","pencilH.jpg","pencilH.jpg","83.3333333333","83.3333333333","601.916666667","601.916666667","#ffffff","yes","legacy","legacy","legacy","0","uniform","1","1","undefined","1","undefined","6","j","0","0","0","0","0","0","0","0","35","0","35","5","0","0","35","35","0","0","35","35","35","35","0","5","0","5","0","0","0","0","0","0","0","0","0","0","0","0","0","0","0","0","0","0","5","5","5","5","5","35","0","0","0","0","0","0","0","0","0","0","0","0","0","0","0","12/24/19 15:22:19","no","Matching Tasks","yes","no","","no","OrientationCrossLanguages_2018PSA_PP_1.2.4.osexp","C:\Users\kunglab\Desktop\object_orientation","no","mono","no","18","no","#0000ff","no","繁體中文","yes","no","768","no","no","legacy","35","35","1","5","C:/Users/kunglab/Desktop/object_orientation/raw_data/TWN_002_PP_012.csv","legacy","no","Kafkaesque Koffka","3.2.8","yes","5a7ce671e83246000deafe81","no","no","0","0","j","space","NA","j","NA","NA","NA","NA","NA","NA","NA","NA","NA","NA","NA","NA","space","NA","NA","j","NA","NA","NA","NA","NA","NA","NA","NA","NA","NA","NA","NA","space","NA","NA","575","958","NA","575","NA","NA","NA","NA","NA","NA","NA","NA","NA","NA","NA","NA","858","NA","NA","711","NA","NA","NA","NA","NA","NA","NA","NA","NA","NA","NA","NA","9572","NA","NA","2","legacy","no","no","1024","2","48000","-16","no","EXP","12","even","yes","no","NA","7422","3028","3032","5585","7413","7413","67940","NA","28379","87438","25774","17003","27511","87939","87436","7422","28379","87939","88516","NA","80012","17003","27488","17016","25773","17016","17016","17003","NA","NA","NA","NA","NA","NA","NA","NA","NA","NA","NA","NA","27512","NA","NA","26275","26275","26988","NA","NA","89016","NA","NA","NA","NA","NA","NA","NA","NA","NA","NA","NA","NA","7423","NA","NA","Orientation_PSA2018","10","7223","12","no","yes","1024"
"F","2684","F","F","PP_LIST3.csv","tlphon.jpg","knife.jpg","84.6153846154","84.6153846154","598.230769231","598.230769231","#ffffff","yes","legacy","legacy","legacy","0","uniform","1","1","undefined","1","undefined","6","f","0","0","0","0","0","0","0","0","36","0","36","5","0","0","36","36","0","0","36","36","36","36","0","5","0","5","0","0","0","0","0","0","0","0","0","0","0","0","0","0","0","0","0","0","5","5","5","5","5","36","0","0","0","0","0","0","0","0","0","0","0","0","0","0","0","12/24/19 15:22:19","no","Matching Tasks","yes","no","","no","OrientationCrossLanguages_2018PSA_PP_1.2.4.osexp","C:\Users\kunglab\Desktop\object_orientation","no","mono","no","18","no","#0000ff","no","繁體中文","yes","no","768","no","no","legacy","36","36","1","5","C:/Users/kunglab/Desktop/object_orientation/raw_data/TWN_002_PP_012.csv","legacy","no","Kafkaesque Koffka","3.2.8","yes","5a7ce671e83246000deafe81","no","no","0","0","f","space","NA","f","NA","NA","NA","NA","NA","NA","NA","NA","NA","NA","NA","NA","space","NA","NA","j","NA","NA","NA","NA","NA","NA","NA","NA","NA","NA","NA","NA","space","NA","NA","554","958","NA","554","NA","NA","NA","NA","NA","NA","NA","NA","NA","NA","NA","NA","858","NA","NA","711","NA","NA","NA","NA","NA","NA","NA","NA","NA","NA","NA","NA","9572","NA","NA","2","legacy","no","no","1024","2","48000","-16","no","EXP","12","even","yes","no","NA","7422","3028","3032","5585","7413","7413","67940","NA","28379","89083","25774","17003","27511","89584","89082","7422","28379","89584","90140","NA","80012","17003","27488","17016","25773","17016","17016","17003","NA","NA","NA","NA","NA","NA","NA","NA","NA","NA","NA","NA","27512","NA","NA","26275","26275","26988","NA","NA","90640","NA","NA","NA","NA","NA","NA","NA","NA","NA","NA","NA","NA","7423","NA","NA","Orientation_PSA2018","11","7777","13","no","yes","1024"
"F","2684","F","F","PP_LIST3.csv","wrench.jpg","piano.jpg","85.7142857143","85.7142857143","601.857142857","601.857142857","#ffffff","yes","legacy","legacy","legacy","0","uniform","1","1","undefined","1","undefined","6","f","0","0","0","0","0","0","0","0","37","0","37","5","0","0","37","37","0","0","37","37","37","37","0","5","0","5","0","0","0","0","0","0","0","0","0","0","0","0","0","0","0","0","0","0","5","5","5","5","5","37","0","0","0","0","0","0","0","0","0","0","0","0","0","0","0","12/24/19 15:22:19","no","Matching Tasks","yes","no","","no","OrientationCrossLanguages_2018PSA_PP_1.2.4.osexp","C:\Users\kunglab\Desktop\object_orientation","no","mono","no","18","no","#0000ff","no","繁體中文","yes","no","768","no","no","legacy","37","37","1","5","C:/Users/kunglab/Desktop/object_orientation/raw_data/TWN_002_PP_012.csv","legacy","no","Kafkaesque Koffka","3.2.8","yes","5a7ce671e83246000deafe81","no","no","0","0","f","space","NA","f","NA","NA","NA","NA","NA","NA","NA","NA","NA","NA","NA","NA","space","NA","NA","j","NA","NA","NA","NA","NA","NA","NA","NA","NA","NA","NA","NA","space","NA","NA","649","958","NA","649","NA","NA","NA","NA","NA","NA","NA","NA","NA","NA","NA","NA","858","NA","NA","711","NA","NA","NA","NA","NA","NA","NA","NA","NA","NA","NA","NA","9572","NA","NA","2","legacy","no","no","1024","2","48000","-16","no","EXP","12","even","yes","no","NA","7422","3028","3032","5585","7413","7413","67940","NA","28379","90708","25774","17003","27511","91209","90706","7422","28379","91209","91860","NA","80012","17003","27488","17016","25773","17016","17016","17003","NA","NA","NA","NA","NA","NA","NA","NA","NA","NA","NA","NA","27512","NA","NA","26275","26275","26988","NA","NA","92360","NA","NA","NA","NA","NA","NA","NA","NA","NA","NA","NA","NA","7423","NA","NA","Orientation_PSA2018","12","8426","14","no","yes","1024"
"F","2684","F","F","PP_LIST3.csv","ftball.jpg","nut.jpg","86.6666666667","86.6666666667","605.6","605.6","#ffffff","yes","legacy","legacy","legacy","0","uniform","1","1","undefined","1","undefined","6","f","0","0","0","0","0","0","0","0","38","0","38","5","0","0","38","38","0","0","38","38","38","38","0","5","0","5","0","0","0","0","0","0","0","0","0","0","0","0","0","0","0","0","0","0","5","5","5","5","5","38","0","0","0","0","0","0","0","0","0","0","0","0","0","0","0","12/24/19 15:22:19","no","Matching Tasks","yes","no","","no","OrientationCrossLanguages_2018PSA_PP_1.2.4.osexp","C:\Users\kunglab\Desktop\object_orientation","no","mono","no","18","no","#0000ff","no","繁體中文","yes","no","768","no","no","legacy","38","38","1","5","C:/Users/kunglab/Desktop/object_orientation/raw_data/TWN_002_PP_012.csv","legacy","no","Kafkaesque Koffka","3.2.8","yes","5a7ce671e83246000deafe81","no","no","0","0","f","space","NA","f","NA","NA","NA","NA","NA","NA","NA","NA","NA","NA","NA","NA","space","NA","NA","j","NA","NA","NA","NA","NA","NA","NA","NA","NA","NA","NA","NA","space","NA","NA","658","958","NA","658","NA","NA","NA","NA","NA","NA","NA","NA","NA","NA","NA","NA","858","NA","NA","711","NA","NA","NA","NA","NA","NA","NA","NA","NA","NA","NA","NA","9572","NA","NA","2","legacy","no","no","1024","2","48000","-16","no","EXP","12","even","yes","no","NA","7422","3028","3032","5585","7413","7413","67940","NA","28379","92427","25774","17003","27511","92928","92425","7422","28379","92928","93588","NA","80012","17003","27488","17016","25773","17016","17016","17003","NA","NA","NA","NA","NA","NA","NA","NA","NA","NA","NA","NA","27512","NA","NA","26275","26275","26988","NA","NA","94088","NA","NA","NA","NA","NA","NA","NA","NA","NA","NA","NA","NA","7423","NA","NA","Orientation_PSA2018","13","9084","15","no","yes","1024"
"F","2684","F","F","PP_LIST3.csv","ring.jpg","stove.jpg","87.5","87.5","599.875","599.875","#ffffff","yes","legacy","legacy","legacy","0","uniform","1","1","undefined","1","undefined","6","f","0","0","0","0","0","0","0","0","39","0","39","5","0","0","39","39","0","0","39","39","39","39","0","5","0","5","0","0","0","0","0","0","0","0","0","0","0","0","0","0","0","0","0","0","5","5","5","5","5","39","0","0","0","0","0","0","0","0","0","0","0","0","0","0","0","12/24/19 15:22:19","no","Matching Tasks","yes","no","","no","OrientationCrossLanguages_2018PSA_PP_1.2.4.osexp","C:\Users\kunglab\Desktop\object_orientation","no","mono","no","18","no","#0000ff","no","繁體中文","yes","no","768","no","no","legacy","39","39","1","5","C:/Users/kunglab/Desktop/object_orientation/raw_data/TWN_002_PP_012.csv","legacy","no","Kafkaesque Koffka","3.2.8","yes","5a7ce671e83246000deafe81","no","no","0","0","f","space","NA","f","NA","NA","NA","NA","NA","NA","NA","NA","NA","NA","NA","NA","space","NA","NA","j","NA","NA","NA","NA","NA","NA","NA","NA","NA","NA","NA","NA","space","NA","NA","514","958","NA","514","NA","NA","NA","NA","NA","NA","NA","NA","NA","NA","NA","NA","858","NA","NA","711","NA","NA","NA","NA","NA","NA","NA","NA","NA","NA","NA","NA","9572","NA","NA","2","legacy","no","no","1024","2","48000","-16","no","EXP","12","even","yes","no","NA","7422","3028","3032","5585","7413","7413","67940","NA","28379","94155","25774","17003","27511","94656","94153","7422","28379","94656","95172","NA","80012","17003","27488","17016","25773","17016","17016","17003","NA","NA","NA","NA","NA","NA","NA","NA","NA","NA","NA","NA","27512","NA","NA","26275","26275","26988","NA","NA","95672","NA","NA","NA","NA","NA","NA","NA","NA","NA","NA","NA","NA","7423","NA","NA","Orientation_PSA2018","14","9598","16","no","yes","1024"
"F","2684","F","F","PP_LIST3.csv","spider.jpg","couch.jpg","88.2352941176","88.2352941176","597.823529412","597.823529412","#ffffff","yes","legacy","legacy","legacy","0","uniform","1","1","undefined","1","undefined","6","f","0","0","0","0","0","0","0","0","40","0","40","5","0","0","40","40","0","0","40","40","40","40","0","5","0","5","0","0","0","0","0","0","0","0","0","0","0","0","0","0","0","0","0","0","5","5","5","5","5","40","0","0","0","0","0","0","0","0","0","0","0","0","0","0","0","12/24/19 15:22:19","no","Matching Tasks","yes","no","","no","OrientationCrossLanguages_2018PSA_PP_1.2.4.osexp","C:\Users\kunglab\Desktop\object_orientation","no","mono","no","18","no","#0000ff","no","繁體中文","yes","no","768","no","no","legacy","40","40","1","5","C:/Users/kunglab/Desktop/object_orientation/raw_data/TWN_002_PP_012.csv","legacy","no","Kafkaesque Koffka","3.2.8","yes","5a7ce671e83246000deafe81","no","no","0","0","f","space","NA","f","NA","NA","NA","NA","NA","NA","NA","NA","NA","NA","NA","NA","space","NA","NA","j","NA","NA","NA","NA","NA","NA","NA","NA","NA","NA","NA","NA","space","NA","NA","565","958","NA","565","NA","NA","NA","NA","NA","NA","NA","NA","NA","NA","NA","NA","858","NA","NA","711","NA","NA","NA","NA","NA","NA","NA","NA","NA","NA","NA","NA","9572","NA","NA","2","legacy","no","no","1024","2","48000","-16","no","EXP","12","even","yes","no","NA","7422","3028","3032","5585","7413","7413","67940","NA","28379","95745","25774","17003","27511","96246","95744","7422","28379","96246","96812","NA","80012","17003","27488","17016","25773","17016","17016","17003","NA","NA","NA","NA","NA","NA","NA","NA","NA","NA","NA","NA","27512","NA","NA","26275","26275","26988","NA","NA","97312","NA","NA","NA","NA","NA","NA","NA","NA","NA","NA","NA","NA","7423","NA","NA","Orientation_PSA2018","15","10163","17","no","yes","1024"
"F","2684","F","F","PP_LIST3.csv","pumpkin.jpg","trmpet.jpg","88.8888888889","88.8888888889","595.611111111","595.611111111","#ffffff","yes","legacy","legacy","legacy","0","uniform","1","1","undefined","1","undefined","6","f","0","0","0","0","0","0","0","0","41","0","41","5","0","0","41","41","0","0","41","41","41","41","0","5","0","5","0","0","0","0","0","0","0","0","0","0","0","0","0","0","0","0","0","0","5","5","5","5","5","41","0","0","0","0","0","0","0","0","0","0","0","0","0","0","0","12/24/19 15:22:19","no","Matching Tasks","yes","no","","no","OrientationCrossLanguages_2018PSA_PP_1.2.4.osexp","C:\Users\kunglab\Desktop\object_orientation","no","mono","no","18","no","#0000ff","no","繁體中文","yes","no","768","no","no","legacy","41","41","1","5","C:/Users/kunglab/Desktop/object_orientation/raw_data/TWN_002_PP_012.csv","legacy","no","Kafkaesque Koffka","3.2.8","yes","5a7ce671e83246000deafe81","no","no","0","0","f","space","NA","f","NA","NA","NA","NA","NA","NA","NA","NA","NA","NA","NA","NA","space","NA","NA","j","NA","NA","NA","NA","NA","NA","NA","NA","NA","NA","NA","NA","space","NA","NA","558","958","NA","558","NA","NA","NA","NA","NA","NA","NA","NA","NA","NA","NA","NA","858","NA","NA","711","NA","NA","NA","NA","NA","NA","NA","NA","NA","NA","NA","NA","9572","NA","NA","2","legacy","no","no","1024","2","48000","-16","no","EXP","12","even","yes","no","NA","7422","3028","3032","5585","7413","7413","67940","NA","28379","97383","25774","17003","27511","97884","97381","7422","28379","97884","98444","NA","80012","17003","27488","17016","25773","17016","17016","17003","NA","NA","NA","NA","NA","NA","NA","NA","NA","NA","NA","NA","27512","NA","NA","26275","26275","26988","NA","NA","98944","NA","NA","NA","NA","NA","NA","NA","NA","NA","NA","NA","NA","7423","NA","NA","Orientation_PSA2018","16","10721","18","no","yes","1024"
"F","2684","F","F","PP_LIST3.csv","trmpet.jpg","tapedispenser.jpg","89.4736842105","89.4736842105","590.052631579","590.052631579","#ffffff","yes","legacy","legacy","legacy","0","uniform","1","1","undefined","1","undefined","6","f","0","0","0","0","0","0","0","0","42","0","42","5","0","0","42","42","0","0","42","42","42","42","0","5","0","5","0","0","0","0","0","0","0","0","0","0","0","0","0","0","0","0","0","0","5","5","5","5","5","42","0","0","0","0","0","0","0","0","0","0","0","0","0","0","0","12/24/19 15:22:19","no","Matching Tasks","yes","no","","no","OrientationCrossLanguages_2018PSA_PP_1.2.4.osexp","C:\Users\kunglab\Desktop\object_orientation","no","mono","no","18","no","#0000ff","no","繁體中文","yes","no","768","no","no","legacy","42","42","1","5","C:/Users/kunglab/Desktop/object_orientation/raw_data/TWN_002_PP_012.csv","legacy","no","Kafkaesque Koffka","3.2.8","yes","5a7ce671e83246000deafe81","no","no","0","0","f","space","NA","f","NA","NA","NA","NA","NA","NA","NA","NA","NA","NA","NA","NA","space","NA","NA","j","NA","NA","NA","NA","NA","NA","NA","NA","NA","NA","NA","NA","space","NA","NA","490","958","NA","490","NA","NA","NA","NA","NA","NA","NA","NA","NA","NA","NA","NA","858","NA","NA","711","NA","NA","NA","NA","NA","NA","NA","NA","NA","NA","NA","NA","9572","NA","NA","2","legacy","no","no","1024","2","48000","-16","no","EXP","12","even","yes","no","NA","7422","3028","3032","5585","7413","7413","67940","NA","28379","99011","25774","17003","27511","99513","99010","7422","28379","99513","100004","NA","80012","17003","27488","17016","25773","17016","17016","17003","NA","NA","NA","NA","NA","NA","NA","NA","NA","NA","NA","NA","27512","NA","NA","26275","26275","26988","NA","NA","100504","NA","NA","NA","NA","NA","NA","NA","NA","NA","NA","NA","NA","7423","NA","NA","Orientation_PSA2018","17","11211","19","no","yes","1024"
"Y","2684","H","H","PP_LIST3.csv","keyH.jpg","keyH.jpg","90","90","596.55","596.55","#ffffff","yes","legacy","legacy","legacy","0","uniform","1","1","undefined","1","undefined","6","j","0","0","0","0","0","0","0","0","43","0","43","5","0","0","43","43","0","0","43","43","43","43","0","5","0","5","0","0","0","0","0","0","0","0","0","0","0","0","0","0","0","0","0","0","5","5","5","5","5","43","0","0","0","0","0","0","0","0","0","0","0","0","0","0","0","12/24/19 15:22:19","no","Matching Tasks","yes","no","","no","OrientationCrossLanguages_2018PSA_PP_1.2.4.osexp","C:\Users\kunglab\Desktop\object_orientation","no","mono","no","18","no","#0000ff","no","繁體中文","yes","no","768","no","no","legacy","43","43","1","5","C:/Users/kunglab/Desktop/object_orientation/raw_data/TWN_002_PP_012.csv","legacy","no","Kafkaesque Koffka","3.2.8","yes","5a7ce671e83246000deafe81","no","no","0","0","j","space","NA","j","NA","NA","NA","NA","NA","NA","NA","NA","NA","NA","NA","NA","space","NA","NA","j","NA","NA","NA","NA","NA","NA","NA","NA","NA","NA","NA","NA","space","NA","NA","720","958","NA","720","NA","NA","NA","NA","NA","NA","NA","NA","NA","NA","NA","NA","858","NA","NA","711","NA","NA","NA","NA","NA","NA","NA","NA","NA","NA","NA","NA","9572","NA","NA","2","legacy","no","no","1024","2","48000","-16","no","EXP","12","even","yes","no","NA","7422","3028","3032","5585","7413","7413","67940","NA","28379","100573","25774","17003","27511","101074","100571","7422","28379","101074","101795","NA","80012","17003","27488","17016","25773","17016","17016","17003","NA","NA","NA","NA","NA","NA","NA","NA","NA","NA","NA","NA","27512","NA","NA","26275","26275","26988","NA","NA","102296","NA","NA","NA","NA","NA","NA","NA","NA","NA","NA","NA","NA","7423","NA","NA","Orientation_PSA2018","18","11931","20","no","yes","1024"
"N","2684","H","V","PP_LIST3.csv","bookH.jpg","bookV.jpg","90.4761904762","90.4761904762","598.047619048","598.047619048","#ffffff","yes","legacy","legacy","legacy","0","uniform","1","1","undefined","1","undefined","6","j","0","0","0","0","0","0","0","0","44","0","44","5","0","0","44","44","0","0","44","44","44","44","0","5","0","5","0","0","0","0","0","0","0","0","0","0","0","0","0","0","0","0","0","0","5","5","5","5","5","44","0","0","0","0","0","0","0","0","0","0","0","0","0","0","0","12/24/19 15:22:19","no","Matching Tasks","yes","no","","no","OrientationCrossLanguages_2018PSA_PP_1.2.4.osexp","C:\Users\kunglab\Desktop\object_orientation","no","mono","no","18","no","#0000ff","no","繁體中文","yes","no","768","no","no","legacy","44","44","1","5","C:/Users/kunglab/Desktop/object_orientation/raw_data/TWN_002_PP_012.csv","legacy","no","Kafkaesque Koffka","3.2.8","yes","5a7ce671e83246000deafe81","no","no","0","0","j","space","NA","j","NA","NA","NA","NA","NA","NA","NA","NA","NA","NA","NA","NA","space","NA","NA","j","NA","NA","NA","NA","NA","NA","NA","NA","NA","NA","NA","NA","space","NA","NA","628","958","NA","628","NA","NA","NA","NA","NA","NA","NA","NA","NA","NA","NA","NA","858","NA","NA","711","NA","NA","NA","NA","NA","NA","NA","NA","NA","NA","NA","NA","9572","NA","NA","2","legacy","no","no","1024","2","48000","-16","no","EXP","12","even","yes","no","NA","7422","3028","3032","5585","7413","7413","67940","NA","28379","102369","25774","17003","27511","102870","102367","7422","28379","102870","103499","NA","80012","17003","27488","17016","25773","17016","17016","17003","NA","NA","NA","NA","NA","NA","NA","NA","NA","NA","NA","NA","27512","NA","NA","26275","26275","26988","NA","NA","103999","NA","NA","NA","NA","NA","NA","NA","NA","NA","NA","NA","NA","7423","NA","NA","Orientation_PSA2018","19","12559","21","no","yes","1024"
"F","2684","F","F","PP_LIST3.csv","couch.jpg","spider.jpg","90.9090909091","90.9090909091","607.045454545","607.045454545","#ffffff","yes","legacy","legacy","legacy","0","uniform","1","1","undefined","1","undefined","6","f","0","0","0","0","0","0","0","0","45","0","45","5","0","0","45","45","0","0","45","45","45","45","0","5","0","5","0","0","0","0","0","0","0","0","0","0","0","0","0","0","0","0","0","0","5","5","5","5","5","45","0","0","0","0","0","0","0","0","0","0","0","0","0","0","0","12/24/19 15:22:19","no","Matching Tasks","yes","no","","no","OrientationCrossLanguages_2018PSA_PP_1.2.4.osexp","C:\Users\kunglab\Desktop\object_orientation","no","mono","no","18","no","#0000ff","no","繁體中文","yes","no","768","no","no","legacy","45","45","1","5","C:/Users/kunglab/Desktop/object_orientation/raw_data/TWN_002_PP_012.csv","legacy","no","Kafkaesque Koffka","3.2.8","yes","5a7ce671e83246000deafe81","no","no","0","0","f","space","NA","f","NA","NA","NA","NA","NA","NA","NA","NA","NA","NA","NA","NA","space","NA","NA","j","NA","NA","NA","NA","NA","NA","NA","NA","NA","NA","NA","NA","space","NA","NA","796","958","NA","796","NA","NA","NA","NA","NA","NA","NA","NA","NA","NA","NA","NA","858","NA","NA","711","NA","NA","NA","NA","NA","NA","NA","NA","NA","NA","NA","NA","9572","NA","NA","2","legacy","no","no","1024","2","48000","-16","no","EXP","12","even","yes","no","NA","7422","3028","3032","5585","7413","7413","67940","NA","28379","104065","25774","17003","27511","104566","104064","7422","28379","104566","105363","NA","80012","17003","27488","17016","25773","17016","17016","17003","NA","NA","NA","NA","NA","NA","NA","NA","NA","NA","NA","NA","27512","NA","NA","26275","26275","26988","NA","NA","105864","NA","NA","NA","NA","NA","NA","NA","NA","NA","NA","NA","NA","7423","NA","NA","Orientation_PSA2018","20","13355","22","no","yes","1024"
"F","2684","F","F","PP_LIST3.csv","buggy.jpg","glass.jpg","91.3043478261","91.3043478261","602","602","#ffffff","yes","legacy","legacy","legacy","0","uniform","1","1","undefined","1","undefined","6","f","0","0","0","0","0","0","0","0","46","0","46","5","0","0","46","46","0","0","46","46","46","46","0","5","0","5","0","0","0","0","0","0","0","0","0","0","0","0","0","0","0","0","0","0","5","5","5","5","5","46","0","0","0","0","0","0","0","0","0","0","0","0","0","0","0","12/24/19 15:22:19","no","Matching Tasks","yes","no","","no","OrientationCrossLanguages_2018PSA_PP_1.2.4.osexp","C:\Users\kunglab\Desktop\object_orientation","no","mono","no","18","no","#0000ff","no","繁體中文","yes","no","768","no","no","legacy","46","46","1","5","C:/Users/kunglab/Desktop/object_orientation/raw_data/TWN_002_PP_012.csv","legacy","no","Kafkaesque Koffka","3.2.8","yes","5a7ce671e83246000deafe81","no","no","0","0","f","space","NA","f","NA","NA","NA","NA","NA","NA","NA","NA","NA","NA","NA","NA","space","NA","NA","j","NA","NA","NA","NA","NA","NA","NA","NA","NA","NA","NA","NA","space","NA","NA","491","958","NA","491","NA","NA","NA","NA","NA","NA","NA","NA","NA","NA","NA","NA","858","NA","NA","711","NA","NA","NA","NA","NA","NA","NA","NA","NA","NA","NA","NA","9572","NA","NA","2","legacy","no","no","1024","2","48000","-16","no","EXP","12","even","yes","no","NA","7422","3028","3032","5585","7413","7413","67940","NA","28379","105937","25774","17003","27511","106439","105936","7422","28379","106439","106932","NA","80012","17003","27488","17016","25773","17016","17016","17003","NA","NA","NA","NA","NA","NA","NA","NA","NA","NA","NA","NA","27512","NA","NA","26275","26275","26988","NA","NA","107432","NA","NA","NA","NA","NA","NA","NA","NA","NA","NA","NA","NA","7423","NA","NA","Orientation_PSA2018","21","13846","23","no","yes","1024"
"N","2684","H","V","PP_LIST3.csv","bowlH.jpg","bowlV.jpg","91.6666666667","91.6666666667","600.125","600.125","#ffffff","yes","legacy","legacy","legacy","0","uniform","1","1","undefined","1","undefined","6","j","0","0","0","0","0","0","0","0","47","0","47","5","0","0","47","47","0","0","47","47","47","47","0","5","0","5","0","0","0","0","0","0","0","0","0","0","0","0","0","0","0","0","0","0","5","5","5","5","5","47","0","0","0","0","0","0","0","0","0","0","0","0","0","0","0","12/24/19 15:22:19","no","Matching Tasks","yes","no","","no","OrientationCrossLanguages_2018PSA_PP_1.2.4.osexp","C:\Users\kunglab\Desktop\object_orientation","no","mono","no","18","no","#0000ff","no","繁體中文","yes","no","768","no","no","legacy","47","47","1","5","C:/Users/kunglab/Desktop/object_orientation/raw_data/TWN_002_PP_012.csv","legacy","no","Kafkaesque Koffka","3.2.8","yes","5a7ce671e83246000deafe81","no","no","0","0","j","space","NA","j","NA","NA","NA","NA","NA","NA","NA","NA","NA","NA","NA","NA","space","NA","NA","j","NA","NA","NA","NA","NA","NA","NA","NA","NA","NA","NA","NA","space","NA","NA","557","958","NA","557","NA","NA","NA","NA","NA","NA","NA","NA","NA","NA","NA","NA","858","NA","NA","711","NA","NA","NA","NA","NA","NA","NA","NA","NA","NA","NA","NA","9572","NA","NA","2","legacy","no","no","1024","2","48000","-16","no","EXP","12","even","yes","no","NA","7422","3028","3032","5585","7413","7413","67940","NA","28379","107512","25774","17003","27511","108013","107510","7422","28379","108013","108572","NA","80012","17003","27488","17016","25773","17016","17016","17003","NA","NA","NA","NA","NA","NA","NA","NA","NA","NA","NA","NA","27512","NA","NA","26275","26275","26988","NA","NA","109072","NA","NA","NA","NA","NA","NA","NA","NA","NA","NA","NA","NA","7423","NA","NA","Orientation_PSA2018","22","14403","24","no","yes","1024"
