LAB_SEED,List,Match,Orientation,PList,Probe,Target,Task,acc,accuracy,alt_task,average_response_time,avg_rt,background,bidi,canvas_backend,clock_backend,color_backend,compensation,coordinates,correct,correct_Instruction_NOR,correct_Probe_Prac_response,correct_Probe_response,correct_Probe_sti_response,correct_Start_NOR,correct_Target_response,correct_Target_response_Prac,correct_Welcome_NOR,correct_count,correct_response,count_Check_This,count_Disable_Mouse,count_EXP,count_First_Fixation,count_First_Fixation_Prac,count_Instruction_DE,count_Instruction_E,count_Instruction_HUN,count_Instruction_NOR,count_Instruction_PL,count_Instruction_SC,count_Instruction_TC,count_Instruction_THAI,count_LAB_SEED,count_Language_Selection,count_List_Select_DE,count_List_Select_E,count_List_Select_HUN,count_List_Select_NOR,count_List_Select_PL,count_List_Select_SC,count_List_Select_TC,count_List_Select_THAI,count_List_Selection,count_Memory_loop,count_Memory_sequence,count_Prac,count_Prac_Count,count_Prac_Reset,count_Prac_Trial,count_Prac_loop,count_Prac_seq,count_Prac_setup,count_Probe,count_Probe_Collect,count_Probe_Prac,count_Probe_Prac_response,count_Probe_import,count_Probe_response,count_Probe_sti,count_Probe_sti_correct,count_Probe_sti_response,count_Probe_sti_wrong,count_STUDY_order,count_Second_Fixation,count_Second_Fixation_Prac,count_Start_DE,count_Start_E,count_Start_HUN,count_Start_NOR,count_Start_PL,count_Start_SC,count_Start_TC,count_Start_THAI,count_Target,count_Target_Prac,count_Target_response,count_Target_response_Prac,count_Target_response_correct,count_Target_response_correct_Prac,count_Target_response_noans,count_Target_response_noans_Prac,count_Target_response_wrong,count_Target_response_wrong_Prac,count_Trial_logger,count_Verification_Break,count_Verification_End,count_Verification_Exp,count_Verification_Prac,count_Verification_Start,count_Verification_Trial,count_Verification_Welcome,count_Verification_loop,count_Welcom_SC,count_Welcom_TC,count_Welcom_THAI,count_Welcome_DE,count_Welcome_E,count_Welcome_HUN,count_Welcome_NOR,count_Welcome_PL,count_presetup,datetime,de,description,disable_garbage_collection,empty_column,en,experiment_file,experiment_path,font_bold,font_family,font_italic,font_size,font_underline,foreground,form_clicks,form_response,fullscreen,height,hun,keyboard_backend,live_row,live_row_Prac,live_row_Prac_loop,live_row_Verification_loop,logfile,mouse_backend,nor,opensesame_codename,opensesame_version,pol,rectarget,repeat_cycle,reset_loop,response,response_Instruction_DE,response_Instruction_E,response_Instruction_HUN,response_Instruction_NOR,response_Instruction_PL,response_Instruction_SC,response_Instruction_TC,response_Instruction_THAI,response_Probe_Prac_response,response_Probe_response,response_Probe_sti_response,response_Start_DE,response_Start_E,response_Start_HUN,response_Start_NOR,response_Start_PL,response_Start_SC,response_Start_TC,response_Start_THAI,response_Target_response,response_Target_response_Prac,response_Verification_Break,response_Verification_End,response_Welcom_SC,response_Welcom_TC,response_Welcom_THAI,response_Welcome_DE,response_Welcome_E,response_Welcome_HUN,response_Welcome_NOR,response_Welcome_PL,response_time,response_time_Instruction_DE,response_time_Instruction_E,response_time_Instruction_HUN,response_time_Instruction_NOR,response_time_Instruction_PL,response_time_Instruction_SC,response_time_Instruction_TC,response_time_Instruction_THAI,response_time_Probe_Prac_response,response_time_Probe_response,response_time_Probe_sti_response,response_time_Start_DE,response_time_Start_E,response_time_Start_HUN,response_time_Start_NOR,response_time_Start_PL,response_time_Start_SC,response_time_Start_TC,response_time_Start_THAI,response_time_Target_response,response_time_Target_response_Prac,response_time_Verification_Break,response_time_Verification_End,response_time_Welcom_SC,response_time_Welcom_TC,response_time_Welcom_THAI,response_time_Welcome_DE,response_time_Welcome_E,response_time_Welcome_HUN,response_time_Welcome_NOR,response_time_Welcome_PL,round_decimals,sampler_backend,sc,sound_buf_size,sound_channels,sound_freq,sound_sample_size,start,subject_nr,subject_parity,task_order,tc,thai,time_Check_This,time_Disable_Mouse,time_EXP,time_First_Fixation,time_First_Fixation_Prac,time_Instruction_DE,time_Instruction_E,time_Instruction_HUN,time_Instruction_NOR,time_Instruction_PL,time_Instruction_SC,time_Instruction_TC,time_Instruction_THAI,time_LAB_SEED,time_Language_Selection,time_List_Select_DE,time_List_Select_E,time_List_Select_HUN,time_List_Select_NOR,time_List_Select_PL,time_List_Select_SC,time_List_Select_TC,time_List_Select_THAI,time_List_Selection,time_Memory_loop,time_Memory_sequence,time_Prac,time_Prac_Count,time_Prac_Reset,time_Prac_Trial,time_Prac_loop,time_Prac_seq,time_Prac_setup,time_Probe,time_Probe_Collect,time_Probe_Prac,time_Probe_Prac_response,time_Probe_import,time_Probe_response,time_Probe_sti,time_Probe_sti_correct,time_Probe_sti_response,time_Probe_sti_wrong,time_STUDY_order,time_Second_Fixation,time_Second_Fixation_Prac,time_Start_DE,time_Start_E,time_Start_HUN,time_Start_NOR,time_Start_PL,time_Start_SC,time_Start_TC,time_Start_THAI,time_Target,time_Target_Prac,time_Target_response,time_Target_response_Prac,time_Target_response_correct,time_Target_response_correct_Prac,time_Target_response_noans,time_Target_response_noans_Prac,time_Target_response_wrong,time_Target_response_wrong_Prac,time_Trial_logger,time_Verification_Break,time_Verification_End,time_Verification_Exp,time_Verification_Prac,time_Verification_Start,time_Verification_Trial,time_Verification_Welcome,time_Verification_loop,time_Welcom_SC,time_Welcom_TC,time_Welcom_THAI,time_Welcome_DE,time_Welcome_E,time_Welcome_HUN,time_Welcome_NOR,time_Welcome_PL,time_presetup,title,total_correct,total_response_time,total_responses,uniform_coordinates,width
6835,NOR_LIST01.csv,Y,H,NOR_Prac2.csv,Janie grep kosten og ridde den rundt huset mens hun lot som om det var hennes hest.,broomH.jpg,V,50,50,"[6, 10, 15, 17, 21, 27, 30, 33, 38, 43, 47]",3500.64285714,3500.64285714,#ffffff,yes,legacy,legacy,legacy,0,uniform,1,undefined,0,0,NA,undefined,1,1,undefined,6,j,0,0,0,0,5,0,0,0,0,0,0,0,0,0,0,0,0,0,0,0,0,0,0,0,0,NA,0,5,0,5,0,0,0,0,0,5,5,NA,0,NA,NA,NA,NA,0,0,5,0,0,0,0,0,0,0,0,0,5,0,5,0,5,0,5,0,5,0,NA,0,0,0,0,0,0,0,0,0,0,0,0,0,0,0,0,02/12/20 13:10:20,no,Matching Tasks,yes,,no,OrientationCrossLanguages_2018PSA_SP_1.2.4 (2).osexp,M:\privat\Projects\PSA\PSA002\OpenSesame_Scripts,no,chinese-japanese-korean,no,18,no,#0000ff,no,Norwegian,yes,768,no,legacy,0,1,5,0,M:/privat/Projects/PSA/PSA002/raw_data/NOR_003_SP_48.csv,legacy,yes,Kafkaesque Koffka,3.2.8,no,NA,0,0,j,NA,NA,NA,space,NA,NA,NA,NA,space,space,NA,NA,NA,NA,space,NA,NA,NA,NA,j,f,NA,NA,NA,NA,NA,NA,NA,NA,space,NA,681,NA,NA,NA,28142,NA,NA,NA,NA,3963,5705,NA,NA,NA,NA,12697,NA,NA,NA,NA,681,648,NA,NA,NA,NA,NA,NA,NA,NA,290705,NA,2,legacy,no,1024,2,48000,-16,EXP,48,even,No,no,no,NA,8533,3808,395717,376201,NA,NA,NA,299242,NA,NA,NA,NA,3809,7516,NA,NA,NA,8519,NA,NA,NA,NA,8519,NA,NA,327398,382822,327414,376199,327414,327414,327398,396719,396719,377205,377205,NA,396719,NA,NA,NA,NA,NA,402426,381170,NA,NA,NA,382871,NA,NA,NA,NA,402927,381672,402927,381672,403610,382322,NA,NA,NA,NA,404110,NA,NA,395580,327398,382868,395716,8533,395580,NA,NA,NA,NA,NA,NA,8535,NA,395580,Orientation_PSA2018,7,49009,14,yes,1024
6835,NOR_LIST01.csv,F,F,NOR_Prac2.csv,Frosken fanget en flue med tungen sin.,stove.jpg,V,50,50,"[6, 10, 15, 17, 21, 27, 30, 33, 38, 43, 47]",3246.75,3246.75,#ffffff,yes,legacy,legacy,legacy,0,uniform,1,undefined,0,0,NA,undefined,1,1,undefined,6,f,0,0,0,1,5,0,0,0,0,0,0,0,0,0,0,0,0,0,0,0,0,0,0,0,1,NA,0,5,0,5,0,0,0,1,1,5,5,NA,1,NA,NA,NA,NA,0,1,5,0,0,0,0,0,0,0,0,1,5,1,5,1,5,1,5,1,5,1,NA,1,0,0,0,1,0,0,0,0,0,0,0,0,0,0,0,02/12/20 13:10:20,no,Matching Tasks,yes,,no,OrientationCrossLanguages_2018PSA_SP_1.2.4 (2).osexp,M:\privat\Projects\PSA\PSA002\OpenSesame_Scripts,no,chinese-japanese-korean,no,18,no,#0000ff,no,Norwegian,yes,768,no,legacy,1,1,5,1,M:/privat/Projects/PSA/PSA002/raw_data/NOR_003_SP_48.csv,legacy,yes,Kafkaesque Koffka,3.2.8,no,NA,0,0,f,NA,NA,NA,space,NA,NA,NA,NA,space,space,NA,NA,NA,NA,space,NA,NA,NA,NA,f,f,NA,NA,NA,NA,NA,NA,NA,NA,space,NA,606,NA,NA,NA,28142,NA,NA,NA,NA,3963,2333,NA,NA,NA,NA,12697,NA,NA,NA,NA,606,648,NA,NA,NA,NA,NA,NA,NA,NA,290705,NA,2,legacy,no,1024,2,48000,-16,EXP,48,even,No,no,no,NA,8533,3808,404257,376201,NA,NA,NA,299242,NA,NA,NA,NA,3809,7516,NA,NA,NA,8519,NA,NA,NA,NA,8519,NA,NA,327398,382822,327414,376199,327414,327414,327398,405259,405259,377205,377205,NA,405259,NA,NA,NA,NA,NA,407594,381170,NA,NA,NA,382871,NA,NA,NA,NA,408097,381672,408098,381672,408706,382322,NA,NA,NA,NA,409206,NA,NA,395580,327398,382868,404255,8533,395580,NA,NA,NA,NA,NA,NA,8535,NA,395580,Orientation_PSA2018,8,51948,16,yes,1024
6835,NOR_LIST01.csv,F,F,NOR_Prac2.csv,"Harry ga kjæresten sin en vakker ring, mens han håpet at hun ville si ja.",house.jpg,V,50,50,"[6, 10, 15, 17, 21, 27, 30, 33, 38, 43, 47]",3134.16666667,3134.16666667,#ffffff,yes,legacy,legacy,legacy,0,uniform,1,undefined,0,0,NA,undefined,1,1,undefined,6,f,0,0,0,2,5,0,0,0,0,0,0,0,0,0,0,0,0,0,0,0,0,0,0,0,2,NA,0,5,0,5,0,0,0,2,2,5,5,NA,2,NA,NA,NA,NA,0,2,5,0,0,0,0,0,0,0,0,2,5,2,5,2,5,2,5,2,5,2,NA,2,0,0,0,2,0,0,0,0,0,0,0,0,0,0,0,02/12/20 13:10:20,no,Matching Tasks,yes,,no,OrientationCrossLanguages_2018PSA_SP_1.2.4 (2).osexp,M:\privat\Projects\PSA\PSA002\OpenSesame_Scripts,no,chinese-japanese-korean,no,18,no,#0000ff,no,Norwegian,yes,768,no,legacy,2,1,5,2,M:/privat/Projects/PSA/PSA002/raw_data/NOR_003_SP_48.csv,legacy,yes,Kafkaesque Koffka,3.2.8,no,NA,0,0,f,NA,NA,NA,space,NA,NA,NA,NA,space,space,NA,NA,NA,NA,space,NA,NA,NA,NA,f,f,NA,NA,NA,NA,NA,NA,NA,NA,space,NA,718,NA,NA,NA,28142,NA,NA,NA,NA,3963,3749,NA,NA,NA,NA,12697,NA,NA,NA,NA,718,648,NA,NA,NA,NA,NA,NA,NA,NA,290705,NA,2,legacy,no,1024,2,48000,-16,EXP,48,even,No,no,no,NA,8533,3808,409368,376201,NA,NA,NA,299242,NA,NA,NA,NA,3809,7516,NA,NA,NA,8519,NA,NA,NA,NA,8519,NA,NA,327398,382822,327414,376199,327414,327414,327398,410371,410371,377205,377205,NA,410371,NA,NA,NA,NA,NA,414122,381170,NA,NA,NA,382871,NA,NA,NA,NA,414626,381672,414626,381672,415346,382322,NA,NA,NA,NA,415846,NA,NA,395580,327398,382868,409366,8533,395580,NA,NA,NA,NA,NA,NA,8535,NA,395580,Orientation_PSA2018,9,56415,18,yes,1024
6835,NOR_LIST01.csv,Y,V,NOR_Prac2.csv,Servitøren fylte vinglasset mens han beundret Maureens kjole.,glassV.jpg,V,50,50,"[6, 10, 15, 17, 21, 27, 30, 33, 38, 43, 47]",3030.85,3030.85,#ffffff,yes,legacy,legacy,legacy,0,uniform,1,undefined,0,0,NA,undefined,1,1,undefined,6,j,0,0,0,3,5,0,0,0,0,0,0,0,0,0,0,0,0,0,0,0,0,0,0,0,3,NA,0,5,0,5,0,0,0,3,3,5,5,NA,3,NA,NA,NA,NA,0,3,5,0,0,0,0,0,0,0,0,3,5,3,5,3,5,3,5,3,5,3,NA,3,0,0,0,3,0,0,0,0,0,0,0,0,0,0,0,02/12/20 13:10:20,no,Matching Tasks,yes,,no,OrientationCrossLanguages_2018PSA_SP_1.2.4 (2).osexp,M:\privat\Projects\PSA\PSA002\OpenSesame_Scripts,no,chinese-japanese-korean,no,18,no,#0000ff,no,Norwegian,yes,768,no,legacy,3,1,5,3,M:/privat/Projects/PSA/PSA002/raw_data/NOR_003_SP_48.csv,legacy,yes,Kafkaesque Koffka,3.2.8,no,NA,0,0,j,NA,NA,NA,space,NA,NA,NA,NA,space,space,NA,NA,NA,NA,space,NA,NA,NA,NA,j,f,NA,NA,NA,NA,NA,NA,NA,NA,space,NA,886,NA,NA,NA,28142,NA,NA,NA,NA,3963,3316,NA,NA,NA,NA,12697,NA,NA,NA,NA,886,648,NA,NA,NA,NA,NA,NA,NA,NA,290705,NA,2,legacy,no,1024,2,48000,-16,EXP,48,even,No,no,no,NA,8533,3808,416065,376201,NA,NA,NA,299242,NA,NA,NA,NA,3809,7516,NA,NA,NA,8519,NA,NA,NA,NA,8519,NA,NA,327398,382822,327414,376199,327414,327414,327398,417068,417068,377205,377205,NA,417068,NA,NA,NA,NA,NA,420386,381170,NA,NA,NA,382871,NA,NA,NA,NA,420889,381672,420890,381672,421778,382322,NA,NA,NA,NA,422278,NA,NA,395580,327398,382868,416063,8533,395580,NA,NA,NA,NA,NA,NA,8535,NA,395580,Orientation_PSA2018,10,60617,20,yes,1024
6835,NOR_LIST01.csv,N,H,NOR_Prac2.csv,Laura slengte dekorasjonen i skuffen med klesklypen.,clothespinV.jpg,V,50,50,"[6, 10, 15, 17, 21, 27, 30, 33, 38, 43, 47]",3007.95454545,3007.95454545,#ffffff,yes,legacy,legacy,legacy,0,uniform,1,undefined,0,0,NA,undefined,1,1,undefined,6,j,0,0,0,4,5,0,0,0,0,0,0,0,0,0,0,0,0,0,0,0,0,0,0,0,4,NA,0,5,0,5,0,0,0,4,4,5,5,NA,4,NA,NA,NA,NA,0,4,5,0,0,0,0,0,0,0,0,4,5,4,5,4,5,4,5,4,5,4,NA,4,0,0,0,4,0,0,0,0,0,0,0,0,0,0,0,02/12/20 13:10:20,no,Matching Tasks,yes,,no,OrientationCrossLanguages_2018PSA_SP_1.2.4 (2).osexp,M:\privat\Projects\PSA\PSA002\OpenSesame_Scripts,no,chinese-japanese-korean,no,18,no,#0000ff,no,Norwegian,yes,768,no,legacy,4,1,5,4,M:/privat/Projects/PSA/PSA002/raw_data/NOR_003_SP_48.csv,legacy,yes,Kafkaesque Koffka,3.2.8,no,NA,0,0,j,NA,NA,NA,space,NA,NA,NA,NA,space,space,NA,NA,NA,NA,space,NA,NA,NA,NA,j,f,NA,NA,NA,NA,NA,NA,NA,NA,space,NA,561,NA,NA,NA,28142,NA,NA,NA,NA,3963,4997,NA,NA,NA,NA,12697,NA,NA,NA,NA,561,648,NA,NA,NA,NA,NA,NA,NA,NA,290705,NA,2,legacy,no,1024,2,48000,-16,EXP,48,even,No,no,no,NA,8533,3808,422433,376201,NA,NA,NA,299242,NA,NA,NA,NA,3809,7516,NA,NA,NA,8519,NA,NA,NA,NA,8519,NA,NA,327398,382822,327414,376199,327414,327414,327398,423435,423435,377205,377205,NA,423435,NA,NA,NA,NA,NA,428434,381170,NA,NA,NA,382871,NA,NA,NA,NA,428935,381672,428935,381672,429498,382322,NA,NA,NA,NA,429998,NA,NA,395580,327398,382868,422431,8533,395580,NA,NA,NA,NA,NA,NA,8535,NA,395580,Orientation_PSA2018,11,66175,22,yes,1024
6835,NOR_LIST01.csv,N,H,NOR_Prac2.csv,Larven krabbet langs treets gren.,caterpillarV.jpg,V,50,50,"[6, 10, 15, 17, 21, 27, 30, 33, 38, 43, 47]",2891.95833333,2891.95833333,#ffffff,yes,legacy,legacy,legacy,0,uniform,1,undefined,0,0,NA,undefined,1,1,undefined,6,j,0,0,0,5,5,0,0,0,0,0,0,0,0,0,0,0,0,0,0,0,0,0,0,0,5,NA,0,5,0,5,0,0,0,5,5,5,5,NA,5,NA,NA,NA,NA,0,5,5,0,0,0,0,0,0,0,0,5,5,5,5,5,5,5,5,5,5,5,NA,5,0,0,0,5,0,0,0,0,0,0,0,0,0,0,0,02/12/20 13:10:20,no,Matching Tasks,yes,,no,OrientationCrossLanguages_2018PSA_SP_1.2.4 (2).osexp,M:\privat\Projects\PSA\PSA002\OpenSesame_Scripts,no,chinese-japanese-korean,no,18,no,#0000ff,no,Norwegian,yes,768,no,legacy,5,1,5,5,M:/privat/Projects/PSA/PSA002/raw_data/NOR_003_SP_48.csv,legacy,yes,Kafkaesque Koffka,3.2.8,no,NA,0,0,j,NA,NA,NA,space,NA,NA,NA,NA,space,space,NA,NA,NA,NA,space,NA,NA,NA,NA,j,f,NA,NA,NA,NA,NA,NA,NA,NA,space,NA,598,NA,NA,NA,28142,NA,NA,NA,NA,3963,2634,NA,NA,NA,NA,12697,NA,NA,NA,NA,598,648,NA,NA,NA,NA,NA,NA,NA,NA,290705,NA,2,legacy,no,1024,2,48000,-16,EXP,48,even,No,no,no,NA,8533,3808,430149,376201,NA,NA,NA,299242,NA,NA,NA,NA,3809,7516,NA,NA,NA,8519,NA,NA,NA,NA,8519,NA,NA,327398,382822,327414,376199,327414,327414,327398,431150,431150,377205,377205,NA,431150,NA,NA,NA,NA,NA,433786,381170,NA,NA,NA,382871,NA,NA,NA,NA,434290,381672,434290,381672,434890,382322,NA,NA,NA,NA,435390,NA,NA,395580,327398,382868,430148,8533,395580,NA,NA,NA,NA,NA,NA,8535,NA,395580,Orientation_PSA2018,12,69407,24,yes,1024
6835,NOR_LIST01.csv,Y,H,NOR_Prac2.csv,Jessica la flasken i vinstativet mens hun forventet en romantisk kveld.,bottleH.jpg,V,50,50,"[6, 10, 15, 17, 21, 27, 30, 33, 38, 43, 47]",2891.61538462,2891.61538462,#ffffff,yes,legacy,legacy,legacy,0,uniform,1,undefined,0,0,NA,undefined,1,1,undefined,6,j,0,0,0,6,5,0,0,0,0,0,0,0,0,0,0,0,0,0,0,0,0,0,0,0,6,NA,0,5,0,5,0,0,0,6,6,5,5,NA,6,NA,NA,NA,NA,0,6,5,0,0,0,0,0,0,0,0,6,5,6,5,6,5,6,5,6,5,6,NA,6,0,0,0,6,0,0,0,0,0,0,0,0,0,0,0,02/12/20 13:10:20,no,Matching Tasks,yes,,no,OrientationCrossLanguages_2018PSA_SP_1.2.4 (2).osexp,M:\privat\Projects\PSA\PSA002\OpenSesame_Scripts,no,chinese-japanese-korean,no,18,no,#0000ff,no,Norwegian,yes,768,no,legacy,6,1,5,6,M:/privat/Projects/PSA/PSA002/raw_data/NOR_003_SP_48.csv,legacy,yes,Kafkaesque Koffka,3.2.8,no,NA,0,0,j,NA,NA,NA,space,NA,NA,NA,NA,space,space,NA,NA,NA,NA,space,NA,NA,NA,NA,j,f,NA,NA,NA,NA,NA,NA,NA,NA,space,NA,1654,NA,NA,NA,28142,NA,NA,NA,NA,3963,4121,NA,NA,NA,NA,12697,NA,NA,NA,NA,1654,648,NA,NA,NA,NA,NA,NA,NA,NA,290705,NA,2,legacy,no,1024,2,48000,-16,EXP,48,even,No,no,no,NA,8533,3808,435530,376201,NA,NA,NA,299242,NA,NA,NA,NA,3809,7516,NA,NA,NA,8519,NA,NA,NA,NA,8519,NA,NA,327398,382822,327414,376199,327414,327414,327398,436534,436534,377205,377205,NA,436535,NA,NA,NA,NA,NA,440658,381170,NA,NA,NA,382871,NA,NA,NA,NA,441162,381672,441162,381672,442818,382322,443322,NA,NA,NA,443822,NA,NA,395580,327398,382868,435528,8533,395580,NA,NA,NA,NA,NA,NA,8535,NA,395580,Orientation_PSA2018,13,75182,26,yes,1024
6835,NOR_LIST01.csv,Y,H,NOR_Prac2.csv,Jessica la flasken i vinstativet mens hun forventet en romantisk kveld.,bottleH.jpg,M,48.1481481481,48.1481481481,"[6, 10, 15, 17, 21, 27, 30, 33, 38, 43, 47]",2933.22222222,2933.22222222,#ffffff,yes,legacy,legacy,legacy,0,uniform,0,undefined,0,0,0,undefined,1,1,undefined,6,f,0,0,0,6,5,0,0,0,0,0,0,0,0,0,0,0,0,0,0,0,0,0,0,0,6,0,0,5,0,5,0,0,0,6,6,5,5,0,6,0,0,0,0,0,6,5,0,0,0,0,0,0,0,0,6,5,6,5,6,5,6,5,6,5,7,NA,6,0,0,0,6,0,0,0,0,0,0,0,0,0,0,0,02/12/20 13:10:20,no,Matching Tasks,yes,,no,OrientationCrossLanguages_2018PSA_SP_1.2.4 (2).osexp,M:\privat\Projects\PSA\PSA002\OpenSesame_Scripts,no,chinese-japanese-korean,no,18,no,#0000ff,no,Norwegian,yes,768,no,legacy,0,1,5,6,M:/privat/Projects/PSA/PSA002/raw_data/NOR_003_SP_48.csv,legacy,yes,Kafkaesque Koffka,3.2.8,no,"Harry ga kjæresten sin en vakker ring, mens han håpet at hun ville si ja.",0,0,j,NA,NA,NA,space,NA,NA,NA,NA,space,space,j,NA,NA,NA,space,NA,NA,NA,NA,j,f,NA,NA,NA,NA,NA,NA,NA,NA,space,NA,4015,NA,NA,NA,28142,NA,NA,NA,NA,3963,4121,4015,NA,NA,NA,12697,NA,NA,NA,NA,1654,648,NA,NA,NA,NA,NA,NA,NA,NA,290705,NA,2,legacy,no,1024,2,48000,-16,EXP,48,even,No,no,no,NA,8533,3808,435530,376201,NA,NA,NA,299242,NA,NA,NA,NA,3809,7516,NA,NA,NA,8519,NA,NA,NA,NA,8519,443830,443903,327398,382822,327414,376199,327414,327414,327398,436534,436534,377205,377205,443903,436535,443905,NA,443905,447922,NA,440658,381170,NA,NA,NA,382871,NA,NA,NA,NA,441162,381672,441162,381672,442818,382322,443322,NA,NA,NA,449422,NA,NA,395580,327398,382868,435528,8533,395580,NA,NA,NA,NA,NA,NA,8535,NA,395580,Orientation_PSA2018,13,79197,27,yes,1024
6835,NOR_LIST01.csv,F,F,NOR_Prac2.csv,Den rettsmedisinske etterforskeren fant den mistenktes fingeravtrykk på spaden som var mordvåpenet.,ladder.jpg,V,48.275862069,48.275862069,"[6, 10, 15, 17, 21, 27, 30, 33, 38, 43, 47]",3025.51724138,3025.51724138,#ffffff,yes,legacy,legacy,legacy,0,uniform,1,undefined,0,0,0,undefined,1,1,undefined,6,f,0,0,0,7,5,0,0,0,0,0,0,0,0,0,0,0,0,0,0,0,0,0,0,0,7,0,0,5,0,5,0,0,0,7,7,5,5,0,7,0,0,0,0,0,7,5,0,0,0,0,0,0,0,0,7,5,7,5,7,5,7,5,7,5,8,NA,7,0,0,0,7,0,0,0,0,0,0,0,0,0,0,0,02/12/20 13:10:20,no,Matching Tasks,yes,,no,OrientationCrossLanguages_2018PSA_SP_1.2.4 (2).osexp,M:\privat\Projects\PSA\PSA002\OpenSesame_Scripts,no,chinese-japanese-korean,no,18,no,#0000ff,no,Norwegian,yes,768,no,legacy,7,1,5,7,M:/privat/Projects/PSA/PSA002/raw_data/NOR_003_SP_48.csv,legacy,yes,Kafkaesque Koffka,3.2.8,no,"Harry ga kjæresten sin en vakker ring, mens han håpet at hun ville si ja.",0,0,f,NA,NA,NA,space,NA,NA,NA,NA,space,space,j,NA,NA,NA,space,NA,NA,NA,NA,f,f,NA,NA,NA,NA,NA,NA,NA,NA,space,NA,751,NA,NA,NA,28142,NA,NA,NA,NA,3963,7792,4015,NA,NA,NA,12697,NA,NA,NA,NA,751,648,NA,NA,NA,NA,NA,NA,NA,NA,290705,NA,2,legacy,no,1024,2,48000,-16,EXP,48,even,No,no,no,NA,8533,3808,449597,376201,NA,NA,NA,299242,NA,NA,NA,NA,3809,7516,NA,NA,NA,8519,NA,NA,NA,NA,8519,443830,443903,327398,382822,327414,376199,327414,327414,327398,450600,450600,377205,377205,443903,450600,443905,NA,443905,447922,NA,458394,381170,NA,NA,NA,382871,NA,NA,NA,NA,458896,381672,458897,381672,459650,382322,443322,NA,NA,NA,460150,NA,NA,395580,327398,382868,449595,8533,395580,NA,NA,NA,NA,NA,NA,8535,NA,395580,Orientation_PSA2018,14,87740,29,yes,1024
6835,NOR_LIST01.csv,Y,H,NOR_Prac2.csv,James plasserte bollen på en ledig plass i skapet.,bowlH.jpg,V,48.3870967742,48.3870967742,"[6, 10, 15, 17, 21, 27, 30, 33, 38, 43, 47]",2944.61290323,2944.61290323,#ffffff,yes,legacy,legacy,legacy,0,uniform,1,undefined,0,0,0,undefined,1,1,undefined,6,j,0,0,0,8,5,0,0,0,0,0,0,0,0,0,0,0,0,0,0,0,0,0,0,0,8,0,0,5,0,5,0,0,0,8,8,5,5,0,8,0,0,0,0,0,8,5,0,0,0,0,0,0,0,0,8,5,8,5,8,5,8,5,8,5,9,NA,8,0,0,0,8,0,0,0,0,0,0,0,0,0,0,0,02/12/20 13:10:20,no,Matching Tasks,yes,,no,OrientationCrossLanguages_2018PSA_SP_1.2.4 (2).osexp,M:\privat\Projects\PSA\PSA002\OpenSesame_Scripts,no,chinese-japanese-korean,no,18,no,#0000ff,no,Norwegian,yes,768,no,legacy,8,1,5,8,M:/privat/Projects/PSA/PSA002/raw_data/NOR_003_SP_48.csv,legacy,yes,Kafkaesque Koffka,3.2.8,no,"Harry ga kjæresten sin en vakker ring, mens han håpet at hun ville si ja.",0,0,j,NA,NA,NA,space,NA,NA,NA,NA,space,space,j,NA,NA,NA,space,NA,NA,NA,NA,j,f,NA,NA,NA,NA,NA,NA,NA,NA,space,NA,524,NA,NA,NA,28142,NA,NA,NA,NA,3963,3019,4015,NA,NA,NA,12697,NA,NA,NA,NA,524,648,NA,NA,NA,NA,NA,NA,NA,NA,290705,NA,2,legacy,no,1024,2,48000,-16,EXP,48,even,No,no,no,NA,8533,3808,460299,376201,NA,NA,NA,299242,NA,NA,NA,NA,3809,7516,NA,NA,NA,8519,NA,NA,NA,NA,8519,443830,443903,327398,382822,327414,376199,327414,327414,327398,461301,461301,377205,377205,443903,461301,443905,NA,443905,447922,NA,464322,381170,NA,NA,NA,382871,NA,NA,NA,NA,464828,381672,464828,381672,465354,382322,443322,NA,NA,NA,465854,NA,NA,395580,327398,382868,460298,8533,395580,NA,NA,NA,NA,NA,NA,8535,NA,395580,Orientation_PSA2018,15,91283,31,yes,1024
6835,NOR_LIST01.csv,N,H,NOR_Prac2.csv,"Tenåringen puttet børsten i bunnen av sin bag, mens hun gledet seg til festen.",brushV.jpg,V,48.4848484848,48.4848484848,"[6, 10, 15, 17, 21, 27, 30, 33, 38, 43, 47]",2917.6969697,2917.6969697,#ffffff,yes,legacy,legacy,legacy,0,uniform,1,undefined,0,0,0,undefined,1,1,undefined,6,j,0,0,0,9,5,0,0,0,0,0,0,0,0,0,0,0,0,0,0,0,0,0,0,0,9,0,0,5,0,5,0,0,0,9,9,5,5,0,9,0,0,0,0,0,9,5,0,0,0,0,0,0,0,0,9,5,9,5,9,5,9,5,9,5,10,NA,9,0,0,0,9,0,0,0,0,0,0,0,0,0,0,0,02/12/20 13:10:20,no,Matching Tasks,yes,,no,OrientationCrossLanguages_2018PSA_SP_1.2.4 (2).osexp,M:\privat\Projects\PSA\PSA002\OpenSesame_Scripts,no,chinese-japanese-korean,no,18,no,#0000ff,no,Norwegian,yes,768,no,legacy,9,1,5,9,M:/privat/Projects/PSA/PSA002/raw_data/NOR_003_SP_48.csv,legacy,yes,Kafkaesque Koffka,3.2.8,no,"Harry ga kjæresten sin en vakker ring, mens han håpet at hun ville si ja.",0,0,j,NA,NA,NA,space,NA,NA,NA,NA,space,space,j,NA,NA,NA,space,NA,NA,NA,NA,j,f,NA,NA,NA,NA,NA,NA,NA,NA,space,NA,942,NA,NA,NA,28142,NA,NA,NA,NA,3963,4059,4015,NA,NA,NA,12697,NA,NA,NA,NA,942,648,NA,NA,NA,NA,NA,NA,NA,NA,290705,NA,2,legacy,no,1024,2,48000,-16,EXP,48,even,No,no,no,NA,8533,3808,465987,376201,NA,NA,NA,299242,NA,NA,NA,NA,3809,7516,NA,NA,NA,8519,NA,NA,NA,NA,8519,443830,443903,327398,382822,327414,376199,327414,327414,327398,466989,466989,377205,377205,443903,466989,443905,NA,443905,447922,NA,471050,381170,NA,NA,NA,382871,NA,NA,NA,NA,471554,381672,471554,381672,472498,382322,443322,NA,NA,NA,472998,NA,NA,395580,327398,382868,465986,8533,395580,NA,NA,NA,NA,NA,NA,8535,NA,395580,Orientation_PSA2018,16,96284,33,yes,1024
6835,NOR_LIST01.csv,F,F,NOR_Prac2.csv,Legen slo på kranen for å vaske hendene.,spider.jpg,V,48.5714285714,48.5714285714,"[6, 10, 15, 17, 21, 27, 30, 33, 38, 43, 47]",2824.54285714,2824.54285714,#ffffff,yes,legacy,legacy,legacy,0,uniform,1,undefined,0,0,0,undefined,1,1,undefined,6,f,0,0,0,10,5,0,0,0,0,0,0,0,0,0,0,0,0,0,0,0,0,0,0,0,10,0,0,5,0,5,0,0,0,10,10,5,5,0,10,0,0,0,0,0,10,5,0,0,0,0,0,0,0,0,10,5,10,5,10,5,10,5,10,5,11,NA,10,0,0,0,10,0,0,0,0,0,0,0,0,0,0,0,02/12/20 13:10:20,no,Matching Tasks,yes,,no,OrientationCrossLanguages_2018PSA_SP_1.2.4 (2).osexp,M:\privat\Projects\PSA\PSA002\OpenSesame_Scripts,no,chinese-japanese-korean,no,18,no,#0000ff,no,Norwegian,yes,768,no,legacy,10,1,5,10,M:/privat/Projects/PSA/PSA002/raw_data/NOR_003_SP_48.csv,legacy,yes,Kafkaesque Koffka,3.2.8,no,"Harry ga kjæresten sin en vakker ring, mens han håpet at hun ville si ja.",0,0,f,NA,NA,NA,space,NA,NA,NA,NA,space,space,j,NA,NA,NA,space,NA,NA,NA,NA,f,f,NA,NA,NA,NA,NA,NA,NA,NA,space,NA,572,NA,NA,NA,28142,NA,NA,NA,NA,3963,2003,4015,NA,NA,NA,12697,NA,NA,NA,NA,572,648,NA,NA,NA,NA,NA,NA,NA,NA,290705,NA,2,legacy,no,1024,2,48000,-16,EXP,48,even,No,no,no,NA,8533,3808,473130,376201,NA,NA,NA,299242,NA,NA,NA,NA,3809,7516,NA,NA,NA,8519,NA,NA,NA,NA,8519,443830,443903,327398,382822,327414,376199,327414,327414,327398,474133,474133,377205,377205,443903,474133,443905,NA,443905,447922,NA,476138,381170,NA,NA,NA,382871,NA,NA,NA,NA,476643,381672,476644,381672,477218,382322,443322,NA,NA,NA,477718,NA,NA,395580,327398,382868,473129,8533,395580,NA,NA,NA,NA,NA,NA,8535,NA,395580,Orientation_PSA2018,17,98859,35,yes,1024
6835,NOR_LIST01.csv,F,F,NOR_Prac2.csv,Legen slo på kranen for å vaske hendene.,spider.jpg,M,50,50,"[6, 10, 15, 17, 21, 27, 30, 33, 38, 43, 47]",2843.86111111,2843.86111111,#ffffff,yes,legacy,legacy,legacy,0,uniform,1,undefined,0,0,1,undefined,1,1,undefined,6,f,0,0,0,10,5,0,0,0,0,0,0,0,0,0,0,0,0,0,0,0,0,0,0,0,10,1,0,5,0,5,0,0,0,10,10,5,5,1,10,1,1,1,1,0,10,5,0,0,0,0,0,0,0,0,10,5,10,5,10,5,10,5,10,5,12,NA,10,0,0,0,10,0,0,0,0,0,0,0,0,0,0,0,02/12/20 13:10:20,no,Matching Tasks,yes,,no,OrientationCrossLanguages_2018PSA_SP_1.2.4 (2).osexp,M:\privat\Projects\PSA\PSA002\OpenSesame_Scripts,no,chinese-japanese-korean,no,18,no,#0000ff,no,Norwegian,yes,768,no,legacy,0,1,5,10,M:/privat/Projects/PSA/PSA002/raw_data/NOR_003_SP_48.csv,legacy,yes,Kafkaesque Koffka,3.2.8,no,Jessica la flasken i vinstativet mens hun forventet en romantisk kveld.,0,0,f,NA,NA,NA,space,NA,NA,NA,NA,space,space,f,NA,NA,NA,space,NA,NA,NA,NA,f,f,NA,NA,NA,NA,NA,NA,NA,NA,space,NA,3520,NA,NA,NA,28142,NA,NA,NA,NA,3963,2003,3520,NA,NA,NA,12697,NA,NA,NA,NA,572,648,NA,NA,NA,NA,NA,NA,NA,NA,290705,NA,2,legacy,no,1024,2,48000,-16,EXP,48,even,No,no,no,NA,8533,3808,473130,376201,NA,NA,NA,299242,NA,NA,NA,NA,3809,7516,NA,NA,NA,8519,NA,NA,NA,NA,8519,477728,477798,327398,382822,327414,376199,327414,327414,327398,474133,474133,377205,377205,477798,474133,477800,481322,477800,447922,NA,476138,381170,NA,NA,NA,382871,NA,NA,NA,NA,476643,381672,476644,381672,477218,382322,443322,NA,NA,NA,481822,NA,NA,395580,327398,382868,473129,8533,395580,NA,NA,NA,NA,NA,NA,8535,NA,395580,Orientation_PSA2018,18,102379,36,yes,1024
6835,NOR_LIST01.csv,Y,H,NOR_Prac2.csv,Bibliotekaren puttet boken tilbake på bordet.,bookH.jpg,V,50,50,"[6, 10, 15, 17, 21, 27, 30, 33, 38, 43, 47]",2794.42105263,2794.42105263,#ffffff,yes,legacy,legacy,legacy,0,uniform,1,undefined,0,0,1,undefined,1,1,undefined,6,j,0,0,0,11,5,0,0,0,0,0,0,0,0,0,0,0,0,0,0,0,0,0,0,0,11,1,0,5,0,5,0,0,0,11,11,5,5,1,11,1,1,1,1,0,11,5,0,0,0,0,0,0,0,0,11,5,11,5,11,5,11,5,11,5,13,NA,11,0,0,0,11,0,0,0,0,0,0,0,0,0,0,0,02/12/20 13:10:20,no,Matching Tasks,yes,,no,OrientationCrossLanguages_2018PSA_SP_1.2.4 (2).osexp,M:\privat\Projects\PSA\PSA002\OpenSesame_Scripts,no,chinese-japanese-korean,no,18,no,#0000ff,no,Norwegian,yes,768,no,legacy,11,1,5,11,M:/privat/Projects/PSA/PSA002/raw_data/NOR_003_SP_48.csv,legacy,yes,Kafkaesque Koffka,3.2.8,no,Jessica la flasken i vinstativet mens hun forventet en romantisk kveld.,0,0,j,NA,NA,NA,space,NA,NA,NA,NA,space,space,f,NA,NA,NA,space,NA,NA,NA,NA,j,f,NA,NA,NA,NA,NA,NA,NA,NA,space,NA,784,NA,NA,NA,28142,NA,NA,NA,NA,3963,3025,3520,NA,NA,NA,12697,NA,NA,NA,NA,784,648,NA,NA,NA,NA,NA,NA,NA,NA,290705,NA,2,legacy,no,1024,2,48000,-16,EXP,48,even,No,no,no,NA,8533,3808,481965,376201,NA,NA,NA,299242,NA,NA,NA,NA,3809,7516,NA,NA,NA,8519,NA,NA,NA,NA,8519,477728,477798,327398,382822,327414,376199,327414,327414,327398,482967,482967,377205,377205,477798,482967,477800,481322,477800,447922,NA,485994,381170,NA,NA,NA,382871,NA,NA,NA,NA,486496,381672,486496,381672,487282,382322,443322,NA,NA,NA,487782,NA,NA,395580,327398,382868,481963,8533,395580,NA,NA,NA,NA,NA,NA,8535,NA,395580,Orientation_PSA2018,19,106188,38,yes,1024
6835,NOR_LIST01.csv,Y,H,NOR_Prac2.csv,Tømmerhoggeren lot øksen sin stå i toppen av stubben etter å ha vunnet øksekastingen.,axeH.jpg,V,50,50,"[6, 10, 15, 17, 21, 27, 30, 33, 38, 43, 47]",2817.925,2817.925,#ffffff,yes,legacy,legacy,legacy,0,uniform,1,undefined,0,0,1,undefined,1,1,undefined,6,j,0,0,0,12,5,0,0,0,0,0,0,0,0,0,0,0,0,0,0,0,0,0,0,0,12,1,0,5,0,5,0,0,0,12,12,5,5,1,12,1,1,1,1,0,12,5,0,0,0,0,0,0,0,0,12,5,12,5,12,5,12,5,12,5,14,NA,12,0,0,0,12,0,0,0,0,0,0,0,0,0,0,0,02/12/20 13:10:20,no,Matching Tasks,yes,,no,OrientationCrossLanguages_2018PSA_SP_1.2.4 (2).osexp,M:\privat\Projects\PSA\PSA002\OpenSesame_Scripts,no,chinese-japanese-korean,no,18,no,#0000ff,no,Norwegian,yes,768,no,legacy,12,1,5,12,M:/privat/Projects/PSA/PSA002/raw_data/NOR_003_SP_48.csv,legacy,yes,Kafkaesque Koffka,3.2.8,no,Jessica la flasken i vinstativet mens hun forventet en romantisk kveld.,0,0,j,NA,NA,NA,space,NA,NA,NA,NA,space,space,f,NA,NA,NA,space,NA,NA,NA,NA,j,f,NA,NA,NA,NA,NA,NA,NA,NA,space,NA,630,NA,NA,NA,28142,NA,NA,NA,NA,3963,5899,3520,NA,NA,NA,12697,NA,NA,NA,NA,630,648,NA,NA,NA,NA,NA,NA,NA,NA,290705,NA,2,legacy,no,1024,2,48000,-16,EXP,48,even,No,no,no,NA,8533,3808,487921,376201,NA,NA,NA,299242,NA,NA,NA,NA,3809,7516,NA,NA,NA,8519,NA,NA,NA,NA,8519,477728,477798,327398,382822,327414,376199,327414,327414,327398,488924,488924,377205,377205,477798,488925,477800,481322,477800,447922,NA,494826,381170,NA,NA,NA,382871,NA,NA,NA,NA,495330,381672,495330,381672,495962,382322,443322,NA,NA,NA,496462,NA,NA,395580,327398,382868,487919,8533,395580,NA,NA,NA,NA,NA,NA,8535,NA,395580,Orientation_PSA2018,20,112717,40,yes,1024
6835,NOR_LIST01.csv,Y,V,NOR_Prac2.csv,Rick stakk raskt blyanten i kaffekoppen.,pencilV.jpg,V,50,50,"[6, 10, 15, 17, 21, 27, 30, 33, 38, 43, 47]",2773.35714286,2773.35714286,#ffffff,yes,legacy,legacy,legacy,0,uniform,1,undefined,0,0,1,undefined,1,1,undefined,6,j,0,0,0,13,5,0,0,0,0,0,0,0,0,0,0,0,0,0,0,0,0,0,0,0,13,1,0,5,0,5,0,0,0,13,13,5,5,1,13,1,1,1,1,0,13,5,0,0,0,0,0,0,0,0,13,5,13,5,13,5,13,5,13,5,15,NA,13,0,0,0,13,0,0,0,0,0,0,0,0,0,0,0,02/12/20 13:10:20,no,Matching Tasks,yes,,no,OrientationCrossLanguages_2018PSA_SP_1.2.4 (2).osexp,M:\privat\Projects\PSA\PSA002\OpenSesame_Scripts,no,chinese-japanese-korean,no,18,no,#0000ff,no,Norwegian,yes,768,no,legacy,13,1,5,13,M:/privat/Projects/PSA/PSA002/raw_data/NOR_003_SP_48.csv,legacy,yes,Kafkaesque Koffka,3.2.8,no,Jessica la flasken i vinstativet mens hun forventet en romantisk kveld.,0,0,j,NA,NA,NA,space,NA,NA,NA,NA,space,space,f,NA,NA,NA,space,NA,NA,NA,NA,j,f,NA,NA,NA,NA,NA,NA,NA,NA,space,NA,494,NA,NA,NA,28142,NA,NA,NA,NA,3963,3270,3520,NA,NA,NA,12697,NA,NA,NA,NA,494,648,NA,NA,NA,NA,NA,NA,NA,NA,290705,NA,2,legacy,no,1024,2,48000,-16,EXP,48,even,No,no,no,NA,8533,3808,496608,376201,NA,NA,NA,299242,NA,NA,NA,NA,3809,7516,NA,NA,NA,8519,NA,NA,NA,NA,8519,477728,477798,327398,382822,327414,376199,327414,327414,327398,497610,497610,377205,377205,477798,497610,477800,481322,477800,447922,NA,500882,381170,NA,NA,NA,382871,NA,NA,NA,NA,501385,381672,501386,381672,501882,382322,443322,NA,NA,NA,502382,NA,NA,395580,327398,382868,496606,8533,395580,NA,NA,NA,NA,NA,NA,8535,NA,395580,Orientation_PSA2018,21,116481,42,yes,1024
6835,NOR_LIST01.csv,N,V,NOR_Prac2.csv,Den engstelige lille gutten puttet saltbegeret på bordet.,saltH.jpg,V,50,50,"[6, 10, 15, 17, 21, 27, 30, 33, 38, 43, 47]",2757.5,2757.5,#ffffff,yes,legacy,legacy,legacy,0,uniform,1,undefined,0,0,1,undefined,1,1,undefined,6,j,0,0,0,14,5,0,0,0,0,0,0,0,0,0,0,0,0,0,0,0,0,0,0,0,14,1,0,5,0,5,0,0,0,14,14,5,5,1,14,1,1,1,1,0,14,5,0,0,0,0,0,0,0,0,14,5,14,5,14,5,14,5,14,5,16,NA,14,0,0,0,14,0,0,0,0,0,0,0,0,0,0,0,02/12/20 13:10:20,no,Matching Tasks,yes,,no,OrientationCrossLanguages_2018PSA_SP_1.2.4 (2).osexp,M:\privat\Projects\PSA\PSA002\OpenSesame_Scripts,no,chinese-japanese-korean,no,18,no,#0000ff,no,Norwegian,yes,768,no,legacy,14,1,5,14,M:/privat/Projects/PSA/PSA002/raw_data/NOR_003_SP_48.csv,legacy,yes,Kafkaesque Koffka,3.2.8,no,Jessica la flasken i vinstativet mens hun forventet en romantisk kveld.,0,0,j,NA,NA,NA,space,NA,NA,NA,NA,space,space,f,NA,NA,NA,space,NA,NA,NA,NA,j,f,NA,NA,NA,NA,NA,NA,NA,NA,space,NA,750,NA,NA,NA,28142,NA,NA,NA,NA,3963,4099,3520,NA,NA,NA,12697,NA,NA,NA,NA,750,648,NA,NA,NA,NA,NA,NA,NA,NA,290705,NA,2,legacy,no,1024,2,48000,-16,EXP,48,even,No,no,no,NA,8533,3808,502561,376201,NA,NA,NA,299242,NA,NA,NA,NA,3809,7516,NA,NA,NA,8519,NA,NA,NA,NA,8519,477728,477798,327398,382822,327414,376199,327414,327414,327398,503565,503565,377205,377205,477798,503565,477800,481322,477800,447922,NA,507666,381170,NA,NA,NA,382871,NA,NA,NA,NA,508169,381672,508170,381672,508922,382322,443322,NA,NA,NA,509422,NA,NA,395580,327398,382868,502559,8533,395580,NA,NA,NA,NA,NA,NA,8535,NA,395580,Orientation_PSA2018,22,121330,44,yes,1024
6835,NOR_LIST01.csv,F,F,NOR_Prac2.csv,Tim så elefanten trekke ned et tre med sin snabel.,wndmil.jpg,V,50,50,"[6, 10, 15, 17, 21, 27, 30, 33, 38, 43, 47]",2720.56521739,2720.56521739,#ffffff,yes,legacy,legacy,legacy,0,uniform,1,undefined,0,0,1,undefined,1,1,undefined,6,f,0,0,0,15,5,0,0,0,0,0,0,0,0,0,0,0,0,0,0,0,0,0,0,0,15,1,0,5,0,5,0,0,0,15,15,5,5,1,15,1,1,1,1,0,15,5,0,0,0,0,0,0,0,0,15,5,15,5,15,5,15,5,15,5,17,NA,15,0,0,0,15,0,0,0,0,0,0,0,0,0,0,0,02/12/20 13:10:20,no,Matching Tasks,yes,,no,OrientationCrossLanguages_2018PSA_SP_1.2.4 (2).osexp,M:\privat\Projects\PSA\PSA002\OpenSesame_Scripts,no,chinese-japanese-korean,no,18,no,#0000ff,no,Norwegian,yes,768,no,legacy,15,1,5,15,M:/privat/Projects/PSA/PSA002/raw_data/NOR_003_SP_48.csv,legacy,yes,Kafkaesque Koffka,3.2.8,no,Jessica la flasken i vinstativet mens hun forventet en romantisk kveld.,0,0,f,NA,NA,NA,space,NA,NA,NA,NA,space,space,f,NA,NA,NA,space,NA,NA,NA,NA,f,f,NA,NA,NA,NA,NA,NA,NA,NA,space,NA,630,NA,NA,NA,28142,NA,NA,NA,NA,3963,3186,3520,NA,NA,NA,12697,NA,NA,NA,NA,630,648,NA,NA,NA,NA,NA,NA,NA,NA,290705,NA,2,legacy,no,1024,2,48000,-16,EXP,48,even,No,no,no,NA,8533,3808,509564,376201,NA,NA,NA,299242,NA,NA,NA,NA,3809,7516,NA,NA,NA,8519,NA,NA,NA,NA,8519,477728,477798,327398,382822,327414,376199,327414,327414,327398,510566,510566,377205,377205,477798,510566,477800,481322,477800,447922,NA,513754,381170,NA,NA,NA,382871,NA,NA,NA,NA,514257,381672,514258,381672,514890,382322,443322,NA,NA,NA,515390,NA,NA,395580,327398,382868,509562,8533,395580,NA,NA,NA,NA,NA,NA,8535,NA,395580,Orientation_PSA2018,23,125146,46,yes,1024
6835,NOR_LIST01.csv,F,F,NOR_Prac2.csv,Tim så elefanten trekke ned et tre med sin snabel.,wndmil.jpg,M,51.0638297872,51.0638297872,"[6, 10, 15, 17, 21, 27, 30, 33, 38, 43, 47]",2695.14893617,2695.14893617,#ffffff,yes,legacy,legacy,legacy,0,uniform,1,undefined,0,0,1,undefined,1,1,undefined,6,j,0,0,0,15,5,0,0,0,0,0,0,0,0,0,0,0,0,0,0,0,0,0,0,0,15,2,0,5,0,5,0,0,0,15,15,5,5,2,15,2,2,2,2,0,15,5,0,0,0,0,0,0,0,0,15,5,15,5,15,5,15,5,15,5,18,NA,15,0,0,0,15,0,0,0,0,0,0,0,0,0,0,0,02/12/20 13:10:20,no,Matching Tasks,yes,,no,OrientationCrossLanguages_2018PSA_SP_1.2.4 (2).osexp,M:\privat\Projects\PSA\PSA002\OpenSesame_Scripts,no,chinese-japanese-korean,no,18,no,#0000ff,no,Norwegian,yes,768,no,legacy,0,1,5,15,M:/privat/Projects/PSA/PSA002/raw_data/NOR_003_SP_48.csv,legacy,yes,Kafkaesque Koffka,3.2.8,no,Tim så elefanten trekke ned et tre med sin snabel.,0,0,j,NA,NA,NA,space,NA,NA,NA,NA,space,space,j,NA,NA,NA,space,NA,NA,NA,NA,f,f,NA,NA,NA,NA,NA,NA,NA,NA,space,NA,1526,NA,NA,NA,28142,NA,NA,NA,NA,3963,3186,1526,NA,NA,NA,12697,NA,NA,NA,NA,630,648,NA,NA,NA,NA,NA,NA,NA,NA,290705,NA,2,legacy,no,1024,2,48000,-16,EXP,48,even,No,no,no,NA,8533,3808,509564,376201,NA,NA,NA,299242,NA,NA,NA,NA,3809,7516,NA,NA,NA,8519,NA,NA,NA,NA,8519,515401,515472,327398,382822,327414,376199,327414,327414,327398,510566,510566,377205,377205,515472,510566,515474,517002,515474,447922,NA,513754,381170,NA,NA,NA,382871,NA,NA,NA,NA,514257,381672,514258,381672,514890,382322,443322,NA,NA,NA,517502,NA,NA,395580,327398,382868,509562,8533,395580,NA,NA,NA,NA,NA,NA,8535,NA,395580,Orientation_PSA2018,24,126672,47,yes,1024
6835,NOR_LIST01.csv,F,F,NOR_Prac2.csv,Når gymlærerer tok frem stoppeklokken begynte alle elevene å syte.,needle.jpg,V,51.0204081633,51.0204081633,"[6, 10, 15, 17, 21, 27, 30, 33, 38, 43, 47]",2672.53061224,2672.53061224,#ffffff,yes,legacy,legacy,legacy,0,uniform,1,undefined,0,0,1,undefined,1,1,undefined,6,f,0,0,0,16,5,0,0,0,0,0,0,0,0,0,0,0,0,0,0,0,0,0,0,0,16,2,0,5,0,5,0,0,0,16,16,5,5,2,16,2,2,2,2,0,16,5,0,0,0,0,0,0,0,0,16,5,16,5,16,5,16,5,16,5,19,NA,16,0,0,0,16,0,0,0,0,0,0,0,0,0,0,0,02/12/20 13:10:20,no,Matching Tasks,yes,,no,OrientationCrossLanguages_2018PSA_SP_1.2.4 (2).osexp,M:\privat\Projects\PSA\PSA002\OpenSesame_Scripts,no,chinese-japanese-korean,no,18,no,#0000ff,no,Norwegian,yes,768,no,legacy,16,1,5,16,M:/privat/Projects/PSA/PSA002/raw_data/NOR_003_SP_48.csv,legacy,yes,Kafkaesque Koffka,3.2.8,no,Tim så elefanten trekke ned et tre med sin snabel.,0,0,f,NA,NA,NA,space,NA,NA,NA,NA,space,space,j,NA,NA,NA,space,NA,NA,NA,NA,f,f,NA,NA,NA,NA,NA,NA,NA,NA,space,NA,635,NA,NA,NA,28142,NA,NA,NA,NA,3963,3647,1526,NA,NA,NA,12697,NA,NA,NA,NA,635,648,NA,NA,NA,NA,NA,NA,NA,NA,290705,NA,2,legacy,no,1024,2,48000,-16,EXP,48,even,No,no,no,NA,8533,3808,517661,376201,NA,NA,NA,299242,NA,NA,NA,NA,3809,7516,NA,NA,NA,8519,NA,NA,NA,NA,8519,515401,515472,327398,382822,327414,376199,327414,327414,327398,518665,518665,377205,377205,515472,518665,515474,517002,515474,447922,NA,522314,381170,NA,NA,NA,382871,NA,NA,NA,NA,522820,381672,522821,381672,523458,382322,443322,NA,NA,NA,523958,NA,NA,395580,327398,382868,517659,8533,395580,NA,NA,NA,NA,NA,NA,8535,NA,395580,Orientation_PSA2018,25,130954,49,yes,1024
6835,NOR_LIST01.csv,F,F,NOR_Prac2.csv,Justin dukket opp på balkongen og fansen begynte umiddelbart å hyle.,wrench.jpg,V,50.9803921569,50.9803921569,"[6, 10, 15, 17, 21, 27, 30, 33, 38, 43, 47]",2660.19607843,2660.19607843,#ffffff,yes,legacy,legacy,legacy,0,uniform,1,undefined,0,0,1,undefined,1,1,undefined,6,f,0,0,0,17,5,0,0,0,0,0,0,0,0,0,0,0,0,0,0,0,0,0,0,0,17,2,0,5,0,5,0,0,0,17,17,5,5,2,17,2,2,2,2,0,17,5,0,0,0,0,0,0,0,0,17,5,17,5,17,5,17,5,17,5,20,NA,17,0,0,0,17,0,0,0,0,0,0,0,0,0,0,0,02/12/20 13:10:20,no,Matching Tasks,yes,,no,OrientationCrossLanguages_2018PSA_SP_1.2.4 (2).osexp,M:\privat\Projects\PSA\PSA002\OpenSesame_Scripts,no,chinese-japanese-korean,no,18,no,#0000ff,no,Norwegian,yes,768,no,legacy,17,1,5,17,M:/privat/Projects/PSA/PSA002/raw_data/NOR_003_SP_48.csv,legacy,yes,Kafkaesque Koffka,3.2.8,no,Tim så elefanten trekke ned et tre med sin snabel.,0,0,f,NA,NA,NA,space,NA,NA,NA,NA,space,space,j,NA,NA,NA,space,NA,NA,NA,NA,f,f,NA,NA,NA,NA,NA,NA,NA,NA,space,NA,582,NA,NA,NA,28142,NA,NA,NA,NA,3963,4134,1526,NA,NA,NA,12697,NA,NA,NA,NA,582,648,NA,NA,NA,NA,NA,NA,NA,NA,290705,NA,2,legacy,no,1024,2,48000,-16,EXP,48,even,No,no,no,NA,8533,3808,524103,376201,NA,NA,NA,299242,NA,NA,NA,NA,3809,7516,NA,NA,NA,8519,NA,NA,NA,NA,8519,515401,515472,327398,382822,327414,376199,327414,327414,327398,525105,525105,377205,377205,515472,525106,515474,517002,515474,447922,NA,529242,381170,NA,NA,NA,382871,NA,NA,NA,NA,529745,381672,529746,381672,530330,382322,443322,NA,NA,NA,530830,NA,NA,395580,327398,382868,524102,8533,395580,NA,NA,NA,NA,NA,NA,8535,NA,395580,Orientation_PSA2018,26,135670,51,yes,1024
6835,NOR_LIST01.csv,F,F,NOR_Prac2.csv,Justin dukket opp på balkongen og fansen begynte umiddelbart å hyle.,wrench.jpg,M,51.9230769231,51.9230769231,"[6, 10, 15, 17, 21, 27, 30, 33, 38, 43, 47]",2650.21153846,2650.21153846,#ffffff,yes,legacy,legacy,legacy,0,uniform,1,undefined,0,0,1,undefined,1,1,undefined,6,f,0,0,0,17,5,0,0,0,0,0,0,0,0,0,0,0,0,0,0,0,0,0,0,0,17,3,0,5,0,5,0,0,0,17,17,5,5,3,17,3,3,3,3,0,17,5,0,0,0,0,0,0,0,0,17,5,17,5,17,5,17,5,17,5,21,NA,17,0,0,0,17,0,0,0,0,0,0,0,0,0,0,0,02/12/20 13:10:20,no,Matching Tasks,yes,,no,OrientationCrossLanguages_2018PSA_SP_1.2.4 (2).osexp,M:\privat\Projects\PSA\PSA002\OpenSesame_Scripts,no,chinese-japanese-korean,no,18,no,#0000ff,no,Norwegian,yes,768,no,legacy,0,1,5,17,M:/privat/Projects/PSA/PSA002/raw_data/NOR_003_SP_48.csv,legacy,yes,Kafkaesque Koffka,3.2.8,no,Den engstelige lille gutten puttet saltbegeret på bordet.,0,0,f,NA,NA,NA,space,NA,NA,NA,NA,space,space,f,NA,NA,NA,space,NA,NA,NA,NA,f,f,NA,NA,NA,NA,NA,NA,NA,NA,space,NA,2141,NA,NA,NA,28142,NA,NA,NA,NA,3963,4134,2141,NA,NA,NA,12697,NA,NA,NA,NA,582,648,NA,NA,NA,NA,NA,NA,NA,NA,290705,NA,2,legacy,no,1024,2,48000,-16,EXP,48,even,No,no,no,NA,8533,3808,524103,376201,NA,NA,NA,299242,NA,NA,NA,NA,3809,7516,NA,NA,NA,8519,NA,NA,NA,NA,8519,530842,530913,327398,382822,327414,376199,327414,327414,327398,525105,525105,377205,377205,530913,525106,530915,533058,530915,447922,NA,529242,381170,NA,NA,NA,382871,NA,NA,NA,NA,529745,381672,529746,381672,530330,382322,443322,NA,NA,NA,533558,NA,NA,395580,327398,382868,524102,8533,395580,NA,NA,NA,NA,NA,NA,8535,NA,395580,Orientation_PSA2018,27,137811,52,yes,1024
6835,NOR_LIST01.csv,Y,V,NOR_Prac2.csv,Mick satte gitaren i stativet mens han varmet opp til konserten.,guitarV.jpg,V,51.8518518519,51.8518518519,"[6, 10, 15, 17, 21, 27, 30, 33, 38, 43, 47]",2612.90740741,2612.90740741,#ffffff,yes,legacy,legacy,legacy,0,uniform,1,undefined,0,0,1,undefined,1,1,undefined,6,j,0,0,0,18,5,0,0,0,0,0,0,0,0,0,0,0,0,0,0,0,0,0,0,0,18,3,0,5,0,5,0,0,0,18,18,5,5,3,18,3,3,3,3,0,18,5,0,0,0,0,0,0,0,0,18,5,18,5,18,5,18,5,18,5,22,NA,18,0,0,0,18,0,0,0,0,0,0,0,0,0,0,0,02/12/20 13:10:20,no,Matching Tasks,yes,,no,OrientationCrossLanguages_2018PSA_SP_1.2.4 (2).osexp,M:\privat\Projects\PSA\PSA002\OpenSesame_Scripts,no,chinese-japanese-korean,no,18,no,#0000ff,no,Norwegian,yes,768,no,legacy,18,1,5,18,M:/privat/Projects/PSA/PSA002/raw_data/NOR_003_SP_48.csv,legacy,yes,Kafkaesque Koffka,3.2.8,no,Den engstelige lille gutten puttet saltbegeret på bordet.,0,0,j,NA,NA,NA,space,NA,NA,NA,NA,space,space,f,NA,NA,NA,space,NA,NA,NA,NA,j,f,NA,NA,NA,NA,NA,NA,NA,NA,space,NA,407,NA,NA,NA,28142,NA,NA,NA,NA,3963,2879,2141,NA,NA,NA,12697,NA,NA,NA,NA,407,648,NA,NA,NA,NA,NA,NA,NA,NA,290705,NA,2,legacy,no,1024,2,48000,-16,EXP,48,even,No,no,no,NA,8533,3808,533717,376201,NA,NA,NA,299242,NA,NA,NA,NA,3809,7516,NA,NA,NA,8519,NA,NA,NA,NA,8519,530842,530913,327398,382822,327414,376199,327414,327414,327398,534721,534721,377205,377205,530913,534721,530915,533058,530915,447922,NA,537602,381170,NA,NA,NA,382871,NA,NA,NA,NA,538104,381672,538105,381672,538514,382322,443322,NA,NA,NA,539014,NA,NA,395580,327398,382868,533715,8533,395580,NA,NA,NA,NA,NA,NA,8535,NA,395580,Orientation_PSA2018,28,141097,54,yes,1024
6835,NOR_LIST01.csv,F,F,NOR_Prac2.csv,Boris satte stearinlyset på bordet når han hørte kjæresten sin bil i oppkjørselen.,umberella.jpg,V,51.7857142857,51.7857142857,"[6, 10, 15, 17, 21, 27, 30, 33, 38, 43, 47]",2605.60714286,2605.60714286,#ffffff,yes,legacy,legacy,legacy,0,uniform,1,undefined,0,0,1,undefined,1,1,undefined,6,f,0,0,0,19,5,0,0,0,0,0,0,0,0,0,0,0,0,0,0,0,0,0,0,0,19,3,0,5,0,5,0,0,0,19,19,5,5,3,19,3,3,3,3,0,19,5,0,0,0,0,0,0,0,0,19,5,19,5,19,5,19,5,19,5,23,NA,19,0,0,0,19,0,0,0,0,0,0,0,0,0,0,0,02/12/20 13:10:20,no,Matching Tasks,yes,,no,OrientationCrossLanguages_2018PSA_SP_1.2.4 (2).osexp,M:\privat\Projects\PSA\PSA002\OpenSesame_Scripts,no,chinese-japanese-korean,no,18,no,#0000ff,no,Norwegian,yes,768,no,legacy,19,1,5,19,M:/privat/Projects/PSA/PSA002/raw_data/NOR_003_SP_48.csv,legacy,yes,Kafkaesque Koffka,3.2.8,no,Den engstelige lille gutten puttet saltbegeret på bordet.,0,0,f,NA,NA,NA,space,NA,NA,NA,NA,space,space,f,NA,NA,NA,space,NA,NA,NA,NA,f,f,NA,NA,NA,NA,NA,NA,NA,NA,space,NA,590,NA,NA,NA,28142,NA,NA,NA,NA,3963,4227,2141,NA,NA,NA,12697,NA,NA,NA,NA,590,648,NA,NA,NA,NA,NA,NA,NA,NA,290705,NA,2,legacy,no,1024,2,48000,-16,EXP,48,even,No,no,no,NA,8533,3808,539154,376201,NA,NA,NA,299242,NA,NA,NA,NA,3809,7516,NA,NA,NA,8519,NA,NA,NA,NA,8519,530842,530913,327398,382822,327414,376199,327414,327414,327398,540156,540156,377205,377205,530913,540157,530915,533058,530915,447922,NA,544386,381170,NA,NA,NA,382871,NA,NA,NA,NA,544889,381672,544890,381672,545482,382322,443322,NA,NA,NA,545982,NA,NA,395580,327398,382868,539152,8533,395580,NA,NA,NA,NA,NA,NA,8535,NA,395580,Orientation_PSA2018,29,145914,56,yes,1024
6835,NOR_LIST01.csv,F,F,NOR_Prac2.csv,Duff spilte på sekkepipen sin på tider som fikk hans naboer til å klage.,knife.jpg,V,51.724137931,51.724137931,"[6, 10, 15, 17, 21, 27, 30, 33, 38, 43, 47]",2593.15517241,2593.15517241,#ffffff,yes,legacy,legacy,legacy,0,uniform,1,undefined,0,0,1,undefined,1,1,undefined,6,f,0,0,0,20,5,0,0,0,0,0,0,0,0,0,0,0,0,0,0,0,0,0,0,0,20,3,0,5,0,5,0,0,0,20,20,5,5,3,20,3,3,3,3,0,20,5,0,0,0,0,0,0,0,0,20,5,20,5,20,5,20,5,20,5,24,NA,20,0,0,0,20,0,0,0,0,0,0,0,0,0,0,0,02/12/20 13:10:20,no,Matching Tasks,yes,,no,OrientationCrossLanguages_2018PSA_SP_1.2.4 (2).osexp,M:\privat\Projects\PSA\PSA002\OpenSesame_Scripts,no,chinese-japanese-korean,no,18,no,#0000ff,no,Norwegian,yes,768,no,legacy,20,1,5,20,M:/privat/Projects/PSA/PSA002/raw_data/NOR_003_SP_48.csv,legacy,yes,Kafkaesque Koffka,3.2.8,no,Den engstelige lille gutten puttet saltbegeret på bordet.,0,0,f,NA,NA,NA,space,NA,NA,NA,NA,space,space,f,NA,NA,NA,space,NA,NA,NA,NA,f,f,NA,NA,NA,NA,NA,NA,NA,NA,space,NA,550,NA,NA,NA,28142,NA,NA,NA,NA,3963,3939,2141,NA,NA,NA,12697,NA,NA,NA,NA,550,648,NA,NA,NA,NA,NA,NA,NA,NA,290705,NA,2,legacy,no,1024,2,48000,-16,EXP,48,even,No,no,no,NA,8533,3808,546121,376201,NA,NA,NA,299242,NA,NA,NA,NA,3809,7516,NA,NA,NA,8519,NA,NA,NA,NA,8519,530842,530913,327398,382822,327414,376199,327414,327414,327398,547125,547125,377205,377205,530913,547125,530915,533058,530915,447922,NA,551066,381170,NA,NA,NA,382871,NA,NA,NA,NA,551570,381672,551570,381672,552122,382322,443322,NA,NA,NA,552623,NA,NA,395580,327398,382868,546119,8533,395580,NA,NA,NA,NA,NA,NA,8535,NA,395580,Orientation_PSA2018,30,150403,58,yes,1024
6835,NOR_LIST01.csv,N,H,NOR_Prac2.csv,Småbarnet tegnet en katt med sin fargeblyant på sin soveromsdør.,crayonV.jpg,V,51.6666666667,51.6666666667,"[6, 10, 15, 17, 21, 27, 30, 33, 38, 43, 47]",2606.78333333,2606.78333333,#ffffff,yes,legacy,legacy,legacy,0,uniform,1,undefined,0,0,1,undefined,1,1,undefined,6,j,0,0,0,21,5,0,0,0,0,0,0,0,0,0,0,0,0,0,0,0,0,0,0,0,21,3,0,5,0,5,0,0,0,21,21,5,5,3,21,3,3,3,3,0,21,5,0,0,0,0,0,0,0,0,21,5,21,5,21,5,21,5,21,5,25,NA,21,0,0,0,21,0,0,0,0,0,0,0,0,0,0,0,02/12/20 13:10:20,no,Matching Tasks,yes,,no,OrientationCrossLanguages_2018PSA_SP_1.2.4 (2).osexp,M:\privat\Projects\PSA\PSA002\OpenSesame_Scripts,no,chinese-japanese-korean,no,18,no,#0000ff,no,Norwegian,yes,768,no,legacy,21,1,5,21,M:/privat/Projects/PSA/PSA002/raw_data/NOR_003_SP_48.csv,legacy,yes,Kafkaesque Koffka,3.2.8,no,Den engstelige lille gutten puttet saltbegeret på bordet.,0,0,j,NA,NA,NA,space,NA,NA,NA,NA,space,space,f,NA,NA,NA,space,NA,NA,NA,NA,j,f,NA,NA,NA,NA,NA,NA,NA,NA,space,NA,550,NA,NA,NA,28142,NA,NA,NA,NA,3963,5454,2141,NA,NA,NA,12697,NA,NA,NA,NA,550,648,NA,NA,NA,NA,NA,NA,NA,NA,290705,NA,2,legacy,no,1024,2,48000,-16,EXP,48,even,No,no,no,NA,8533,3808,552773,376201,NA,NA,NA,299242,NA,NA,NA,NA,3809,7516,NA,NA,NA,8519,NA,NA,NA,NA,8519,530842,530913,327398,382822,327414,376199,327414,327414,327398,553777,553777,377205,377205,530913,553778,530915,533058,530915,447922,NA,559234,381170,NA,NA,NA,382871,NA,NA,NA,NA,559737,381672,559738,381672,560290,382322,443322,NA,NA,NA,560790,NA,NA,395580,327398,382868,552771,8533,395580,NA,NA,NA,NA,NA,NA,8535,NA,395580,Orientation_PSA2018,31,156407,60,yes,1024
6835,NOR_LIST01.csv,N,H,NOR_Prac2.csv,Småbarnet tegnet en katt med sin fargeblyant på sin soveromsdør.,crayonV.jpg,M,52.4590163934,52.4590163934,"[6, 10, 15, 17, 21, 27, 30, 33, 38, 43, 47]",2602.44262295,2602.44262295,#ffffff,yes,legacy,legacy,legacy,0,uniform,1,undefined,0,0,1,undefined,1,1,undefined,6,j,0,0,0,21,5,0,0,0,0,0,0,0,0,0,0,0,0,0,0,0,0,0,0,0,21,4,0,5,0,5,0,0,0,21,21,5,5,4,21,4,4,4,4,0,21,5,0,0,0,0,0,0,0,0,21,5,21,5,21,5,21,5,21,5,26,NA,21,0,0,0,21,0,0,0,0,0,0,0,0,0,0,0,02/12/20 13:10:20,no,Matching Tasks,yes,,no,OrientationCrossLanguages_2018PSA_SP_1.2.4 (2).osexp,M:\privat\Projects\PSA\PSA002\OpenSesame_Scripts,no,chinese-japanese-korean,no,18,no,#0000ff,no,Norwegian,yes,768,no,legacy,0,1,5,21,M:/privat/Projects/PSA/PSA002/raw_data/NOR_003_SP_48.csv,legacy,yes,Kafkaesque Koffka,3.2.8,no,Boris satte stearinlyset på bordet når han hørte kjæresten sin bil i oppkjørselen.,0,0,j,NA,NA,NA,space,NA,NA,NA,NA,space,space,j,NA,NA,NA,space,NA,NA,NA,NA,j,f,NA,NA,NA,NA,NA,NA,NA,NA,space,NA,2342,NA,NA,NA,28142,NA,NA,NA,NA,3963,5454,2342,NA,NA,NA,12697,NA,NA,NA,NA,550,648,NA,NA,NA,NA,NA,NA,NA,NA,290705,NA,2,legacy,no,1024,2,48000,-16,EXP,48,even,No,no,no,NA,8533,3808,552773,376201,NA,NA,NA,299242,NA,NA,NA,NA,3809,7516,NA,NA,NA,8519,NA,NA,NA,NA,8519,560799,560888,327398,382822,327414,376199,327414,327414,327398,553777,553777,377205,377205,560888,553778,560890,563234,560890,447922,NA,559234,381170,NA,NA,NA,382871,NA,NA,NA,NA,559737,381672,559738,381672,560290,382322,443322,NA,NA,NA,563734,NA,NA,395580,327398,382868,552771,8533,395580,NA,NA,NA,NA,NA,NA,8535,NA,395580,Orientation_PSA2018,32,158749,61,yes,1024
6835,NOR_LIST01.csv,F,F,NOR_Prac2.csv,Mauren gikk mot honningkrukken og forsøkte å klatre inn.,sutcse.jpg,V,52.380952381,52.380952381,"[6, 10, 15, 17, 21, 27, 30, 33, 38, 43, 47]",2597.53968254,2597.53968254,#ffffff,yes,legacy,legacy,legacy,0,uniform,1,undefined,0,0,1,undefined,1,1,undefined,6,f,0,0,0,22,5,0,0,0,0,0,0,0,0,0,0,0,0,0,0,0,0,0,0,0,22,4,0,5,0,5,0,0,0,22,22,5,5,4,22,4,4,4,4,0,22,5,0,0,0,0,0,0,0,0,22,5,22,5,22,5,22,5,22,5,27,NA,22,0,0,0,22,0,0,0,0,0,0,0,0,0,0,0,02/12/20 13:10:20,no,Matching Tasks,yes,,no,OrientationCrossLanguages_2018PSA_SP_1.2.4 (2).osexp,M:\privat\Projects\PSA\PSA002\OpenSesame_Scripts,no,chinese-japanese-korean,no,18,no,#0000ff,no,Norwegian,yes,768,no,legacy,22,1,5,22,M:/privat/Projects/PSA/PSA002/raw_data/NOR_003_SP_48.csv,legacy,yes,Kafkaesque Koffka,3.2.8,no,Boris satte stearinlyset på bordet når han hørte kjæresten sin bil i oppkjørselen.,0,0,f,NA,NA,NA,space,NA,NA,NA,NA,space,space,j,NA,NA,NA,space,NA,NA,NA,NA,f,f,NA,NA,NA,NA,NA,NA,NA,NA,space,NA,869,NA,NA,NA,28142,NA,NA,NA,NA,3963,4027,2342,NA,NA,NA,12697,NA,NA,NA,NA,869,648,NA,NA,NA,NA,NA,NA,NA,NA,290705,NA,2,legacy,no,1024,2,48000,-16,EXP,48,even,No,no,no,NA,8533,3808,563905,376201,NA,NA,NA,299242,NA,NA,NA,NA,3809,7516,NA,NA,NA,8519,NA,NA,NA,NA,8519,560799,560888,327398,382822,327414,376199,327414,327414,327398,564909,564909,377205,377205,560888,564909,560890,563234,560890,447922,NA,568939,381170,NA,NA,NA,382871,NA,NA,NA,NA,569443,381672,569443,381672,570314,382322,443322,NA,NA,NA,570814,NA,NA,395580,327398,382868,563903,8533,395580,NA,NA,NA,NA,NA,NA,8535,NA,395580,Orientation_PSA2018,33,163645,63,yes,1024
6835,NOR_LIST01.csv,F,F,NOR_Prac2.csv,Rørleggeren la merke til at røret hadde mange lekasjer og måtte byttes.,couch.jpg,V,52.3076923077,52.3076923077,"[6, 10, 15, 17, 21, 27, 30, 33, 38, 43, 47]",2595.89230769,2595.89230769,#ffffff,yes,legacy,legacy,legacy,0,uniform,1,undefined,0,0,1,undefined,1,1,undefined,6,f,0,0,0,23,5,0,0,0,0,0,0,0,0,0,0,0,0,0,0,0,0,0,0,0,23,4,0,5,0,5,0,0,0,23,23,5,5,4,23,4,4,4,4,0,23,5,0,0,0,0,0,0,0,0,23,5,23,5,23,5,23,5,23,5,28,NA,23,0,0,0,23,0,0,0,0,0,0,0,0,0,0,0,02/12/20 13:10:20,no,Matching Tasks,yes,,no,OrientationCrossLanguages_2018PSA_SP_1.2.4 (2).osexp,M:\privat\Projects\PSA\PSA002\OpenSesame_Scripts,no,chinese-japanese-korean,no,18,no,#0000ff,no,Norwegian,yes,768,no,legacy,23,1,5,23,M:/privat/Projects/PSA/PSA002/raw_data/NOR_003_SP_48.csv,legacy,yes,Kafkaesque Koffka,3.2.8,no,Boris satte stearinlyset på bordet når han hørte kjæresten sin bil i oppkjørselen.,0,0,f,NA,NA,NA,space,NA,NA,NA,NA,space,space,j,NA,NA,NA,space,NA,NA,NA,NA,f,f,NA,NA,NA,NA,NA,NA,NA,NA,space,NA,598,NA,NA,NA,28142,NA,NA,NA,NA,3963,4490,2342,NA,NA,NA,12697,NA,NA,NA,NA,598,648,NA,NA,NA,NA,NA,NA,NA,NA,290705,NA,2,legacy,no,1024,2,48000,-16,EXP,48,even,No,no,no,NA,8533,3808,570954,376201,NA,NA,NA,299242,NA,NA,NA,NA,3809,7516,NA,NA,NA,8519,NA,NA,NA,NA,8519,560799,560888,327398,382822,327414,376199,327414,327414,327398,571958,571958,377205,377205,560888,571958,560890,563234,560890,447922,NA,576450,381170,NA,NA,NA,382871,NA,NA,NA,NA,576953,381672,576954,381672,577554,382322,443322,NA,NA,NA,578054,NA,NA,395580,327398,382868,570953,8533,395580,NA,NA,NA,NA,NA,NA,8535,NA,395580,Orientation_PSA2018,34,168733,65,yes,1024
6835,NOR_LIST01.csv,N,V,NOR_Prac2.csv,Den unge ektemannen forberedte seg på å sette reservehjulet på hjulet.,tireH.jpg,V,50,50,"[6, 10, 15, 17, 21, 27, 30, 33, 38, 43, 47]",2812.5,2812.5,#ffffff,yes,legacy,legacy,legacy,0,uniform,1,undefined,0,0,1,undefined,1,1,undefined,6,j,0,0,0,24,5,0,0,0,0,0,0,0,0,0,0,0,0,0,0,0,0,0,0,0,24,4,0,5,0,5,0,0,0,24,24,5,5,4,24,4,4,4,4,0,24,5,0,0,0,0,0,0,0,0,24,5,24,5,24,5,24,5,24,5,29,0,24,0,0,0,24,0,0,0,0,0,0,0,0,0,0,0,02/12/20 13:10:20,no,Matching Tasks,yes,,no,OrientationCrossLanguages_2018PSA_SP_1.2.4 (2).osexp,M:\privat\Projects\PSA\PSA002\OpenSesame_Scripts,no,chinese-japanese-korean,no,18,no,#0000ff,no,Norwegian,yes,768,no,legacy,24,1,5,24,M:/privat/Projects/PSA/PSA002/raw_data/NOR_003_SP_48.csv,legacy,yes,Kafkaesque Koffka,3.2.8,no,Boris satte stearinlyset på bordet når han hørte kjæresten sin bil i oppkjørselen.,0,0,j,NA,NA,NA,space,NA,NA,NA,NA,space,space,j,NA,NA,NA,space,NA,NA,NA,NA,j,f,space,NA,NA,NA,NA,NA,NA,NA,space,NA,593,NA,NA,NA,28142,NA,NA,NA,NA,3963,5032,2342,NA,NA,NA,12697,NA,NA,NA,NA,593,648,6293,NA,NA,NA,NA,NA,NA,NA,290705,NA,2,legacy,no,1024,2,48000,-16,EXP,48,even,No,no,no,NA,8533,3808,584516,376201,NA,NA,NA,299242,NA,NA,NA,NA,3809,7516,NA,NA,NA,8519,NA,NA,NA,NA,8519,560799,560888,327398,382822,327414,376199,327414,327414,327398,585519,585519,377205,377205,560888,585520,560890,563234,560890,447922,NA,590554,381170,NA,NA,NA,382871,NA,NA,NA,NA,591055,381672,591055,381672,591650,382322,443322,NA,NA,NA,592150,578091,NA,395580,327398,382868,584515,8533,395580,NA,NA,NA,NA,NA,NA,8535,NA,395580,Orientation_PSA2018,1,5625,2,yes,1024
6835,NOR_LIST01.csv,F,F,NOR_Prac2.csv,Abby hadde en sveitsisk lommekniv med mange nyttige verktøy.,watch.jpg,V,50,50,"[6, 10, 15, 17, 21, 27, 30, 33, 38, 43, 47]",2415.25,2415.25,#ffffff,yes,legacy,legacy,legacy,0,uniform,1,undefined,0,0,1,undefined,1,1,undefined,6,f,0,0,0,25,5,0,0,0,0,0,0,0,0,0,0,0,0,0,0,0,0,0,0,0,25,4,0,5,0,5,0,0,0,25,25,5,5,4,25,4,4,4,4,0,25,5,0,0,0,0,0,0,0,0,25,5,25,5,25,5,25,5,25,5,30,0,25,0,0,0,25,0,0,0,0,0,0,0,0,0,0,0,02/12/20 13:10:20,no,Matching Tasks,yes,,no,OrientationCrossLanguages_2018PSA_SP_1.2.4 (2).osexp,M:\privat\Projects\PSA\PSA002\OpenSesame_Scripts,no,chinese-japanese-korean,no,18,no,#0000ff,no,Norwegian,yes,768,no,legacy,25,1,5,25,M:/privat/Projects/PSA/PSA002/raw_data/NOR_003_SP_48.csv,legacy,yes,Kafkaesque Koffka,3.2.8,no,Boris satte stearinlyset på bordet når han hørte kjæresten sin bil i oppkjørselen.,0,0,f,NA,NA,NA,space,NA,NA,NA,NA,space,space,j,NA,NA,NA,space,NA,NA,NA,NA,f,f,space,NA,NA,NA,NA,NA,NA,NA,space,NA,611,NA,NA,NA,28142,NA,NA,NA,NA,3963,3425,2342,NA,NA,NA,12697,NA,NA,NA,NA,611,648,6293,NA,NA,NA,NA,NA,NA,NA,290705,NA,2,legacy,no,1024,2,48000,-16,EXP,48,even,No,no,no,NA,8533,3808,592283,376201,NA,NA,NA,299242,NA,NA,NA,NA,3809,7516,NA,NA,NA,8519,NA,NA,NA,NA,8519,560799,560888,327398,382822,327414,376199,327414,327414,327398,593287,593287,377205,377205,560888,593287,560890,563234,560890,447922,NA,596714,381170,NA,NA,NA,382871,NA,NA,NA,NA,597220,381672,597221,381672,597834,382322,443322,NA,NA,NA,598334,578091,NA,395580,327398,382868,592282,8533,395580,NA,NA,NA,NA,NA,NA,8535,NA,395580,Orientation_PSA2018,2,9661,4,yes,1024
6835,NOR_LIST01.csv,F,F,NOR_Prac2.csv,En bison løp mot dem i parken.,ring.jpg,V,50,50,"[6, 10, 15, 17, 21, 27, 30, 33, 38, 43, 47]",2039.66666667,2039.66666667,#ffffff,yes,legacy,legacy,legacy,0,uniform,1,undefined,0,0,1,undefined,1,1,undefined,6,f,0,0,0,26,5,0,0,0,0,0,0,0,0,0,0,0,0,0,0,0,0,0,0,0,26,4,0,5,0,5,0,0,0,26,26,5,5,4,26,4,4,4,4,0,26,5,0,0,0,0,0,0,0,0,26,5,26,5,26,5,26,5,26,5,31,0,26,0,0,0,26,0,0,0,0,0,0,0,0,0,0,0,02/12/20 13:10:20,no,Matching Tasks,yes,,no,OrientationCrossLanguages_2018PSA_SP_1.2.4 (2).osexp,M:\privat\Projects\PSA\PSA002\OpenSesame_Scripts,no,chinese-japanese-korean,no,18,no,#0000ff,no,Norwegian,yes,768,no,legacy,26,1,5,26,M:/privat/Projects/PSA/PSA002/raw_data/NOR_003_SP_48.csv,legacy,yes,Kafkaesque Koffka,3.2.8,no,Boris satte stearinlyset på bordet når han hørte kjæresten sin bil i oppkjørselen.,0,0,f,NA,NA,NA,space,NA,NA,NA,NA,space,space,j,NA,NA,NA,space,NA,NA,NA,NA,f,f,space,NA,NA,NA,NA,NA,NA,NA,space,NA,816,NA,NA,NA,28142,NA,NA,NA,NA,3963,1761,2342,NA,NA,NA,12697,NA,NA,NA,NA,816,648,6293,NA,NA,NA,NA,NA,NA,NA,290705,NA,2,legacy,no,1024,2,48000,-16,EXP,48,even,No,no,no,NA,8533,3808,598477,376201,NA,NA,NA,299242,NA,NA,NA,NA,3809,7516,NA,NA,NA,8519,NA,NA,NA,NA,8519,560799,560888,327398,382822,327414,376199,327414,327414,327398,599479,599479,377205,377205,560888,599479,560890,563234,560890,447922,NA,601242,381170,NA,NA,NA,382871,NA,NA,NA,NA,601744,381672,601744,381672,602562,382322,443322,NA,NA,NA,603062,578091,NA,395580,327398,382868,598476,8533,395580,NA,NA,NA,NA,NA,NA,8535,NA,395580,Orientation_PSA2018,3,12238,6,yes,1024
6835,NOR_LIST01.csv,Y,H,NOR_Prac2.csv,Derek svingte balltreet sitt da ballen nærmet seg.,batH.jpg,V,50,50,"[6, 10, 15, 17, 21, 27, 30, 33, 38, 43, 47]",2044.125,2044.125,#ffffff,yes,legacy,legacy,legacy,0,uniform,1,undefined,0,0,1,undefined,1,1,undefined,6,j,0,0,0,27,5,0,0,0,0,0,0,0,0,0,0,0,0,0,0,0,0,0,0,0,27,4,0,5,0,5,0,0,0,27,27,5,5,4,27,4,4,4,4,0,27,5,0,0,0,0,0,0,0,0,27,5,27,5,27,5,27,5,27,5,32,0,27,0,0,0,27,0,0,0,0,0,0,0,0,0,0,0,02/12/20 13:10:20,no,Matching Tasks,yes,,no,OrientationCrossLanguages_2018PSA_SP_1.2.4 (2).osexp,M:\privat\Projects\PSA\PSA002\OpenSesame_Scripts,no,chinese-japanese-korean,no,18,no,#0000ff,no,Norwegian,yes,768,no,legacy,27,1,5,27,M:/privat/Projects/PSA/PSA002/raw_data/NOR_003_SP_48.csv,legacy,yes,Kafkaesque Koffka,3.2.8,no,Boris satte stearinlyset på bordet når han hørte kjæresten sin bil i oppkjørselen.,0,0,j,NA,NA,NA,space,NA,NA,NA,NA,space,space,j,NA,NA,NA,space,NA,NA,NA,NA,j,f,space,NA,NA,NA,NA,NA,NA,NA,space,NA,440,NA,NA,NA,28142,NA,NA,NA,NA,3963,3675,2342,NA,NA,NA,12697,NA,NA,NA,NA,440,648,6293,NA,NA,NA,NA,NA,NA,NA,290705,NA,2,legacy,no,1024,2,48000,-16,EXP,48,even,No,no,no,NA,8533,3808,603202,376201,NA,NA,NA,299242,NA,NA,NA,NA,3809,7516,NA,NA,NA,8519,NA,NA,NA,NA,8519,560799,560888,327398,382822,327414,376199,327414,327414,327398,604204,604204,377205,377205,560888,604205,560890,563234,560890,447922,NA,607882,381170,NA,NA,NA,382871,NA,NA,NA,NA,608384,381672,608384,381672,608826,382322,443322,NA,NA,NA,609326,578091,NA,395580,327398,382868,603200,8533,395580,NA,NA,NA,NA,NA,NA,8535,NA,395580,Orientation_PSA2018,4,16353,8,yes,1024
6835,NOR_LIST01.csv,Y,H,NOR_Prac2.csv,Derek svingte balltreet sitt da ballen nærmet seg.,batH.jpg,M,55.5555555556,55.5555555556,"[6, 10, 15, 17, 21, 27, 30, 33, 38, 43, 47]",2099,2099,#ffffff,yes,legacy,legacy,legacy,0,uniform,1,undefined,0,0,1,undefined,1,1,undefined,6,f,0,0,0,27,5,0,0,0,0,0,0,0,0,0,0,0,0,0,0,0,0,0,0,0,27,5,0,5,0,5,0,0,0,27,27,5,5,5,27,5,5,5,5,0,27,5,0,0,0,0,0,0,0,0,27,5,27,5,27,5,27,5,27,5,33,0,27,0,0,0,27,0,0,0,0,0,0,0,0,0,0,0,02/12/20 13:10:20,no,Matching Tasks,yes,,no,OrientationCrossLanguages_2018PSA_SP_1.2.4 (2).osexp,M:\privat\Projects\PSA\PSA002\OpenSesame_Scripts,no,chinese-japanese-korean,no,18,no,#0000ff,no,Norwegian,yes,768,no,legacy,0,1,5,27,M:/privat/Projects/PSA/PSA002/raw_data/NOR_003_SP_48.csv,legacy,yes,Kafkaesque Koffka,3.2.8,no,Rørleggeren la merke til at røret hadde mange lekasjer og måtte byttes.,0,0,f,NA,NA,NA,space,NA,NA,NA,NA,space,space,f,NA,NA,NA,space,NA,NA,NA,NA,j,f,space,NA,NA,NA,NA,NA,NA,NA,space,NA,2538,NA,NA,NA,28142,NA,NA,NA,NA,3963,3675,2538,NA,NA,NA,12697,NA,NA,NA,NA,440,648,6293,NA,NA,NA,NA,NA,NA,NA,290705,NA,2,legacy,no,1024,2,48000,-16,EXP,48,even,No,no,no,NA,8533,3808,603202,376201,NA,NA,NA,299242,NA,NA,NA,NA,3809,7516,NA,NA,NA,8519,NA,NA,NA,NA,8519,609338,609420,327398,382822,327414,376199,327414,327414,327398,604204,604204,377205,377205,609420,604205,609422,611962,609422,447922,NA,607882,381170,NA,NA,NA,382871,NA,NA,NA,NA,608384,381672,608384,381672,608826,382322,443322,NA,NA,NA,612462,578091,NA,395580,327398,382868,603200,8533,395580,NA,NA,NA,NA,NA,NA,8535,NA,395580,Orientation_PSA2018,5,18891,9,yes,1024
6835,NOR_LIST01.csv,F,F,NOR_Prac2.csv,Arbeideren dyttet trillebåren mot haugen med murstein.,trmpet.jpg,V,54.5454545455,54.5454545455,"[6, 10, 15, 17, 21, 27, 30, 33, 38, 43, 47]",2143.18181818,2143.18181818,#ffffff,yes,legacy,legacy,legacy,0,uniform,1,undefined,0,0,1,undefined,1,1,undefined,6,f,0,0,0,28,5,0,0,0,0,0,0,0,0,0,0,0,0,0,0,0,0,0,0,0,28,5,0,5,0,5,0,0,0,28,28,5,5,5,28,5,5,5,5,0,28,5,0,0,0,0,0,0,0,0,28,5,28,5,28,5,28,5,28,5,34,0,28,0,0,0,28,0,0,0,0,0,0,0,0,0,0,0,02/12/20 13:10:20,no,Matching Tasks,yes,,no,OrientationCrossLanguages_2018PSA_SP_1.2.4 (2).osexp,M:\privat\Projects\PSA\PSA002\OpenSesame_Scripts,no,chinese-japanese-korean,no,18,no,#0000ff,no,Norwegian,yes,768,no,legacy,28,1,5,28,M:/privat/Projects/PSA/PSA002/raw_data/NOR_003_SP_48.csv,legacy,yes,Kafkaesque Koffka,3.2.8,no,Rørleggeren la merke til at røret hadde mange lekasjer og måtte byttes.,0,0,f,NA,NA,NA,space,NA,NA,NA,NA,space,space,f,NA,NA,NA,space,NA,NA,NA,NA,f,f,space,NA,NA,NA,NA,NA,NA,NA,space,NA,582,NA,NA,NA,28142,NA,NA,NA,NA,3963,4102,2538,NA,NA,NA,12697,NA,NA,NA,NA,582,648,6293,NA,NA,NA,NA,NA,NA,NA,290705,NA,2,legacy,no,1024,2,48000,-16,EXP,48,even,No,no,no,NA,8533,3808,612615,376201,NA,NA,NA,299242,NA,NA,NA,NA,3809,7516,NA,NA,NA,8519,NA,NA,NA,NA,8519,609338,609420,327398,382822,327414,376199,327414,327414,327398,613617,613617,377205,377205,609420,613618,609422,611962,609422,447922,NA,617722,381170,NA,NA,NA,382871,NA,NA,NA,NA,618226,381672,618226,381672,618810,382322,443322,NA,NA,NA,619310,578091,NA,395580,327398,382868,612613,8533,395580,NA,NA,NA,NA,NA,NA,8535,NA,395580,Orientation_PSA2018,6,23575,11,yes,1024
6835,NOR_LIST01.csv,Y,V,NOR_Prac2.csv,Snekkeren hamret spikeren inn i gulvplanken,nailV.jpg,V,53.8461538462,53.8461538462,"[6, 10, 15, 17, 21, 27, 30, 33, 38, 43, 47]",2053.30769231,2053.30769231,#ffffff,yes,legacy,legacy,legacy,0,uniform,1,undefined,0,0,1,undefined,1,1,undefined,6,j,0,0,0,29,5,0,0,0,0,0,0,0,0,0,0,0,0,0,0,0,0,0,0,0,29,5,0,5,0,5,0,0,0,29,29,5,5,5,29,5,5,5,5,0,29,5,0,0,0,0,0,0,0,0,29,5,29,5,29,5,29,5,29,5,35,0,29,0,0,0,29,0,0,0,0,0,0,0,0,0,0,0,02/12/20 13:10:20,no,Matching Tasks,yes,,no,OrientationCrossLanguages_2018PSA_SP_1.2.4 (2).osexp,M:\privat\Projects\PSA\PSA002\OpenSesame_Scripts,no,chinese-japanese-korean,no,18,no,#0000ff,no,Norwegian,yes,768,no,legacy,29,1,5,29,M:/privat/Projects/PSA/PSA002/raw_data/NOR_003_SP_48.csv,legacy,yes,Kafkaesque Koffka,3.2.8,no,Rørleggeren la merke til at røret hadde mange lekasjer og måtte byttes.,0,0,j,NA,NA,NA,space,NA,NA,NA,NA,space,space,f,NA,NA,NA,space,NA,NA,NA,NA,j,f,space,NA,NA,NA,NA,NA,NA,NA,space,NA,702,NA,NA,NA,28142,NA,NA,NA,NA,3963,2416,2538,NA,NA,NA,12697,NA,NA,NA,NA,702,648,6293,NA,NA,NA,NA,NA,NA,NA,290705,NA,2,legacy,no,1024,2,48000,-16,EXP,48,even,No,no,no,NA,8533,3808,619460,376201,NA,NA,NA,299242,NA,NA,NA,NA,3809,7516,NA,NA,NA,8519,NA,NA,NA,NA,8519,609338,609420,327398,382822,327414,376199,327414,327414,327398,620463,620463,377205,377205,609420,620464,609422,611962,609422,447922,NA,622882,381170,NA,NA,NA,382871,NA,NA,NA,NA,623386,381672,623386,381672,624090,382322,443322,NA,NA,NA,624590,578091,NA,395580,327398,382868,619458,8533,395580,NA,NA,NA,NA,NA,NA,8535,NA,395580,Orientation_PSA2018,7,26693,13,yes,1024
6835,NOR_LIST01.csv,N,H,NOR_Prac2.csv,Jegeren lyste med lommelykten på inngangen av hulen.,flashV.jpg,V,53.3333333333,53.3333333333,"[6, 10, 15, 17, 21, 27, 30, 33, 38, 43, 47]",2035.53333333,2035.53333333,#ffffff,yes,legacy,legacy,legacy,0,uniform,1,undefined,0,0,1,undefined,1,1,undefined,6,j,0,0,0,30,5,0,0,0,0,0,0,0,0,0,0,0,0,0,0,0,0,0,0,0,30,5,0,5,0,5,0,0,0,30,30,5,5,5,30,5,5,5,5,0,30,5,0,0,0,0,0,0,0,0,30,5,30,5,30,5,30,5,30,5,36,0,30,0,0,0,30,0,0,0,0,0,0,0,0,0,0,0,02/12/20 13:10:20,no,Matching Tasks,yes,,no,OrientationCrossLanguages_2018PSA_SP_1.2.4 (2).osexp,M:\privat\Projects\PSA\PSA002\OpenSesame_Scripts,no,chinese-japanese-korean,no,18,no,#0000ff,no,Norwegian,yes,768,no,legacy,30,1,5,30,M:/privat/Projects/PSA/PSA002/raw_data/NOR_003_SP_48.csv,legacy,yes,Kafkaesque Koffka,3.2.8,no,Rørleggeren la merke til at røret hadde mange lekasjer og måtte byttes.,0,0,j,NA,NA,NA,space,NA,NA,NA,NA,space,space,f,NA,NA,NA,space,NA,NA,NA,NA,j,f,space,NA,NA,NA,NA,NA,NA,NA,space,NA,598,NA,NA,NA,28142,NA,NA,NA,NA,3963,3242,2538,NA,NA,NA,12697,NA,NA,NA,NA,598,648,6293,NA,NA,NA,NA,NA,NA,NA,290705,NA,2,legacy,no,1024,2,48000,-16,EXP,48,even,No,no,no,NA,8533,3808,624723,376201,NA,NA,NA,299242,NA,NA,NA,NA,3809,7516,NA,NA,NA,8519,NA,NA,NA,NA,8519,609338,609420,327398,382822,327414,376199,327414,327414,327398,625725,625725,377205,377205,609420,625726,609422,611962,609422,447922,NA,628970,381170,NA,NA,NA,382871,NA,NA,NA,NA,629474,381672,629474,381672,630074,382322,443322,NA,NA,NA,630574,578091,NA,395580,327398,382868,624722,8533,395580,NA,NA,NA,NA,NA,NA,8535,NA,395580,Orientation_PSA2018,8,30533,15,yes,1024
6835,NOR_LIST01.csv,N,H,NOR_Prac2.csv,Jegeren lyste med lommelykten på inngangen av hulen.,flashV.jpg,M,50,50,"[6, 10, 15, 17, 21, 27, 30, 33, 38, 43, 47]",2060,2060,#ffffff,yes,legacy,legacy,legacy,0,uniform,0,undefined,0,0,0,undefined,1,1,undefined,6,f,0,0,0,30,5,0,0,0,0,0,0,0,0,0,0,0,0,0,0,0,0,0,0,0,30,6,0,5,0,5,0,0,0,30,30,5,5,6,30,6,6,6,6,0,30,5,0,0,0,0,0,0,0,0,30,5,30,5,30,5,30,5,30,5,37,0,30,0,0,0,30,0,0,0,0,0,0,0,0,0,0,0,02/12/20 13:10:20,no,Matching Tasks,yes,,no,OrientationCrossLanguages_2018PSA_SP_1.2.4 (2).osexp,M:\privat\Projects\PSA\PSA002\OpenSesame_Scripts,no,chinese-japanese-korean,no,18,no,#0000ff,no,Norwegian,yes,768,no,legacy,0,1,5,30,M:/privat/Projects/PSA/PSA002/raw_data/NOR_003_SP_48.csv,legacy,yes,Kafkaesque Koffka,3.2.8,no,Derek svingte balltreet sitt da ballen nærmet seg.,0,0,j,NA,NA,NA,space,NA,NA,NA,NA,space,space,j,NA,NA,NA,space,NA,NA,NA,NA,j,f,space,NA,NA,NA,NA,NA,NA,NA,space,NA,2427,NA,NA,NA,28142,NA,NA,NA,NA,3963,3242,2427,NA,NA,NA,12697,NA,NA,NA,NA,598,648,6293,NA,NA,NA,NA,NA,NA,NA,290705,NA,2,legacy,no,1024,2,48000,-16,EXP,48,even,No,no,no,NA,8533,3808,624723,376201,NA,NA,NA,299242,NA,NA,NA,NA,3809,7516,NA,NA,NA,8519,NA,NA,NA,NA,8519,630582,630651,327398,382822,327414,376199,327414,327414,327398,625725,625725,377205,377205,630651,625726,630653,611962,630653,633082,NA,628970,381170,NA,NA,NA,382871,NA,NA,NA,NA,629474,381672,629474,381672,630074,382322,443322,NA,NA,NA,634582,578091,NA,395580,327398,382868,624722,8533,395580,NA,NA,NA,NA,NA,NA,8535,NA,395580,Orientation_PSA2018,8,32960,16,yes,1024
6835,NOR_LIST01.csv,F,F,NOR_Prac2.csv,Det fargerike puslespillet var mye vanskeligere enn den lille gutten hadde forventet.,nut.jpg,V,50,50,"[6, 10, 15, 17, 21, 27, 30, 33, 38, 43, 47]",2183.72222222,2183.72222222,#ffffff,yes,legacy,legacy,legacy,0,uniform,1,undefined,0,0,0,undefined,1,1,undefined,6,f,0,0,0,31,5,0,0,0,0,0,0,0,0,0,0,0,0,0,0,0,0,0,0,0,31,6,0,5,0,5,0,0,0,31,31,5,5,6,31,6,6,6,6,0,31,5,0,0,0,0,0,0,0,0,31,5,31,5,31,5,31,5,31,5,38,0,31,0,0,0,31,0,0,0,0,0,0,0,0,0,0,0,02/12/20 13:10:20,no,Matching Tasks,yes,,no,OrientationCrossLanguages_2018PSA_SP_1.2.4 (2).osexp,M:\privat\Projects\PSA\PSA002\OpenSesame_Scripts,no,chinese-japanese-korean,no,18,no,#0000ff,no,Norwegian,yes,768,no,legacy,31,1,5,31,M:/privat/Projects/PSA/PSA002/raw_data/NOR_003_SP_48.csv,legacy,yes,Kafkaesque Koffka,3.2.8,no,Derek svingte balltreet sitt da ballen nærmet seg.,0,0,f,NA,NA,NA,space,NA,NA,NA,NA,space,space,j,NA,NA,NA,space,NA,NA,NA,NA,f,f,space,NA,NA,NA,NA,NA,NA,NA,space,NA,702,NA,NA,NA,28142,NA,NA,NA,NA,3963,5645,2427,NA,NA,NA,12697,NA,NA,NA,NA,702,648,6293,NA,NA,NA,NA,NA,NA,NA,290705,NA,2,legacy,no,1024,2,48000,-16,EXP,48,even,No,no,no,NA,8533,3808,634735,376201,NA,NA,NA,299242,NA,NA,NA,NA,3809,7516,NA,NA,NA,8519,NA,NA,NA,NA,8519,630582,630651,327398,382822,327414,376199,327414,327414,327398,635738,635738,377205,377205,630651,635739,630653,611962,630653,633082,NA,641386,381170,NA,NA,NA,382871,NA,NA,NA,NA,641890,381672,641890,381672,642594,382322,443322,NA,NA,NA,643094,578091,NA,395580,327398,382868,634733,8533,395580,NA,NA,NA,NA,NA,NA,8535,NA,395580,Orientation_PSA2018,9,39307,18,yes,1024
6835,NOR_LIST01.csv,F,F,NOR_Prac2.csv,Arkeologen studerte hieroglyfene på gravsteinen.,mitten.jpg,V,50,50,"[6, 10, 15, 17, 21, 27, 30, 33, 38, 43, 47]",2161.55,2161.55,#ffffff,yes,legacy,legacy,legacy,0,uniform,1,undefined,0,0,0,undefined,1,1,undefined,6,f,0,0,0,32,5,0,0,0,0,0,0,0,0,0,0,0,0,0,0,0,0,0,0,0,32,6,0,5,0,5,0,0,0,32,32,5,5,6,32,6,6,6,6,0,32,5,0,0,0,0,0,0,0,0,32,5,32,5,32,5,32,5,32,5,39,0,32,0,0,0,32,0,0,0,0,0,0,0,0,0,0,0,02/12/20 13:10:20,no,Matching Tasks,yes,,no,OrientationCrossLanguages_2018PSA_SP_1.2.4 (2).osexp,M:\privat\Projects\PSA\PSA002\OpenSesame_Scripts,no,chinese-japanese-korean,no,18,no,#0000ff,no,Norwegian,yes,768,no,legacy,32,1,5,32,M:/privat/Projects/PSA/PSA002/raw_data/NOR_003_SP_48.csv,legacy,yes,Kafkaesque Koffka,3.2.8,no,Derek svingte balltreet sitt da ballen nærmet seg.,0,0,f,NA,NA,NA,space,NA,NA,NA,NA,space,space,j,NA,NA,NA,space,NA,NA,NA,NA,f,f,space,NA,NA,NA,NA,NA,NA,NA,space,NA,758,NA,NA,NA,28142,NA,NA,NA,NA,3963,3166,2427,NA,NA,NA,12697,NA,NA,NA,NA,758,648,6293,NA,NA,NA,NA,NA,NA,NA,290705,NA,2,legacy,no,1024,2,48000,-16,EXP,48,even,No,no,no,NA,8533,3808,643239,376201,NA,NA,NA,299242,NA,NA,NA,NA,3809,7516,NA,NA,NA,8519,NA,NA,NA,NA,8519,630582,630651,327398,382822,327414,376199,327414,327414,327398,644242,644242,377205,377205,630651,644242,630653,611962,630653,633082,NA,647410,381170,NA,NA,NA,382871,NA,NA,NA,NA,647914,381672,647914,381672,648674,382322,443322,NA,NA,NA,649174,578091,NA,395580,327398,382868,643238,8533,395580,NA,NA,NA,NA,NA,NA,8535,NA,395580,Orientation_PSA2018,10,43231,20,yes,1024
6835,NOR_LIST01.csv,F,F,NOR_Prac2.csv,Susan ønsket seg at foreldrene hennes hadde et svømmebasseng i bakgården.,pumpkin.jpg,V,50,50,"[6, 10, 15, 17, 21, 27, 30, 33, 38, 43, 47]",2158.59090909,2158.59090909,#ffffff,yes,legacy,legacy,legacy,0,uniform,1,undefined,0,0,0,undefined,1,1,undefined,6,f,0,0,0,33,5,0,0,0,0,0,0,0,0,0,0,0,0,0,0,0,0,0,0,0,33,6,0,5,0,5,0,0,0,33,33,5,5,6,33,6,6,6,6,0,33,5,0,0,0,0,0,0,0,0,33,5,33,5,33,5,33,5,33,5,40,0,33,0,0,0,33,0,0,0,0,0,0,0,0,0,0,0,02/12/20 13:10:20,no,Matching Tasks,yes,,no,OrientationCrossLanguages_2018PSA_SP_1.2.4 (2).osexp,M:\privat\Projects\PSA\PSA002\OpenSesame_Scripts,no,chinese-japanese-korean,no,18,no,#0000ff,no,Norwegian,yes,768,no,legacy,33,1,5,33,M:/privat/Projects/PSA/PSA002/raw_data/NOR_003_SP_48.csv,legacy,yes,Kafkaesque Koffka,3.2.8,no,Derek svingte balltreet sitt da ballen nærmet seg.,0,0,f,NA,NA,NA,space,NA,NA,NA,NA,space,space,j,NA,NA,NA,space,NA,NA,NA,NA,f,f,space,NA,NA,NA,NA,NA,NA,NA,space,NA,502,NA,NA,NA,28142,NA,NA,NA,NA,3963,3756,2427,NA,NA,NA,12697,NA,NA,NA,NA,502,648,6293,NA,NA,NA,NA,NA,NA,NA,290705,NA,2,legacy,no,1024,2,48000,-16,EXP,48,even,No,no,no,NA,8533,3808,649321,376201,NA,NA,NA,299242,NA,NA,NA,NA,3809,7516,NA,NA,NA,8519,NA,NA,NA,NA,8519,630582,630651,327398,382822,327414,376199,327414,327414,327398,650324,650324,377205,377205,630651,650324,630653,611962,630653,633082,NA,654082,381170,NA,NA,NA,382871,NA,NA,NA,NA,654585,381672,654586,381672,655090,382322,443322,NA,NA,NA,655590,578091,NA,395580,327398,382868,649320,8533,395580,NA,NA,NA,NA,NA,NA,8535,NA,395580,Orientation_PSA2018,11,47489,22,yes,1024
6835,NOR_LIST01.csv,F,F,NOR_Prac2.csv,Susan ønsket seg at foreldrene hennes hadde et svømmebasseng i bakgården.,pumpkin.jpg,M,47.8260869565,47.8260869565,"[6, 10, 15, 17, 21, 27, 30, 33, 38, 43, 47]",2170.2173913,2170.2173913,#ffffff,yes,legacy,legacy,legacy,0,uniform,0,undefined,0,0,0,undefined,1,1,undefined,6,j,0,0,0,33,5,0,0,0,0,0,0,0,0,0,0,0,0,0,0,0,0,0,0,0,33,7,0,5,0,5,0,0,0,33,33,5,5,7,33,7,7,7,7,0,33,5,0,0,0,0,0,0,0,0,33,5,33,5,33,5,33,5,33,5,41,0,33,0,0,0,33,0,0,0,0,0,0,0,0,0,0,0,02/12/20 13:10:20,no,Matching Tasks,yes,,no,OrientationCrossLanguages_2018PSA_SP_1.2.4 (2).osexp,M:\privat\Projects\PSA\PSA002\OpenSesame_Scripts,no,chinese-japanese-korean,no,18,no,#0000ff,no,Norwegian,yes,768,no,legacy,0,1,5,33,M:/privat/Projects/PSA/PSA002/raw_data/NOR_003_SP_48.csv,legacy,yes,Kafkaesque Koffka,3.2.8,no,Det fargerike puslespillet var mye vanskeligere enn den lille gutten hadde forventet.,0,0,f,NA,NA,NA,space,NA,NA,NA,NA,space,space,f,NA,NA,NA,space,NA,NA,NA,NA,f,f,space,NA,NA,NA,NA,NA,NA,NA,space,NA,2426,NA,NA,NA,28142,NA,NA,NA,NA,3963,3756,2426,NA,NA,NA,12697,NA,NA,NA,NA,502,648,6293,NA,NA,NA,NA,NA,NA,NA,290705,NA,2,legacy,no,1024,2,48000,-16,EXP,48,even,No,no,no,NA,8533,3808,649321,376201,NA,NA,NA,299242,NA,NA,NA,NA,3809,7516,NA,NA,NA,8519,NA,NA,NA,NA,8519,655599,655668,327398,382822,327414,376199,327414,327414,327398,650324,650324,377205,377205,655668,650324,655670,611962,655670,658098,NA,654082,381170,NA,NA,NA,382871,NA,NA,NA,NA,654585,381672,654586,381672,655090,382322,443322,NA,NA,NA,659598,578091,NA,395580,327398,382868,649320,8533,395580,NA,NA,NA,NA,NA,NA,8535,NA,395580,Orientation_PSA2018,11,49915,23,yes,1024
6835,NOR_LIST01.csv,N,H,NOR_Prac2.csv,Racerbilsjåføren festet brannslukkeren under sitt sete.,fire_extinguisherV.jpg,V,48,48,"[6, 10, 15, 17, 21, 27, 30, 33, 38, 43, 47]",2150.08,2150.08,#ffffff,yes,legacy,legacy,legacy,0,uniform,1,undefined,0,0,0,undefined,1,1,undefined,6,j,0,0,0,34,5,0,0,0,0,0,0,0,0,0,0,0,0,0,0,0,0,0,0,0,34,7,0,5,0,5,0,0,0,34,34,5,5,7,34,7,7,7,7,0,34,5,0,0,0,0,0,0,0,0,34,5,34,5,34,5,34,5,34,5,42,0,34,0,0,0,34,0,0,0,0,0,0,0,0,0,0,0,02/12/20 13:10:20,no,Matching Tasks,yes,,no,OrientationCrossLanguages_2018PSA_SP_1.2.4 (2).osexp,M:\privat\Projects\PSA\PSA002\OpenSesame_Scripts,no,chinese-japanese-korean,no,18,no,#0000ff,no,Norwegian,yes,768,no,legacy,34,1,5,34,M:/privat/Projects/PSA/PSA002/raw_data/NOR_003_SP_48.csv,legacy,yes,Kafkaesque Koffka,3.2.8,no,Det fargerike puslespillet var mye vanskeligere enn den lille gutten hadde forventet.,0,0,j,NA,NA,NA,space,NA,NA,NA,NA,space,space,f,NA,NA,NA,space,NA,NA,NA,NA,j,f,space,NA,NA,NA,NA,NA,NA,NA,space,NA,512,NA,NA,NA,28142,NA,NA,NA,NA,3963,3325,2426,NA,NA,NA,12697,NA,NA,NA,NA,512,648,6293,NA,NA,NA,NA,NA,NA,NA,290705,NA,2,legacy,no,1024,2,48000,-16,EXP,48,even,No,no,no,NA,8533,3808,659745,376201,NA,NA,NA,299242,NA,NA,NA,NA,3809,7516,NA,NA,NA,8519,NA,NA,NA,NA,8519,655599,655668,327398,382822,327414,376199,327414,327414,327398,660747,660747,377205,377205,655668,660747,655670,611962,655670,658098,NA,664074,381170,NA,NA,NA,382871,NA,NA,NA,NA,664576,381672,664576,381672,665090,382322,443322,NA,NA,NA,665590,578091,NA,395580,327398,382868,659744,8533,395580,NA,NA,NA,NA,NA,NA,8535,NA,395580,Orientation_PSA2018,12,53752,25,yes,1024
6835,NOR_LIST01.csv,F,F,NOR_Prac2.csv,Moren la gulroten i datterens matboks.,tiger.jpg,V,48.1481481481,48.1481481481,"[6, 10, 15, 17, 21, 27, 30, 33, 38, 43, 47]",2076.96296296,2076.96296296,#ffffff,yes,legacy,legacy,legacy,0,uniform,1,undefined,0,0,0,undefined,1,1,undefined,6,f,0,0,0,35,5,0,0,0,0,0,0,0,0,0,0,0,0,0,0,0,0,0,0,0,35,7,0,5,0,5,0,0,0,35,35,5,5,7,35,7,7,7,7,0,35,5,0,0,0,0,0,0,0,0,35,5,35,5,35,5,35,5,35,5,43,0,35,0,0,0,35,0,0,0,0,0,0,0,0,0,0,0,02/12/20 13:10:20,no,Matching Tasks,yes,,no,OrientationCrossLanguages_2018PSA_SP_1.2.4 (2).osexp,M:\privat\Projects\PSA\PSA002\OpenSesame_Scripts,no,chinese-japanese-korean,no,18,no,#0000ff,no,Norwegian,yes,768,no,legacy,35,1,5,35,M:/privat/Projects/PSA/PSA002/raw_data/NOR_003_SP_48.csv,legacy,yes,Kafkaesque Koffka,3.2.8,no,Det fargerike puslespillet var mye vanskeligere enn den lille gutten hadde forventet.,0,0,f,NA,NA,NA,space,NA,NA,NA,NA,space,space,f,NA,NA,NA,space,NA,NA,NA,NA,f,f,space,NA,NA,NA,NA,NA,NA,NA,space,NA,535,NA,NA,NA,28142,NA,NA,NA,NA,3963,1791,2426,NA,NA,NA,12697,NA,NA,NA,NA,535,648,6293,NA,NA,NA,NA,NA,NA,NA,290705,NA,2,legacy,no,1024,2,48000,-16,EXP,48,even,No,no,no,NA,8533,3808,665734,376201,NA,NA,NA,299242,NA,NA,NA,NA,3809,7516,NA,NA,NA,8519,NA,NA,NA,NA,8519,655599,655668,327398,382822,327414,376199,327414,327414,327398,666737,666737,377205,377205,655668,666737,655670,611962,655670,658098,NA,668530,381170,NA,NA,NA,382871,NA,NA,NA,NA,669033,381672,669033,381672,669570,382322,443322,NA,NA,NA,670070,578091,NA,395580,327398,382868,665732,8533,395580,NA,NA,NA,NA,NA,NA,8535,NA,395580,Orientation_PSA2018,13,56078,27,yes,1024
6835,NOR_LIST01.csv,F,F,NOR_Prac2.csv,Penny kastet planten gjennom stua på Sheldon.,tapedispenser.jpg,V,48.275862069,48.275862069,"[6, 10, 15, 17, 21, 27, 30, 33, 38, 43, 47]",2036.34482759,2036.34482759,#ffffff,yes,legacy,legacy,legacy,0,uniform,1,undefined,0,0,0,undefined,1,1,undefined,6,f,0,0,0,36,5,0,0,0,0,0,0,0,0,0,0,0,0,0,0,0,0,0,0,0,36,7,0,5,0,5,0,0,0,36,36,5,5,7,36,7,7,7,7,0,36,5,0,0,0,0,0,0,0,0,36,5,36,5,36,5,36,5,36,5,44,0,36,0,0,0,36,0,0,0,0,0,0,0,0,0,0,0,02/12/20 13:10:20,no,Matching Tasks,yes,,no,OrientationCrossLanguages_2018PSA_SP_1.2.4 (2).osexp,M:\privat\Projects\PSA\PSA002\OpenSesame_Scripts,no,chinese-japanese-korean,no,18,no,#0000ff,no,Norwegian,yes,768,no,legacy,36,1,5,36,M:/privat/Projects/PSA/PSA002/raw_data/NOR_003_SP_48.csv,legacy,yes,Kafkaesque Koffka,3.2.8,no,Det fargerike puslespillet var mye vanskeligere enn den lille gutten hadde forventet.,0,0,f,NA,NA,NA,space,NA,NA,NA,NA,space,space,f,NA,NA,NA,space,NA,NA,NA,NA,f,f,space,NA,NA,NA,NA,NA,NA,NA,space,NA,647,NA,NA,NA,28142,NA,NA,NA,NA,3963,2329,2426,NA,NA,NA,12697,NA,NA,NA,NA,647,648,6293,NA,NA,NA,NA,NA,NA,NA,290705,NA,2,legacy,no,1024,2,48000,-16,EXP,48,even,No,no,no,NA,8533,3808,670210,376201,NA,NA,NA,299242,NA,NA,NA,NA,3809,7516,NA,NA,NA,8519,NA,NA,NA,NA,8519,655599,655668,327398,382822,327414,376199,327414,327414,327398,671215,671215,377205,377205,655668,671215,655670,611962,655670,658098,NA,673546,381170,NA,NA,NA,382871,NA,NA,NA,NA,674048,381672,674049,381672,674699,382322,443322,NA,NA,NA,675199,578091,NA,395580,327398,382868,670209,8533,395580,NA,NA,NA,NA,NA,NA,8535,NA,395580,Orientation_PSA2018,14,59054,29,yes,1024
6835,NOR_LIST01.csv,F,F,NOR_Prac2.csv,Den eldre mannen tok av seg hatten og satte seg i stolen.,buggy.jpg,V,48.3870967742,48.3870967742,"[6, 10, 15, 17, 21, 27, 30, 33, 38, 43, 47]",1980.70967742,1980.70967742,#ffffff,yes,legacy,legacy,legacy,0,uniform,1,undefined,0,0,0,undefined,1,1,undefined,6,f,0,0,0,37,5,0,0,0,0,0,0,0,0,0,0,0,0,0,0,0,0,0,0,0,37,7,0,5,0,5,0,0,0,37,37,5,5,7,37,7,7,7,7,0,37,5,0,0,0,0,0,0,0,0,37,5,37,5,37,5,37,5,37,5,45,0,37,0,0,0,37,0,0,0,0,0,0,0,0,0,0,0,02/12/20 13:10:20,no,Matching Tasks,yes,,no,OrientationCrossLanguages_2018PSA_SP_1.2.4 (2).osexp,M:\privat\Projects\PSA\PSA002\OpenSesame_Scripts,no,chinese-japanese-korean,no,18,no,#0000ff,no,Norwegian,yes,768,no,legacy,37,1,5,37,M:/privat/Projects/PSA/PSA002/raw_data/NOR_003_SP_48.csv,legacy,yes,Kafkaesque Koffka,3.2.8,no,Det fargerike puslespillet var mye vanskeligere enn den lille gutten hadde forventet.,0,0,f,NA,NA,NA,space,NA,NA,NA,NA,space,space,f,NA,NA,NA,space,NA,NA,NA,NA,f,f,space,NA,NA,NA,NA,NA,NA,NA,space,NA,582,NA,NA,NA,28142,NA,NA,NA,NA,3963,1766,2426,NA,NA,NA,12697,NA,NA,NA,NA,582,648,6293,NA,NA,NA,NA,NA,NA,NA,290705,NA,2,legacy,no,1024,2,48000,-16,EXP,48,even,No,no,no,NA,8533,3808,675342,376201,NA,NA,NA,299242,NA,NA,NA,NA,3809,7516,NA,NA,NA,8519,NA,NA,NA,NA,8519,655599,655668,327398,382822,327414,376199,327414,327414,327398,676346,676346,377205,377205,655668,676346,655670,611962,655670,658098,NA,678114,381170,NA,NA,NA,382871,NA,NA,NA,NA,678618,381672,678618,381672,679202,382322,443322,NA,NA,NA,679702,578091,NA,395580,327398,382868,675341,8533,395580,NA,NA,NA,NA,NA,NA,8535,NA,395580,Orientation_PSA2018,15,61402,31,yes,1024
6835,NOR_LIST01.csv,Y,V,NOR_Prac2.csv,Frank puttet strykejernet på hyllen mens han håpet at han ikke ville bli for sen,ironV.jpg,V,48.4848484848,48.4848484848,"[6, 10, 15, 17, 21, 27, 30, 33, 38, 43, 47]",1987.12121212,1987.12121212,#ffffff,yes,legacy,legacy,legacy,0,uniform,1,undefined,0,0,0,undefined,1,1,undefined,6,j,0,0,0,38,5,0,0,0,0,0,0,0,0,0,0,0,0,0,0,0,0,0,0,0,38,7,0,5,0,5,0,0,0,38,38,5,5,7,38,7,7,7,7,0,38,5,0,0,0,0,0,0,0,0,38,5,38,5,38,5,38,5,38,5,46,0,38,0,0,0,38,0,0,0,0,0,0,0,0,0,0,0,02/12/20 13:10:20,no,Matching Tasks,yes,,no,OrientationCrossLanguages_2018PSA_SP_1.2.4 (2).osexp,M:\privat\Projects\PSA\PSA002\OpenSesame_Scripts,no,chinese-japanese-korean,no,18,no,#0000ff,no,Norwegian,yes,768,no,legacy,38,1,5,38,M:/privat/Projects/PSA/PSA002/raw_data/NOR_003_SP_48.csv,legacy,yes,Kafkaesque Koffka,3.2.8,no,Det fargerike puslespillet var mye vanskeligere enn den lille gutten hadde forventet.,0,0,j,NA,NA,NA,space,NA,NA,NA,NA,space,space,f,NA,NA,NA,space,NA,NA,NA,NA,j,f,space,NA,NA,NA,NA,NA,NA,NA,space,NA,430,NA,NA,NA,28142,NA,NA,NA,NA,3963,3743,2426,NA,NA,NA,12697,NA,NA,NA,NA,430,648,6293,NA,NA,NA,NA,NA,NA,NA,290705,NA,2,legacy,no,1024,2,48000,-16,EXP,48,even,No,no,no,NA,8533,3808,679838,376201,NA,NA,NA,299242,NA,NA,NA,NA,3809,7516,NA,NA,NA,8519,NA,NA,NA,NA,8519,655599,655668,327398,382822,327414,376199,327414,327414,327398,680841,680841,377205,377205,655668,680841,655670,611962,655670,658098,NA,684586,381170,NA,NA,NA,382871,NA,NA,NA,NA,685090,381672,685090,381672,685522,382322,443322,NA,NA,NA,686022,578091,NA,395580,327398,382868,679836,8533,395580,NA,NA,NA,NA,NA,NA,8535,NA,395580,Orientation_PSA2018,16,65575,33,yes,1024
6835,NOR_LIST01.csv,Y,V,NOR_Prac2.csv,Frank puttet strykejernet på hyllen mens han håpet at han ikke ville bli for sen,ironV.jpg,M,47.0588235294,47.0588235294,"[6, 10, 15, 17, 21, 27, 30, 33, 38, 43, 47]",2023.32352941,2023.32352941,#ffffff,yes,legacy,legacy,legacy,0,uniform,0,undefined,0,0,0,undefined,1,1,undefined,6,f,0,0,0,38,5,0,0,0,0,0,0,0,0,0,0,0,0,0,0,0,0,0,0,0,38,8,0,5,0,5,0,0,0,38,38,5,5,8,38,8,8,8,8,0,38,5,0,0,0,0,0,0,0,0,38,5,38,5,38,5,38,5,38,5,47,0,38,0,0,0,38,0,0,0,0,0,0,0,0,0,0,0,02/12/20 13:10:20,no,Matching Tasks,yes,,no,OrientationCrossLanguages_2018PSA_SP_1.2.4 (2).osexp,M:\privat\Projects\PSA\PSA002\OpenSesame_Scripts,no,chinese-japanese-korean,no,18,no,#0000ff,no,Norwegian,yes,768,no,legacy,0,1,5,38,M:/privat/Projects/PSA/PSA002/raw_data/NOR_003_SP_48.csv,legacy,yes,Kafkaesque Koffka,3.2.8,no,Racerbilsjåføren festet brannslukkeren under sitt sete.,0,0,j,NA,NA,NA,space,NA,NA,NA,NA,space,space,j,NA,NA,NA,space,NA,NA,NA,NA,j,f,space,NA,NA,NA,NA,NA,NA,NA,space,NA,3218,NA,NA,NA,28142,NA,NA,NA,NA,3963,3743,3218,NA,NA,NA,12697,NA,NA,NA,NA,430,648,6293,NA,NA,NA,NA,NA,NA,NA,290705,NA,2,legacy,no,1024,2,48000,-16,EXP,48,even,No,no,no,NA,8533,3808,679838,376201,NA,NA,NA,299242,NA,NA,NA,NA,3809,7516,NA,NA,NA,8519,NA,NA,NA,NA,8519,686036,686108,327398,382822,327414,376199,327414,327414,327398,680841,680841,377205,377205,686108,680841,686110,611962,686110,689330,NA,684586,381170,NA,NA,NA,382871,NA,NA,NA,NA,685090,381672,685090,381672,685522,382322,443322,NA,NA,NA,690831,578091,NA,395580,327398,382868,679836,8533,395580,NA,NA,NA,NA,NA,NA,8535,NA,395580,Orientation_PSA2018,16,68793,34,yes,1024
6835,NOR_LIST01.csv,F,F,NOR_Prac2.csv,Fordi den nyfødte ungen ble vist frem var dyrehagen mer folksom enn vanlig.,skirt.jpg,V,47.2222222222,47.2222222222,"[6, 10, 15, 17, 21, 27, 30, 33, 38, 43, 47]",2073.22222222,2073.22222222,#ffffff,yes,legacy,legacy,legacy,0,uniform,1,undefined,0,0,0,undefined,1,1,undefined,6,f,0,0,0,39,5,0,0,0,0,0,0,0,0,0,0,0,0,0,0,0,0,0,0,0,39,8,0,5,0,5,0,0,0,39,39,5,5,8,39,8,8,8,8,0,39,5,0,0,0,0,0,0,0,0,39,5,39,5,39,5,39,5,39,5,48,0,39,0,0,0,39,0,0,0,0,0,0,0,0,0,0,0,02/12/20 13:10:20,no,Matching Tasks,yes,,no,OrientationCrossLanguages_2018PSA_SP_1.2.4 (2).osexp,M:\privat\Projects\PSA\PSA002\OpenSesame_Scripts,no,chinese-japanese-korean,no,18,no,#0000ff,no,Norwegian,yes,768,no,legacy,39,1,5,39,M:/privat/Projects/PSA/PSA002/raw_data/NOR_003_SP_48.csv,legacy,yes,Kafkaesque Koffka,3.2.8,no,Racerbilsjåføren festet brannslukkeren under sitt sete.,0,0,f,NA,NA,NA,space,NA,NA,NA,NA,space,space,j,NA,NA,NA,space,NA,NA,NA,NA,f,f,space,NA,NA,NA,NA,NA,NA,NA,space,NA,608,NA,NA,NA,28142,NA,NA,NA,NA,3963,5235,3218,NA,NA,NA,12697,NA,NA,NA,NA,608,648,6293,NA,NA,NA,NA,NA,NA,NA,290705,NA,2,legacy,no,1024,2,48000,-16,EXP,48,even,No,no,no,NA,8533,3808,690986,376201,NA,NA,NA,299242,NA,NA,NA,NA,3809,7516,NA,NA,NA,8519,NA,NA,NA,NA,8519,686036,686108,327398,382822,327414,376199,327414,327414,327398,691989,691989,377205,377205,686108,691989,686110,611962,686110,689330,NA,697226,381170,NA,NA,NA,382871,NA,NA,NA,NA,697728,381672,697728,381672,698338,382322,443322,NA,NA,NA,698838,578091,NA,395580,327398,382868,690985,8533,395580,NA,NA,NA,NA,NA,NA,8535,NA,395580,Orientation_PSA2018,17,74636,36,yes,1024
6835,NOR_LIST01.csv,F,F,NOR_Prac2.csv,Etter en uke kom maleriet med posten.,ftball.jpg,V,47.3684210526,47.3684210526,"[6, 10, 15, 17, 21, 27, 30, 33, 38, 43, 47]",2063.63157895,2063.63157895,#ffffff,yes,legacy,legacy,legacy,0,uniform,1,undefined,0,0,0,undefined,1,1,undefined,6,f,0,0,0,40,5,0,0,0,0,0,0,0,0,0,0,0,0,0,0,0,0,0,0,0,40,8,0,5,0,5,0,0,0,40,40,5,5,8,40,8,8,8,8,0,40,5,0,0,0,0,0,0,0,0,40,5,40,5,40,5,40,5,40,5,49,0,40,0,0,0,40,0,0,0,0,0,0,0,0,0,0,0,02/12/20 13:10:20,no,Matching Tasks,yes,,no,OrientationCrossLanguages_2018PSA_SP_1.2.4 (2).osexp,M:\privat\Projects\PSA\PSA002\OpenSesame_Scripts,no,chinese-japanese-korean,no,18,no,#0000ff,no,Norwegian,yes,768,no,legacy,40,1,5,40,M:/privat/Projects/PSA/PSA002/raw_data/NOR_003_SP_48.csv,legacy,yes,Kafkaesque Koffka,3.2.8,no,Racerbilsjåføren festet brannslukkeren under sitt sete.,0,0,f,NA,NA,NA,space,NA,NA,NA,NA,space,space,j,NA,NA,NA,space,NA,NA,NA,NA,f,f,space,NA,NA,NA,NA,NA,NA,NA,space,NA,535,NA,NA,NA,28142,NA,NA,NA,NA,3963,3247,3218,NA,NA,NA,12697,NA,NA,NA,NA,535,648,6293,NA,NA,NA,NA,NA,NA,NA,290705,NA,2,legacy,no,1024,2,48000,-16,EXP,48,even,No,no,no,NA,8533,3808,698968,376201,NA,NA,NA,299242,NA,NA,NA,NA,3809,7516,NA,NA,NA,8519,NA,NA,NA,NA,8519,686036,686108,327398,382822,327414,376199,327414,327414,327398,699969,699969,377205,377205,686108,699969,686110,611962,686110,689330,NA,703218,381170,NA,NA,NA,382871,NA,NA,NA,NA,703720,381672,703721,381672,704259,382322,443322,NA,NA,NA,704759,578091,NA,395580,327398,382868,698966,8533,395580,NA,NA,NA,NA,NA,NA,8535,NA,395580,Orientation_PSA2018,18,78418,38,yes,1024
6835,NOR_LIST01.csv,N,V,NOR_Prac2.csv,Jim forberedte seg til å skru skruen inn i toppen av skapet.,screwH.jpg,V,47.5,47.5,"[6, 10, 15, 17, 21, 27, 30, 33, 38, 43, 47]",2086.05,2086.05,#ffffff,yes,legacy,legacy,legacy,0,uniform,1,undefined,0,0,0,undefined,1,1,undefined,6,j,0,0,0,41,5,0,0,0,0,0,0,0,0,0,0,0,0,0,0,0,0,0,0,0,41,8,0,5,0,5,0,0,0,41,41,5,5,8,41,8,8,8,8,0,41,5,0,0,0,0,0,0,0,0,41,5,41,5,41,5,41,5,41,5,50,0,41,0,0,0,41,0,0,0,0,0,0,0,0,0,0,0,02/12/20 13:10:20,no,Matching Tasks,yes,,no,OrientationCrossLanguages_2018PSA_SP_1.2.4 (2).osexp,M:\privat\Projects\PSA\PSA002\OpenSesame_Scripts,no,chinese-japanese-korean,no,18,no,#0000ff,no,Norwegian,yes,768,no,legacy,41,1,5,41,M:/privat/Projects/PSA/PSA002/raw_data/NOR_003_SP_48.csv,legacy,yes,Kafkaesque Koffka,3.2.8,no,Racerbilsjåføren festet brannslukkeren under sitt sete.,0,0,j,NA,NA,NA,space,NA,NA,NA,NA,space,space,j,NA,NA,NA,space,NA,NA,NA,NA,j,f,space,NA,NA,NA,NA,NA,NA,NA,space,NA,430,NA,NA,NA,28142,NA,NA,NA,NA,3963,4594,3218,NA,NA,NA,12697,NA,NA,NA,NA,430,648,6293,NA,NA,NA,NA,NA,NA,NA,290705,NA,2,legacy,no,1024,2,48000,-16,EXP,48,even,No,no,no,NA,8533,3808,704924,376201,NA,NA,NA,299242,NA,NA,NA,NA,3809,7516,NA,NA,NA,8519,NA,NA,NA,NA,8519,686036,686108,327398,382822,327414,376199,327414,327414,327398,705926,705926,377205,377205,686108,705926,686110,611962,686110,689330,NA,710522,381170,NA,NA,NA,382871,NA,NA,NA,NA,711026,381672,711026,381672,711459,382322,443322,NA,NA,NA,711959,578091,NA,395580,327398,382868,704922,8533,395580,NA,NA,NA,NA,NA,NA,8535,NA,395580,Orientation_PSA2018,19,83442,40,yes,1024
6835,NOR_LIST01.csv,Y,V,NOR_Prac2.csv,Labassistenten hang nøkkelen til apeburet på kroken.,keyV.jpg,V,47.619047619,47.619047619,"[6, 10, 15, 17, 21, 27, 30, 33, 38, 43, 47]",2072.54761905,2072.54761905,#ffffff,yes,legacy,legacy,legacy,0,uniform,1,undefined,0,0,0,undefined,1,1,undefined,6,j,0,0,0,42,5,0,0,0,0,0,0,0,0,0,0,0,0,0,0,0,0,0,0,0,42,8,0,5,0,5,0,0,0,42,42,5,5,8,42,8,8,8,8,0,42,5,0,0,0,0,0,0,0,0,42,5,42,5,42,5,42,5,42,5,51,0,42,0,0,0,42,0,0,0,0,0,0,0,0,0,0,0,02/12/20 13:10:20,no,Matching Tasks,yes,,no,OrientationCrossLanguages_2018PSA_SP_1.2.4 (2).osexp,M:\privat\Projects\PSA\PSA002\OpenSesame_Scripts,no,chinese-japanese-korean,no,18,no,#0000ff,no,Norwegian,yes,768,no,legacy,42,1,5,42,M:/privat/Projects/PSA/PSA002/raw_data/NOR_003_SP_48.csv,legacy,yes,Kafkaesque Koffka,3.2.8,no,Racerbilsjåføren festet brannslukkeren under sitt sete.,0,0,j,NA,NA,NA,space,NA,NA,NA,NA,space,space,j,NA,NA,NA,space,NA,NA,NA,NA,j,f,space,NA,NA,NA,NA,NA,NA,NA,space,NA,736,NA,NA,NA,28142,NA,NA,NA,NA,3963,2869,3218,NA,NA,NA,12697,NA,NA,NA,NA,736,648,6293,NA,NA,NA,NA,NA,NA,NA,290705,NA,2,legacy,no,1024,2,48000,-16,EXP,48,even,No,no,no,NA,8533,3808,712087,376201,NA,NA,NA,299242,NA,NA,NA,NA,3809,7516,NA,NA,NA,8519,NA,NA,NA,NA,8519,686036,686108,327398,382822,327414,376199,327414,327414,327398,713091,713091,377205,377205,686108,713091,686110,611962,686110,689330,NA,715962,381170,NA,NA,NA,382871,NA,NA,NA,NA,716464,381672,716464,381672,717202,382322,443322,NA,NA,NA,717702,578091,NA,395580,327398,382868,712086,8533,395580,NA,NA,NA,NA,NA,NA,8535,NA,395580,Orientation_PSA2018,20,87047,42,yes,1024
6835,NOR_LIST01.csv,F,F,NOR_Prac2.csv,Den desperate sjakkspilleren ofret en bonde for en sterkere posisjon.,tlphon.jpg,V,47.7272727273,47.7272727273,"[6, 10, 15, 17, 21, 27, 30, 33, 38, 43, 47]",2090.70454545,2090.70454545,#ffffff,yes,legacy,legacy,legacy,0,uniform,1,undefined,0,0,0,undefined,1,1,undefined,6,f,0,0,0,43,5,0,0,0,0,0,0,0,0,0,0,0,0,0,0,0,0,0,0,0,43,8,0,5,0,5,0,0,0,43,43,5,5,8,43,8,8,8,8,0,43,5,0,0,0,0,0,0,0,0,43,5,43,5,43,5,43,5,43,5,52,0,43,0,0,0,43,0,0,0,0,0,0,0,0,0,0,0,02/12/20 13:10:20,no,Matching Tasks,yes,,no,OrientationCrossLanguages_2018PSA_SP_1.2.4 (2).osexp,M:\privat\Projects\PSA\PSA002\OpenSesame_Scripts,no,chinese-japanese-korean,no,18,no,#0000ff,no,Norwegian,yes,768,no,legacy,43,1,5,43,M:/privat/Projects/PSA/PSA002/raw_data/NOR_003_SP_48.csv,legacy,yes,Kafkaesque Koffka,3.2.8,no,Racerbilsjåføren festet brannslukkeren under sitt sete.,0,0,f,NA,NA,NA,space,NA,NA,NA,NA,space,space,j,NA,NA,NA,space,NA,NA,NA,NA,f,f,space,NA,NA,NA,NA,NA,NA,NA,space,NA,798,NA,NA,NA,28142,NA,NA,NA,NA,3963,4146,3218,NA,NA,NA,12697,NA,NA,NA,NA,798,648,6293,NA,NA,NA,NA,NA,NA,NA,290705,NA,2,legacy,no,1024,2,48000,-16,EXP,48,even,No,no,no,NA,8533,3808,717844,376201,NA,NA,NA,299242,NA,NA,NA,NA,3809,7516,NA,NA,NA,8519,NA,NA,NA,NA,8519,686036,686108,327398,382822,327414,376199,327414,327414,327398,718846,718846,377205,377205,686108,718846,686110,611962,686110,689330,NA,722994,381170,NA,NA,NA,382871,NA,NA,NA,NA,723497,381672,723498,381672,724298,382322,443322,NA,NA,NA,724798,578091,NA,395580,327398,382868,717842,8533,395580,NA,NA,NA,NA,NA,NA,8535,NA,395580,Orientation_PSA2018,21,91991,44,yes,1024
6835,NOR_LIST01.csv,F,F,NOR_Prac2.csv,Den desperate sjakkspilleren ofret en bonde for en sterkere posisjon.,tlphon.jpg,M,48.8888888889,48.8888888889,"[6, 10, 15, 17, 21, 27, 30, 33, 38, 43, 47]",2090.37777778,2090.37777778,#ffffff,yes,legacy,legacy,legacy,0,uniform,1,undefined,0,0,1,undefined,1,1,undefined,6,f,0,0,0,43,5,0,0,0,0,0,0,0,0,0,0,0,0,0,0,0,0,0,0,0,43,9,0,5,0,5,0,0,0,43,43,5,5,9,43,9,9,9,9,0,43,5,0,0,0,0,0,0,0,0,43,5,43,5,43,5,43,5,43,5,53,0,43,0,0,0,43,0,0,0,0,0,0,0,0,0,0,0,02/12/20 13:10:20,no,Matching Tasks,yes,,no,OrientationCrossLanguages_2018PSA_SP_1.2.4 (2).osexp,M:\privat\Projects\PSA\PSA002\OpenSesame_Scripts,no,chinese-japanese-korean,no,18,no,#0000ff,no,Norwegian,yes,768,no,legacy,0,1,5,43,M:/privat/Projects/PSA/PSA002/raw_data/NOR_003_SP_48.csv,legacy,yes,Kafkaesque Koffka,3.2.8,no,Etter en uke kom maleriet med posten.,0,0,f,NA,NA,NA,space,NA,NA,NA,NA,space,space,f,NA,NA,NA,space,NA,NA,NA,NA,f,f,space,NA,NA,NA,NA,NA,NA,NA,space,NA,2076,NA,NA,NA,28142,NA,NA,NA,NA,3963,4146,2076,NA,NA,NA,12697,NA,NA,NA,NA,798,648,6293,NA,NA,NA,NA,NA,NA,NA,290705,NA,2,legacy,no,1024,2,48000,-16,EXP,48,even,No,no,no,NA,8533,3808,717844,376201,NA,NA,NA,299242,NA,NA,NA,NA,3809,7516,NA,NA,NA,8519,NA,NA,NA,NA,8519,724803,724866,327398,382822,327414,376199,327414,327414,327398,718846,718846,377205,377205,724866,718846,724868,726947,724868,689330,NA,722994,381170,NA,NA,NA,382871,NA,NA,NA,NA,723497,381672,723498,381672,724298,382322,443322,NA,NA,NA,727447,578091,NA,395580,327398,382868,717842,8533,395580,NA,NA,NA,NA,NA,NA,8535,NA,395580,Orientation_PSA2018,22,94067,45,yes,1024
6835,NOR_LIST01.csv,N,V,NOR_Prac2.csv,Becca brukte saksene til å ripe hennes initialer inn i den våte sementen.,scssorH.jpg,V,48.9361702128,48.9361702128,"[6, 10, 15, 17, 21, 27, 30, 33, 38, 43, 47]",2113.46808511,2113.46808511,#ffffff,yes,legacy,legacy,legacy,0,uniform,1,undefined,0,0,1,undefined,1,1,undefined,6,j,0,0,0,44,5,0,0,0,0,0,0,0,0,0,0,0,0,0,0,0,0,0,0,0,44,9,0,5,0,5,0,0,0,44,44,5,5,9,44,9,9,9,9,0,44,5,0,0,0,0,0,0,0,0,44,5,44,5,44,5,44,5,44,5,54,0,44,0,0,0,44,0,0,0,0,0,0,0,0,0,0,0,02/12/20 13:10:20,no,Matching Tasks,yes,,no,OrientationCrossLanguages_2018PSA_SP_1.2.4 (2).osexp,M:\privat\Projects\PSA\PSA002\OpenSesame_Scripts,no,chinese-japanese-korean,no,18,no,#0000ff,no,Norwegian,yes,768,no,legacy,44,1,5,44,M:/privat/Projects/PSA/PSA002/raw_data/NOR_003_SP_48.csv,legacy,yes,Kafkaesque Koffka,3.2.8,no,Etter en uke kom maleriet med posten.,0,0,j,NA,NA,NA,space,NA,NA,NA,NA,space,space,f,NA,NA,NA,space,NA,NA,NA,NA,j,f,space,NA,NA,NA,NA,NA,NA,NA,space,NA,383,NA,NA,NA,28142,NA,NA,NA,NA,3963,4883,2076,NA,NA,NA,12697,NA,NA,NA,NA,383,648,6293,NA,NA,NA,NA,NA,NA,NA,290705,NA,2,legacy,no,1024,2,48000,-16,EXP,48,even,No,no,no,NA,8533,3808,727611,376201,NA,NA,NA,299242,NA,NA,NA,NA,3809,7516,NA,NA,NA,8519,NA,NA,NA,NA,8519,724803,724866,327398,382822,327414,376199,327414,327414,327398,728612,728612,377205,377205,724866,728613,724868,726947,724868,689330,NA,733499,381170,NA,NA,NA,382871,NA,NA,NA,NA,734000,381672,734001,381672,734387,382322,443322,NA,NA,NA,734887,578091,NA,395580,327398,382868,727609,8533,395580,NA,NA,NA,NA,NA,NA,8535,NA,395580,Orientation_PSA2018,23,99333,47,yes,1024
6835,NOR_LIST01.csv,F,F,NOR_Prac2.csv,Bert kjørte lastebilen sin fra havnen til sentrum.,piano.jpg,V,48.9795918367,48.9795918367,"[6, 10, 15, 17, 21, 27, 30, 33, 38, 43, 47]",2103.51020408,2103.51020408,#ffffff,yes,legacy,legacy,legacy,0,uniform,1,undefined,0,0,1,undefined,1,1,undefined,6,f,0,0,0,45,5,0,0,0,0,0,0,0,0,0,0,0,0,0,0,0,0,0,0,0,45,9,0,5,0,5,0,0,0,45,45,5,5,9,45,9,9,9,9,0,45,5,0,0,0,0,0,0,0,0,45,5,45,5,45,5,45,5,45,5,55,0,45,0,0,0,45,0,0,0,0,0,0,0,0,0,0,0,02/12/20 13:10:20,no,Matching Tasks,yes,,no,OrientationCrossLanguages_2018PSA_SP_1.2.4 (2).osexp,M:\privat\Projects\PSA\PSA002\OpenSesame_Scripts,no,chinese-japanese-korean,no,18,no,#0000ff,no,Norwegian,yes,768,no,legacy,45,1,5,45,M:/privat/Projects/PSA/PSA002/raw_data/NOR_003_SP_48.csv,legacy,yes,Kafkaesque Koffka,3.2.8,no,Etter en uke kom maleriet med posten.,0,0,f,NA,NA,NA,space,NA,NA,NA,NA,space,space,f,NA,NA,NA,space,NA,NA,NA,NA,f,f,space,NA,NA,NA,NA,NA,NA,NA,space,NA,535,NA,NA,NA,28142,NA,NA,NA,NA,3963,3204,2076,NA,NA,NA,12697,NA,NA,NA,NA,535,648,6293,NA,NA,NA,NA,NA,NA,NA,290705,NA,2,legacy,no,1024,2,48000,-16,EXP,48,even,No,no,no,NA,8533,3808,735018,376201,NA,NA,NA,299242,NA,NA,NA,NA,3809,7516,NA,NA,NA,8519,NA,NA,NA,NA,8519,724803,724866,327398,382822,327414,376199,327414,327414,327398,736020,736020,377205,377205,724866,736020,724868,726947,724868,689330,NA,739227,381170,NA,NA,NA,382871,NA,NA,NA,NA,739729,381672,739729,381672,740266,382322,443322,NA,NA,NA,740766,578091,NA,395580,327398,382868,735017,8533,395580,NA,NA,NA,NA,NA,NA,8535,NA,395580,Orientation_PSA2018,24,103072,49,yes,1024
6835,NOR_LIST01.csv,N,V,NOR_Prac2.csv,Sara plasserte den dyre tallerken på sin holder på hyllen.,plateH.jpg,V,49.0196078431,49.0196078431,"[6, 10, 15, 17, 21, 27, 30, 33, 38, 43, 47]",2109.50980392,2109.50980392,#ffffff,yes,legacy,legacy,legacy,0,uniform,1,undefined,0,0,1,undefined,1,1,undefined,6,j,0,0,0,46,5,0,0,0,0,0,0,0,0,0,0,0,0,0,0,0,0,0,0,0,46,9,0,5,0,5,0,0,0,46,46,5,5,9,46,9,9,9,9,0,46,5,0,0,0,0,0,0,0,0,46,5,46,5,46,5,46,5,46,5,56,0,46,0,0,0,46,0,0,0,0,0,0,0,0,0,0,0,02/12/20 13:10:20,no,Matching Tasks,yes,,no,OrientationCrossLanguages_2018PSA_SP_1.2.4 (2).osexp,M:\privat\Projects\PSA\PSA002\OpenSesame_Scripts,no,chinese-japanese-korean,no,18,no,#0000ff,no,Norwegian,yes,768,no,legacy,46,1,5,46,M:/privat/Projects/PSA/PSA002/raw_data/NOR_003_SP_48.csv,legacy,yes,Kafkaesque Koffka,3.2.8,no,Etter en uke kom maleriet med posten.,0,0,j,NA,NA,NA,space,NA,NA,NA,NA,space,space,f,NA,NA,NA,space,NA,NA,NA,NA,j,f,space,NA,NA,NA,NA,NA,NA,NA,space,NA,677,NA,NA,NA,28142,NA,NA,NA,NA,3963,3836,2076,NA,NA,NA,12697,NA,NA,NA,NA,677,648,6293,NA,NA,NA,NA,NA,NA,NA,290705,NA,2,legacy,no,1024,2,48000,-16,EXP,48,even,No,no,no,NA,8533,3808,740913,376201,NA,NA,NA,299242,NA,NA,NA,NA,3809,7516,NA,NA,NA,8519,NA,NA,NA,NA,8519,724803,724866,327398,382822,327414,376199,327414,327414,327398,741916,741916,377205,377205,724866,741916,724868,726947,724868,689330,NA,745755,381170,NA,NA,NA,382871,NA,NA,NA,NA,746258,381672,746259,381672,746938,382322,443322,NA,NA,NA,747438,578091,NA,395580,327398,382868,740911,8533,395580,NA,NA,NA,NA,NA,NA,8535,NA,395580,Orientation_PSA2018,25,107585,51,yes,1024
6835,NOR_LIST01.csv,N,V,NOR_Prac2.csv,Regnskapsføreren puttet pennen inn i lommebeskyttelsen sin.,penH.jpg,V,49.0566037736,49.0566037736,"[6, 10, 15, 17, 21, 27, 30, 33, 38, 43, 47]",2128.20754717,2128.20754717,#ffffff,yes,legacy,legacy,legacy,0,uniform,1,undefined,0,0,1,undefined,1,1,undefined,6,j,0,0,0,47,5,0,0,0,0,0,0,0,0,0,0,0,0,0,0,0,0,0,0,0,47,9,0,5,0,5,0,0,0,47,47,5,5,9,47,9,9,9,9,0,47,5,0,0,0,0,0,0,0,0,47,5,47,5,47,5,47,5,47,5,57,0,47,0,0,0,47,0,0,0,0,0,0,0,0,0,0,0,02/12/20 13:10:20,no,Matching Tasks,yes,,no,OrientationCrossLanguages_2018PSA_SP_1.2.4 (2).osexp,M:\privat\Projects\PSA\PSA002\OpenSesame_Scripts,no,chinese-japanese-korean,no,18,no,#0000ff,no,Norwegian,yes,768,no,legacy,47,1,5,47,M:/privat/Projects/PSA/PSA002/raw_data/NOR_003_SP_48.csv,legacy,yes,Kafkaesque Koffka,3.2.8,no,Etter en uke kom maleriet med posten.,0,0,j,NA,NA,NA,space,NA,NA,NA,NA,space,space,f,NA,NA,NA,space,NA,NA,NA,NA,j,f,space,NA,NA,NA,NA,NA,NA,NA,space,NA,485,NA,NA,NA,28142,NA,NA,NA,NA,3963,4725,2076,NA,NA,NA,12697,NA,NA,NA,NA,485,648,6293,NA,NA,NA,NA,NA,NA,NA,290705,NA,2,legacy,no,1024,2,48000,-16,EXP,48,even,No,no,no,NA,8533,3808,747568,376201,NA,NA,NA,299242,NA,NA,NA,NA,3809,7516,NA,NA,NA,8519,NA,NA,NA,NA,8519,724803,724866,327398,382822,327414,376199,327414,327414,327398,748571,748571,377205,377205,724866,748571,724868,726947,724868,689330,NA,753298,381170,NA,NA,NA,382871,NA,NA,NA,NA,753803,381672,753803,381672,754290,382322,443322,NA,NA,NA,754790,578091,NA,395580,327398,382868,747567,8533,395580,NA,NA,NA,NA,NA,NA,8535,NA,395580,Orientation_PSA2018,26,112795,53,yes,1024
6835,NOR_LIST01.csv,N,V,NOR_Prac2.csv,Regnskapsføreren puttet pennen inn i lommebeskyttelsen sin.,penH.jpg,M,50,50,"[6, 10, 15, 17, 21, 27, 30, 33, 38, 43, 47]",2123.09259259,2123.09259259,#ffffff,yes,legacy,legacy,legacy,0,uniform,1,undefined,0,0,1,undefined,1,1,undefined,6,f,0,0,0,47,5,0,0,0,0,0,0,0,0,0,0,0,0,0,0,0,0,0,0,0,47,10,0,5,0,5,0,0,0,47,47,5,5,10,47,10,10,10,10,0,47,5,0,0,0,0,0,0,0,0,47,5,47,5,47,5,47,5,47,5,58,0,47,0,0,0,47,0,0,0,0,0,0,0,0,0,0,0,02/12/20 13:10:20,no,Matching Tasks,yes,,no,OrientationCrossLanguages_2018PSA_SP_1.2.4 (2).osexp,M:\privat\Projects\PSA\PSA002\OpenSesame_Scripts,no,chinese-japanese-korean,no,18,no,#0000ff,no,Norwegian,yes,768,no,legacy,0,1,5,47,M:/privat/Projects/PSA/PSA002/raw_data/NOR_003_SP_48.csv,legacy,yes,Kafkaesque Koffka,3.2.8,no,Labassistenten hang nøkkelen til apeburet på kroken.,0,0,f,NA,NA,NA,space,NA,NA,NA,NA,space,space,f,NA,NA,NA,space,NA,NA,NA,NA,j,f,space,NA,NA,NA,NA,NA,NA,NA,space,NA,1852,NA,NA,NA,28142,NA,NA,NA,NA,3963,4725,1852,NA,NA,NA,12697,NA,NA,NA,NA,485,648,6293,NA,NA,NA,NA,NA,NA,NA,290705,NA,2,legacy,no,1024,2,48000,-16,EXP,48,even,No,no,no,NA,8533,3808,747568,376201,NA,NA,NA,299242,NA,NA,NA,NA,3809,7516,NA,NA,NA,8519,NA,NA,NA,NA,8519,754799,754858,327398,382822,327414,376199,327414,327414,327398,748571,748571,377205,377205,754858,748571,754860,756714,754860,689330,NA,753298,381170,NA,NA,NA,382871,NA,NA,NA,NA,753803,381672,753803,381672,754290,382322,443322,NA,NA,NA,757215,578091,NA,395580,327398,382868,747567,8533,395580,NA,NA,NA,NA,NA,NA,8535,NA,395580,Orientation_PSA2018,27,114647,54,yes,1024
