LAB_SEED,List,Match,Orientation,PList,Probe,Target,Task,acc,accuracy,alt_task,average_response_time,avg_rt,background,bidi,canvas_backend,clock_backend,color_backend,compensation,coordinates,correct,correct_Instruction_SC,correct_Probe_Prac_response,correct_Probe_response,correct_Probe_sti_response,correct_Start_SC,correct_Target_response,correct_Target_response_Prac,correct_Welcom_SC,correct_count,correct_response,count_Check_This,count_Disable_Mouse,count_EN_selection,count_EXP,count_First_Fixation,count_First_Fixation_Prac,count_Instruction_DE,count_Instruction_E,count_Instruction_HUN,count_Instruction_NOR,count_Instruction_PL,count_Instruction_SC,count_Instruction_TC,count_Instruction_THAI,count_Instruction_TUR,count_LAB_SEED,count_Language_Selection,count_List_Select_DE,count_List_Select_E,count_List_Select_HUN,count_List_Select_NOR,count_List_Select_PL,count_List_Select_SC,count_List_Select_TC,count_List_Select_THAI,count_List_Select_TUR,count_List_Selection,count_Memory_loop,count_Memory_sequence,count_Prac,count_Prac_Count,count_Prac_Reset,count_Prac_Trial,count_Prac_loop,count_Prac_seq,count_Prac_setup,count_Probe,count_Probe_Collect,count_Probe_Prac,count_Probe_Prac_response,count_Probe_import,count_Probe_response,count_Probe_sti,count_Probe_sti_correct,count_Probe_sti_response,count_Probe_sti_wrong,count_STUDY_order,count_Second_Fixation,count_Second_Fixation_Prac,count_Start_DE,count_Start_E,count_Start_HUN,count_Start_NOR,count_Start_PL,count_Start_SC,count_Start_TC,count_Start_THAI,count_Start_TUR,count_Target,count_Target_Prac,count_Target_response,count_Target_response_Prac,count_Target_response_correct,count_Target_response_correct_Prac,count_Target_response_noans,count_Target_response_noans_Prac,count_Target_response_wrong,count_Target_response_wrong_Prac,count_Trial_logger,count_Verification_Break,count_Verification_End,count_Verification_Exp,count_Verification_Prac,count_Verification_Start,count_Verification_Trial,count_Verification_Welcome,count_Verification_loop,count_Welcom_SC,count_Welcom_TC,count_Welcom_THAI,count_Welcom_TUR,count_Welcome_DE,count_Welcome_E,count_Welcome_HUN,count_Welcome_NOR,count_Welcome_PL,count_presetup,datetime,de,description,disable_garbage_collection,empty_column,en,en1,en2,experiment_file,experiment_path,font_bold,font_family,font_italic,font_size,font_underline,foreground,form_clicks,form_response,fullscreen,height,hun,keyboard_backend,live_row,live_row_Prac,live_row_Prac_loop,live_row_Verification_loop,logfile,mouse_backend,nor,opensesame_codename,opensesame_version,pol,rectarget,repeat_cycle,reset_loop,response,response_Instruction_DE,response_Instruction_E,response_Instruction_HUN,response_Instruction_NOR,response_Instruction_PL,response_Instruction_SC,response_Instruction_TC,response_Instruction_THAI,response_Instruction_TUR,response_Probe_Prac_response,response_Probe_response,response_Probe_sti_response,response_Start_DE,response_Start_E,response_Start_HUN,response_Start_NOR,response_Start_PL,response_Start_SC,response_Start_TC,response_Start_THAI,response_Start_TUR,response_Target_response,response_Target_response_Prac,response_Verification_Break,response_Verification_End,response_Welcom_SC,response_Welcom_TC,response_Welcom_THAI,response_Welcom_TUR,response_Welcome_DE,response_Welcome_E,response_Welcome_HUN,response_Welcome_NOR,response_Welcome_PL,response_time,response_time_Instruction_DE,response_time_Instruction_E,response_time_Instruction_HUN,response_time_Instruction_NOR,response_time_Instruction_PL,response_time_Instruction_SC,response_time_Instruction_TC,response_time_Instruction_THAI,response_time_Instruction_TUR,response_time_Probe_Prac_response,response_time_Probe_response,response_time_Probe_sti_response,response_time_Start_DE,response_time_Start_E,response_time_Start_HUN,response_time_Start_NOR,response_time_Start_PL,response_time_Start_SC,response_time_Start_TC,response_time_Start_THAI,response_time_Start_TUR,response_time_Target_response,response_time_Target_response_Prac,response_time_Verification_Break,response_time_Verification_End,response_time_Welcom_SC,response_time_Welcom_TC,response_time_Welcom_THAI,response_time_Welcom_TUR,response_time_Welcome_DE,response_time_Welcome_E,response_time_Welcome_HUN,response_time_Welcome_NOR,response_time_Welcome_PL,round_decimals,sampler_backend,sc,sound_buf_size,sound_channels,sound_freq,sound_sample_size,start,subject_nr,subject_parity,task_order,tc,thai,time_Check_This,time_Disable_Mouse,time_EN_selection,time_EXP,time_First_Fixation,time_First_Fixation_Prac,time_Instruction_DE,time_Instruction_E,time_Instruction_HUN,time_Instruction_NOR,time_Instruction_PL,time_Instruction_SC,time_Instruction_TC,time_Instruction_THAI,time_Instruction_TUR,time_LAB_SEED,time_Language_Selection,time_List_Select_DE,time_List_Select_E,time_List_Select_HUN,time_List_Select_NOR,time_List_Select_PL,time_List_Select_SC,time_List_Select_TC,time_List_Select_THAI,time_List_Select_TUR,time_List_Selection,time_Memory_loop,time_Memory_sequence,time_Prac,time_Prac_Count,time_Prac_Reset,time_Prac_Trial,time_Prac_loop,time_Prac_seq,time_Prac_setup,time_Probe,time_Probe_Collect,time_Probe_Prac,time_Probe_Prac_response,time_Probe_import,time_Probe_response,time_Probe_sti,time_Probe_sti_correct,time_Probe_sti_response,time_Probe_sti_wrong,time_STUDY_order,time_Second_Fixation,time_Second_Fixation_Prac,time_Start_DE,time_Start_E,time_Start_HUN,time_Start_NOR,time_Start_PL,time_Start_SC,time_Start_TC,time_Start_THAI,time_Start_TUR,time_Target,time_Target_Prac,time_Target_response,time_Target_response_Prac,time_Target_response_correct,time_Target_response_correct_Prac,time_Target_response_noans,time_Target_response_noans_Prac,time_Target_response_wrong,time_Target_response_wrong_Prac,time_Trial_logger,time_Verification_Break,time_Verification_End,time_Verification_Exp,time_Verification_Prac,time_Verification_Start,time_Verification_Trial,time_Verification_Welcome,time_Verification_loop,time_Welcom_SC,time_Welcom_TC,time_Welcom_THAI,time_Welcom_TUR,time_Welcome_DE,time_Welcome_E,time_Welcome_HUN,time_Welcome_NOR,time_Welcome_PL,time_presetup,title,total_correct,total_response_time,total_responses,tur,uniform_coordinates,width
5316,SC_List03.csv,N,H,SC_Prac1.csv,那位焦虑的小男孩把盐瓶撞倒在桌子上。,saltV.jpg,V,41.1764705882,41.1764705882,"[5, 11, 14, 18, 21, 25, 29, 34, 38, 42, 46]",1377,1377,#ffffff,yes,legacy,legacy,legacy,0,uniform,1,undefined,0,0,NA,undefined,1,1,undefined,6,j,0,0,0,0,0,15,0,0,0,0,0,0,0,0,0,0,0,0,0,0,0,0,0,0,0,0,0,0,NA,0,15,3,15,3,3,0,0,0,15,15,NA,0,NA,NA,NA,NA,0,0,15,0,0,0,0,0,0,0,0,0,0,15,0,15,0,15,0,15,0,15,0,NA,0,0,0,0,0,0,0,0,0,0,0,0,0,0,0,0,0,12/18/19 19:10:43,no,Matching Tasks,yes,,no,no,no,OrientationCrossLanguages_2018PSA_SP_1.2.4.osexp,C:\Users\lenovo\Desktop\ACE project2019\Experiment\scripts,no,chinese-japanese-korean,no,18,no,#0000ff,no,简体中文,yes,768,no,legacy,0,4,5,0,C:/Users/lenovo/Desktop/ACE project2019/Experiment/scripts/subject-45.csv,legacy,no,Kafkaesque Koffka,3.2.8,no,NA,0,0,j,NA,NA,NA,NA,NA,space,NA,NA,NA,space,space,NA,NA,NA,NA,NA,NA,space,NA,NA,NA,j,f,NA,NA,space,NA,NA,NA,NA,NA,NA,NA,NA,953,NA,NA,NA,NA,NA,22392,NA,NA,NA,1811,1294,NA,NA,NA,NA,NA,NA,8759,NA,NA,NA,953,810,NA,NA,1204,NA,NA,NA,NA,NA,NA,NA,NA,2,legacy,yes,1024,2,48000,-16,EXP,50,odd,Yes,no,no,NA,15651,NA,5501,128975,115304,NA,NA,NA,NA,NA,16864,NA,NA,NA,5509,14554,NA,NA,NA,NA,NA,15638,NA,NA,NA,15637,NA,NA,39270,119947,88249,115301,88249,88245,39270,129979,129980,116307,116307,NA,129988,NA,NA,NA,NA,NA,131284,118120,NA,NA,NA,NA,NA,120026,NA,NA,NA,131787,118624,131788,118634,132746,119447,NA,75313,NA,87657,133246,NA,NA,128799,39269,120024,128973,15651,128800,15655,NA,NA,NA,NA,NA,NA,NA,NA,128800,Orientation_PSA2018,14,46818,34,no,yes,1024
5316,SC_List03.csv,Y,H,SC_Prac1.csv,瑞克匆忙地把他的铅笔塞进桌子抽屉里。,pencilH.jpg,V,41.6666666667,41.6666666667,"[5, 11, 14, 18, 21, 25, 29, 34, 38, 42, 46]",1364.11111111,1364.11111111,#ffffff,yes,legacy,legacy,legacy,0,uniform,1,undefined,0,0,NA,undefined,1,1,undefined,6,j,0,0,0,0,1,15,0,0,0,0,0,0,0,0,0,0,0,0,0,0,0,0,0,0,0,0,0,1,NA,0,15,3,15,3,3,0,1,1,15,15,NA,1,NA,NA,NA,NA,0,1,15,0,0,0,0,0,0,0,0,0,1,15,1,15,1,15,1,15,1,15,1,NA,1,0,0,0,1,0,0,0,0,0,0,0,0,0,0,0,0,12/18/19 19:10:43,no,Matching Tasks,yes,,no,no,no,OrientationCrossLanguages_2018PSA_SP_1.2.4.osexp,C:\Users\lenovo\Desktop\ACE project2019\Experiment\scripts,no,chinese-japanese-korean,no,18,no,#0000ff,no,简体中文,yes,768,no,legacy,1,4,5,1,C:/Users/lenovo/Desktop/ACE project2019/Experiment/scripts/subject-45.csv,legacy,no,Kafkaesque Koffka,3.2.8,no,NA,0,0,j,NA,NA,NA,NA,NA,space,NA,NA,NA,space,space,NA,NA,NA,NA,NA,NA,space,NA,NA,NA,j,f,NA,NA,space,NA,NA,NA,NA,NA,NA,NA,NA,633,NA,NA,NA,NA,NA,22392,NA,NA,NA,1811,1657,NA,NA,NA,NA,NA,NA,8759,NA,NA,NA,633,810,NA,NA,1204,NA,NA,NA,NA,NA,NA,NA,NA,2,legacy,yes,1024,2,48000,-16,EXP,50,odd,Yes,no,no,NA,15651,NA,5501,133530,115304,NA,NA,NA,NA,NA,16864,NA,NA,NA,5509,14554,NA,NA,NA,NA,NA,15638,NA,NA,NA,15637,NA,NA,39270,119947,88249,115301,88249,88245,39270,134535,134535,116307,116307,NA,134536,NA,NA,NA,NA,NA,136195,118120,NA,NA,NA,NA,NA,120026,NA,NA,NA,136696,118624,136697,118634,137334,119447,NA,75313,NA,87657,137834,NA,NA,128799,39269,120024,133526,15651,128800,15655,NA,NA,NA,NA,NA,NA,NA,NA,128800,Orientation_PSA2018,15,49108,36,no,yes,1024
5316,SC_List03.csv,F,F,SC_Prac1.csv,克拉丽莎希望她生日那天能得到一辆红色自行车。,trmpet.jpg,V,42.1052631579,42.1052631579,"[5, 11, 14, 18, 21, 25, 29, 34, 38, 42, 46]",1346.42105263,1346.42105263,#ffffff,yes,legacy,legacy,legacy,0,uniform,1,undefined,0,0,NA,undefined,1,1,undefined,6,f,0,0,0,0,2,15,0,0,0,0,0,0,0,0,0,0,0,0,0,0,0,0,0,0,0,0,0,2,NA,0,15,3,15,3,3,0,2,2,15,15,NA,2,NA,NA,NA,NA,0,2,15,0,0,0,0,0,0,0,0,0,2,15,2,15,2,15,2,15,2,15,2,NA,2,0,0,0,2,0,0,0,0,0,0,0,0,0,0,0,0,12/18/19 19:10:43,no,Matching Tasks,yes,,no,no,no,OrientationCrossLanguages_2018PSA_SP_1.2.4.osexp,C:\Users\lenovo\Desktop\ACE project2019\Experiment\scripts,no,chinese-japanese-korean,no,18,no,#0000ff,no,简体中文,yes,768,no,legacy,2,4,5,2,C:/Users/lenovo/Desktop/ACE project2019/Experiment/scripts/subject-45.csv,legacy,no,Kafkaesque Koffka,3.2.8,no,NA,0,0,f,NA,NA,NA,NA,NA,space,NA,NA,NA,space,space,NA,NA,NA,NA,NA,NA,space,NA,NA,NA,f,f,NA,NA,space,NA,NA,NA,NA,NA,NA,NA,NA,513,NA,NA,NA,NA,NA,22392,NA,NA,NA,1811,1543,NA,NA,NA,NA,NA,NA,8759,NA,NA,NA,513,810,NA,NA,1204,NA,NA,NA,NA,NA,NA,NA,NA,2,legacy,yes,1024,2,48000,-16,EXP,50,odd,Yes,no,no,NA,15651,NA,5501,138093,115304,NA,NA,NA,NA,NA,16864,NA,NA,NA,5509,14554,NA,NA,NA,NA,NA,15638,NA,NA,NA,15637,NA,NA,39270,119947,88249,115301,88249,88245,39270,139096,139096,116307,116307,NA,139096,NA,NA,NA,NA,NA,140644,118120,NA,NA,NA,NA,NA,120026,NA,NA,NA,141151,118624,141160,118634,141679,119447,NA,75313,NA,87657,142179,NA,NA,128799,39269,120024,138091,15651,128800,15655,NA,NA,NA,NA,NA,NA,NA,NA,128800,Orientation_PSA2018,16,51164,38,no,yes,1024
5316,SC_List03.csv,F,F,SC_Prac1.csv,丹尼斯买了一张地铁票。,sutcse.jpg,V,42.5,42.5,"[5, 11, 14, 18, 21, 25, 29, 34, 38, 42, 46]",1318.575,1318.575,#ffffff,yes,legacy,legacy,legacy,0,uniform,1,undefined,0,0,NA,undefined,1,1,undefined,6,f,0,0,0,0,3,15,0,0,0,0,0,0,0,0,0,0,0,0,0,0,0,0,0,0,0,0,0,3,NA,0,15,3,15,3,3,0,3,3,15,15,NA,3,NA,NA,NA,NA,0,3,15,0,0,0,0,0,0,0,0,0,3,15,3,15,3,15,3,15,3,15,3,NA,3,0,0,0,3,0,0,0,0,0,0,0,0,0,0,0,0,12/18/19 19:10:43,no,Matching Tasks,yes,,no,no,no,OrientationCrossLanguages_2018PSA_SP_1.2.4.osexp,C:\Users\lenovo\Desktop\ACE project2019\Experiment\scripts,no,chinese-japanese-korean,no,18,no,#0000ff,no,简体中文,yes,768,no,legacy,3,4,5,3,C:/Users/lenovo/Desktop/ACE project2019/Experiment/scripts/subject-45.csv,legacy,no,Kafkaesque Koffka,3.2.8,no,NA,0,0,f,NA,NA,NA,NA,NA,space,NA,NA,NA,space,space,NA,NA,NA,NA,NA,NA,space,NA,NA,NA,f,f,NA,NA,space,NA,NA,NA,NA,NA,NA,NA,NA,739,NA,NA,NA,NA,NA,22392,NA,NA,NA,1811,840,NA,NA,NA,NA,NA,NA,8759,NA,NA,NA,739,810,NA,NA,1204,NA,NA,NA,NA,NA,NA,NA,NA,2,legacy,yes,1024,2,48000,-16,EXP,50,odd,Yes,no,no,NA,15651,NA,5501,142431,115304,NA,NA,NA,NA,NA,16864,NA,NA,NA,5509,14554,NA,NA,NA,NA,NA,15638,NA,NA,NA,15637,NA,NA,39270,119947,88249,115301,88249,88245,39270,143439,143439,116307,116307,NA,143442,NA,NA,NA,NA,NA,144287,118120,NA,NA,NA,NA,NA,120026,NA,NA,NA,144790,118624,144794,118634,145538,119447,NA,75313,NA,87657,146039,NA,NA,128799,39269,120024,142428,15651,128800,15655,NA,NA,NA,NA,NA,NA,NA,NA,128800,Orientation_PSA2018,17,52743,40,no,yes,1024
5316,SC_List03.csv,F,F,SC_Prac1.csv,乔治把手机放在风衣口袋里。,spider.jpg,V,42.8571428571,42.8571428571,"[5, 11, 14, 18, 21, 25, 29, 34, 38, 42, 46]",1290.14285714,1290.14285714,#ffffff,yes,legacy,legacy,legacy,0,uniform,1,undefined,0,0,NA,undefined,1,1,undefined,6,f,0,0,0,0,4,15,0,0,0,0,0,0,0,0,0,0,0,0,0,0,0,0,0,0,0,0,0,4,NA,0,15,3,15,3,3,0,4,4,15,15,NA,4,NA,NA,NA,NA,0,4,15,0,0,0,0,0,0,0,0,0,4,15,4,15,4,15,4,15,4,15,4,NA,4,0,0,0,4,0,0,0,0,0,0,0,0,0,0,0,0,12/18/19 19:10:43,no,Matching Tasks,yes,,no,no,no,OrientationCrossLanguages_2018PSA_SP_1.2.4.osexp,C:\Users\lenovo\Desktop\ACE project2019\Experiment\scripts,no,chinese-japanese-korean,no,18,no,#0000ff,no,简体中文,yes,768,no,legacy,4,4,5,4,C:/Users/lenovo/Desktop/ACE project2019/Experiment/scripts/subject-45.csv,legacy,no,Kafkaesque Koffka,3.2.8,no,NA,0,0,f,NA,NA,NA,NA,NA,space,NA,NA,NA,space,space,NA,NA,NA,NA,NA,NA,space,NA,NA,NA,f,f,NA,NA,space,NA,NA,NA,NA,NA,NA,NA,NA,754,NA,NA,NA,NA,NA,22392,NA,NA,NA,1811,689,NA,NA,NA,NA,NA,NA,8759,NA,NA,NA,754,810,NA,NA,1204,NA,NA,NA,NA,NA,NA,NA,NA,2,legacy,yes,1024,2,48000,-16,EXP,50,odd,Yes,no,no,NA,15651,NA,5501,146314,115304,NA,NA,NA,NA,NA,16864,NA,NA,NA,5509,14554,NA,NA,NA,NA,NA,15638,NA,NA,NA,15637,NA,NA,39270,119947,88249,115301,88249,88245,39270,147317,147319,116307,116307,NA,147319,NA,NA,NA,NA,NA,148011,118120,NA,NA,NA,NA,NA,120026,NA,NA,NA,148513,118624,148517,118634,149276,119447,NA,75313,NA,87657,149776,NA,NA,128799,39269,120024,146311,15651,128800,15655,NA,NA,NA,NA,NA,NA,NA,NA,128800,Orientation_PSA2018,18,54186,42,no,yes,1024
5316,SC_List03.csv,Y,V,SC_Prac1.csv,詹妮假装自己是灰姑娘，拿起扫把打扫房间。,broomV.jpg,V,43.1818181818,43.1818181818,"[5, 11, 14, 18, 21, 25, 29, 34, 38, 42, 46]",1272.22727273,1272.22727273,#ffffff,yes,legacy,legacy,legacy,0,uniform,1,undefined,0,0,NA,undefined,1,1,undefined,6,j,0,0,0,0,5,15,0,0,0,0,0,0,0,0,0,0,0,0,0,0,0,0,0,0,0,0,0,5,NA,0,15,3,15,3,3,0,5,5,15,15,NA,5,NA,NA,NA,NA,0,5,15,0,0,0,0,0,0,0,0,0,5,15,5,15,5,15,5,15,5,15,5,NA,5,0,0,0,5,0,0,0,0,0,0,0,0,0,0,0,0,12/18/19 19:10:43,no,Matching Tasks,yes,,no,no,no,OrientationCrossLanguages_2018PSA_SP_1.2.4.osexp,C:\Users\lenovo\Desktop\ACE project2019\Experiment\scripts,no,chinese-japanese-korean,no,18,no,#0000ff,no,简体中文,yes,768,no,legacy,5,4,5,5,C:/Users/lenovo/Desktop/ACE project2019/Experiment/scripts/subject-45.csv,legacy,no,Kafkaesque Koffka,3.2.8,no,NA,0,0,j,NA,NA,NA,NA,NA,space,NA,NA,NA,space,space,NA,NA,NA,NA,NA,NA,space,NA,NA,NA,j,f,NA,NA,space,NA,NA,NA,NA,NA,NA,NA,NA,684,NA,NA,NA,NA,NA,22392,NA,NA,NA,1811,1108,NA,NA,NA,NA,NA,NA,8759,NA,NA,NA,684,810,NA,NA,1204,NA,NA,NA,NA,NA,NA,NA,NA,2,legacy,yes,1024,2,48000,-16,EXP,50,odd,Yes,no,no,NA,15651,NA,5501,150045,115304,NA,NA,NA,NA,NA,16864,NA,NA,NA,5509,14554,NA,NA,NA,NA,NA,15638,NA,NA,NA,15637,NA,NA,39270,119947,88249,115301,88249,88245,39270,151049,151050,116307,116307,NA,151051,NA,NA,NA,NA,NA,152165,118120,NA,NA,NA,NA,NA,120026,NA,NA,NA,152669,118624,152677,118634,153365,119447,NA,75313,NA,87657,153865,NA,NA,128799,39269,120024,150041,15651,128800,15655,NA,NA,NA,NA,NA,NA,NA,NA,128800,Orientation_PSA2018,19,55978,44,no,yes,1024
5316,SC_List03.csv,Y,V,SC_Prac1.csv,詹妮假装自己是灰姑娘，拿起扫把打扫房间。,broomV.jpg,M,42.2222222222,42.2222222222,"[5, 11, 14, 18, 21, 25, 29, 34, 38, 42, 46]",1423.8,1423.8,#ffffff,yes,legacy,legacy,legacy,0,uniform,0,undefined,0,0,0,undefined,1,1,undefined,6,j,0,0,0,0,5,15,0,0,0,0,0,0,0,0,0,0,0,0,0,0,0,0,0,0,0,0,0,5,0,0,15,3,15,3,3,0,5,5,15,15,0,5,0,0,0,0,0,5,15,0,0,0,0,0,0,0,0,0,5,15,5,15,5,15,5,15,5,15,6,NA,5,0,0,0,5,0,0,0,0,0,0,0,0,0,0,0,0,12/18/19 19:10:43,no,Matching Tasks,yes,,no,no,no,OrientationCrossLanguages_2018PSA_SP_1.2.4.osexp,C:\Users\lenovo\Desktop\ACE project2019\Experiment\scripts,no,chinese-japanese-korean,no,18,no,#0000ff,no,简体中文,yes,768,no,legacy,0,4,5,5,C:/Users/lenovo/Desktop/ACE project2019/Experiment/scripts/subject-45.csv,legacy,no,Kafkaesque Koffka,3.2.8,no,詹妮假装自己是灰姑娘，拿起扫把打扫房间。,0,0,f,NA,NA,NA,NA,NA,space,NA,NA,NA,space,space,f,NA,NA,NA,NA,NA,space,NA,NA,NA,j,f,NA,NA,space,NA,NA,NA,NA,NA,NA,NA,NA,8093,NA,NA,NA,NA,NA,22392,NA,NA,NA,1811,1108,8093,NA,NA,NA,NA,NA,8759,NA,NA,NA,684,810,NA,NA,1204,NA,NA,NA,NA,NA,NA,NA,NA,2,legacy,yes,1024,2,48000,-16,EXP,50,odd,Yes,no,no,NA,15651,NA,5501,150045,115304,NA,NA,NA,NA,NA,16864,NA,NA,NA,5509,14554,NA,NA,NA,NA,NA,15638,NA,NA,NA,15637,153924,154116,39270,119947,88249,115301,88249,88245,39270,151049,151050,116307,116307,154117,151051,154119,NA,154119,162215,NA,152165,118120,NA,NA,NA,NA,NA,120026,NA,NA,NA,152669,118624,152677,118634,153365,119447,NA,75313,NA,87657,163715,NA,NA,128799,39269,120024,150041,15651,128800,15655,NA,NA,NA,NA,NA,NA,NA,NA,128800,Orientation_PSA2018,19,64071,45,no,yes,1024
5316,SC_List03.csv,Y,H,SC_Prac1.csv,木匠把钉子锤进了墙壁。,nailH.jpg,V,42.5531914894,42.5531914894,"[5, 11, 14, 18, 21, 25, 29, 34, 38, 42, 46]",1427.19148936,1427.19148936,#ffffff,yes,legacy,legacy,legacy,0,uniform,1,undefined,0,0,0,undefined,1,1,undefined,6,j,0,0,0,0,6,15,0,0,0,0,0,0,0,0,0,0,0,0,0,0,0,0,0,0,0,0,0,6,0,0,15,3,15,3,3,0,6,6,15,15,0,6,0,0,0,0,0,6,15,0,0,0,0,0,0,0,0,0,6,15,6,15,6,15,6,15,6,15,7,NA,6,0,0,0,6,0,0,0,0,0,0,0,0,0,0,0,0,12/18/19 19:10:43,no,Matching Tasks,yes,,no,no,no,OrientationCrossLanguages_2018PSA_SP_1.2.4.osexp,C:\Users\lenovo\Desktop\ACE project2019\Experiment\scripts,no,chinese-japanese-korean,no,18,no,#0000ff,no,简体中文,yes,768,no,legacy,6,4,5,6,C:/Users/lenovo/Desktop/ACE project2019/Experiment/scripts/subject-45.csv,legacy,no,Kafkaesque Koffka,3.2.8,no,詹妮假装自己是灰姑娘，拿起扫把打扫房间。,0,0,j,NA,NA,NA,NA,NA,space,NA,NA,NA,space,space,f,NA,NA,NA,NA,NA,space,NA,NA,NA,j,f,NA,NA,space,NA,NA,NA,NA,NA,NA,NA,NA,1753,NA,NA,NA,NA,NA,22392,NA,NA,NA,1811,1254,8093,NA,NA,NA,NA,NA,8759,NA,NA,NA,1753,810,NA,NA,1204,NA,NA,NA,NA,NA,NA,NA,NA,2,legacy,yes,1024,2,48000,-16,EXP,50,odd,Yes,no,no,NA,15651,NA,5501,164009,115304,NA,NA,NA,NA,NA,16864,NA,NA,NA,5509,14554,NA,NA,NA,NA,NA,15638,NA,NA,NA,15637,153924,154116,39270,119947,88249,115301,88249,88245,39270,165011,165011,116307,116307,154117,165012,154119,NA,154119,162215,NA,166269,118120,NA,NA,NA,NA,NA,120026,NA,NA,NA,166774,118624,166787,118634,168543,119447,169047,75313,NA,87657,169547,NA,NA,128799,39269,120024,164007,15651,128800,15655,NA,NA,NA,NA,NA,NA,NA,NA,128800,Orientation_PSA2018,20,67078,47,no,yes,1024
5316,SC_List03.csv,N,H,SC_Prac1.csv,吉姆准备把这颗螺丝钉拧进橱柜的侧边。,screwV.jpg,V,42.8571428571,42.8571428571,"[5, 11, 14, 18, 21, 25, 29, 34, 38, 42, 46]",1411.81632653,1411.81632653,#ffffff,yes,legacy,legacy,legacy,0,uniform,1,undefined,0,0,0,undefined,1,1,undefined,6,j,0,0,0,0,7,15,0,0,0,0,0,0,0,0,0,0,0,0,0,0,0,0,0,0,0,0,0,7,0,0,15,3,15,3,3,0,7,7,15,15,0,7,0,0,0,0,0,7,15,0,0,0,0,0,0,0,0,0,7,15,7,15,7,15,7,15,7,15,8,NA,7,0,0,0,7,0,0,0,0,0,0,0,0,0,0,0,0,12/18/19 19:10:43,no,Matching Tasks,yes,,no,no,no,OrientationCrossLanguages_2018PSA_SP_1.2.4.osexp,C:\Users\lenovo\Desktop\ACE project2019\Experiment\scripts,no,chinese-japanese-korean,no,18,no,#0000ff,no,简体中文,yes,768,no,legacy,7,4,5,7,C:/Users/lenovo/Desktop/ACE project2019/Experiment/scripts/subject-45.csv,legacy,no,Kafkaesque Koffka,3.2.8,no,詹妮假装自己是灰姑娘，拿起扫把打扫房间。,0,0,j,NA,NA,NA,NA,NA,space,NA,NA,NA,space,space,f,NA,NA,NA,NA,NA,space,NA,NA,NA,j,f,NA,NA,space,NA,NA,NA,NA,NA,NA,NA,NA,655,NA,NA,NA,NA,NA,22392,NA,NA,NA,1811,1446,8093,NA,NA,NA,NA,NA,8759,NA,NA,NA,655,810,NA,NA,1204,NA,NA,NA,NA,NA,NA,NA,NA,2,legacy,yes,1024,2,48000,-16,EXP,50,odd,Yes,no,no,NA,15651,NA,5501,169837,115304,NA,NA,NA,NA,NA,16864,NA,NA,NA,5509,14554,NA,NA,NA,NA,NA,15638,NA,NA,NA,15637,153924,154116,39270,119947,88249,115301,88249,88245,39270,170839,170839,116307,116307,154117,170839,154119,NA,154119,162215,NA,172287,118120,NA,NA,NA,NA,NA,120026,NA,NA,NA,172791,118624,172795,118634,173454,119447,169047,75313,NA,87657,173954,NA,NA,128799,39269,120024,169834,15651,128800,15655,NA,NA,NA,NA,NA,NA,NA,NA,128800,Orientation_PSA2018,21,69179,49,no,yes,1024
5316,SC_List03.csv,F,F,SC_Prac1.csv,门卫更换了火警报警器的电池。,ladder.jpg,V,43.137254902,43.137254902,"[5, 11, 14, 18, 21, 25, 29, 34, 38, 42, 46]",1410.09803922,1410.09803922,#ffffff,yes,legacy,legacy,legacy,0,uniform,1,undefined,0,0,0,undefined,1,1,undefined,6,f,0,0,0,0,8,15,0,0,0,0,0,0,0,0,0,0,0,0,0,0,0,0,0,0,0,0,0,8,0,0,15,3,15,3,3,0,8,8,15,15,0,8,0,0,0,0,0,8,15,0,0,0,0,0,0,0,0,0,8,15,8,15,8,15,8,15,8,15,9,NA,8,0,0,0,8,0,0,0,0,0,0,0,0,0,0,0,0,12/18/19 19:10:43,no,Matching Tasks,yes,,no,no,no,OrientationCrossLanguages_2018PSA_SP_1.2.4.osexp,C:\Users\lenovo\Desktop\ACE project2019\Experiment\scripts,no,chinese-japanese-korean,no,18,no,#0000ff,no,简体中文,yes,768,no,legacy,8,4,5,8,C:/Users/lenovo/Desktop/ACE project2019/Experiment/scripts/subject-45.csv,legacy,no,Kafkaesque Koffka,3.2.8,no,詹妮假装自己是灰姑娘，拿起扫把打扫房间。,0,0,f,NA,NA,NA,NA,NA,space,NA,NA,NA,space,space,f,NA,NA,NA,NA,NA,space,NA,NA,NA,f,f,NA,NA,space,NA,NA,NA,NA,NA,NA,NA,NA,1347,NA,NA,NA,NA,NA,22392,NA,NA,NA,1811,1389,8093,NA,NA,NA,NA,NA,8759,NA,NA,NA,1347,810,NA,NA,1204,NA,NA,NA,NA,NA,NA,NA,NA,2,legacy,yes,1024,2,48000,-16,EXP,50,odd,Yes,no,no,NA,15651,NA,5501,174255,115304,NA,NA,NA,NA,NA,16864,NA,NA,NA,5509,14554,NA,NA,NA,NA,NA,15638,NA,NA,NA,15637,153924,154116,39270,119947,88249,115301,88249,88245,39270,175259,175259,116307,116307,154117,175260,154119,NA,154119,162215,NA,176652,118120,NA,NA,NA,NA,NA,120026,NA,NA,NA,177159,118624,177161,118634,178511,119447,169047,75313,NA,87657,179011,NA,NA,128799,39269,120024,174252,15651,128800,15655,NA,NA,NA,NA,NA,NA,NA,NA,128800,Orientation_PSA2018,22,71915,51,no,yes,1024
5316,SC_List03.csv,F,F,SC_Prac1.csv,摄影师要求模特躺在塑胶垫上。,tiger.jpg,V,43.3962264151,43.3962264151,"[5, 11, 14, 18, 21, 25, 29, 34, 38, 42, 46]",1394.35849057,1394.35849057,#ffffff,yes,legacy,legacy,legacy,0,uniform,1,undefined,0,0,0,undefined,1,1,undefined,6,f,0,0,0,0,9,15,0,0,0,0,0,0,0,0,0,0,0,0,0,0,0,0,0,0,0,0,0,9,0,0,15,3,15,3,3,0,9,9,15,15,0,9,0,0,0,0,0,9,15,0,0,0,0,0,0,0,0,0,9,15,9,15,9,15,9,15,9,15,10,NA,9,0,0,0,9,0,0,0,0,0,0,0,0,0,0,0,0,12/18/19 19:10:43,no,Matching Tasks,yes,,no,no,no,OrientationCrossLanguages_2018PSA_SP_1.2.4.osexp,C:\Users\lenovo\Desktop\ACE project2019\Experiment\scripts,no,chinese-japanese-korean,no,18,no,#0000ff,no,简体中文,yes,768,no,legacy,9,4,5,9,C:/Users/lenovo/Desktop/ACE project2019/Experiment/scripts/subject-45.csv,legacy,no,Kafkaesque Koffka,3.2.8,no,詹妮假装自己是灰姑娘，拿起扫把打扫房间。,0,0,f,NA,NA,NA,NA,NA,space,NA,NA,NA,space,space,f,NA,NA,NA,NA,NA,space,NA,NA,NA,f,f,NA,NA,space,NA,NA,NA,NA,NA,NA,NA,NA,663,NA,NA,NA,NA,NA,22392,NA,NA,NA,1811,1323,8093,NA,NA,NA,NA,NA,8759,NA,NA,NA,663,810,NA,NA,1204,NA,NA,NA,NA,NA,NA,NA,NA,2,legacy,yes,1024,2,48000,-16,EXP,50,odd,Yes,no,no,NA,15651,NA,5501,179284,115304,NA,NA,NA,NA,NA,16864,NA,NA,NA,5509,14554,NA,NA,NA,NA,NA,15638,NA,NA,NA,15637,153924,154116,39270,119947,88249,115301,88249,88245,39270,180287,180287,116307,116307,154117,180288,154119,NA,154119,162215,NA,181616,118120,NA,NA,NA,NA,NA,120026,NA,NA,NA,182122,118624,182128,118634,182797,119447,169047,75313,NA,87657,183297,NA,NA,128799,39269,120024,179281,15651,128800,15655,NA,NA,NA,NA,NA,NA,NA,NA,128800,Orientation_PSA2018,23,73901,53,no,yes,1024
5316,SC_List03.csv,F,F,SC_Prac1.csv,导游带领队伍到达圆形剧场的顶部。,wndmil.jpg,V,43.6363636364,43.6363636364,"[5, 11, 14, 18, 21, 25, 29, 34, 38, 42, 46]",1390.45454545,1390.45454545,#ffffff,yes,legacy,legacy,legacy,0,uniform,1,undefined,0,0,0,undefined,1,1,undefined,6,f,0,0,0,0,10,15,0,0,0,0,0,0,0,0,0,0,0,0,0,0,0,0,0,0,0,0,0,10,0,0,15,3,15,3,3,0,10,10,15,15,0,10,0,0,0,0,0,10,15,0,0,0,0,0,0,0,0,0,10,15,10,15,10,15,10,15,10,15,11,NA,10,0,0,0,10,0,0,0,0,0,0,0,0,0,0,0,0,12/18/19 19:10:43,no,Matching Tasks,yes,,no,no,no,OrientationCrossLanguages_2018PSA_SP_1.2.4.osexp,C:\Users\lenovo\Desktop\ACE project2019\Experiment\scripts,no,chinese-japanese-korean,no,18,no,#0000ff,no,简体中文,yes,768,no,legacy,10,4,5,10,C:/Users/lenovo/Desktop/ACE project2019/Experiment/scripts/subject-45.csv,legacy,no,Kafkaesque Koffka,3.2.8,no,詹妮假装自己是灰姑娘，拿起扫把打扫房间。,0,0,f,NA,NA,NA,NA,NA,space,NA,NA,NA,space,space,f,NA,NA,NA,NA,NA,space,NA,NA,NA,f,f,NA,NA,space,NA,NA,NA,NA,NA,NA,NA,NA,1103,NA,NA,NA,NA,NA,22392,NA,NA,NA,1811,1471,8093,NA,NA,NA,NA,NA,8759,NA,NA,NA,1103,810,NA,NA,1204,NA,NA,NA,NA,NA,NA,NA,NA,2,legacy,yes,1024,2,48000,-16,EXP,50,odd,Yes,no,no,NA,15651,NA,5501,183580,115304,NA,NA,NA,NA,NA,16864,NA,NA,NA,5509,14554,NA,NA,NA,NA,NA,15638,NA,NA,NA,15637,153924,154116,39270,119947,88249,115301,88249,88245,39270,184582,184582,116307,116307,154117,184582,154119,NA,154119,162215,NA,186056,118120,NA,NA,NA,NA,NA,120026,NA,NA,NA,186558,118624,186564,118634,187670,119447,169047,75313,NA,87657,188171,NA,NA,128799,39269,120024,183576,15651,128800,15655,NA,NA,NA,NA,NA,NA,NA,NA,128800,Orientation_PSA2018,24,76475,55,no,yes,1024
5316,SC_List03.csv,F,F,SC_Prac1.csv,口渴的山地自行车手在水池旁重新装满了他的水瓶。,flower.jpg,V,43.8596491228,43.8596491228,"[5, 11, 14, 18, 21, 25, 29, 34, 38, 42, 46]",1376.24561404,1376.24561404,#ffffff,yes,legacy,legacy,legacy,0,uniform,1,undefined,0,0,0,undefined,1,1,undefined,6,f,0,0,0,0,11,15,0,0,0,0,0,0,0,0,0,0,0,0,0,0,0,0,0,0,0,0,0,11,0,0,15,3,15,3,3,0,11,11,15,15,0,11,0,0,0,0,0,11,15,0,0,0,0,0,0,0,0,0,11,15,11,15,11,15,11,15,11,15,12,NA,11,0,0,0,11,0,0,0,0,0,0,0,0,0,0,0,0,12/18/19 19:10:43,no,Matching Tasks,yes,,no,no,no,OrientationCrossLanguages_2018PSA_SP_1.2.4.osexp,C:\Users\lenovo\Desktop\ACE project2019\Experiment\scripts,no,chinese-japanese-korean,no,18,no,#0000ff,no,简体中文,yes,768,no,legacy,11,4,5,11,C:/Users/lenovo/Desktop/ACE project2019/Experiment/scripts/subject-45.csv,legacy,no,Kafkaesque Koffka,3.2.8,no,詹妮假装自己是灰姑娘，拿起扫把打扫房间。,0,0,f,NA,NA,NA,NA,NA,space,NA,NA,NA,space,space,f,NA,NA,NA,NA,NA,space,NA,NA,NA,f,f,NA,NA,space,NA,NA,NA,NA,NA,NA,NA,NA,637,NA,NA,NA,NA,NA,22392,NA,NA,NA,1811,1334,8093,NA,NA,NA,NA,NA,8759,NA,NA,NA,637,810,NA,NA,1204,NA,NA,NA,NA,NA,NA,NA,NA,2,legacy,yes,1024,2,48000,-16,EXP,50,odd,Yes,no,no,NA,15651,NA,5501,188535,115304,NA,NA,NA,NA,NA,16864,NA,NA,NA,5509,14554,NA,NA,NA,NA,NA,15638,NA,NA,NA,15637,153924,154116,39270,119947,88249,115301,88249,88245,39270,189538,189538,116307,116307,154117,189538,154119,NA,154119,162215,NA,190879,118120,NA,NA,NA,NA,NA,120026,NA,NA,NA,191383,118624,191389,118634,192029,119447,169047,75313,NA,87657,192529,NA,NA,128799,39269,120024,188532,15651,128800,15655,NA,NA,NA,NA,NA,NA,NA,NA,128800,Orientation_PSA2018,25,78446,57,no,yes,1024
5316,SC_List03.csv,F,F,SC_Prac1.csv,口渴的山地自行车手在水池旁重新装满了他的水瓶。,flower.jpg,M,43.1034482759,43.1034482759,"[5, 11, 14, 18, 21, 25, 29, 34, 38, 42, 46]",1440.17241379,1440.17241379,#ffffff,yes,legacy,legacy,legacy,0,uniform,0,undefined,0,0,0,undefined,1,1,undefined,6,f,0,0,0,0,11,15,0,0,0,0,0,0,0,0,0,0,0,0,0,0,0,0,0,0,0,0,0,11,1,0,15,3,15,3,3,0,11,11,15,15,1,11,1,1,1,1,0,11,15,0,0,0,0,0,0,0,0,0,11,15,11,15,11,15,11,15,11,15,13,NA,11,0,0,0,11,0,0,0,0,0,0,0,0,0,0,0,0,12/18/19 19:10:43,no,Matching Tasks,yes,,no,no,no,OrientationCrossLanguages_2018PSA_SP_1.2.4.osexp,C:\Users\lenovo\Desktop\ACE project2019\Experiment\scripts,no,chinese-japanese-korean,no,18,no,#0000ff,no,简体中文,yes,768,no,legacy,0,4,5,11,C:/Users/lenovo/Desktop/ACE project2019/Experiment/scripts/subject-45.csv,legacy,no,Kafkaesque Koffka,3.2.8,no,门卫更换了火警报警器的电池。,0,0,j,NA,NA,NA,NA,NA,space,NA,NA,NA,space,space,j,NA,NA,NA,NA,NA,space,NA,NA,NA,f,f,NA,NA,space,NA,NA,NA,NA,NA,NA,NA,NA,5084,NA,NA,NA,NA,NA,22392,NA,NA,NA,1811,1334,5084,NA,NA,NA,NA,NA,8759,NA,NA,NA,637,810,NA,NA,1204,NA,NA,NA,NA,NA,NA,NA,NA,2,legacy,yes,1024,2,48000,-16,EXP,50,odd,Yes,no,no,NA,15651,NA,5501,188535,115304,NA,NA,NA,NA,NA,16864,NA,NA,NA,5509,14554,NA,NA,NA,NA,NA,15638,NA,NA,NA,15637,192602,192721,39270,119947,88249,115301,88249,88245,39270,189538,189538,116307,116307,192721,189538,192723,NA,192723,197810,NA,190879,118120,NA,NA,NA,NA,NA,120026,NA,NA,NA,191383,118624,191389,118634,192029,119447,169047,75313,NA,87657,199310,NA,NA,128799,39269,120024,188532,15651,128800,15655,NA,NA,NA,NA,NA,NA,NA,NA,128800,Orientation_PSA2018,25,83530,58,no,yes,1024
5316,SC_List03.csv,N,V,SC_Prac1.csv,猎人打开手电筒照在洞口的地板上。,flashH.jpg,V,43.3333333333,43.3333333333,"[5, 11, 14, 18, 21, 25, 29, 34, 38, 42, 46]",1462.11666667,1462.11666667,#ffffff,yes,legacy,legacy,legacy,0,uniform,1,undefined,0,0,0,undefined,1,1,undefined,6,j,0,0,0,0,12,15,0,0,0,0,0,0,0,0,0,0,0,0,0,0,0,0,0,0,0,0,0,12,1,0,15,3,15,3,3,0,12,12,15,15,1,12,1,1,1,1,0,12,15,0,0,0,0,0,0,0,0,0,12,15,12,15,12,15,12,15,12,15,14,NA,12,0,0,0,12,0,0,0,0,0,0,0,0,0,0,0,0,12/18/19 19:10:43,no,Matching Tasks,yes,,no,no,no,OrientationCrossLanguages_2018PSA_SP_1.2.4.osexp,C:\Users\lenovo\Desktop\ACE project2019\Experiment\scripts,no,chinese-japanese-korean,no,18,no,#0000ff,no,简体中文,yes,768,no,legacy,12,4,5,12,C:/Users/lenovo/Desktop/ACE project2019/Experiment/scripts/subject-45.csv,legacy,no,Kafkaesque Koffka,3.2.8,no,门卫更换了火警报警器的电池。,0,0,j,NA,NA,NA,NA,NA,space,NA,NA,NA,space,space,j,NA,NA,NA,NA,NA,space,NA,NA,NA,j,f,NA,NA,space,NA,NA,NA,NA,NA,NA,NA,NA,1038,NA,NA,NA,NA,NA,22392,NA,NA,NA,1811,3159,5084,NA,NA,NA,NA,NA,8759,NA,NA,NA,1038,810,NA,NA,1204,NA,NA,NA,NA,NA,NA,NA,NA,2,legacy,yes,1024,2,48000,-16,EXP,50,odd,Yes,no,no,NA,15651,NA,5501,199696,115304,NA,NA,NA,NA,NA,16864,NA,NA,NA,5509,14554,NA,NA,NA,NA,NA,15638,NA,NA,NA,15637,192602,192721,39270,119947,88249,115301,88249,88245,39270,200701,200702,116307,116307,192721,200704,192723,NA,192723,197810,NA,203867,118120,NA,NA,NA,NA,NA,120026,NA,NA,NA,204370,118624,204375,118634,205416,119447,169047,75313,NA,87657,205916,NA,NA,128799,39269,120024,199693,15651,128800,15655,NA,NA,NA,NA,NA,NA,NA,NA,128800,Orientation_PSA2018,26,87727,60,no,yes,1024
5316,SC_List03.csv,N,V,SC_Prac1.csv,那个年轻的女孩把梳子当作麦克风，假装是一位著名的摇滚歌星。,brushH.jpg,V,41.935483871,41.935483871,"[5, 11, 14, 18, 21, 25, 29, 34, 38, 42, 46]",1474.58064516,1474.58064516,#ffffff,yes,legacy,legacy,legacy,0,uniform,0,undefined,0,0,0,undefined,0,1,undefined,6,j,0,0,0,0,13,15,0,0,0,0,0,0,0,0,0,0,0,0,0,0,0,0,0,0,0,0,0,13,1,0,15,3,15,3,3,0,13,13,15,15,1,13,1,1,1,1,0,13,15,0,0,0,0,0,0,0,0,0,13,15,13,15,13,15,13,15,13,15,15,NA,13,0,0,0,13,0,0,0,0,0,0,0,0,0,0,0,0,12/18/19 19:10:43,no,Matching Tasks,yes,,no,no,no,OrientationCrossLanguages_2018PSA_SP_1.2.4.osexp,C:\Users\lenovo\Desktop\ACE project2019\Experiment\scripts,no,chinese-japanese-korean,no,18,no,#0000ff,no,简体中文,yes,768,no,legacy,13,4,5,13,C:/Users/lenovo/Desktop/ACE project2019/Experiment/scripts/subject-45.csv,legacy,no,Kafkaesque Koffka,3.2.8,no,门卫更换了火警报警器的电池。,0,0,f,NA,NA,NA,NA,NA,space,NA,NA,NA,space,space,j,NA,NA,NA,NA,NA,space,NA,NA,NA,f,f,NA,NA,space,NA,NA,NA,NA,NA,NA,NA,NA,1019,NA,NA,NA,NA,NA,22392,NA,NA,NA,1811,2678,5084,NA,NA,NA,NA,NA,8759,NA,NA,NA,1019,810,NA,NA,1204,NA,NA,NA,NA,NA,NA,NA,NA,2,legacy,yes,1024,2,48000,-16,EXP,50,odd,Yes,no,no,NA,15651,NA,5501,206191,115304,NA,NA,NA,NA,NA,16864,NA,NA,NA,5509,14554,NA,NA,NA,NA,NA,15638,NA,NA,NA,15637,192602,192721,39270,119947,88249,115301,88249,88245,39270,207196,207196,116307,116307,192721,207203,192723,NA,192723,197810,NA,209884,118120,NA,NA,NA,NA,NA,120026,NA,NA,NA,210388,118624,210396,118634,205416,119447,169047,75313,211418,87657,211918,NA,NA,128799,39269,120024,206189,15651,128800,15655,NA,NA,NA,NA,NA,NA,NA,NA,128800,Orientation_PSA2018,26,91424,62,no,yes,1024
5316,SC_List03.csv,F,F,SC_Prac1.csv,小孩骑着他的三轮车四处转悠。,tapedispenser.jpg,V,42.1875,42.1875,"[5, 11, 14, 18, 21, 25, 29, 34, 38, 42, 46]",1458.1875,1458.1875,#ffffff,yes,legacy,legacy,legacy,0,uniform,1,undefined,0,0,0,undefined,1,1,undefined,6,f,0,0,0,0,14,15,0,0,0,0,0,0,0,0,0,0,0,0,0,0,0,0,0,0,0,0,0,14,1,0,15,3,15,3,3,0,14,14,15,15,1,14,1,1,1,1,0,14,15,0,0,0,0,0,0,0,0,0,14,15,14,15,14,15,14,15,14,15,16,NA,14,0,0,0,14,0,0,0,0,0,0,0,0,0,0,0,0,12/18/19 19:10:43,no,Matching Tasks,yes,,no,no,no,OrientationCrossLanguages_2018PSA_SP_1.2.4.osexp,C:\Users\lenovo\Desktop\ACE project2019\Experiment\scripts,no,chinese-japanese-korean,no,18,no,#0000ff,no,简体中文,yes,768,no,legacy,14,4,5,14,C:/Users/lenovo/Desktop/ACE project2019/Experiment/scripts/subject-45.csv,legacy,no,Kafkaesque Koffka,3.2.8,no,门卫更换了火警报警器的电池。,0,0,f,NA,NA,NA,NA,NA,space,NA,NA,NA,space,space,j,NA,NA,NA,NA,NA,space,NA,NA,NA,f,f,NA,NA,space,NA,NA,NA,NA,NA,NA,NA,NA,794,NA,NA,NA,NA,NA,22392,NA,NA,NA,1811,1106,5084,NA,NA,NA,NA,NA,8759,NA,NA,NA,794,810,NA,NA,1204,NA,NA,NA,NA,NA,NA,NA,NA,2,legacy,yes,1024,2,48000,-16,EXP,50,odd,Yes,no,no,NA,15651,NA,5501,212211,115304,NA,NA,NA,NA,NA,16864,NA,NA,NA,5509,14554,NA,NA,NA,NA,NA,15638,NA,NA,NA,15637,192602,192721,39270,119947,88249,115301,88249,88245,39270,213215,213215,116307,116307,192721,213216,192723,NA,192723,197810,NA,214326,118120,NA,NA,NA,NA,NA,120026,NA,NA,NA,214831,118624,214839,118634,215636,119447,169047,75313,211418,87657,216136,NA,NA,128799,39269,120024,212208,15651,128800,15655,NA,NA,NA,NA,NA,NA,NA,NA,128800,Orientation_PSA2018,27,93324,64,no,yes,1024
5316,SC_List03.csv,F,F,SC_Prac1.csv,小孩骑着他的三轮车四处转悠。,tapedispenser.jpg,M,43.0769230769,43.0769230769,"[5, 11, 14, 18, 21, 25, 29, 34, 38, 42, 46]",1473.76923077,1473.76923077,#ffffff,yes,legacy,legacy,legacy,0,uniform,1,undefined,0,0,1,undefined,1,1,undefined,6,j,0,0,0,0,14,15,0,0,0,0,0,0,0,0,0,0,0,0,0,0,0,0,0,0,0,0,0,14,2,0,15,3,15,3,3,0,14,14,15,15,2,14,2,2,2,2,0,14,15,0,0,0,0,0,0,0,0,0,14,15,14,15,14,15,14,15,14,15,17,NA,14,0,0,0,14,0,0,0,0,0,0,0,0,0,0,0,0,12/18/19 19:10:43,no,Matching Tasks,yes,,no,no,no,OrientationCrossLanguages_2018PSA_SP_1.2.4.osexp,C:\Users\lenovo\Desktop\ACE project2019\Experiment\scripts,no,chinese-japanese-korean,no,18,no,#0000ff,no,简体中文,yes,768,no,legacy,0,4,5,14,C:/Users/lenovo/Desktop/ACE project2019/Experiment/scripts/subject-45.csv,legacy,no,Kafkaesque Koffka,3.2.8,no,小孩骑着他的三轮车四处转悠。,0,0,j,NA,NA,NA,NA,NA,space,NA,NA,NA,space,space,j,NA,NA,NA,NA,NA,space,NA,NA,NA,f,f,NA,NA,space,NA,NA,NA,NA,NA,NA,NA,NA,2471,NA,NA,NA,NA,NA,22392,NA,NA,NA,1811,1106,2471,NA,NA,NA,NA,NA,8759,NA,NA,NA,794,810,NA,NA,1204,NA,NA,NA,NA,NA,NA,NA,NA,2,legacy,yes,1024,2,48000,-16,EXP,50,odd,Yes,no,no,NA,15651,NA,5501,212211,115304,NA,NA,NA,NA,NA,16864,NA,NA,NA,5509,14554,NA,NA,NA,NA,NA,15638,NA,NA,NA,15637,216192,216359,39270,119947,88249,115301,88249,88245,39270,213215,213215,116307,116307,216359,213216,216361,218835,216362,197810,NA,214326,118120,NA,NA,NA,NA,NA,120026,NA,NA,NA,214831,118624,214839,118634,215636,119447,169047,75313,211418,87657,219335,NA,NA,128799,39269,120024,212208,15651,128800,15655,NA,NA,NA,NA,NA,NA,NA,NA,128800,Orientation_PSA2018,28,95795,65,no,yes,1024
5316,SC_List03.csv,F,F,SC_Prac1.csv,滑雪者激动地爬升一阵之后脱掉了手套。,couch.jpg,V,43.2835820896,43.2835820896,"[5, 11, 14, 18, 21, 25, 29, 34, 38, 42, 46]",1469.71641791,1469.71641791,#ffffff,yes,legacy,legacy,legacy,0,uniform,1,undefined,0,0,1,undefined,1,1,undefined,6,f,0,0,0,0,15,15,0,0,0,0,0,0,0,0,0,0,0,0,0,0,0,0,0,0,0,0,0,15,2,0,15,3,15,3,3,0,15,15,15,15,2,15,2,2,2,2,0,15,15,0,0,0,0,0,0,0,0,0,15,15,15,15,15,15,15,15,15,15,18,NA,15,0,0,0,15,0,0,0,0,0,0,0,0,0,0,0,0,12/18/19 19:10:43,no,Matching Tasks,yes,,no,no,no,OrientationCrossLanguages_2018PSA_SP_1.2.4.osexp,C:\Users\lenovo\Desktop\ACE project2019\Experiment\scripts,no,chinese-japanese-korean,no,18,no,#0000ff,no,简体中文,yes,768,no,legacy,15,4,5,15,C:/Users/lenovo/Desktop/ACE project2019/Experiment/scripts/subject-45.csv,legacy,no,Kafkaesque Koffka,3.2.8,no,小孩骑着他的三轮车四处转悠。,0,0,f,NA,NA,NA,NA,NA,space,NA,NA,NA,space,space,j,NA,NA,NA,NA,NA,space,NA,NA,NA,f,f,NA,NA,space,NA,NA,NA,NA,NA,NA,NA,NA,564,NA,NA,NA,NA,NA,22392,NA,NA,NA,1811,2112,2471,NA,NA,NA,NA,NA,8759,NA,NA,NA,564,810,NA,NA,1204,NA,NA,NA,NA,NA,NA,NA,NA,2,legacy,yes,1024,2,48000,-16,EXP,50,odd,Yes,no,no,NA,15651,NA,5501,219656,115304,NA,NA,NA,NA,NA,16864,NA,NA,NA,5509,14554,NA,NA,NA,NA,NA,15638,NA,NA,NA,15637,216192,216359,39270,119947,88249,115301,88249,88245,39270,220659,220659,116307,116307,216359,220659,216361,218835,216362,197810,NA,222774,118120,NA,NA,NA,NA,NA,120026,NA,NA,NA,223279,118624,223286,118634,223853,119447,169047,75313,211418,87657,224353,NA,NA,128799,39269,120024,219650,15651,128800,15655,NA,NA,NA,NA,NA,NA,NA,NA,128800,Orientation_PSA2018,29,98471,67,no,yes,1024
5316,SC_List03.csv,F,F,SC_Prac1.csv,一只乌龟在池塘对面的木筏上休息。,pumpkin.jpg,V,43.4782608696,43.4782608696,"[5, 11, 14, 18, 21, 25, 29, 34, 38, 42, 46]",1456.14492754,1456.14492754,#ffffff,yes,legacy,legacy,legacy,0,uniform,1,undefined,0,0,1,undefined,1,1,undefined,6,f,0,0,0,0,16,15,0,0,0,0,0,0,0,0,0,0,0,0,0,0,0,0,0,0,0,0,0,16,2,0,15,3,15,3,3,0,16,16,15,15,2,16,2,2,2,2,0,16,15,0,0,0,0,0,0,0,0,0,16,15,16,15,16,15,16,15,16,15,19,NA,16,0,0,0,16,0,0,0,0,0,0,0,0,0,0,0,0,12/18/19 19:10:43,no,Matching Tasks,yes,,no,no,no,OrientationCrossLanguages_2018PSA_SP_1.2.4.osexp,C:\Users\lenovo\Desktop\ACE project2019\Experiment\scripts,no,chinese-japanese-korean,no,18,no,#0000ff,no,简体中文,yes,768,no,legacy,16,4,5,16,C:/Users/lenovo/Desktop/ACE project2019/Experiment/scripts/subject-45.csv,legacy,no,Kafkaesque Koffka,3.2.8,no,小孩骑着他的三轮车四处转悠。,0,0,f,NA,NA,NA,NA,NA,space,NA,NA,NA,space,space,j,NA,NA,NA,NA,NA,space,NA,NA,NA,f,f,NA,NA,space,NA,NA,NA,NA,NA,NA,NA,NA,622,NA,NA,NA,NA,NA,22392,NA,NA,NA,1811,1381,2471,NA,NA,NA,NA,NA,8759,NA,NA,NA,622,810,NA,NA,1204,NA,NA,NA,NA,NA,NA,NA,NA,2,legacy,yes,1024,2,48000,-16,EXP,50,odd,Yes,no,no,NA,15651,NA,5501,224597,115304,NA,NA,NA,NA,NA,16864,NA,NA,NA,5509,14554,NA,NA,NA,NA,NA,15638,NA,NA,NA,15637,216192,216359,39270,119947,88249,115301,88249,88245,39270,225600,225600,116307,116307,216359,225601,216361,218835,216362,197810,NA,226988,118120,NA,NA,NA,NA,NA,120026,NA,NA,NA,227493,118624,227503,118634,228128,119447,169047,75313,211418,87657,228628,NA,NA,128799,39269,120024,224591,15651,128800,15655,NA,NA,NA,NA,NA,NA,NA,NA,128800,Orientation_PSA2018,30,100474,69,no,yes,1024
5316,SC_List03.csv,F,F,SC_Prac1.csv,上周种的花在暴风雨中存活了下來。,nut.jpg,V,43.661971831,43.661971831,"[5, 11, 14, 18, 21, 25, 29, 34, 38, 42, 46]",1440.3943662,1440.3943662,#ffffff,yes,legacy,legacy,legacy,0,uniform,1,undefined,0,0,1,undefined,1,1,undefined,6,f,0,0,0,0,17,15,0,0,0,0,0,0,0,0,0,0,0,0,0,0,0,0,0,0,0,0,0,17,2,0,15,3,15,3,3,0,17,17,15,15,2,17,2,2,2,2,0,17,15,0,0,0,0,0,0,0,0,0,17,15,17,15,17,15,17,15,17,15,20,NA,17,0,0,0,17,0,0,0,0,0,0,0,0,0,0,0,0,12/18/19 19:10:43,no,Matching Tasks,yes,,no,no,no,OrientationCrossLanguages_2018PSA_SP_1.2.4.osexp,C:\Users\lenovo\Desktop\ACE project2019\Experiment\scripts,no,chinese-japanese-korean,no,18,no,#0000ff,no,简体中文,yes,768,no,legacy,17,4,5,17,C:/Users/lenovo/Desktop/ACE project2019/Experiment/scripts/subject-45.csv,legacy,no,Kafkaesque Koffka,3.2.8,no,小孩骑着他的三轮车四处转悠。,0,0,f,NA,NA,NA,NA,NA,space,NA,NA,NA,space,space,j,NA,NA,NA,NA,NA,space,NA,NA,NA,f,f,NA,NA,space,NA,NA,NA,NA,NA,NA,NA,NA,732,NA,NA,NA,NA,NA,22392,NA,NA,NA,1811,1062,2471,NA,NA,NA,NA,NA,8759,NA,NA,NA,732,810,NA,NA,1204,NA,NA,NA,NA,NA,NA,NA,NA,2,legacy,yes,1024,2,48000,-16,EXP,50,odd,Yes,no,no,NA,15651,NA,5501,228974,115304,NA,NA,NA,NA,NA,16864,NA,NA,NA,5509,14554,NA,NA,NA,NA,NA,15638,NA,NA,NA,15637,216192,216359,39270,119947,88249,115301,88249,88245,39270,229977,229977,116307,116307,216359,229977,216361,218835,216362,197810,NA,231042,118120,NA,NA,NA,NA,NA,120026,NA,NA,NA,231546,118624,231548,118634,232285,119447,169047,75313,211418,87657,232785,NA,NA,128799,39269,120024,228971,15651,128800,15655,NA,NA,NA,NA,NA,NA,NA,NA,128800,Orientation_PSA2018,31,102268,71,no,yes,1024
5316,SC_List03.csv,Y,V,SC_Prac1.csv,杰西卡把酒瓶放到冰桶里，期待着一个浪漫夜晚的来临。,bottleV.jpg,V,42.4657534247,42.4657534247,"[5, 11, 14, 18, 21, 25, 29, 34, 38, 42, 46]",1438.43835616,1438.43835616,#ffffff,yes,legacy,legacy,legacy,0,uniform,0,undefined,0,0,1,undefined,0,1,undefined,6,j,0,0,0,0,18,15,0,0,0,0,0,0,0,0,0,0,0,0,0,0,0,0,0,0,0,0,0,18,2,0,15,3,15,3,3,0,18,18,15,15,2,18,2,2,2,2,0,18,15,0,0,0,0,0,0,0,0,0,18,15,18,15,18,15,18,15,18,15,21,NA,18,0,0,0,18,0,0,0,0,0,0,0,0,0,0,0,0,12/18/19 19:10:43,no,Matching Tasks,yes,,no,no,no,OrientationCrossLanguages_2018PSA_SP_1.2.4.osexp,C:\Users\lenovo\Desktop\ACE project2019\Experiment\scripts,no,chinese-japanese-korean,no,18,no,#0000ff,no,简体中文,yes,768,no,legacy,18,4,5,18,C:/Users/lenovo/Desktop/ACE project2019/Experiment/scripts/subject-45.csv,legacy,no,Kafkaesque Koffka,3.2.8,no,小孩骑着他的三轮车四处转悠。,0,0,f,NA,NA,NA,NA,NA,space,NA,NA,NA,space,space,j,NA,NA,NA,NA,NA,space,NA,NA,NA,f,f,NA,NA,space,NA,NA,NA,NA,NA,NA,NA,NA,1083,NA,NA,NA,NA,NA,22392,NA,NA,NA,1811,1655,2471,NA,NA,NA,NA,NA,8759,NA,NA,NA,1083,810,NA,NA,1204,NA,NA,NA,NA,NA,NA,NA,NA,2,legacy,yes,1024,2,48000,-16,EXP,50,odd,Yes,no,no,NA,15651,NA,5501,233086,115304,NA,NA,NA,NA,NA,16864,NA,NA,NA,5509,14554,NA,NA,NA,NA,NA,15638,NA,NA,NA,15637,216192,216359,39270,119947,88249,115301,88249,88245,39270,234091,234092,116307,116307,216359,234095,216361,218835,216362,197810,NA,235753,118120,NA,NA,NA,NA,NA,120026,NA,NA,NA,236257,118624,236260,118634,232285,119447,169047,75313,237349,87657,237849,NA,NA,128799,39269,120024,233084,15651,128800,15655,NA,NA,NA,NA,NA,NA,NA,NA,128800,Orientation_PSA2018,31,105006,73,no,yes,1024
5316,SC_List03.csv,Y,V,SC_Prac1.csv,杰西卡把酒瓶放到冰桶里，期待着一个浪漫夜晚的来临。,bottleV.jpg,M,43.2432432432,43.2432432432,"[5, 11, 14, 18, 21, 25, 29, 34, 38, 42, 46]",1465.90540541,1465.90540541,#ffffff,yes,legacy,legacy,legacy,0,uniform,1,undefined,0,0,1,undefined,0,1,undefined,6,j,0,0,0,0,18,15,0,0,0,0,0,0,0,0,0,0,0,0,0,0,0,0,0,0,0,0,0,18,3,0,15,3,15,3,3,0,18,18,15,15,3,18,3,3,3,3,0,18,15,0,0,0,0,0,0,0,0,0,18,15,18,15,18,15,18,15,18,15,22,NA,18,0,0,0,18,0,0,0,0,0,0,0,0,0,0,0,0,12/18/19 19:10:43,no,Matching Tasks,yes,,no,no,no,OrientationCrossLanguages_2018PSA_SP_1.2.4.osexp,C:\Users\lenovo\Desktop\ACE project2019\Experiment\scripts,no,chinese-japanese-korean,no,18,no,#0000ff,no,简体中文,yes,768,no,legacy,0,4,5,18,C:/Users/lenovo/Desktop/ACE project2019/Experiment/scripts/subject-45.csv,legacy,no,Kafkaesque Koffka,3.2.8,no,一只乌龟在池塘对面的木筏上休息。,0,0,j,NA,NA,NA,NA,NA,space,NA,NA,NA,space,space,j,NA,NA,NA,NA,NA,space,NA,NA,NA,f,f,NA,NA,space,NA,NA,NA,NA,NA,NA,NA,NA,3471,NA,NA,NA,NA,NA,22392,NA,NA,NA,1811,1655,3471,NA,NA,NA,NA,NA,8759,NA,NA,NA,1083,810,NA,NA,1204,NA,NA,NA,NA,NA,NA,NA,NA,2,legacy,yes,1024,2,48000,-16,EXP,50,odd,Yes,no,no,NA,15651,NA,5501,233086,115304,NA,NA,NA,NA,NA,16864,NA,NA,NA,5509,14554,NA,NA,NA,NA,NA,15638,NA,NA,NA,15637,237892,238009,39270,119947,88249,115301,88249,88245,39270,234091,234092,116307,116307,238010,234095,238011,241485,238011,197810,NA,235753,118120,NA,NA,NA,NA,NA,120026,NA,NA,NA,236257,118624,236260,118634,232285,119447,169047,75313,237349,87657,241985,NA,NA,128799,39269,120024,233084,15651,128800,15655,NA,NA,NA,NA,NA,NA,NA,NA,128800,Orientation_PSA2018,32,108477,74,no,yes,1024
5316,SC_List03.csv,N,V,SC_Prac1.csv,赛车手把灭火器固定在车库墙上。,fire_extinguisherH.jpg,V,42.1052631579,42.1052631579,"[5, 11, 14, 18, 21, 25, 29, 34, 38, 42, 46]",1477.18421053,1477.18421053,#ffffff,yes,legacy,legacy,legacy,0,uniform,0,undefined,0,0,1,undefined,0,1,undefined,6,j,0,0,0,0,19,15,0,0,0,0,0,0,0,0,0,0,0,0,0,0,0,0,0,0,0,0,0,19,3,0,15,3,15,3,3,0,19,19,15,15,3,19,3,3,3,3,0,19,15,0,0,0,0,0,0,0,0,0,19,15,19,15,19,15,19,15,19,15,23,NA,19,0,0,0,19,0,0,0,0,0,0,0,0,0,0,0,0,12/18/19 19:10:43,no,Matching Tasks,yes,,no,no,no,OrientationCrossLanguages_2018PSA_SP_1.2.4.osexp,C:\Users\lenovo\Desktop\ACE project2019\Experiment\scripts,no,chinese-japanese-korean,no,18,no,#0000ff,no,简体中文,yes,768,no,legacy,19,4,5,19,C:/Users/lenovo/Desktop/ACE project2019/Experiment/scripts/subject-45.csv,legacy,no,Kafkaesque Koffka,3.2.8,no,一只乌龟在池塘对面的木筏上休息。,0,0,None,NA,NA,NA,NA,NA,space,NA,NA,NA,space,space,j,NA,NA,NA,NA,NA,space,NA,NA,NA,None,f,NA,NA,space,NA,NA,NA,NA,NA,NA,NA,NA,2000,NA,NA,NA,NA,NA,22392,NA,NA,NA,1811,1789,3471,NA,NA,NA,NA,NA,8759,NA,NA,NA,2000,810,NA,NA,1204,NA,NA,NA,NA,NA,NA,NA,NA,2,legacy,yes,1024,2,48000,-16,EXP,50,odd,Yes,no,no,NA,15651,NA,5501,242377,115304,NA,NA,NA,NA,NA,16864,NA,NA,NA,5509,14554,NA,NA,NA,NA,NA,15638,NA,NA,NA,15637,237892,238009,39270,119947,88249,115301,88249,88245,39270,243382,243383,116307,116307,238010,243387,238011,241485,238011,197810,NA,245179,118120,NA,NA,NA,NA,NA,120026,NA,NA,NA,245680,118624,245681,118634,232285,119447,248187,75313,247683,87657,248687,NA,NA,128799,39269,120024,242375,15651,128800,15655,NA,NA,NA,NA,NA,NA,NA,NA,128800,Orientation_PSA2018,32,112266,76,no,yes,1024
5316,SC_List03.csv,F,F,SC_Prac1.csv,查德买了一件他妻子不喜欢的新衬衫。,skirt.jpg,V,42.3076923077,42.3076923077,"[5, 11, 14, 18, 21, 25, 29, 34, 38, 42, 46]",1464.93589744,1464.93589744,#ffffff,yes,legacy,legacy,legacy,0,uniform,1,undefined,0,0,1,undefined,1,1,undefined,6,f,0,0,0,0,20,15,0,0,0,0,0,0,0,0,0,0,0,0,0,0,0,0,0,0,0,0,0,20,3,0,15,3,15,3,3,0,20,20,15,15,3,20,3,3,3,3,0,20,15,0,0,0,0,0,0,0,0,0,20,15,20,15,20,15,20,15,20,15,24,NA,20,0,0,0,20,0,0,0,0,0,0,0,0,0,0,0,0,12/18/19 19:10:43,no,Matching Tasks,yes,,no,no,no,OrientationCrossLanguages_2018PSA_SP_1.2.4.osexp,C:\Users\lenovo\Desktop\ACE project2019\Experiment\scripts,no,chinese-japanese-korean,no,18,no,#0000ff,no,简体中文,yes,768,no,legacy,20,4,5,20,C:/Users/lenovo/Desktop/ACE project2019/Experiment/scripts/subject-45.csv,legacy,no,Kafkaesque Koffka,3.2.8,no,一只乌龟在池塘对面的木筏上休息。,0,0,f,NA,NA,NA,NA,NA,space,NA,NA,NA,space,space,j,NA,NA,NA,NA,NA,space,NA,NA,NA,f,f,NA,NA,space,NA,NA,NA,NA,NA,NA,NA,NA,795,NA,NA,NA,NA,NA,22392,NA,NA,NA,1811,1204,3471,NA,NA,NA,NA,NA,8759,NA,NA,NA,795,810,NA,NA,1204,NA,NA,NA,NA,NA,NA,NA,NA,2,legacy,yes,1024,2,48000,-16,EXP,50,odd,Yes,no,no,NA,15651,NA,5501,248902,115304,NA,NA,NA,NA,NA,16864,NA,NA,NA,5509,14554,NA,NA,NA,NA,NA,15638,NA,NA,NA,15637,237892,238009,39270,119947,88249,115301,88249,88245,39270,249905,249905,116307,116307,238010,249908,238011,241485,238011,197810,NA,251115,118120,NA,NA,NA,NA,NA,120026,NA,NA,NA,251618,118624,251626,118634,252424,119447,248187,75313,247683,87657,252924,NA,NA,128799,39269,120024,248899,15651,128800,15655,NA,NA,NA,NA,NA,NA,NA,NA,128800,Orientation_PSA2018,33,114265,78,no,yes,1024
5316,SC_List03.csv,Y,H,SC_Prac1.csv,实验室助理将猴子笼子的钥匙插进锁里了。,keyH.jpg,V,42.5,42.5,"[5, 11, 14, 18, 21, 25, 29, 34, 38, 42, 46]",1449.5,1449.5,#ffffff,yes,legacy,legacy,legacy,0,uniform,1,undefined,0,0,1,undefined,1,1,undefined,6,j,0,0,0,0,21,15,0,0,0,0,0,0,0,0,0,0,0,0,0,0,0,0,0,0,0,0,0,21,3,0,15,3,15,3,3,0,21,21,15,15,3,21,3,3,3,3,0,21,15,0,0,0,0,0,0,0,0,0,21,15,21,15,21,15,21,15,21,15,25,NA,21,0,0,0,21,0,0,0,0,0,0,0,0,0,0,0,0,12/18/19 19:10:43,no,Matching Tasks,yes,,no,no,no,OrientationCrossLanguages_2018PSA_SP_1.2.4.osexp,C:\Users\lenovo\Desktop\ACE project2019\Experiment\scripts,no,chinese-japanese-korean,no,18,no,#0000ff,no,简体中文,yes,768,no,legacy,21,4,5,21,C:/Users/lenovo/Desktop/ACE project2019/Experiment/scripts/subject-45.csv,legacy,no,Kafkaesque Koffka,3.2.8,no,一只乌龟在池塘对面的木筏上休息。,0,0,j,NA,NA,NA,NA,NA,space,NA,NA,NA,space,space,j,NA,NA,NA,NA,NA,space,NA,NA,NA,j,f,NA,NA,space,NA,NA,NA,NA,NA,NA,NA,NA,641,NA,NA,NA,NA,NA,22392,NA,NA,NA,1811,1054,3471,NA,NA,NA,NA,NA,8759,NA,NA,NA,641,810,NA,NA,1204,NA,NA,NA,NA,NA,NA,NA,NA,2,legacy,yes,1024,2,48000,-16,EXP,50,odd,Yes,no,no,NA,15651,NA,5501,253227,115304,NA,NA,NA,NA,NA,16864,NA,NA,NA,5509,14554,NA,NA,NA,NA,NA,15638,NA,NA,NA,15637,237892,238009,39270,119947,88249,115301,88249,88245,39270,254233,254234,116307,116307,238010,254238,238011,241485,238011,197810,NA,255298,118120,NA,NA,NA,NA,NA,120026,NA,NA,NA,255801,118624,255802,118634,256446,119447,248187,75313,247683,87657,256946,NA,NA,128799,39269,120024,253225,15651,128800,15655,NA,NA,NA,NA,NA,NA,NA,NA,128800,Orientation_PSA2018,34,115960,80,no,yes,1024
5316,SC_List03.csv,Y,H,SC_Prac1.csv,实验室助理将猴子笼子的钥匙插进锁里了。,keyH.jpg,M,41.975308642,41.975308642,"[5, 11, 14, 18, 21, 25, 29, 34, 38, 42, 46]",1472.62962963,1472.62962963,#ffffff,yes,legacy,legacy,legacy,0,uniform,0,undefined,0,0,0,undefined,1,1,undefined,6,f,0,0,0,0,21,15,0,0,0,0,0,0,0,0,0,0,0,0,0,0,0,0,0,0,0,0,0,21,4,0,15,3,15,3,3,0,21,21,15,15,4,21,4,4,4,4,0,21,15,0,0,0,0,0,0,0,0,0,21,15,21,15,21,15,21,15,21,15,26,NA,21,0,0,0,21,0,0,0,0,0,0,0,0,0,0,0,0,12/18/19 19:10:43,no,Matching Tasks,yes,,no,no,no,OrientationCrossLanguages_2018PSA_SP_1.2.4.osexp,C:\Users\lenovo\Desktop\ACE project2019\Experiment\scripts,no,chinese-japanese-korean,no,18,no,#0000ff,no,简体中文,yes,768,no,legacy,0,4,5,21,C:/Users/lenovo/Desktop/ACE project2019/Experiment/scripts/subject-45.csv,legacy,no,Kafkaesque Koffka,3.2.8,no,杰西卡把酒瓶放到冰桶里，期待着一个浪漫夜晚的来临。,0,0,j,NA,NA,NA,NA,NA,space,NA,NA,NA,space,space,j,NA,NA,NA,NA,NA,space,NA,NA,NA,j,f,NA,NA,space,NA,NA,NA,NA,NA,NA,NA,NA,3323,NA,NA,NA,NA,NA,22392,NA,NA,NA,1811,1054,3323,NA,NA,NA,NA,NA,8759,NA,NA,NA,641,810,NA,NA,1204,NA,NA,NA,NA,NA,NA,NA,NA,2,legacy,yes,1024,2,48000,-16,EXP,50,odd,Yes,no,no,NA,15651,NA,5501,253227,115304,NA,NA,NA,NA,NA,16864,NA,NA,NA,5509,14554,NA,NA,NA,NA,NA,15638,NA,NA,NA,15637,257025,257169,39270,119947,88249,115301,88249,88245,39270,254233,254234,116307,116307,257172,254238,257174,241485,257174,260500,NA,255298,118120,NA,NA,NA,NA,NA,120026,NA,NA,NA,255801,118624,255802,118634,256446,119447,248187,75313,247683,87657,262000,NA,NA,128799,39269,120024,253225,15651,128800,15655,NA,NA,NA,NA,NA,NA,NA,NA,128800,Orientation_PSA2018,34,119283,81,no,yes,1024
5316,SC_List03.csv,F,F,SC_Prac1.csv,狙击手冷静地把瞄准镜安装在步枪上。,needle.jpg,V,42.1686746988,42.1686746988,"[5, 11, 14, 18, 21, 25, 29, 34, 38, 42, 46]",1472.48192771,1472.48192771,#ffffff,yes,legacy,legacy,legacy,0,uniform,1,undefined,0,0,0,undefined,1,1,undefined,6,f,0,0,0,0,22,15,0,0,0,0,0,0,0,0,0,0,0,0,0,0,0,0,0,0,0,0,0,22,4,0,15,3,15,3,3,0,22,22,15,15,4,22,4,4,4,4,0,22,15,0,0,0,0,0,0,0,0,0,22,15,22,15,22,15,22,15,22,15,27,NA,22,0,0,0,22,0,0,0,0,0,0,0,0,0,0,0,0,12/18/19 19:10:43,no,Matching Tasks,yes,,no,no,no,OrientationCrossLanguages_2018PSA_SP_1.2.4.osexp,C:\Users\lenovo\Desktop\ACE project2019\Experiment\scripts,no,chinese-japanese-korean,no,18,no,#0000ff,no,简体中文,yes,768,no,legacy,22,4,5,22,C:/Users/lenovo/Desktop/ACE project2019/Experiment/scripts/subject-45.csv,legacy,no,Kafkaesque Koffka,3.2.8,no,杰西卡把酒瓶放到冰桶里，期待着一个浪漫夜晚的来临。,0,0,f,NA,NA,NA,NA,NA,space,NA,NA,NA,space,space,j,NA,NA,NA,NA,NA,space,NA,NA,NA,f,f,NA,NA,space,NA,NA,NA,NA,NA,NA,NA,NA,701,NA,NA,NA,NA,NA,22392,NA,NA,NA,1811,2232,3323,NA,NA,NA,NA,NA,8759,NA,NA,NA,701,810,NA,NA,1204,NA,NA,NA,NA,NA,NA,NA,NA,2,legacy,yes,1024,2,48000,-16,EXP,50,odd,Yes,no,no,NA,15651,NA,5501,262316,115304,NA,NA,NA,NA,NA,16864,NA,NA,NA,5509,14554,NA,NA,NA,NA,NA,15638,NA,NA,NA,15637,257025,257169,39270,119947,88249,115301,88249,88245,39270,263322,263323,116307,116307,257172,263324,257174,241485,257174,260500,NA,265559,118120,NA,NA,NA,NA,NA,120026,NA,NA,NA,266064,118624,266067,118634,266779,119447,248187,75313,247683,87657,267279,NA,NA,128799,39269,120024,262311,15651,128800,15655,NA,NA,NA,NA,NA,NA,NA,NA,128800,Orientation_PSA2018,35,122216,83,no,yes,1024
5316,SC_List03.csv,Y,V,SC_Prac1.csv,图书馆员把那本书放回了书架。,bookV.jpg,V,42.3529411765,42.3529411765,"[5, 11, 14, 18, 21, 25, 29, 34, 38, 42, 46]",1463.56470588,1463.56470588,#ffffff,yes,legacy,legacy,legacy,0,uniform,1,undefined,0,0,0,undefined,1,1,undefined,6,j,0,0,0,0,23,15,0,0,0,0,0,0,0,0,0,0,0,0,0,0,0,0,0,0,0,0,0,23,4,0,15,3,15,3,3,0,23,23,15,15,4,23,4,4,4,4,0,23,15,0,0,0,0,0,0,0,0,0,23,15,23,15,23,15,23,15,23,15,28,NA,23,0,0,0,23,0,0,0,0,0,0,0,0,0,0,0,0,12/18/19 19:10:43,no,Matching Tasks,yes,,no,no,no,OrientationCrossLanguages_2018PSA_SP_1.2.4.osexp,C:\Users\lenovo\Desktop\ACE project2019\Experiment\scripts,no,chinese-japanese-korean,no,18,no,#0000ff,no,简体中文,yes,768,no,legacy,23,4,5,23,C:/Users/lenovo/Desktop/ACE project2019/Experiment/scripts/subject-45.csv,legacy,no,Kafkaesque Koffka,3.2.8,no,杰西卡把酒瓶放到冰桶里，期待着一个浪漫夜晚的来临。,0,0,j,NA,NA,NA,NA,NA,space,NA,NA,NA,space,space,j,NA,NA,NA,NA,NA,space,NA,NA,NA,j,f,NA,NA,space,NA,NA,NA,NA,NA,NA,NA,NA,686,NA,NA,NA,NA,NA,22392,NA,NA,NA,1811,1501,3323,NA,NA,NA,NA,NA,8759,NA,NA,NA,686,810,NA,NA,1204,NA,NA,NA,NA,NA,NA,NA,NA,2,legacy,yes,1024,2,48000,-16,EXP,50,odd,Yes,no,no,NA,15651,NA,5501,267667,115304,NA,NA,NA,NA,NA,16864,NA,NA,NA,5509,14554,NA,NA,NA,NA,NA,15638,NA,NA,NA,15637,257025,257169,39270,119947,88249,115301,88249,88245,39270,268673,268673,116307,116307,257172,268677,257174,241485,257174,260500,NA,270181,118120,NA,NA,NA,NA,NA,120026,NA,NA,NA,270686,118624,270691,118634,271382,119447,248187,75313,247683,87657,271882,NA,NA,128799,39269,120024,267664,15651,128800,15655,NA,NA,NA,NA,NA,NA,NA,NA,128800,Orientation_PSA2018,36,124403,85,no,yes,1024
5316,SC_List03.csv,Y,H,SC_Prac1.csv,麦克随意弹奏吉他为音乐会暖场。,guitarH.jpg,V,50,50,"[5, 11, 14, 18, 21, 25, 29, 34, 38, 42, 46]",1101,1101,#ffffff,yes,legacy,legacy,legacy,0,uniform,1,undefined,0,0,0,undefined,1,1,undefined,6,j,0,0,0,0,24,15,0,0,0,0,0,0,0,0,0,0,0,0,0,0,0,0,0,0,0,0,0,24,4,0,15,3,15,3,3,0,24,24,15,15,4,24,4,4,4,4,0,24,15,0,0,0,0,0,0,0,0,0,24,15,24,15,24,15,24,15,24,15,29,0,24,0,0,0,24,0,0,0,0,0,0,0,0,0,0,0,0,12/18/19 19:10:43,no,Matching Tasks,yes,,no,no,no,OrientationCrossLanguages_2018PSA_SP_1.2.4.osexp,C:\Users\lenovo\Desktop\ACE project2019\Experiment\scripts,no,chinese-japanese-korean,no,18,no,#0000ff,no,简体中文,yes,768,no,legacy,24,4,5,24,C:/Users/lenovo/Desktop/ACE project2019/Experiment/scripts/subject-45.csv,legacy,no,Kafkaesque Koffka,3.2.8,no,杰西卡把酒瓶放到冰桶里，期待着一个浪漫夜晚的来临。,0,0,j,NA,NA,NA,NA,NA,space,NA,NA,NA,space,space,j,NA,NA,NA,NA,NA,space,NA,NA,NA,j,f,space,NA,space,NA,NA,NA,NA,NA,NA,NA,NA,587,NA,NA,NA,NA,NA,22392,NA,NA,NA,1811,1615,3323,NA,NA,NA,NA,NA,8759,NA,NA,NA,587,810,2156,NA,1204,NA,NA,NA,NA,NA,NA,NA,NA,2,legacy,yes,1024,2,48000,-16,EXP,50,odd,Yes,no,no,NA,15651,NA,5501,274307,115304,NA,NA,NA,NA,NA,16864,NA,NA,NA,5509,14554,NA,NA,NA,NA,NA,15638,NA,NA,NA,15637,257025,257169,39270,119947,88249,115301,88249,88245,39270,275310,275310,116307,116307,257172,275320,257174,241485,257174,260500,NA,276942,118120,NA,NA,NA,NA,NA,120026,NA,NA,NA,277445,118624,277446,118634,278041,119447,248187,75313,247683,87657,278542,271994,NA,128799,39269,120024,274305,15651,128800,15655,NA,NA,NA,NA,NA,NA,NA,NA,128800,Orientation_PSA2018,1,2202,2,no,yes,1024
5316,SC_List03.csv,F,F,SC_Prac1.csv,修理工更换了这辆老式汽车的轮胎。,glass.jpg,V,50,50,"[5, 11, 14, 18, 21, 25, 29, 34, 38, 42, 46]",1068.5,1068.5,#ffffff,yes,legacy,legacy,legacy,0,uniform,1,undefined,0,0,0,undefined,1,1,undefined,6,f,0,0,0,0,25,15,0,0,0,0,0,0,0,0,0,0,0,0,0,0,0,0,0,0,0,0,0,25,4,0,15,3,15,3,3,0,25,25,15,15,4,25,4,4,4,4,0,25,15,0,0,0,0,0,0,0,0,0,25,15,25,15,25,15,25,15,25,15,30,0,25,0,0,0,25,0,0,0,0,0,0,0,0,0,0,0,0,12/18/19 19:10:43,no,Matching Tasks,yes,,no,no,no,OrientationCrossLanguages_2018PSA_SP_1.2.4.osexp,C:\Users\lenovo\Desktop\ACE project2019\Experiment\scripts,no,chinese-japanese-korean,no,18,no,#0000ff,no,简体中文,yes,768,no,legacy,25,4,5,25,C:/Users/lenovo/Desktop/ACE project2019/Experiment/scripts/subject-45.csv,legacy,no,Kafkaesque Koffka,3.2.8,no,杰西卡把酒瓶放到冰桶里，期待着一个浪漫夜晚的来临。,0,0,f,NA,NA,NA,NA,NA,space,NA,NA,NA,space,space,j,NA,NA,NA,NA,NA,space,NA,NA,NA,f,f,space,NA,space,NA,NA,NA,NA,NA,NA,NA,NA,619,NA,NA,NA,NA,NA,22392,NA,NA,NA,1811,1453,3323,NA,NA,NA,NA,NA,8759,NA,NA,NA,619,810,2156,NA,1204,NA,NA,NA,NA,NA,NA,NA,NA,2,legacy,yes,1024,2,48000,-16,EXP,50,odd,Yes,no,no,NA,15651,NA,5501,278791,115304,NA,NA,NA,NA,NA,16864,NA,NA,NA,5509,14554,NA,NA,NA,NA,NA,15638,NA,NA,NA,15637,257025,257169,39270,119947,88249,115301,88249,88245,39270,279795,279795,116307,116307,257172,279797,257174,241485,257174,260500,NA,281255,118120,NA,NA,NA,NA,NA,120026,NA,NA,NA,281760,118624,281770,118634,282392,119447,248187,75313,247683,87657,282892,271994,NA,128799,39269,120024,278789,15651,128800,15655,NA,NA,NA,NA,NA,NA,NA,NA,128800,Orientation_PSA2018,2,4274,4,no,yes,1024
5316,SC_List03.csv,F,F,SC_Prac1.csv,修理工更换了这辆老式汽车的轮胎。,glass.jpg,M,40,40,"[5, 11, 14, 18, 21, 25, 29, 34, 38, 42, 46]",1452.8,1452.8,#ffffff,yes,legacy,legacy,legacy,0,uniform,0,undefined,0,0,0,undefined,1,1,undefined,6,j,0,0,0,0,25,15,0,0,0,0,0,0,0,0,0,0,0,0,0,0,0,0,0,0,0,0,0,25,5,0,15,3,15,3,3,0,25,25,15,15,5,25,5,5,5,5,0,25,15,0,0,0,0,0,0,0,0,0,25,15,25,15,25,15,25,15,25,15,31,0,25,0,0,0,25,0,0,0,0,0,0,0,0,0,0,0,0,12/18/19 19:10:43,no,Matching Tasks,yes,,no,no,no,OrientationCrossLanguages_2018PSA_SP_1.2.4.osexp,C:\Users\lenovo\Desktop\ACE project2019\Experiment\scripts,no,chinese-japanese-korean,no,18,no,#0000ff,no,简体中文,yes,768,no,legacy,0,4,5,25,C:/Users/lenovo/Desktop/ACE project2019/Experiment/scripts/subject-45.csv,legacy,no,Kafkaesque Koffka,3.2.8,no,麦克随意弹奏吉他为音乐会暖场。,0,0,f,NA,NA,NA,NA,NA,space,NA,NA,NA,space,space,f,NA,NA,NA,NA,NA,space,NA,NA,NA,f,f,space,NA,space,NA,NA,NA,NA,NA,NA,NA,NA,2990,NA,NA,NA,NA,NA,22392,NA,NA,NA,1811,1453,2990,NA,NA,NA,NA,NA,8759,NA,NA,NA,619,810,2156,NA,1204,NA,NA,NA,NA,NA,NA,NA,NA,2,legacy,yes,1024,2,48000,-16,EXP,50,odd,Yes,no,no,NA,15651,NA,5501,278791,115304,NA,NA,NA,NA,NA,16864,NA,NA,NA,5509,14554,NA,NA,NA,NA,NA,15638,NA,NA,NA,15637,282958,283109,39270,119947,88249,115301,88249,88245,39270,279795,279795,116307,116307,283111,279797,283113,241485,283113,286105,NA,281255,118120,NA,NA,NA,NA,NA,120026,NA,NA,NA,281760,118624,281770,118634,282392,119447,248187,75313,247683,87657,287605,271994,NA,128799,39269,120024,278789,15651,128800,15655,NA,NA,NA,NA,NA,NA,NA,NA,128800,Orientation_PSA2018,2,7264,5,no,yes,1024
5316,SC_List03.csv,F,F,SC_Prac1.csv,梅兰莎把排球打过了网。,house.jpg,V,42.8571428571,42.8571428571,"[5, 11, 14, 18, 21, 25, 29, 34, 38, 42, 46]",1424.28571429,1424.28571429,#ffffff,yes,legacy,legacy,legacy,0,uniform,1,undefined,0,0,0,undefined,1,1,undefined,6,f,0,0,0,0,26,15,0,0,0,0,0,0,0,0,0,0,0,0,0,0,0,0,0,0,0,0,0,26,5,0,15,3,15,3,3,0,26,26,15,15,5,26,5,5,5,5,0,26,15,0,0,0,0,0,0,0,0,0,26,15,26,15,26,15,26,15,26,15,32,0,26,0,0,0,26,0,0,0,0,0,0,0,0,0,0,0,0,12/18/19 19:10:43,no,Matching Tasks,yes,,no,no,no,OrientationCrossLanguages_2018PSA_SP_1.2.4.osexp,C:\Users\lenovo\Desktop\ACE project2019\Experiment\scripts,no,chinese-japanese-korean,no,18,no,#0000ff,no,简体中文,yes,768,no,legacy,26,4,5,26,C:/Users/lenovo/Desktop/ACE project2019/Experiment/scripts/subject-45.csv,legacy,no,Kafkaesque Koffka,3.2.8,no,麦克随意弹奏吉他为音乐会暖场。,0,0,f,NA,NA,NA,NA,NA,space,NA,NA,NA,space,space,f,NA,NA,NA,NA,NA,space,NA,NA,NA,f,f,space,NA,space,NA,NA,NA,NA,NA,NA,NA,NA,1021,NA,NA,NA,NA,NA,22392,NA,NA,NA,1811,1685,2990,NA,NA,NA,NA,NA,8759,NA,NA,NA,1021,810,2156,NA,1204,NA,NA,NA,NA,NA,NA,NA,NA,2,legacy,yes,1024,2,48000,-16,EXP,50,odd,Yes,no,no,NA,15651,NA,5501,287958,115304,NA,NA,NA,NA,NA,16864,NA,NA,NA,5509,14554,NA,NA,NA,NA,NA,15638,NA,NA,NA,15637,282958,283109,39270,119947,88249,115301,88249,88245,39270,288961,288961,116307,116307,283111,288962,283113,241485,283113,286105,NA,290650,118120,NA,NA,NA,NA,NA,120026,NA,NA,NA,291155,118624,291160,118634,292183,119447,248187,75313,247683,87657,292684,271994,NA,128799,39269,120024,287956,15651,128800,15655,NA,NA,NA,NA,NA,NA,NA,NA,128800,Orientation_PSA2018,3,9970,7,no,yes,1024
5316,SC_List03.csv,F,F,SC_Prac1.csv,因为路面结冰，杰夫今天决定在家工作。,tlphon.jpg,V,44.4444444444,44.4444444444,"[5, 11, 14, 18, 21, 25, 29, 34, 38, 42, 46]",1477.88888889,1477.88888889,#ffffff,yes,legacy,legacy,legacy,0,uniform,1,undefined,0,0,0,undefined,1,1,undefined,6,f,0,0,0,0,27,15,0,0,0,0,0,0,0,0,0,0,0,0,0,0,0,0,0,0,0,0,0,27,5,0,15,3,15,3,3,0,27,27,15,15,5,27,5,5,5,5,0,27,15,0,0,0,0,0,0,0,0,0,27,15,27,15,27,15,27,15,27,15,33,0,27,0,0,0,27,0,0,0,0,0,0,0,0,0,0,0,0,12/18/19 19:10:43,no,Matching Tasks,yes,,no,no,no,OrientationCrossLanguages_2018PSA_SP_1.2.4.osexp,C:\Users\lenovo\Desktop\ACE project2019\Experiment\scripts,no,chinese-japanese-korean,no,18,no,#0000ff,no,简体中文,yes,768,no,legacy,27,4,5,27,C:/Users/lenovo/Desktop/ACE project2019/Experiment/scripts/subject-45.csv,legacy,no,Kafkaesque Koffka,3.2.8,no,麦克随意弹奏吉他为音乐会暖场。,0,0,f,NA,NA,NA,NA,NA,space,NA,NA,NA,space,space,f,NA,NA,NA,NA,NA,space,NA,NA,NA,f,f,space,NA,space,NA,NA,NA,NA,NA,NA,NA,NA,929,NA,NA,NA,NA,NA,22392,NA,NA,NA,1811,2402,2990,NA,NA,NA,NA,NA,8759,NA,NA,NA,929,810,2156,NA,1204,NA,NA,NA,NA,NA,NA,NA,NA,2,legacy,yes,1024,2,48000,-16,EXP,50,odd,Yes,no,no,NA,15651,NA,5501,292943,115304,NA,NA,NA,NA,NA,16864,NA,NA,NA,5509,14554,NA,NA,NA,NA,NA,15638,NA,NA,NA,15637,282958,283109,39270,119947,88249,115301,88249,88245,39270,293946,293946,116307,116307,283111,293947,283113,241485,283113,286105,NA,296351,118120,NA,NA,NA,NA,NA,120026,NA,NA,NA,296853,118624,296860,118634,297792,119447,248187,75313,247683,87657,298292,271994,NA,128799,39269,120024,292941,15651,128800,15655,NA,NA,NA,NA,NA,NA,NA,NA,128800,Orientation_PSA2018,4,13301,9,no,yes,1024
5316,SC_List03.csv,F,F,SC_Prac1.csv,出租车司机把收据给了那位正在抱怨的乘客。,knife.jpg,V,45.4545454545,45.4545454545,"[5, 11, 14, 18, 21, 25, 29, 34, 38, 42, 46]",1477.27272727,1477.27272727,#ffffff,yes,legacy,legacy,legacy,0,uniform,1,undefined,0,0,0,undefined,1,1,undefined,6,f,0,0,0,0,28,15,0,0,0,0,0,0,0,0,0,0,0,0,0,0,0,0,0,0,0,0,0,28,5,0,15,3,15,3,3,0,28,28,15,15,5,28,5,5,5,5,0,28,15,0,0,0,0,0,0,0,0,0,28,15,28,15,28,15,28,15,28,15,34,0,28,0,0,0,28,0,0,0,0,0,0,0,0,0,0,0,0,12/18/19 19:10:43,no,Matching Tasks,yes,,no,no,no,OrientationCrossLanguages_2018PSA_SP_1.2.4.osexp,C:\Users\lenovo\Desktop\ACE project2019\Experiment\scripts,no,chinese-japanese-korean,no,18,no,#0000ff,no,简体中文,yes,768,no,legacy,28,4,5,28,C:/Users/lenovo/Desktop/ACE project2019/Experiment/scripts/subject-45.csv,legacy,no,Kafkaesque Koffka,3.2.8,no,麦克随意弹奏吉他为音乐会暖场。,0,0,f,NA,NA,NA,NA,NA,space,NA,NA,NA,space,space,f,NA,NA,NA,NA,NA,space,NA,NA,NA,f,f,space,NA,space,NA,NA,NA,NA,NA,NA,NA,NA,683,NA,NA,NA,NA,NA,22392,NA,NA,NA,1811,2266,2990,NA,NA,NA,NA,NA,8759,NA,NA,NA,683,810,2156,NA,1204,NA,NA,NA,NA,NA,NA,NA,NA,2,legacy,yes,1024,2,48000,-16,EXP,50,odd,Yes,no,no,NA,15651,NA,5501,298570,115304,NA,NA,NA,NA,NA,16864,NA,NA,NA,5509,14554,NA,NA,NA,NA,NA,15638,NA,NA,NA,15637,282958,283109,39270,119947,88249,115301,88249,88245,39270,299573,299573,116307,116307,283111,299573,283113,241485,283113,286105,NA,301845,118120,NA,NA,NA,NA,NA,120026,NA,NA,NA,302347,118624,302348,118634,303034,119447,248187,75313,247683,87657,303534,271994,NA,128799,39269,120024,298567,15651,128800,15655,NA,NA,NA,NA,NA,NA,NA,NA,128800,Orientation_PSA2018,5,16250,11,no,yes,1024
5316,SC_List03.csv,N,H,SC_Prac1.csv,萨拉把昂贵的碟子摆在桌垫上。,plateV.jpg,V,46.1538461538,46.1538461538,"[5, 11, 14, 18, 21, 25, 29, 34, 38, 42, 46]",1452,1452,#ffffff,yes,legacy,legacy,legacy,0,uniform,1,undefined,0,0,0,undefined,1,1,undefined,6,j,0,0,0,0,29,15,0,0,0,0,0,0,0,0,0,0,0,0,0,0,0,0,0,0,0,0,0,29,5,0,15,3,15,3,3,0,29,29,15,15,5,29,5,5,5,5,0,29,15,0,0,0,0,0,0,0,0,0,29,15,29,15,29,15,29,15,29,15,35,0,29,0,0,0,29,0,0,0,0,0,0,0,0,0,0,0,0,12/18/19 19:10:43,no,Matching Tasks,yes,,no,no,no,OrientationCrossLanguages_2018PSA_SP_1.2.4.osexp,C:\Users\lenovo\Desktop\ACE project2019\Experiment\scripts,no,chinese-japanese-korean,no,18,no,#0000ff,no,简体中文,yes,768,no,legacy,29,4,5,29,C:/Users/lenovo/Desktop/ACE project2019/Experiment/scripts/subject-45.csv,legacy,no,Kafkaesque Koffka,3.2.8,no,麦克随意弹奏吉他为音乐会暖场。,0,0,j,NA,NA,NA,NA,NA,space,NA,NA,NA,space,space,f,NA,NA,NA,NA,NA,space,NA,NA,NA,j,f,space,NA,space,NA,NA,NA,NA,NA,NA,NA,NA,1252,NA,NA,NA,NA,NA,22392,NA,NA,NA,1811,1374,2990,NA,NA,NA,NA,NA,8759,NA,NA,NA,1252,810,2156,NA,1204,NA,NA,NA,NA,NA,NA,NA,NA,2,legacy,yes,1024,2,48000,-16,EXP,50,odd,Yes,no,no,NA,15651,NA,5501,303822,115304,NA,NA,NA,NA,NA,16864,NA,NA,NA,5509,14554,NA,NA,NA,NA,NA,15638,NA,NA,NA,15637,282958,283109,39270,119947,88249,115301,88249,88245,39270,304825,304825,116307,116307,283111,304825,283113,241485,283113,286105,NA,306202,118120,NA,NA,NA,NA,NA,120026,NA,NA,NA,306707,118624,306709,118634,307963,119447,248187,75313,247683,87657,308463,271994,NA,128799,39269,120024,303820,15651,128800,15655,NA,NA,NA,NA,NA,NA,NA,NA,128800,Orientation_PSA2018,6,18876,13,no,yes,1024
5316,SC_List03.csv,N,H,SC_Prac1.csv,萨拉把昂贵的碟子摆在桌垫上。,plateV.jpg,M,50,50,"[5, 11, 14, 18, 21, 25, 29, 34, 38, 42, 46]",1534.35714286,1534.35714286,#ffffff,yes,legacy,legacy,legacy,0,uniform,1,undefined,0,0,1,undefined,1,1,undefined,6,j,0,0,0,0,29,15,0,0,0,0,0,0,0,0,0,0,0,0,0,0,0,0,0,0,0,0,0,29,6,0,15,3,15,3,3,0,29,29,15,15,6,29,6,6,6,6,0,29,15,0,0,0,0,0,0,0,0,0,29,15,29,15,29,15,29,15,29,15,36,0,29,0,0,0,29,0,0,0,0,0,0,0,0,0,0,0,0,12/18/19 19:10:43,no,Matching Tasks,yes,,no,no,no,OrientationCrossLanguages_2018PSA_SP_1.2.4.osexp,C:\Users\lenovo\Desktop\ACE project2019\Experiment\scripts,no,chinese-japanese-korean,no,18,no,#0000ff,no,简体中文,yes,768,no,legacy,0,4,5,29,C:/Users/lenovo/Desktop/ACE project2019/Experiment/scripts/subject-45.csv,legacy,no,Kafkaesque Koffka,3.2.8,no,因为路面结冰，杰夫今天决定在家工作。,0,0,j,NA,NA,NA,NA,NA,space,NA,NA,NA,space,space,j,NA,NA,NA,NA,NA,space,NA,NA,NA,j,f,space,NA,space,NA,NA,NA,NA,NA,NA,NA,NA,2605,NA,NA,NA,NA,NA,22392,NA,NA,NA,1811,1374,2605,NA,NA,NA,NA,NA,8759,NA,NA,NA,1252,810,2156,NA,1204,NA,NA,NA,NA,NA,NA,NA,NA,2,legacy,yes,1024,2,48000,-16,EXP,50,odd,Yes,no,no,NA,15651,NA,5501,303822,115304,NA,NA,NA,NA,NA,16864,NA,NA,NA,5509,14554,NA,NA,NA,NA,NA,15638,NA,NA,NA,15637,308502,308646,39270,119947,88249,115301,88249,88245,39270,304825,304825,116307,116307,308646,304825,308648,311255,308648,286105,NA,306202,118120,NA,NA,NA,NA,NA,120026,NA,NA,NA,306707,118624,306709,118634,307963,119447,248187,75313,247683,87657,311755,271994,NA,128799,39269,120024,303820,15651,128800,15655,NA,NA,NA,NA,NA,NA,NA,NA,128800,Orientation_PSA2018,7,21481,14,no,yes,1024
5316,SC_List03.csv,N,H,SC_Prac1.csv,会计把钢笔夹在耳背上。,penV.jpg,V,50,50,"[5, 11, 14, 18, 21, 25, 29, 34, 38, 42, 46]",1521.875,1521.875,#ffffff,yes,legacy,legacy,legacy,0,uniform,1,undefined,0,0,1,undefined,1,1,undefined,6,j,0,0,0,0,30,15,0,0,0,0,0,0,0,0,0,0,0,0,0,0,0,0,0,0,0,0,0,30,6,0,15,3,15,3,3,0,30,30,15,15,6,30,6,6,6,6,0,30,15,0,0,0,0,0,0,0,0,0,30,15,30,15,30,15,30,15,30,15,37,0,30,0,0,0,30,0,0,0,0,0,0,0,0,0,0,0,0,12/18/19 19:10:43,no,Matching Tasks,yes,,no,no,no,OrientationCrossLanguages_2018PSA_SP_1.2.4.osexp,C:\Users\lenovo\Desktop\ACE project2019\Experiment\scripts,no,chinese-japanese-korean,no,18,no,#0000ff,no,简体中文,yes,768,no,legacy,30,4,5,30,C:/Users/lenovo/Desktop/ACE project2019/Experiment/scripts/subject-45.csv,legacy,no,Kafkaesque Koffka,3.2.8,no,因为路面结冰，杰夫今天决定在家工作。,0,0,j,NA,NA,NA,NA,NA,space,NA,NA,NA,space,space,j,NA,NA,NA,NA,NA,space,NA,NA,NA,j,f,space,NA,space,NA,NA,NA,NA,NA,NA,NA,NA,634,NA,NA,NA,NA,NA,22392,NA,NA,NA,1811,2235,2605,NA,NA,NA,NA,NA,8759,NA,NA,NA,634,810,2156,NA,1204,NA,NA,NA,NA,NA,NA,NA,NA,2,legacy,yes,1024,2,48000,-16,EXP,50,odd,Yes,no,no,NA,15651,NA,5501,312179,115304,NA,NA,NA,NA,NA,16864,NA,NA,NA,5509,14554,NA,NA,NA,NA,NA,15638,NA,NA,NA,15637,308502,308646,39270,119947,88249,115301,88249,88245,39270,313184,313184,116307,116307,308646,313185,308648,311255,308648,286105,NA,315426,118120,NA,NA,NA,NA,NA,120026,NA,NA,NA,315930,118624,315940,118634,316578,119447,248187,75313,247683,87657,317078,271994,NA,128799,39269,120024,312176,15651,128800,15655,NA,NA,NA,NA,NA,NA,NA,NA,128800,Orientation_PSA2018,8,24350,16,no,yes,1024
5316,SC_List03.csv,N,H,SC_Prac1.csv,那个年轻的丈夫准备把备用的轮胎放到车厢里面。,tireV.jpg,V,50,50,"[5, 11, 14, 18, 21, 25, 29, 34, 38, 42, 46]",1521,1521,#ffffff,yes,legacy,legacy,legacy,0,uniform,1,undefined,0,0,1,undefined,1,1,undefined,6,j,0,0,0,0,31,15,0,0,0,0,0,0,0,0,0,0,0,0,0,0,0,0,0,0,0,0,0,31,6,0,15,3,15,3,3,0,31,31,15,15,6,31,6,6,6,6,0,31,15,0,0,0,0,0,0,0,0,0,31,15,31,15,31,15,31,15,31,15,38,0,31,0,0,0,31,0,0,0,0,0,0,0,0,0,0,0,0,12/18/19 19:10:43,no,Matching Tasks,yes,,no,no,no,OrientationCrossLanguages_2018PSA_SP_1.2.4.osexp,C:\Users\lenovo\Desktop\ACE project2019\Experiment\scripts,no,chinese-japanese-korean,no,18,no,#0000ff,no,简体中文,yes,768,no,legacy,31,4,5,31,C:/Users/lenovo/Desktop/ACE project2019/Experiment/scripts/subject-45.csv,legacy,no,Kafkaesque Koffka,3.2.8,no,因为路面结冰，杰夫今天决定在家工作。,0,0,j,NA,NA,NA,NA,NA,space,NA,NA,NA,space,space,j,NA,NA,NA,NA,NA,space,NA,NA,NA,j,f,space,NA,space,NA,NA,NA,NA,NA,NA,NA,NA,583,NA,NA,NA,NA,NA,22392,NA,NA,NA,1811,2445,2605,NA,NA,NA,NA,NA,8759,NA,NA,NA,583,810,2156,NA,1204,NA,NA,NA,NA,NA,NA,NA,NA,2,legacy,yes,1024,2,48000,-16,EXP,50,odd,Yes,no,no,NA,15651,NA,5501,317409,115304,NA,NA,NA,NA,NA,16864,NA,NA,NA,5509,14554,NA,NA,NA,NA,NA,15638,NA,NA,NA,15637,308502,308646,39270,119947,88249,115301,88249,88245,39270,318412,318412,116307,116307,308646,318413,308648,311255,308648,286105,NA,320863,118120,NA,NA,NA,NA,NA,120026,NA,NA,NA,321369,118624,321378,118634,321964,119447,248187,75313,247683,87657,322464,271994,NA,128799,39269,120024,317405,15651,128800,15655,NA,NA,NA,NA,NA,NA,NA,NA,128800,Orientation_PSA2018,9,27378,18,no,yes,1024
5316,SC_List03.csv,N,H,SC_Prac1.csv,贝卡用剪刀在树上刻上自己姓名的首字母。,scssorV.jpg,V,50,50,"[5, 11, 14, 18, 21, 25, 29, 34, 38, 42, 46]",1463.45,1463.45,#ffffff,yes,legacy,legacy,legacy,0,uniform,1,undefined,0,0,1,undefined,1,1,undefined,6,j,0,0,0,0,32,15,0,0,0,0,0,0,0,0,0,0,0,0,0,0,0,0,0,0,0,0,0,32,6,0,15,3,15,3,3,0,32,32,15,15,6,32,6,6,6,6,0,32,15,0,0,0,0,0,0,0,0,0,32,15,32,15,32,15,32,15,32,15,39,0,32,0,0,0,32,0,0,0,0,0,0,0,0,0,0,0,0,12/18/19 19:10:43,no,Matching Tasks,yes,,no,no,no,OrientationCrossLanguages_2018PSA_SP_1.2.4.osexp,C:\Users\lenovo\Desktop\ACE project2019\Experiment\scripts,no,chinese-japanese-korean,no,18,no,#0000ff,no,简体中文,yes,768,no,legacy,32,4,5,32,C:/Users/lenovo/Desktop/ACE project2019/Experiment/scripts/subject-45.csv,legacy,no,Kafkaesque Koffka,3.2.8,no,因为路面结冰，杰夫今天决定在家工作。,0,0,j,NA,NA,NA,NA,NA,space,NA,NA,NA,space,space,j,NA,NA,NA,NA,NA,space,NA,NA,NA,j,f,space,NA,space,NA,NA,NA,NA,NA,NA,NA,NA,607,NA,NA,NA,NA,NA,22392,NA,NA,NA,1811,1284,2605,NA,NA,NA,NA,NA,8759,NA,NA,NA,607,810,2156,NA,1204,NA,NA,NA,NA,NA,NA,NA,NA,2,legacy,yes,1024,2,48000,-16,EXP,50,odd,Yes,no,no,NA,15651,NA,5501,322851,115304,NA,NA,NA,NA,NA,16864,NA,NA,NA,5509,14554,NA,NA,NA,NA,NA,15638,NA,NA,NA,15637,308502,308646,39270,119947,88249,115301,88249,88245,39270,323854,323854,116307,116307,308646,323855,308648,311255,308648,286105,NA,325144,118120,NA,NA,NA,NA,NA,120026,NA,NA,NA,325646,118624,325648,118634,326258,119447,248187,75313,247683,87657,326758,271994,NA,128799,39269,120024,322848,15651,128800,15655,NA,NA,NA,NA,NA,NA,NA,NA,128800,Orientation_PSA2018,10,29269,20,no,yes,1024
5316,SC_List03.csv,N,V,SC_Prac1.csv,这只毛毛虫沿着灯柱缓慢地爬行。,caterpillarH.jpg,V,50,50,"[5, 11, 14, 18, 21, 25, 29, 34, 38, 42, 46]",1419.63636364,1419.63636364,#ffffff,yes,legacy,legacy,legacy,0,uniform,1,undefined,0,0,1,undefined,1,1,undefined,6,j,0,0,0,0,33,15,0,0,0,0,0,0,0,0,0,0,0,0,0,0,0,0,0,0,0,0,0,33,6,0,15,3,15,3,3,0,33,33,15,15,6,33,6,6,6,6,0,33,15,0,0,0,0,0,0,0,0,0,33,15,33,15,33,15,33,15,33,15,40,0,33,0,0,0,33,0,0,0,0,0,0,0,0,0,0,0,0,12/18/19 19:10:43,no,Matching Tasks,yes,,no,no,no,OrientationCrossLanguages_2018PSA_SP_1.2.4.osexp,C:\Users\lenovo\Desktop\ACE project2019\Experiment\scripts,no,chinese-japanese-korean,no,18,no,#0000ff,no,简体中文,yes,768,no,legacy,33,4,5,33,C:/Users/lenovo/Desktop/ACE project2019/Experiment/scripts/subject-45.csv,legacy,no,Kafkaesque Koffka,3.2.8,no,因为路面结冰，杰夫今天决定在家工作。,0,0,j,NA,NA,NA,NA,NA,space,NA,NA,NA,space,space,j,NA,NA,NA,NA,NA,space,NA,NA,NA,j,f,space,NA,space,NA,NA,NA,NA,NA,NA,NA,NA,768,NA,NA,NA,NA,NA,22392,NA,NA,NA,1811,1195,2605,NA,NA,NA,NA,NA,8759,NA,NA,NA,768,810,2156,NA,1204,NA,NA,NA,NA,NA,NA,NA,NA,2,legacy,yes,1024,2,48000,-16,EXP,50,odd,Yes,no,no,NA,15651,NA,5501,327043,115304,NA,NA,NA,NA,NA,16864,NA,NA,NA,5509,14554,NA,NA,NA,NA,NA,15638,NA,NA,NA,15637,308502,308646,39270,119947,88249,115301,88249,88245,39270,328048,328048,116307,116307,308646,328049,308648,311255,308648,286105,NA,329247,118120,NA,NA,NA,NA,NA,120026,NA,NA,NA,329749,118624,329751,118634,330521,119447,248187,75313,247683,87657,331021,271994,NA,128799,39269,120024,327040,15651,128800,15655,NA,NA,NA,NA,NA,NA,NA,NA,128800,Orientation_PSA2018,11,31232,22,no,yes,1024
5316,SC_List03.csv,F,F,SC_Prac1.csv,酒保又倒了一杯威士忌给那位售貨員。,piano.jpg,V,50,50,"[5, 11, 14, 18, 21, 25, 29, 34, 38, 42, 46]",1380.79166667,1380.79166667,#ffffff,yes,legacy,legacy,legacy,0,uniform,1,undefined,0,0,1,undefined,1,1,undefined,6,f,0,0,0,0,34,15,0,0,0,0,0,0,0,0,0,0,0,0,0,0,0,0,0,0,0,0,0,34,6,0,15,3,15,3,3,0,34,34,15,15,6,34,6,6,6,6,0,34,15,0,0,0,0,0,0,0,0,0,34,15,34,15,34,15,34,15,34,15,41,0,34,0,0,0,34,0,0,0,0,0,0,0,0,0,0,0,0,12/18/19 19:10:43,no,Matching Tasks,yes,,no,no,no,OrientationCrossLanguages_2018PSA_SP_1.2.4.osexp,C:\Users\lenovo\Desktop\ACE project2019\Experiment\scripts,no,chinese-japanese-korean,no,18,no,#0000ff,no,简体中文,yes,768,no,legacy,34,4,5,34,C:/Users/lenovo/Desktop/ACE project2019/Experiment/scripts/subject-45.csv,legacy,no,Kafkaesque Koffka,3.2.8,no,因为路面结冰，杰夫今天决定在家工作。,0,0,f,NA,NA,NA,NA,NA,space,NA,NA,NA,space,space,j,NA,NA,NA,NA,NA,space,NA,NA,NA,f,f,space,NA,space,NA,NA,NA,NA,NA,NA,NA,NA,802,NA,NA,NA,NA,NA,22392,NA,NA,NA,1811,1105,2605,NA,NA,NA,NA,NA,8759,NA,NA,NA,802,810,2156,NA,1204,NA,NA,NA,NA,NA,NA,NA,NA,2,legacy,yes,1024,2,48000,-16,EXP,50,odd,Yes,no,no,NA,15651,NA,5501,331282,115304,NA,NA,NA,NA,NA,16864,NA,NA,NA,5509,14554,NA,NA,NA,NA,NA,15638,NA,NA,NA,15637,308502,308646,39270,119947,88249,115301,88249,88245,39270,332285,332286,116307,116307,308646,332287,308648,311255,308648,286105,NA,333395,118120,NA,NA,NA,NA,NA,120026,NA,NA,NA,333900,118624,333906,118634,334717,119447,248187,75313,247683,87657,335217,271994,NA,128799,39269,120024,331279,15651,128800,15655,NA,NA,NA,NA,NA,NA,NA,NA,128800,Orientation_PSA2018,12,33139,24,no,yes,1024
5316,SC_List03.csv,F,F,SC_Prac1.csv,酒保又倒了一杯威士忌给那位售貨員。,piano.jpg,M,52,52,"[5, 11, 14, 18, 21, 25, 29, 34, 38, 42, 46]",1390.88,1390.88,#ffffff,yes,legacy,legacy,legacy,0,uniform,1,undefined,0,0,1,undefined,1,1,undefined,6,j,0,0,0,0,34,15,0,0,0,0,0,0,0,0,0,0,0,0,0,0,0,0,0,0,0,0,0,34,7,0,15,3,15,3,3,0,34,34,15,15,7,34,7,7,7,7,0,34,15,0,0,0,0,0,0,0,0,0,34,15,34,15,34,15,34,15,34,15,42,0,34,0,0,0,34,0,0,0,0,0,0,0,0,0,0,0,0,12/18/19 19:10:43,no,Matching Tasks,yes,,no,no,no,OrientationCrossLanguages_2018PSA_SP_1.2.4.osexp,C:\Users\lenovo\Desktop\ACE project2019\Experiment\scripts,no,chinese-japanese-korean,no,18,no,#0000ff,no,简体中文,yes,768,no,legacy,0,4,5,34,C:/Users/lenovo/Desktop/ACE project2019/Experiment/scripts/subject-45.csv,legacy,no,Kafkaesque Koffka,3.2.8,no,这只毛毛虫沿着灯柱缓慢地爬行。,0,0,j,NA,NA,NA,NA,NA,space,NA,NA,NA,space,space,j,NA,NA,NA,NA,NA,space,NA,NA,NA,f,f,space,NA,space,NA,NA,NA,NA,NA,NA,NA,NA,1633,NA,NA,NA,NA,NA,22392,NA,NA,NA,1811,1105,1633,NA,NA,NA,NA,NA,8759,NA,NA,NA,802,810,2156,NA,1204,NA,NA,NA,NA,NA,NA,NA,NA,2,legacy,yes,1024,2,48000,-16,EXP,50,odd,Yes,no,no,NA,15651,NA,5501,331282,115304,NA,NA,NA,NA,NA,16864,NA,NA,NA,5509,14554,NA,NA,NA,NA,NA,15638,NA,NA,NA,15637,335269,335395,39270,119947,88249,115301,88249,88245,39270,332285,332286,116307,116307,335395,332287,335397,337032,335397,286105,NA,333395,118120,NA,NA,NA,NA,NA,120026,NA,NA,NA,333900,118624,333906,118634,334717,119447,248187,75313,247683,87657,337532,271994,NA,128799,39269,120024,331279,15651,128800,15655,NA,NA,NA,NA,NA,NA,NA,NA,128800,Orientation_PSA2018,13,34772,25,no,yes,1024
5316,SC_List03.csv,Y,V,SC_Prac1.csv,德雷克在球冲向他的时候把球棒高高举起。,batV.jpg,V,51.8518518519,51.8518518519,"[5, 11, 14, 18, 21, 25, 29, 34, 38, 42, 46]",1441.03703704,1441.03703704,#ffffff,yes,legacy,legacy,legacy,0,uniform,1,undefined,0,0,1,undefined,1,1,undefined,6,j,0,0,0,0,35,15,0,0,0,0,0,0,0,0,0,0,0,0,0,0,0,0,0,0,0,0,0,35,7,0,15,3,15,3,3,0,35,35,15,15,7,35,7,7,7,7,0,35,15,0,0,0,0,0,0,0,0,0,35,15,35,15,35,15,35,15,35,15,43,0,35,0,0,0,35,0,0,0,0,0,0,0,0,0,0,0,0,12/18/19 19:10:43,no,Matching Tasks,yes,,no,no,no,OrientationCrossLanguages_2018PSA_SP_1.2.4.osexp,C:\Users\lenovo\Desktop\ACE project2019\Experiment\scripts,no,chinese-japanese-korean,no,18,no,#0000ff,no,简体中文,yes,768,no,legacy,35,4,5,35,C:/Users/lenovo/Desktop/ACE project2019/Experiment/scripts/subject-45.csv,legacy,no,Kafkaesque Koffka,3.2.8,no,这只毛毛虫沿着灯柱缓慢地爬行。,0,0,j,NA,NA,NA,NA,NA,space,NA,NA,NA,space,space,j,NA,NA,NA,NA,NA,space,NA,NA,NA,j,f,space,NA,space,NA,NA,NA,NA,NA,NA,NA,NA,1244,NA,NA,NA,NA,NA,22392,NA,NA,NA,1811,2892,1633,NA,NA,NA,NA,NA,8759,NA,NA,NA,1244,810,2156,NA,1204,NA,NA,NA,NA,NA,NA,NA,NA,2,legacy,yes,1024,2,48000,-16,EXP,50,odd,Yes,no,no,NA,15651,NA,5501,337795,115304,NA,NA,NA,NA,NA,16864,NA,NA,NA,5509,14554,NA,NA,NA,NA,NA,15638,NA,NA,NA,15637,335269,335395,39270,119947,88249,115301,88249,88245,39270,338798,338798,116307,116307,335395,338799,335397,337032,335397,286105,NA,341693,118120,NA,NA,NA,NA,NA,120026,NA,NA,NA,342196,118624,342197,118634,343446,119447,248187,75313,247683,87657,343946,271994,NA,128799,39269,120024,337791,15651,128800,15655,NA,NA,NA,NA,NA,NA,NA,NA,128800,Orientation_PSA2018,14,38908,27,no,yes,1024
5316,SC_List03.csv,N,V,SC_Prac1.csv,娃娃用蜡笔在卧室的地板画了一个可爱的小猫。,crayonH.jpg,V,51.724137931,51.724137931,"[5, 11, 14, 18, 21, 25, 29, 34, 38, 42, 46]",1417.34482759,1417.34482759,#ffffff,yes,legacy,legacy,legacy,0,uniform,1,undefined,0,0,1,undefined,1,1,undefined,6,j,0,0,0,0,36,15,0,0,0,0,0,0,0,0,0,0,0,0,0,0,0,0,0,0,0,0,0,36,7,0,15,3,15,3,3,0,36,36,15,15,7,36,7,7,7,7,0,36,15,0,0,0,0,0,0,0,0,0,36,15,36,15,36,15,36,15,36,15,44,0,36,0,0,0,36,0,0,0,0,0,0,0,0,0,0,0,0,12/18/19 19:10:43,no,Matching Tasks,yes,,no,no,no,OrientationCrossLanguages_2018PSA_SP_1.2.4.osexp,C:\Users\lenovo\Desktop\ACE project2019\Experiment\scripts,no,chinese-japanese-korean,no,18,no,#0000ff,no,简体中文,yes,768,no,legacy,36,4,5,36,C:/Users/lenovo/Desktop/ACE project2019/Experiment/scripts/subject-45.csv,legacy,no,Kafkaesque Koffka,3.2.8,no,这只毛毛虫沿着灯柱缓慢地爬行。,0,0,j,NA,NA,NA,NA,NA,space,NA,NA,NA,space,space,j,NA,NA,NA,NA,NA,space,NA,NA,NA,j,f,space,NA,space,NA,NA,NA,NA,NA,NA,NA,NA,800,NA,NA,NA,NA,NA,22392,NA,NA,NA,1811,1395,1633,NA,NA,NA,NA,NA,8759,NA,NA,NA,800,810,2156,NA,1204,NA,NA,NA,NA,NA,NA,NA,NA,2,legacy,yes,1024,2,48000,-16,EXP,50,odd,Yes,no,no,NA,15651,NA,5501,344218,115304,NA,NA,NA,NA,NA,16864,NA,NA,NA,5509,14554,NA,NA,NA,NA,NA,15638,NA,NA,NA,15637,335269,335395,39270,119947,88249,115301,88249,88245,39270,345221,345221,116307,116307,335395,345222,335397,337032,335397,286105,NA,346621,118120,NA,NA,NA,NA,NA,120026,NA,NA,NA,347125,118624,347134,118634,347937,119447,248187,75313,247683,87657,348437,271994,NA,128799,39269,120024,344214,15651,128800,15655,NA,NA,NA,NA,NA,NA,NA,NA,128800,Orientation_PSA2018,15,41103,29,no,yes,1024
5316,SC_List03.csv,F,F,SC_Prac1.csv,那只狗兴奋地把骨头扔在了地毯上。,mitten.jpg,V,51.6129032258,51.6129032258,"[5, 11, 14, 18, 21, 25, 29, 34, 38, 42, 46]",1384.41935484,1384.41935484,#ffffff,yes,legacy,legacy,legacy,0,uniform,1,undefined,0,0,1,undefined,1,1,undefined,6,f,0,0,0,0,37,15,0,0,0,0,0,0,0,0,0,0,0,0,0,0,0,0,0,0,0,0,0,37,7,0,15,3,15,3,3,0,37,37,15,15,7,37,7,7,7,7,0,37,15,0,0,0,0,0,0,0,0,0,37,15,37,15,37,15,37,15,37,15,45,0,37,0,0,0,37,0,0,0,0,0,0,0,0,0,0,0,0,12/18/19 19:10:43,no,Matching Tasks,yes,,no,no,no,OrientationCrossLanguages_2018PSA_SP_1.2.4.osexp,C:\Users\lenovo\Desktop\ACE project2019\Experiment\scripts,no,chinese-japanese-korean,no,18,no,#0000ff,no,简体中文,yes,768,no,legacy,37,4,5,37,C:/Users/lenovo/Desktop/ACE project2019/Experiment/scripts/subject-45.csv,legacy,no,Kafkaesque Koffka,3.2.8,no,这只毛毛虫沿着灯柱缓慢地爬行。,0,0,f,NA,NA,NA,NA,NA,space,NA,NA,NA,space,space,j,NA,NA,NA,NA,NA,space,NA,NA,NA,f,f,space,NA,space,NA,NA,NA,NA,NA,NA,NA,NA,757,NA,NA,NA,NA,NA,22392,NA,NA,NA,1811,1057,1633,NA,NA,NA,NA,NA,8759,NA,NA,NA,757,810,2156,NA,1204,NA,NA,NA,NA,NA,NA,NA,NA,2,legacy,yes,1024,2,48000,-16,EXP,50,odd,Yes,no,no,NA,15651,NA,5501,348687,115304,NA,NA,NA,NA,NA,16864,NA,NA,NA,5509,14554,NA,NA,NA,NA,NA,15638,NA,NA,NA,15637,335269,335395,39270,119947,88249,115301,88249,88245,39270,349690,349690,116307,116307,335395,349691,335397,337032,335397,286105,NA,350753,118120,NA,NA,NA,NA,NA,120026,NA,NA,NA,351259,118624,351269,118634,352031,119447,248187,75313,247683,87657,352531,271994,NA,128799,39269,120024,348683,15651,128800,15655,NA,NA,NA,NA,NA,NA,NA,NA,128800,Orientation_PSA2018,16,42917,31,no,yes,1024
5316,SC_List03.csv,Y,H,SC_Prac1.csv,服务生欣赏莫宁的礼服时，不小心把酒杯打翻了。,glassH.jpg,V,51.5151515152,51.5151515152,"[5, 11, 14, 18, 21, 25, 29, 34, 38, 42, 46]",1352.60606061,1352.60606061,#ffffff,yes,legacy,legacy,legacy,0,uniform,1,undefined,0,0,1,undefined,1,1,undefined,6,j,0,0,0,0,38,15,0,0,0,0,0,0,0,0,0,0,0,0,0,0,0,0,0,0,0,0,0,38,7,0,15,3,15,3,3,0,38,38,15,15,7,38,7,7,7,7,0,38,15,0,0,0,0,0,0,0,0,0,38,15,38,15,38,15,38,15,38,15,46,0,38,0,0,0,38,0,0,0,0,0,0,0,0,0,0,0,0,12/18/19 19:10:43,no,Matching Tasks,yes,,no,no,no,OrientationCrossLanguages_2018PSA_SP_1.2.4.osexp,C:\Users\lenovo\Desktop\ACE project2019\Experiment\scripts,no,chinese-japanese-korean,no,18,no,#0000ff,no,简体中文,yes,768,no,legacy,38,4,5,38,C:/Users/lenovo/Desktop/ACE project2019/Experiment/scripts/subject-45.csv,legacy,no,Kafkaesque Koffka,3.2.8,no,这只毛毛虫沿着灯柱缓慢地爬行。,0,0,j,NA,NA,NA,NA,NA,space,NA,NA,NA,space,space,j,NA,NA,NA,NA,NA,space,NA,NA,NA,j,f,space,NA,space,NA,NA,NA,NA,NA,NA,NA,NA,631,NA,NA,NA,NA,NA,22392,NA,NA,NA,1811,1088,1633,NA,NA,NA,NA,NA,8759,NA,NA,NA,631,810,2156,NA,1204,NA,NA,NA,NA,NA,NA,NA,NA,2,legacy,yes,1024,2,48000,-16,EXP,50,odd,Yes,no,no,NA,15651,NA,5501,352843,115304,NA,NA,NA,NA,NA,16864,NA,NA,NA,5509,14554,NA,NA,NA,NA,NA,15638,NA,NA,NA,15637,335269,335395,39270,119947,88249,115301,88249,88245,39270,353848,353848,116307,116307,335395,353850,335397,337032,335397,286105,NA,354944,118120,NA,NA,NA,NA,NA,120026,NA,NA,NA,355447,118624,355452,118634,356086,119447,248187,75313,247683,87657,356586,271994,NA,128799,39269,120024,352840,15651,128800,15655,NA,NA,NA,NA,NA,NA,NA,NA,128800,Orientation_PSA2018,17,44636,33,no,yes,1024
5316,SC_List03.csv,Y,H,SC_Prac1.csv,服务生欣赏莫宁的礼服时，不小心把酒杯打翻了。,glassH.jpg,M,50,50,"[5, 11, 14, 18, 21, 25, 29, 34, 38, 42, 46]",1399.11764706,1399.11764706,#ffffff,yes,legacy,legacy,legacy,0,uniform,0,undefined,0,0,0,undefined,1,1,undefined,6,f,0,0,0,0,38,15,0,0,0,0,0,0,0,0,0,0,0,0,0,0,0,0,0,0,0,0,0,38,8,0,15,3,15,3,3,0,38,38,15,15,8,38,8,8,8,8,0,38,15,0,0,0,0,0,0,0,0,0,38,15,38,15,38,15,38,15,38,15,47,0,38,0,0,0,38,0,0,0,0,0,0,0,0,0,0,0,0,12/18/19 19:10:43,no,Matching Tasks,yes,,no,no,no,OrientationCrossLanguages_2018PSA_SP_1.2.4.osexp,C:\Users\lenovo\Desktop\ACE project2019\Experiment\scripts,no,chinese-japanese-korean,no,18,no,#0000ff,no,简体中文,yes,768,no,legacy,0,4,5,38,C:/Users/lenovo/Desktop/ACE project2019/Experiment/scripts/subject-45.csv,legacy,no,Kafkaesque Koffka,3.2.8,no,德雷克在球冲向他的时候把球棒高高举起。,0,0,j,NA,NA,NA,NA,NA,space,NA,NA,NA,space,space,j,NA,NA,NA,NA,NA,space,NA,NA,NA,j,f,space,NA,space,NA,NA,NA,NA,NA,NA,NA,NA,2934,NA,NA,NA,NA,NA,22392,NA,NA,NA,1811,1088,2934,NA,NA,NA,NA,NA,8759,NA,NA,NA,631,810,2156,NA,1204,NA,NA,NA,NA,NA,NA,NA,NA,2,legacy,yes,1024,2,48000,-16,EXP,50,odd,Yes,no,no,NA,15651,NA,5501,352843,115304,NA,NA,NA,NA,NA,16864,NA,NA,NA,5509,14554,NA,NA,NA,NA,NA,15638,NA,NA,NA,15637,356636,356765,39270,119947,88249,115301,88249,88245,39270,353848,353848,116307,116307,356767,353850,356769,337032,356769,359709,NA,354944,118120,NA,NA,NA,NA,NA,120026,NA,NA,NA,355447,118624,355452,118634,356086,119447,248187,75313,247683,87657,361209,271994,NA,128799,39269,120024,352840,15651,128800,15655,NA,NA,NA,NA,NA,NA,NA,NA,128800,Orientation_PSA2018,17,47570,34,no,yes,1024
5316,SC_List03.csv,N,V,SC_Prac1.csv,劳拉用衣夹把饰品挂起来了。,clothespinH.jpg,V,50,50,"[5, 11, 14, 18, 21, 25, 29, 34, 38, 42, 46]",1394.5,1394.5,#ffffff,yes,legacy,legacy,legacy,0,uniform,1,undefined,0,0,0,undefined,1,1,undefined,6,j,0,0,0,0,39,15,0,0,0,0,0,0,0,0,0,0,0,0,0,0,0,0,0,0,0,0,0,39,8,0,15,3,15,3,3,0,39,39,15,15,8,39,8,8,8,8,0,39,15,0,0,0,0,0,0,0,0,0,39,15,39,15,39,15,39,15,39,15,48,0,39,0,0,0,39,0,0,0,0,0,0,0,0,0,0,0,0,12/18/19 19:10:43,no,Matching Tasks,yes,,no,no,no,OrientationCrossLanguages_2018PSA_SP_1.2.4.osexp,C:\Users\lenovo\Desktop\ACE project2019\Experiment\scripts,no,chinese-japanese-korean,no,18,no,#0000ff,no,简体中文,yes,768,no,legacy,39,4,5,39,C:/Users/lenovo/Desktop/ACE project2019/Experiment/scripts/subject-45.csv,legacy,no,Kafkaesque Koffka,3.2.8,no,德雷克在球冲向他的时候把球棒高高举起。,0,0,j,NA,NA,NA,NA,NA,space,NA,NA,NA,space,space,j,NA,NA,NA,NA,NA,space,NA,NA,NA,j,f,space,NA,space,NA,NA,NA,NA,NA,NA,NA,NA,860,NA,NA,NA,NA,NA,22392,NA,NA,NA,1811,1772,2934,NA,NA,NA,NA,NA,8759,NA,NA,NA,860,810,2156,NA,1204,NA,NA,NA,NA,NA,NA,NA,NA,2,legacy,yes,1024,2,48000,-16,EXP,50,odd,Yes,no,no,NA,15651,NA,5501,361553,115304,NA,NA,NA,NA,NA,16864,NA,NA,NA,5509,14554,NA,NA,NA,NA,NA,15638,NA,NA,NA,15637,356636,356765,39270,119947,88249,115301,88249,88245,39270,362556,362556,116307,116307,356767,362556,356769,337032,356769,359709,NA,364334,118120,NA,NA,NA,NA,NA,120026,NA,NA,NA,364840,118624,364849,118634,365713,119447,248187,75313,247683,87657,366213,271994,NA,128799,39269,120024,361550,15651,128800,15655,NA,NA,NA,NA,NA,NA,NA,NA,128800,Orientation_PSA2018,18,50202,36,no,yes,1024
5316,SC_List03.csv,Y,V,SC_Prac1.csv,赢得掷斧比赛之后，那位伐木工人把斧头留在木桩边便离开了。,axeV.jpg,V,50,50,"[5, 11, 14, 18, 21, 25, 29, 34, 38, 42, 46]",1386.5,1386.5,#ffffff,yes,legacy,legacy,legacy,0,uniform,1,undefined,0,0,0,undefined,1,1,undefined,6,j,0,0,0,0,40,15,0,0,0,0,0,0,0,0,0,0,0,0,0,0,0,0,0,0,0,0,0,40,8,0,15,3,15,3,3,0,40,40,15,15,8,40,8,8,8,8,0,40,15,0,0,0,0,0,0,0,0,0,40,15,40,15,40,15,40,15,40,15,49,0,40,0,0,0,40,0,0,0,0,0,0,0,0,0,0,0,0,12/18/19 19:10:43,no,Matching Tasks,yes,,no,no,no,OrientationCrossLanguages_2018PSA_SP_1.2.4.osexp,C:\Users\lenovo\Desktop\ACE project2019\Experiment\scripts,no,chinese-japanese-korean,no,18,no,#0000ff,no,简体中文,yes,768,no,legacy,40,4,5,40,C:/Users/lenovo/Desktop/ACE project2019/Experiment/scripts/subject-45.csv,legacy,no,Kafkaesque Koffka,3.2.8,no,德雷克在球冲向他的时候把球棒高高举起。,0,0,j,NA,NA,NA,NA,NA,space,NA,NA,NA,space,space,j,NA,NA,NA,NA,NA,space,NA,NA,NA,j,f,space,NA,space,NA,NA,NA,NA,NA,NA,NA,NA,634,NA,NA,NA,NA,NA,22392,NA,NA,NA,1811,1851,2934,NA,NA,NA,NA,NA,8759,NA,NA,NA,634,810,2156,NA,1204,NA,NA,NA,NA,NA,NA,NA,NA,2,legacy,yes,1024,2,48000,-16,EXP,50,odd,Yes,no,no,NA,15651,NA,5501,366441,115304,NA,NA,NA,NA,NA,16864,NA,NA,NA,5509,14554,NA,NA,NA,NA,NA,15638,NA,NA,NA,15637,356636,356765,39270,119947,88249,115301,88249,88245,39270,367444,367444,116307,116307,356767,367445,356769,337032,356769,359709,NA,369301,118120,NA,NA,NA,NA,NA,120026,NA,NA,NA,369804,118624,369805,118634,370449,119447,248187,75313,247683,87657,370949,271994,NA,128799,39269,120024,366436,15651,128800,15655,NA,NA,NA,NA,NA,NA,NA,NA,128800,Orientation_PSA2018,19,52687,38,no,yes,1024
5316,SC_List03.csv,Y,V,SC_Prac1.csv,杰姆斯把碗放进洗碗机里的空位。,bowlV.jpg,V,50,50,"[5, 11, 14, 18, 21, 25, 29, 34, 38, 42, 46]",1367.35,1367.35,#ffffff,yes,legacy,legacy,legacy,0,uniform,1,undefined,0,0,0,undefined,1,1,undefined,6,j,0,0,0,0,41,15,0,0,0,0,0,0,0,0,0,0,0,0,0,0,0,0,0,0,0,0,0,41,8,0,15,3,15,3,3,0,41,41,15,15,8,41,8,8,8,8,0,41,15,0,0,0,0,0,0,0,0,0,41,15,41,15,41,15,41,15,41,15,50,0,41,0,0,0,41,0,0,0,0,0,0,0,0,0,0,0,0,12/18/19 19:10:43,no,Matching Tasks,yes,,no,no,no,OrientationCrossLanguages_2018PSA_SP_1.2.4.osexp,C:\Users\lenovo\Desktop\ACE project2019\Experiment\scripts,no,chinese-japanese-korean,no,18,no,#0000ff,no,简体中文,yes,768,no,legacy,41,4,5,41,C:/Users/lenovo/Desktop/ACE project2019/Experiment/scripts/subject-45.csv,legacy,no,Kafkaesque Koffka,3.2.8,no,德雷克在球冲向他的时候把球棒高高举起。,0,0,j,NA,NA,NA,NA,NA,space,NA,NA,NA,space,space,j,NA,NA,NA,NA,NA,space,NA,NA,NA,j,f,space,NA,space,NA,NA,NA,NA,NA,NA,NA,NA,602,NA,NA,NA,NA,NA,22392,NA,NA,NA,1811,1405,2934,NA,NA,NA,NA,NA,8759,NA,NA,NA,602,810,2156,NA,1204,NA,NA,NA,NA,NA,NA,NA,NA,2,legacy,yes,1024,2,48000,-16,EXP,50,odd,Yes,no,no,NA,15651,NA,5501,371283,115304,NA,NA,NA,NA,NA,16864,NA,NA,NA,5509,14554,NA,NA,NA,NA,NA,15638,NA,NA,NA,15637,356636,356765,39270,119947,88249,115301,88249,88245,39270,372288,372289,116307,116307,356767,372290,356769,337032,356769,359709,NA,373697,118120,NA,NA,NA,NA,NA,120026,NA,NA,NA,374201,118624,374211,118634,374820,119447,248187,75313,247683,87657,375321,271994,NA,128799,39269,120024,371280,15651,128800,15655,NA,NA,NA,NA,NA,NA,NA,NA,128800,Orientation_PSA2018,20,54694,40,no,yes,1024
5316,SC_List03.csv,F,F,SC_Prac1.csv,奶奶为孙女烤了一个薄饼。,watch.jpg,V,50,50,"[5, 11, 14, 18, 21, 25, 29, 34, 38, 42, 46]",1345.57142857,1345.57142857,#ffffff,yes,legacy,legacy,legacy,0,uniform,1,undefined,0,0,0,undefined,1,1,undefined,6,f,0,0,0,0,42,15,0,0,0,0,0,0,0,0,0,0,0,0,0,0,0,0,0,0,0,0,0,42,8,0,15,3,15,3,3,0,42,42,15,15,8,42,8,8,8,8,0,42,15,0,0,0,0,0,0,0,0,0,42,15,42,15,42,15,42,15,42,15,51,0,42,0,0,0,42,0,0,0,0,0,0,0,0,0,0,0,0,12/18/19 19:10:43,no,Matching Tasks,yes,,no,no,no,OrientationCrossLanguages_2018PSA_SP_1.2.4.osexp,C:\Users\lenovo\Desktop\ACE project2019\Experiment\scripts,no,chinese-japanese-korean,no,18,no,#0000ff,no,简体中文,yes,768,no,legacy,42,4,5,42,C:/Users/lenovo/Desktop/ACE project2019/Experiment/scripts/subject-45.csv,legacy,no,Kafkaesque Koffka,3.2.8,no,德雷克在球冲向他的时候把球棒高高举起。,0,0,f,NA,NA,NA,NA,NA,space,NA,NA,NA,space,space,j,NA,NA,NA,NA,NA,space,NA,NA,NA,f,f,space,NA,space,NA,NA,NA,NA,NA,NA,NA,NA,916,NA,NA,NA,NA,NA,22392,NA,NA,NA,1811,904,2934,NA,NA,NA,NA,NA,8759,NA,NA,NA,916,810,2156,NA,1204,NA,NA,NA,NA,NA,NA,NA,NA,2,legacy,yes,1024,2,48000,-16,EXP,50,odd,Yes,no,no,NA,15651,NA,5501,375633,115304,NA,NA,NA,NA,NA,16864,NA,NA,NA,5509,14554,NA,NA,NA,NA,NA,15638,NA,NA,NA,15637,356636,356765,39270,119947,88249,115301,88249,88245,39270,376635,376635,116307,116307,356767,376635,356769,337032,356769,359709,NA,377542,118120,NA,NA,NA,NA,NA,120026,NA,NA,NA,378048,118624,378056,118634,378975,119447,248187,75313,247683,87657,379475,271994,NA,128799,39269,120024,375631,15651,128800,15655,NA,NA,NA,NA,NA,NA,NA,NA,128800,Orientation_PSA2018,21,56514,42,no,yes,1024
5316,SC_List03.csv,F,F,SC_Prac1.csv,奶奶为孙女烤了一个薄饼。,watch.jpg,M,51.1627906977,51.1627906977,"[5, 11, 14, 18, 21, 25, 29, 34, 38, 42, 46]",1365.06976744,1365.06976744,#ffffff,yes,legacy,legacy,legacy,0,uniform,1,undefined,0,0,1,undefined,1,1,undefined,6,j,0,0,0,0,42,15,0,0,0,0,0,0,0,0,0,0,0,0,0,0,0,0,0,0,0,0,0,42,9,0,15,3,15,3,3,0,42,42,15,15,9,42,9,9,9,9,0,42,15,0,0,0,0,0,0,0,0,0,42,15,42,15,42,15,42,15,42,15,52,0,42,0,0,0,42,0,0,0,0,0,0,0,0,0,0,0,0,12/18/19 19:10:43,no,Matching Tasks,yes,,no,no,no,OrientationCrossLanguages_2018PSA_SP_1.2.4.osexp,C:\Users\lenovo\Desktop\ACE project2019\Experiment\scripts,no,chinese-japanese-korean,no,18,no,#0000ff,no,简体中文,yes,768,no,legacy,0,4,5,42,C:/Users/lenovo/Desktop/ACE project2019/Experiment/scripts/subject-45.csv,legacy,no,Kafkaesque Koffka,3.2.8,no,奶奶为孙女烤了一个薄饼。,0,0,j,NA,NA,NA,NA,NA,space,NA,NA,NA,space,space,j,NA,NA,NA,NA,NA,space,NA,NA,NA,f,f,space,NA,space,NA,NA,NA,NA,NA,NA,NA,NA,2184,NA,NA,NA,NA,NA,22392,NA,NA,NA,1811,904,2184,NA,NA,NA,NA,NA,8759,NA,NA,NA,916,810,2156,NA,1204,NA,NA,NA,NA,NA,NA,NA,NA,2,legacy,yes,1024,2,48000,-16,EXP,50,odd,Yes,no,no,NA,15651,NA,5501,375633,115304,NA,NA,NA,NA,NA,16864,NA,NA,NA,5509,14554,NA,NA,NA,NA,NA,15638,NA,NA,NA,15637,379548,379735,39270,119947,88249,115301,88249,88245,39270,376635,376635,116307,116307,379738,376635,379739,381926,379739,359709,NA,377542,118120,NA,NA,NA,NA,NA,120026,NA,NA,NA,378048,118624,378056,118634,378975,119447,248187,75313,247683,87657,382426,271994,NA,128799,39269,120024,375631,15651,128800,15655,NA,NA,NA,NA,NA,NA,NA,NA,128800,Orientation_PSA2018,22,58698,43,no,yes,1024
5316,SC_List03.csv,F,F,SC_Prac1.csv,游泳的人们被鳄鱼吓坏了。,stove.jpg,V,51.1111111111,51.1111111111,"[5, 11, 14, 18, 21, 25, 29, 34, 38, 42, 46]",1351.53333333,1351.53333333,#ffffff,yes,legacy,legacy,legacy,0,uniform,1,undefined,0,0,1,undefined,1,1,undefined,6,f,0,0,0,0,43,15,0,0,0,0,0,0,0,0,0,0,0,0,0,0,0,0,0,0,0,0,0,43,9,0,15,3,15,3,3,0,43,43,15,15,9,43,9,9,9,9,0,43,15,0,0,0,0,0,0,0,0,0,43,15,43,15,43,15,43,15,43,15,53,0,43,0,0,0,43,0,0,0,0,0,0,0,0,0,0,0,0,12/18/19 19:10:43,no,Matching Tasks,yes,,no,no,no,OrientationCrossLanguages_2018PSA_SP_1.2.4.osexp,C:\Users\lenovo\Desktop\ACE project2019\Experiment\scripts,no,chinese-japanese-korean,no,18,no,#0000ff,no,简体中文,yes,768,no,legacy,43,4,5,43,C:/Users/lenovo/Desktop/ACE project2019/Experiment/scripts/subject-45.csv,legacy,no,Kafkaesque Koffka,3.2.8,no,奶奶为孙女烤了一个薄饼。,0,0,f,NA,NA,NA,NA,NA,space,NA,NA,NA,space,space,j,NA,NA,NA,NA,NA,space,NA,NA,NA,f,f,space,NA,space,NA,NA,NA,NA,NA,NA,NA,NA,710,NA,NA,NA,NA,NA,22392,NA,NA,NA,1811,1411,2184,NA,NA,NA,NA,NA,8759,NA,NA,NA,710,810,2156,NA,1204,NA,NA,NA,NA,NA,NA,NA,NA,2,legacy,yes,1024,2,48000,-16,EXP,50,odd,Yes,no,no,NA,15651,NA,5501,382682,115304,NA,NA,NA,NA,NA,16864,NA,NA,NA,5509,14554,NA,NA,NA,NA,NA,15638,NA,NA,NA,15637,379548,379735,39270,119947,88249,115301,88249,88245,39270,383688,383688,116307,116307,379738,383690,379739,381926,379739,359709,NA,385104,118120,NA,NA,NA,NA,NA,120026,NA,NA,NA,385610,118624,385613,118634,386331,119447,248187,75313,247683,87657,386832,271994,NA,128799,39269,120024,382680,15651,128800,15655,NA,NA,NA,NA,NA,NA,NA,NA,128800,Orientation_PSA2018,23,60819,45,no,yes,1024
5316,SC_List03.csv,F,F,SC_Prac1.csv,猴子毫不费力地爬上树吃香蕉。,wrench.jpg,V,51.0638297872,51.0638297872,"[5, 11, 14, 18, 21, 25, 29, 34, 38, 42, 46]",1335.0212766,1335.0212766,#ffffff,yes,legacy,legacy,legacy,0,uniform,1,undefined,0,0,1,undefined,1,1,undefined,6,f,0,0,0,0,44,15,0,0,0,0,0,0,0,0,0,0,0,0,0,0,0,0,0,0,0,0,0,44,9,0,15,3,15,3,3,0,44,44,15,15,9,44,9,9,9,9,0,44,15,0,0,0,0,0,0,0,0,0,44,15,44,15,44,15,44,15,44,15,54,0,44,0,0,0,44,0,0,0,0,0,0,0,0,0,0,0,0,12/18/19 19:10:43,no,Matching Tasks,yes,,no,no,no,OrientationCrossLanguages_2018PSA_SP_1.2.4.osexp,C:\Users\lenovo\Desktop\ACE project2019\Experiment\scripts,no,chinese-japanese-korean,no,18,no,#0000ff,no,简体中文,yes,768,no,legacy,44,4,5,44,C:/Users/lenovo/Desktop/ACE project2019/Experiment/scripts/subject-45.csv,legacy,no,Kafkaesque Koffka,3.2.8,no,奶奶为孙女烤了一个薄饼。,0,0,f,NA,NA,NA,NA,NA,space,NA,NA,NA,space,space,j,NA,NA,NA,NA,NA,space,NA,NA,NA,f,f,space,NA,space,NA,NA,NA,NA,NA,NA,NA,NA,673,NA,NA,NA,NA,NA,22392,NA,NA,NA,1811,1254,2184,NA,NA,NA,NA,NA,8759,NA,NA,NA,673,810,2156,NA,1204,NA,NA,NA,NA,NA,NA,NA,NA,2,legacy,yes,1024,2,48000,-16,EXP,50,odd,Yes,no,no,NA,15651,NA,5501,387158,115304,NA,NA,NA,NA,NA,16864,NA,NA,NA,5509,14554,NA,NA,NA,NA,NA,15638,NA,NA,NA,15637,379548,379735,39270,119947,88249,115301,88249,88245,39270,388161,388161,116307,116307,379738,388162,379739,381926,379739,359709,NA,389420,118120,NA,NA,NA,NA,NA,120026,NA,NA,NA,389923,118624,389928,118634,390607,119447,248187,75313,247683,87657,391107,271994,NA,128799,39269,120024,387153,15651,128800,15655,NA,NA,NA,NA,NA,NA,NA,NA,128800,Orientation_PSA2018,24,62746,47,no,yes,1024
5316,SC_List03.csv,Y,H,SC_Prac1.csv,弗兰克用熨斗烫裤子，希望自己不会迟到。,ironH.jpg,V,51.0204081633,51.0204081633,"[5, 11, 14, 18, 21, 25, 29, 34, 38, 42, 46]",1324.75510204,1324.75510204,#ffffff,yes,legacy,legacy,legacy,0,uniform,1,undefined,0,0,1,undefined,1,1,undefined,6,j,0,0,0,0,45,15,0,0,0,0,0,0,0,0,0,0,0,0,0,0,0,0,0,0,0,0,0,45,9,0,15,3,15,3,3,0,45,45,15,15,9,45,9,9,9,9,0,45,15,0,0,0,0,0,0,0,0,0,45,15,45,15,45,15,45,15,45,15,55,0,45,0,0,0,45,0,0,0,0,0,0,0,0,0,0,0,0,12/18/19 19:10:43,no,Matching Tasks,yes,,no,no,no,OrientationCrossLanguages_2018PSA_SP_1.2.4.osexp,C:\Users\lenovo\Desktop\ACE project2019\Experiment\scripts,no,chinese-japanese-korean,no,18,no,#0000ff,no,简体中文,yes,768,no,legacy,45,4,5,45,C:/Users/lenovo/Desktop/ACE project2019/Experiment/scripts/subject-45.csv,legacy,no,Kafkaesque Koffka,3.2.8,no,奶奶为孙女烤了一个薄饼。,0,0,j,NA,NA,NA,NA,NA,space,NA,NA,NA,space,space,j,NA,NA,NA,NA,NA,space,NA,NA,NA,j,f,space,NA,space,NA,NA,NA,NA,NA,NA,NA,NA,663,NA,NA,NA,NA,NA,22392,NA,NA,NA,1811,1504,2184,NA,NA,NA,NA,NA,8759,NA,NA,NA,663,810,2156,NA,1204,NA,NA,NA,NA,NA,NA,NA,NA,2,legacy,yes,1024,2,48000,-16,EXP,50,odd,Yes,no,no,NA,15651,NA,5501,391378,115304,NA,NA,NA,NA,NA,16864,NA,NA,NA,5509,14554,NA,NA,NA,NA,NA,15638,NA,NA,NA,15637,379548,379735,39270,119947,88249,115301,88249,88245,39270,392382,392382,116307,116307,379738,392383,379739,381926,379739,359709,NA,393894,118120,NA,NA,NA,NA,NA,120026,NA,NA,NA,394397,118624,394398,118634,395072,119447,248187,75313,247683,87657,395572,271994,NA,128799,39269,120024,391373,15651,128800,15655,NA,NA,NA,NA,NA,NA,NA,NA,128800,Orientation_PSA2018,25,64913,49,no,yes,1024
5316,SC_List03.csv,F,F,SC_Prac1.csv,教练生气地把水壶扔到了地上。,ftball.jpg,V,50.9803921569,50.9803921569,"[5, 11, 14, 18, 21, 25, 29, 34, 38, 42, 46]",1312.03921569,1312.03921569,#ffffff,yes,legacy,legacy,legacy,0,uniform,1,undefined,0,0,1,undefined,1,1,undefined,6,f,0,0,0,0,46,15,0,0,0,0,0,0,0,0,0,0,0,0,0,0,0,0,0,0,0,0,0,46,9,0,15,3,15,3,3,0,46,46,15,15,9,46,9,9,9,9,0,46,15,0,0,0,0,0,0,0,0,0,46,15,46,15,46,15,46,15,46,15,56,0,46,0,0,0,46,0,0,0,0,0,0,0,0,0,0,0,0,12/18/19 19:10:43,no,Matching Tasks,yes,,no,no,no,OrientationCrossLanguages_2018PSA_SP_1.2.4.osexp,C:\Users\lenovo\Desktop\ACE project2019\Experiment\scripts,no,chinese-japanese-korean,no,18,no,#0000ff,no,简体中文,yes,768,no,legacy,46,4,5,46,C:/Users/lenovo/Desktop/ACE project2019/Experiment/scripts/subject-45.csv,legacy,no,Kafkaesque Koffka,3.2.8,no,奶奶为孙女烤了一个薄饼。,0,0,f,NA,NA,NA,NA,NA,space,NA,NA,NA,space,space,j,NA,NA,NA,NA,NA,space,NA,NA,NA,f,f,space,NA,space,NA,NA,NA,NA,NA,NA,NA,NA,1088,NA,NA,NA,NA,NA,22392,NA,NA,NA,1811,913,2184,NA,NA,NA,NA,NA,8759,NA,NA,NA,1088,810,2156,NA,1204,NA,NA,NA,NA,NA,NA,NA,NA,2,legacy,yes,1024,2,48000,-16,EXP,50,odd,Yes,no,no,NA,15651,NA,5501,395838,115304,NA,NA,NA,NA,NA,16864,NA,NA,NA,5509,14554,NA,NA,NA,NA,NA,15638,NA,NA,NA,15637,379548,379735,39270,119947,88249,115301,88249,88245,39270,396842,396842,116307,116307,379738,396842,379739,381926,379739,359709,NA,397758,118120,NA,NA,NA,NA,NA,120026,NA,NA,NA,398260,118624,398264,118634,399357,119447,248187,75313,247683,87657,399858,271994,NA,128799,39269,120024,395836,15651,128800,15655,NA,NA,NA,NA,NA,NA,NA,NA,128800,Orientation_PSA2018,26,66914,51,no,yes,1024
5316,SC_List03.csv,F,F,SC_Prac1.csv,教练生气地把水壶扔到了地上。,ftball.jpg,M,50,50,"[5, 11, 14, 18, 21, 25, 29, 34, 38, 42, 46]",1344.07692308,1344.07692308,#ffffff,yes,legacy,legacy,legacy,0,uniform,0,undefined,0,0,0,undefined,1,1,undefined,6,j,0,0,0,0,46,15,0,0,0,0,0,0,0,0,0,0,0,0,0,0,0,0,0,0,0,0,0,46,10,0,15,3,15,3,3,0,46,46,15,15,10,46,10,10,10,10,0,46,15,0,0,0,0,0,0,0,0,0,46,15,46,15,46,15,46,15,46,15,57,0,46,0,0,0,46,0,0,0,0,0,0,0,0,0,0,0,0,12/18/19 19:10:43,no,Matching Tasks,yes,,no,no,no,OrientationCrossLanguages_2018PSA_SP_1.2.4.osexp,C:\Users\lenovo\Desktop\ACE project2019\Experiment\scripts,no,chinese-japanese-korean,no,18,no,#0000ff,no,简体中文,yes,768,no,legacy,0,4,5,46,C:/Users/lenovo/Desktop/ACE project2019/Experiment/scripts/subject-45.csv,legacy,no,Kafkaesque Koffka,3.2.8,no,弗兰克用熨斗烫裤子，希望自己不会迟到。,0,0,f,NA,NA,NA,NA,NA,space,NA,NA,NA,space,space,f,NA,NA,NA,NA,NA,space,NA,NA,NA,f,f,space,NA,space,NA,NA,NA,NA,NA,NA,NA,NA,2978,NA,NA,NA,NA,NA,22392,NA,NA,NA,1811,913,2978,NA,NA,NA,NA,NA,8759,NA,NA,NA,1088,810,2156,NA,1204,NA,NA,NA,NA,NA,NA,NA,NA,2,legacy,yes,1024,2,48000,-16,EXP,50,odd,Yes,no,no,NA,15651,NA,5501,395838,115304,NA,NA,NA,NA,NA,16864,NA,NA,NA,5509,14554,NA,NA,NA,NA,NA,15638,NA,NA,NA,15637,399914,400080,39270,119947,88249,115301,88249,88245,39270,396842,396842,116307,116307,400080,396842,400082,381926,400082,403062,NA,397758,118120,NA,NA,NA,NA,NA,120026,NA,NA,NA,398260,118624,398264,118634,399357,119447,248187,75313,247683,87657,404562,271994,NA,128799,39269,120024,395836,15651,128800,15655,NA,NA,NA,NA,NA,NA,NA,NA,128800,Orientation_PSA2018,26,69892,52,no,yes,1024
5316,SC_List03.csv,F,F,SC_Prac1.csv,泰德向朋友们炫耀他的新摩托车。,ring.jpg,V,50,50,"[5, 11, 14, 18, 21, 25, 29, 34, 38, 42, 46]",1329.44444444,1329.44444444,#ffffff,yes,legacy,legacy,legacy,0,uniform,1,undefined,0,0,0,undefined,1,1,undefined,6,f,0,0,0,0,47,15,0,0,0,0,0,0,0,0,0,0,0,0,0,0,0,0,0,0,0,0,0,47,10,0,15,3,15,3,3,0,47,47,15,15,10,47,10,10,10,10,0,47,15,0,0,0,0,0,0,0,0,0,47,15,47,15,47,15,47,15,47,15,58,0,47,0,0,0,47,0,0,0,0,0,0,0,0,0,0,0,0,12/18/19 19:10:43,no,Matching Tasks,yes,,no,no,no,OrientationCrossLanguages_2018PSA_SP_1.2.4.osexp,C:\Users\lenovo\Desktop\ACE project2019\Experiment\scripts,no,chinese-japanese-korean,no,18,no,#0000ff,no,简体中文,yes,768,no,legacy,47,4,5,47,C:/Users/lenovo/Desktop/ACE project2019/Experiment/scripts/subject-45.csv,legacy,no,Kafkaesque Koffka,3.2.8,no,弗兰克用熨斗烫裤子，希望自己不会迟到。,0,0,f,NA,NA,NA,NA,NA,space,NA,NA,NA,space,space,f,NA,NA,NA,NA,NA,space,NA,NA,NA,f,f,space,NA,space,NA,NA,NA,NA,NA,NA,NA,NA,632,NA,NA,NA,NA,NA,22392,NA,NA,NA,1811,1266,2978,NA,NA,NA,NA,NA,8759,NA,NA,NA,632,810,2156,NA,1204,NA,NA,NA,NA,NA,NA,NA,NA,2,legacy,yes,1024,2,48000,-16,EXP,50,odd,Yes,no,no,NA,15651,NA,5501,404830,115304,NA,NA,NA,NA,NA,16864,NA,NA,NA,5509,14554,NA,NA,NA,NA,NA,15638,NA,NA,NA,15637,399914,400080,39270,119947,88249,115301,88249,88245,39270,405832,405832,116307,116307,400080,405832,400082,381926,400082,403062,NA,407101,118120,NA,NA,NA,NA,NA,120026,NA,NA,NA,407606,118624,407613,118634,408248,119447,248187,75313,247683,87657,408748,271994,NA,128799,39269,120024,404825,15651,128800,15655,NA,NA,NA,NA,NA,NA,NA,NA,128800,Orientation_PSA2018,27,71790,54,no,yes,1024
