"Identical","LAB_SEED","Orientation1","Orientation2","PPList","Picture1","Picture2","acc","accuracy","average_response_time","avg_rt","background","bidi","canvas_backend","clock_backend","color_backend","compensation","coordinates","correct","correct_Pictures_response","correct_Start_SC","correct_Target_response_Prac","correct_Welcome_PP_SC","correct_count","correct_response","count_Check_This","count_Disable_Mouse","count_EXP","count_LAB_SEED","count_Language_Selection","count_List_Select","count_List_Selection","count_Pictures_Break","count_Pictures_End","count_Pictures_Exp","count_Pictures_Fixation","count_Pictures_Fixation_Prac","count_Pictures_Prac","count_Pictures_Start","count_Pictures_Target","count_Pictures_Trial","count_Pictures_Welcome","count_Pictures_loop","count_Pictures_response","count_Pictures_response_correct","count_Pictures_response_noans","count_Pictures_response_wrong","count_Prac","count_Prac_Count","count_Prac_Reset","count_Prac_Trial","count_Prac_loop","count_Prac_seq","count_Prac_setup","count_Start_DE","count_Start_E","count_Start_HUN","count_Start_NOR","count_Start_PL","count_Start_SC","count_Start_TC","count_Start_THAI","count_Target_Prac","count_Target_response_Prac","count_Target_response_correct_Prac","count_Target_response_noans_Prac","count_Target_response_wrong_Prac","count_Trial_logger","count_Welcome_PP_DE","count_Welcome_PP_E","count_Welcome_PP_HUN","count_Welcome_PP_NOR","count_Welcome_PP_PL","count_Welcome_PP_SC","count_Welcome_PP_TC","count_Welcome_PP_THAI","datetime","de","description","disable_garbage_collection","empty_column","en","experiment_file","experiment_path","font_bold","font_family","font_italic","font_size","font_underline","foreground","form_clicks","form_response","fullscreen","height","hun","keyboard_backend","live_row","live_row_Pictures_loop","live_row_Prac","live_row_Prac_loop","logfile","mouse_backend","nor","opensesame_codename","opensesame_version","osf_always_upload_experiment","osf_id","pol","repeat_cycle","reset_loop","response","response_Pictures_Break","response_Pictures_End","response_Pictures_response","response_Start_DE","response_Start_E","response_Start_HUN","response_Start_NOR","response_Start_PL","response_Start_SC","response_Start_TC","response_Start_THAI","response_Target_response_Prac","response_Welcome_PP_DE","response_Welcome_PP_E","response_Welcome_PP_HUN","response_Welcome_PP_NOR","response_Welcome_PP_PL","response_Welcome_PP_SC","response_Welcome_PP_TC","response_Welcome_PP_THAI","response_time","response_time_Pictures_Break","response_time_Pictures_End","response_time_Pictures_response","response_time_Start_DE","response_time_Start_E","response_time_Start_HUN","response_time_Start_NOR","response_time_Start_PL","response_time_Start_SC","response_time_Start_TC","response_time_Start_THAI","response_time_Target_response_Prac","response_time_Welcome_PP_DE","response_time_Welcome_PP_E","response_time_Welcome_PP_HUN","response_time_Welcome_PP_NOR","response_time_Welcome_PP_PL","response_time_Welcome_PP_SC","response_time_Welcome_PP_TC","response_time_Welcome_PP_THAI","round_decimals","sampler_backend","sc","sound_buf_size","sound_channels","sound_freq","sound_sample_size","start","subject_nr","subject_parity","tc","thai","time_Check_This","time_Disable_Mouse","time_EXP","time_LAB_SEED","time_Language_Selection","time_List_Select","time_List_Selection","time_Pictures_Break","time_Pictures_End","time_Pictures_Exp","time_Pictures_Fixation","time_Pictures_Fixation_Prac","time_Pictures_Prac","time_Pictures_Start","time_Pictures_Target","time_Pictures_Trial","time_Pictures_Welcome","time_Pictures_loop","time_Pictures_response","time_Pictures_response_correct","time_Pictures_response_noans","time_Pictures_response_wrong","time_Prac","time_Prac_Count","time_Prac_Reset","time_Prac_Trial","time_Prac_loop","time_Prac_seq","time_Prac_setup","time_Start_DE","time_Start_E","time_Start_HUN","time_Start_NOR","time_Start_PL","time_Start_SC","time_Start_TC","time_Start_THAI","time_Target_Prac","time_Target_response_Prac","time_Target_response_correct_Prac","time_Target_response_noans_Prac","time_Target_response_wrong_Prac","time_Trial_logger","time_Welcome_PP_DE","time_Welcome_PP_E","time_Welcome_PP_HUN","time_Welcome_PP_NOR","time_Welcome_PP_PL","time_Welcome_PP_SC","time_Welcome_PP_TC","time_Welcome_PP_THAI","title","total_correct","total_response_time","total_responses","uniform_coordinates","width"
"F","5316","F","F","PP_LIST1.csv","house.jpg","ring.jpg","100","100","839.285714286","839.285714286","#ffffff","yes","legacy","legacy","legacy","0","uniform","1","1","undefined","1","undefined","6","f","0","0","0","0","0","0","0","NA","0","0","0","5","0","0","0","0","0","0","0","0","0","0","0","5","0","5","0","0","0","0","0","0","0","0","0","0","0","5","5","5","5","5","0","0","0","0","0","0","0","0","0","12/10/19 22:12:04","no","Matching Tasks","yes","","no","OrientationCrossLanguages_2018PSA_PP_1.2.4.osexp","C:\Users\lenovo\Desktop\scripts","no","chinese-japanese-korean","no","18","no","#0000ff","no","简体中文","yes","768","no","legacy","0","0","1","5","C:/Users/lenovo/Desktop/scripts/subject-6-2.csv","legacy","no","Kafkaesque Koffka","3.2.8","yes","5a7ce671e83246000deafe81","no","0","0","f","NA","NA","f","NA","NA","NA","NA","NA","space","NA","NA","f","NA","NA","NA","NA","NA","space","NA","NA","850","NA","NA","850","NA","NA","NA","NA","NA","2968","NA","NA","566","NA","NA","NA","NA","NA","8928","NA","NA","2","legacy","yes","1024","2","48000","-16","EXP","6","even","no","no","NA","19605","12811","12820","17503","19587","19587","NA","NA","43976","44150","39304","28560","40974","44654","44148","19605","43976","44655","45513","NA","NA","28560","40885","28600","39301","28600","28600","28560","NA","NA","NA","NA","NA","40979","NA","NA","39809","39810","40385","NA","NA","46013","NA","NA","NA","NA","NA","19607","NA","NA","Orientation_PSA2018","7","5875","7","yes","1024"
"F","5316","F","F","PP_LIST1.csv","piano.jpg","sutcse.jpg","100","100","822.625","822.625","#ffffff","yes","legacy","legacy","legacy","0","uniform","1","1","undefined","1","undefined","6","f","0","0","0","0","0","0","0","NA","1","0","1","5","0","0","1","1","0","0","1","1","1","1","0","5","0","5","0","0","0","0","0","0","0","0","0","0","0","5","5","5","5","5","1","0","0","0","0","0","0","0","0","12/10/19 22:12:04","no","Matching Tasks","yes","","no","OrientationCrossLanguages_2018PSA_PP_1.2.4.osexp","C:\Users\lenovo\Desktop\scripts","no","chinese-japanese-korean","no","18","no","#0000ff","no","简体中文","yes","768","no","legacy","1","1","1","5","C:/Users/lenovo/Desktop/scripts/subject-6-2.csv","legacy","no","Kafkaesque Koffka","3.2.8","yes","5a7ce671e83246000deafe81","no","0","0","f","NA","NA","f","NA","NA","NA","NA","NA","space","NA","NA","f","NA","NA","NA","NA","NA","space","NA","NA","706","NA","NA","706","NA","NA","NA","NA","NA","2968","NA","NA","566","NA","NA","NA","NA","NA","8928","NA","NA","2","legacy","yes","1024","2","48000","-16","EXP","6","even","no","no","NA","19605","12811","12820","17503","19587","19587","NA","NA","43976","46204","39304","28560","40974","46708","46202","19605","43976","46710","47423","NA","NA","28560","40885","28600","39301","28600","28600","28560","NA","NA","NA","NA","NA","40979","NA","NA","39809","39810","40385","NA","NA","47923","NA","NA","NA","NA","NA","19607","NA","NA","Orientation_PSA2018","8","6581","8","yes","1024"
"N","5316","V","H","PP_LIST1.csv","tireV.jpg","tireH.jpg","100","100","833","833","#ffffff","yes","legacy","legacy","legacy","0","uniform","1","1","undefined","1","undefined","6","j","0","0","0","0","0","0","0","NA","2","0","2","5","0","0","2","2","0","0","2","2","2","2","0","5","0","5","0","0","0","0","0","0","0","0","0","0","0","5","5","5","5","5","2","0","0","0","0","0","0","0","0","12/10/19 22:12:04","no","Matching Tasks","yes","","no","OrientationCrossLanguages_2018PSA_PP_1.2.4.osexp","C:\Users\lenovo\Desktop\scripts","no","chinese-japanese-korean","no","18","no","#0000ff","no","简体中文","yes","768","no","legacy","2","2","1","5","C:/Users/lenovo/Desktop/scripts/subject-6-2.csv","legacy","no","Kafkaesque Koffka","3.2.8","yes","5a7ce671e83246000deafe81","no","0","0","j","NA","NA","j","NA","NA","NA","NA","NA","space","NA","NA","f","NA","NA","NA","NA","NA","space","NA","NA","916","NA","NA","916","NA","NA","NA","NA","NA","2968","NA","NA","566","NA","NA","NA","NA","NA","8928","NA","NA","2","legacy","yes","1024","2","48000","-16","EXP","6","even","no","no","NA","19605","12811","12820","17503","19587","19587","NA","NA","43976","48127","39304","28560","40974","48628","48123","19605","43976","48629","49549","NA","NA","28560","40885","28600","39301","28600","28600","28560","NA","NA","NA","NA","NA","40979","NA","NA","39809","39810","40385","NA","NA","50049","NA","NA","NA","NA","NA","19607","NA","NA","Orientation_PSA2018","9","7497","9","yes","1024"
"F","5316","F","F","PP_LIST1.csv","skirt.jpg","tlphon.jpg","100","100","805.8","805.8","#ffffff","yes","legacy","legacy","legacy","0","uniform","1","1","undefined","1","undefined","6","f","0","0","0","0","0","0","0","NA","3","0","3","5","0","0","3","3","0","0","3","3","3","3","0","5","0","5","0","0","0","0","0","0","0","0","0","0","0","5","5","5","5","5","3","0","0","0","0","0","0","0","0","12/10/19 22:12:04","no","Matching Tasks","yes","","no","OrientationCrossLanguages_2018PSA_PP_1.2.4.osexp","C:\Users\lenovo\Desktop\scripts","no","chinese-japanese-korean","no","18","no","#0000ff","no","简体中文","yes","768","no","legacy","3","3","1","5","C:/Users/lenovo/Desktop/scripts/subject-6-2.csv","legacy","no","Kafkaesque Koffka","3.2.8","yes","5a7ce671e83246000deafe81","no","0","0","f","NA","NA","f","NA","NA","NA","NA","NA","space","NA","NA","f","NA","NA","NA","NA","NA","space","NA","NA","561","NA","NA","561","NA","NA","NA","NA","NA","2968","NA","NA","566","NA","NA","NA","NA","NA","8928","NA","NA","2","legacy","yes","1024","2","48000","-16","EXP","6","even","no","no","NA","19605","12811","12820","17503","19587","19587","NA","NA","43976","50264","39304","28560","40974","50769","50262","19605","43976","50770","51333","NA","NA","28560","40885","28600","39301","28600","28600","28560","NA","NA","NA","NA","NA","40979","NA","NA","39809","39810","40385","NA","NA","51833","NA","NA","NA","NA","NA","19607","NA","NA","Orientation_PSA2018","10","8058","10","yes","1024"
"N","5316","H","V","PP_LIST1.csv","pencilH.jpg","pencilV.jpg","100","100","787.636363636","787.636363636","#ffffff","yes","legacy","legacy","legacy","0","uniform","1","1","undefined","1","undefined","6","j","0","0","0","0","0","0","0","NA","4","0","4","5","0","0","4","4","0","0","4","4","4","4","0","5","0","5","0","0","0","0","0","0","0","0","0","0","0","5","5","5","5","5","4","0","0","0","0","0","0","0","0","12/10/19 22:12:04","no","Matching Tasks","yes","","no","OrientationCrossLanguages_2018PSA_PP_1.2.4.osexp","C:\Users\lenovo\Desktop\scripts","no","chinese-japanese-korean","no","18","no","#0000ff","no","简体中文","yes","768","no","legacy","4","4","1","5","C:/Users/lenovo/Desktop/scripts/subject-6-2.csv","legacy","no","Kafkaesque Koffka","3.2.8","yes","5a7ce671e83246000deafe81","no","0","0","j","NA","NA","j","NA","NA","NA","NA","NA","space","NA","NA","f","NA","NA","NA","NA","NA","space","NA","NA","606","NA","NA","606","NA","NA","NA","NA","NA","2968","NA","NA","566","NA","NA","NA","NA","NA","8928","NA","NA","2","legacy","yes","1024","2","48000","-16","EXP","6","even","no","no","NA","19605","12811","12820","17503","19587","19587","NA","NA","43976","52002","39304","28560","40974","52507","51999","19605","43976","52507","53117","NA","NA","28560","40885","28600","39301","28600","28600","28560","NA","NA","NA","NA","NA","40979","NA","NA","39809","39810","40385","NA","NA","53617","NA","NA","NA","NA","NA","19607","NA","NA","Orientation_PSA2018","11","8664","11","yes","1024"
"F","5316","F","F","PP_LIST1.csv","ftball.jpg","nut.jpg","100","100","782.583333333","782.583333333","#ffffff","yes","legacy","legacy","legacy","0","uniform","1","1","undefined","1","undefined","6","f","0","0","0","0","0","0","0","NA","5","0","5","5","0","0","5","5","0","0","5","5","5","5","0","5","0","5","0","0","0","0","0","0","0","0","0","0","0","5","5","5","5","5","5","0","0","0","0","0","0","0","0","12/10/19 22:12:04","no","Matching Tasks","yes","","no","OrientationCrossLanguages_2018PSA_PP_1.2.4.osexp","C:\Users\lenovo\Desktop\scripts","no","chinese-japanese-korean","no","18","no","#0000ff","no","简体中文","yes","768","no","legacy","5","5","1","5","C:/Users/lenovo/Desktop/scripts/subject-6-2.csv","legacy","no","Kafkaesque Koffka","3.2.8","yes","5a7ce671e83246000deafe81","no","0","0","f","NA","NA","f","NA","NA","NA","NA","NA","space","NA","NA","f","NA","NA","NA","NA","NA","space","NA","NA","727","NA","NA","727","NA","NA","NA","NA","NA","2968","NA","NA","566","NA","NA","NA","NA","NA","8928","NA","NA","2","legacy","yes","1024","2","48000","-16","EXP","6","even","no","no","NA","19605","12811","12820","17503","19587","19587","NA","NA","43976","53768","39304","28560","40974","54273","53766","19605","43976","54273","55006","NA","NA","28560","40885","28600","39301","28600","28600","28560","NA","NA","NA","NA","NA","40979","NA","NA","39809","39810","40385","NA","NA","55506","NA","NA","NA","NA","NA","19607","NA","NA","Orientation_PSA2018","12","9391","12","yes","1024"
"N","5316","V","H","PP_LIST1.csv","screwV.jpg","screwH.jpg","100","100","772.461538462","772.461538462","#ffffff","yes","legacy","legacy","legacy","0","uniform","1","1","undefined","1","undefined","6","j","0","0","0","0","0","0","0","NA","6","0","6","5","0","0","6","6","0","0","6","6","6","6","0","5","0","5","0","0","0","0","0","0","0","0","0","0","0","5","5","5","5","5","6","0","0","0","0","0","0","0","0","12/10/19 22:12:04","no","Matching Tasks","yes","","no","OrientationCrossLanguages_2018PSA_PP_1.2.4.osexp","C:\Users\lenovo\Desktop\scripts","no","chinese-japanese-korean","no","18","no","#0000ff","no","简体中文","yes","768","no","legacy","6","6","1","5","C:/Users/lenovo/Desktop/scripts/subject-6-2.csv","legacy","no","Kafkaesque Koffka","3.2.8","yes","5a7ce671e83246000deafe81","no","0","0","j","NA","NA","j","NA","NA","NA","NA","NA","space","NA","NA","f","NA","NA","NA","NA","NA","space","NA","NA","651","NA","NA","651","NA","NA","NA","NA","NA","2968","NA","NA","566","NA","NA","NA","NA","NA","8928","NA","NA","2","legacy","yes","1024","2","48000","-16","EXP","6","even","no","no","NA","19605","12811","12820","17503","19587","19587","NA","NA","43976","55743","39304","28560","40974","56248","55741","19605","43976","56249","56904","NA","NA","28560","40885","28600","39301","28600","28600","28560","NA","NA","NA","NA","NA","40979","NA","NA","39809","39810","40385","NA","NA","57404","NA","NA","NA","NA","NA","19607","NA","NA","Orientation_PSA2018","13","10042","13","yes","1024"
"N","5316","H","V","PP_LIST1.csv","nailH.jpg","nailV.jpg","100","100","760.714285714","760.714285714","#ffffff","yes","legacy","legacy","legacy","0","uniform","1","1","undefined","1","undefined","6","j","0","0","0","0","0","0","0","NA","7","0","7","5","0","0","7","7","0","0","7","7","7","7","0","5","0","5","0","0","0","0","0","0","0","0","0","0","0","5","5","5","5","5","7","0","0","0","0","0","0","0","0","12/10/19 22:12:04","no","Matching Tasks","yes","","no","OrientationCrossLanguages_2018PSA_PP_1.2.4.osexp","C:\Users\lenovo\Desktop\scripts","no","chinese-japanese-korean","no","18","no","#0000ff","no","简体中文","yes","768","no","legacy","7","7","1","5","C:/Users/lenovo/Desktop/scripts/subject-6-2.csv","legacy","no","Kafkaesque Koffka","3.2.8","yes","5a7ce671e83246000deafe81","no","0","0","j","NA","NA","j","NA","NA","NA","NA","NA","space","NA","NA","f","NA","NA","NA","NA","NA","space","NA","NA","608","NA","NA","608","NA","NA","NA","NA","NA","2968","NA","NA","566","NA","NA","NA","NA","NA","8928","NA","NA","2","legacy","yes","1024","2","48000","-16","EXP","6","even","no","no","NA","19605","12811","12820","17503","19587","19587","NA","NA","43976","57727","39304","28560","40974","58232","57725","19605","43976","58233","58846","NA","NA","28560","40885","28600","39301","28600","28600","28560","NA","NA","NA","NA","NA","40979","NA","NA","39809","39810","40385","NA","NA","59346","NA","NA","NA","NA","NA","19607","NA","NA","Orientation_PSA2018","14","10650","14","yes","1024"
"F","5316","F","F","PP_LIST1.csv","tlphon.jpg","knife.jpg","100","100","745.2","745.2","#ffffff","yes","legacy","legacy","legacy","0","uniform","1","1","undefined","1","undefined","6","f","0","0","0","0","0","0","0","NA","8","0","8","5","0","0","8","8","0","0","8","8","8","8","0","5","0","5","0","0","0","0","0","0","0","0","0","0","0","5","5","5","5","5","8","0","0","0","0","0","0","0","0","12/10/19 22:12:04","no","Matching Tasks","yes","","no","OrientationCrossLanguages_2018PSA_PP_1.2.4.osexp","C:\Users\lenovo\Desktop\scripts","no","chinese-japanese-korean","no","18","no","#0000ff","no","简体中文","yes","768","no","legacy","8","8","1","5","C:/Users/lenovo/Desktop/scripts/subject-6-2.csv","legacy","no","Kafkaesque Koffka","3.2.8","yes","5a7ce671e83246000deafe81","no","0","0","f","NA","NA","f","NA","NA","NA","NA","NA","space","NA","NA","f","NA","NA","NA","NA","NA","space","NA","NA","528","NA","NA","528","NA","NA","NA","NA","NA","2968","NA","NA","566","NA","NA","NA","NA","NA","8928","NA","NA","2","legacy","yes","1024","2","48000","-16","EXP","6","even","no","no","NA","19605","12811","12820","17503","19587","19587","NA","NA","43976","59729","39304","28560","40974","60234","59726","19605","43976","60234","60772","NA","NA","28560","40885","28600","39301","28600","28600","28560","NA","NA","NA","NA","NA","40979","NA","NA","39809","39810","40385","NA","NA","61272","NA","NA","NA","NA","NA","19607","NA","NA","Orientation_PSA2018","15","11178","15","yes","1024"
"F","5316","F","F","PP_LIST1.csv","needle.jpg","tiger.jpg","100","100","731.75","731.75","#ffffff","yes","legacy","legacy","legacy","0","uniform","1","1","undefined","1","undefined","6","f","0","0","0","0","0","0","0","NA","9","0","9","5","0","0","9","9","0","0","9","9","9","9","0","5","0","5","0","0","0","0","0","0","0","0","0","0","0","5","5","5","5","5","9","0","0","0","0","0","0","0","0","12/10/19 22:12:04","no","Matching Tasks","yes","","no","OrientationCrossLanguages_2018PSA_PP_1.2.4.osexp","C:\Users\lenovo\Desktop\scripts","no","chinese-japanese-korean","no","18","no","#0000ff","no","简体中文","yes","768","no","legacy","9","9","1","5","C:/Users/lenovo/Desktop/scripts/subject-6-2.csv","legacy","no","Kafkaesque Koffka","3.2.8","yes","5a7ce671e83246000deafe81","no","0","0","f","NA","NA","f","NA","NA","NA","NA","NA","space","NA","NA","f","NA","NA","NA","NA","NA","space","NA","NA","530","NA","NA","530","NA","NA","NA","NA","NA","2968","NA","NA","566","NA","NA","NA","NA","NA","8928","NA","NA","2","legacy","yes","1024","2","48000","-16","EXP","6","even","no","no","NA","19605","12811","12820","17503","19587","19587","NA","NA","43976","61905","39304","28560","40974","62410","61900","19605","43976","62410","62947","NA","NA","28560","40885","28600","39301","28600","28600","28560","NA","NA","NA","NA","NA","40979","NA","NA","39809","39810","40385","NA","NA","63447","NA","NA","NA","NA","NA","19607","NA","NA","Orientation_PSA2018","16","11708","16","yes","1024"
"Y","5316","V","V","PP_LIST1.csv","flashV.jpg","flashV.jpg","100","100","721.764705882","721.764705882","#ffffff","yes","legacy","legacy","legacy","0","uniform","1","1","undefined","1","undefined","6","j","0","0","0","0","0","0","0","NA","10","0","10","5","0","0","10","10","0","0","10","10","10","10","0","5","0","5","0","0","0","0","0","0","0","0","0","0","0","5","5","5","5","5","10","0","0","0","0","0","0","0","0","12/10/19 22:12:04","no","Matching Tasks","yes","","no","OrientationCrossLanguages_2018PSA_PP_1.2.4.osexp","C:\Users\lenovo\Desktop\scripts","no","chinese-japanese-korean","no","18","no","#0000ff","no","简体中文","yes","768","no","legacy","10","10","1","5","C:/Users/lenovo/Desktop/scripts/subject-6-2.csv","legacy","no","Kafkaesque Koffka","3.2.8","yes","5a7ce671e83246000deafe81","no","0","0","j","NA","NA","j","NA","NA","NA","NA","NA","space","NA","NA","f","NA","NA","NA","NA","NA","space","NA","NA","562","NA","NA","562","NA","NA","NA","NA","NA","2968","NA","NA","566","NA","NA","NA","NA","NA","8928","NA","NA","2","legacy","yes","1024","2","48000","-16","EXP","6","even","no","no","NA","19605","12811","12820","17503","19587","19587","NA","NA","43976","63864","39304","28560","40974","64369","63859","19605","43976","64369","64935","NA","NA","28560","40885","28600","39301","28600","28600","28560","NA","NA","NA","NA","NA","40979","NA","NA","39809","39810","40385","NA","NA","65435","NA","NA","NA","NA","NA","19607","NA","NA","Orientation_PSA2018","17","12270","17","yes","1024"
"Y","5316","H","H","PP_LIST1.csv","axeH.jpg","axeH.jpg","100","100","711.777777778","711.777777778","#ffffff","yes","legacy","legacy","legacy","0","uniform","1","1","undefined","1","undefined","6","j","0","0","0","0","0","0","0","NA","11","0","11","5","0","0","11","11","0","0","11","11","11","11","0","5","0","5","0","0","0","0","0","0","0","0","0","0","0","5","5","5","5","5","11","0","0","0","0","0","0","0","0","12/10/19 22:12:04","no","Matching Tasks","yes","","no","OrientationCrossLanguages_2018PSA_PP_1.2.4.osexp","C:\Users\lenovo\Desktop\scripts","no","chinese-japanese-korean","no","18","no","#0000ff","no","简体中文","yes","768","no","legacy","11","11","1","5","C:/Users/lenovo/Desktop/scripts/subject-6-2.csv","legacy","no","Kafkaesque Koffka","3.2.8","yes","5a7ce671e83246000deafe81","no","0","0","j","NA","NA","j","NA","NA","NA","NA","NA","space","NA","NA","f","NA","NA","NA","NA","NA","space","NA","NA","542","NA","NA","542","NA","NA","NA","NA","NA","2968","NA","NA","566","NA","NA","NA","NA","NA","8928","NA","NA","2","legacy","yes","1024","2","48000","-16","EXP","6","even","no","no","NA","19605","12811","12820","17503","19587","19587","NA","NA","43976","65651","39304","28560","40974","66156","65649","19605","43976","66157","66709","NA","NA","28560","40885","28600","39301","28600","28600","28560","NA","NA","NA","NA","NA","40979","NA","NA","39809","39810","40385","NA","NA","67209","NA","NA","NA","NA","NA","19607","NA","NA","Orientation_PSA2018","18","12812","18","yes","1024"
"F","5316","F","F","PP_LIST1.csv","umberella.jpg","flower.jpg","100","100","704.368421053","704.368421053","#ffffff","yes","legacy","legacy","legacy","0","uniform","1","1","undefined","1","undefined","6","f","0","0","0","0","0","0","0","NA","12","0","12","5","0","0","12","12","0","0","12","12","12","12","0","5","0","5","0","0","0","0","0","0","0","0","0","0","0","5","5","5","5","5","12","0","0","0","0","0","0","0","0","12/10/19 22:12:04","no","Matching Tasks","yes","","no","OrientationCrossLanguages_2018PSA_PP_1.2.4.osexp","C:\Users\lenovo\Desktop\scripts","no","chinese-japanese-korean","no","18","no","#0000ff","no","简体中文","yes","768","no","legacy","12","12","1","5","C:/Users/lenovo/Desktop/scripts/subject-6-2.csv","legacy","no","Kafkaesque Koffka","3.2.8","yes","5a7ce671e83246000deafe81","no","0","0","f","NA","NA","f","NA","NA","NA","NA","NA","space","NA","NA","f","NA","NA","NA","NA","NA","space","NA","NA","571","NA","NA","571","NA","NA","NA","NA","NA","2968","NA","NA","566","NA","NA","NA","NA","NA","8928","NA","NA","2","legacy","yes","1024","2","48000","-16","EXP","6","even","no","no","NA","19605","12811","12820","17503","19587","19587","NA","NA","43976","67431","39304","28560","40974","67936","67429","19605","43976","67936","68512","NA","NA","28560","40885","28600","39301","28600","28600","28560","NA","NA","NA","NA","NA","40979","NA","NA","39809","39810","40385","NA","NA","69012","NA","NA","NA","NA","NA","19607","NA","NA","Orientation_PSA2018","19","13383","19","yes","1024"
"F","5316","F","F","PP_LIST1.csv","spider.jpg","couch.jpg","100","100","698.4","698.4","#ffffff","yes","legacy","legacy","legacy","0","uniform","1","1","undefined","1","undefined","6","f","0","0","0","0","0","0","0","NA","13","0","13","5","0","0","13","13","0","0","13","13","13","13","0","5","0","5","0","0","0","0","0","0","0","0","0","0","0","5","5","5","5","5","13","0","0","0","0","0","0","0","0","12/10/19 22:12:04","no","Matching Tasks","yes","","no","OrientationCrossLanguages_2018PSA_PP_1.2.4.osexp","C:\Users\lenovo\Desktop\scripts","no","chinese-japanese-korean","no","18","no","#0000ff","no","简体中文","yes","768","no","legacy","13","13","1","5","C:/Users/lenovo/Desktop/scripts/subject-6-2.csv","legacy","no","Kafkaesque Koffka","3.2.8","yes","5a7ce671e83246000deafe81","no","0","0","f","NA","NA","f","NA","NA","NA","NA","NA","space","NA","NA","f","NA","NA","NA","NA","NA","space","NA","NA","585","NA","NA","585","NA","NA","NA","NA","NA","2968","NA","NA","566","NA","NA","NA","NA","NA","8928","NA","NA","2","legacy","yes","1024","2","48000","-16","EXP","6","even","no","no","NA","19605","12811","12820","17503","19587","19587","NA","NA","43976","69219","39304","28560","40974","69725","69217","19605","43976","69725","70315","NA","NA","28560","40885","28600","39301","28600","28600","28560","NA","NA","NA","NA","NA","40979","NA","NA","39809","39810","40385","NA","NA","70815","NA","NA","NA","NA","NA","19607","NA","NA","Orientation_PSA2018","20","13968","20","yes","1024"
"Y","5316","H","H","PP_LIST1.csv","bottleH.jpg","bottleH.jpg","100","100","695.476190476","695.476190476","#ffffff","yes","legacy","legacy","legacy","0","uniform","1","1","undefined","1","undefined","6","j","0","0","0","0","0","0","0","NA","14","0","14","5","0","0","14","14","0","0","14","14","14","14","0","5","0","5","0","0","0","0","0","0","0","0","0","0","0","5","5","5","5","5","14","0","0","0","0","0","0","0","0","12/10/19 22:12:04","no","Matching Tasks","yes","","no","OrientationCrossLanguages_2018PSA_PP_1.2.4.osexp","C:\Users\lenovo\Desktop\scripts","no","chinese-japanese-korean","no","18","no","#0000ff","no","简体中文","yes","768","no","legacy","14","14","1","5","C:/Users/lenovo/Desktop/scripts/subject-6-2.csv","legacy","no","Kafkaesque Koffka","3.2.8","yes","5a7ce671e83246000deafe81","no","0","0","j","NA","NA","j","NA","NA","NA","NA","NA","space","NA","NA","f","NA","NA","NA","NA","NA","space","NA","NA","637","NA","NA","637","NA","NA","NA","NA","NA","2968","NA","NA","566","NA","NA","NA","NA","NA","8928","NA","NA","2","legacy","yes","1024","2","48000","-16","EXP","6","even","no","no","NA","19605","12811","12820","17503","19587","19587","NA","NA","43976","71072","39304","28560","40974","71574","71070","19605","43976","71575","72216","NA","NA","28560","40885","28600","39301","28600","28600","28560","NA","NA","NA","NA","NA","40979","NA","NA","39809","39810","40385","NA","NA","72716","NA","NA","NA","NA","NA","19607","NA","NA","Orientation_PSA2018","21","14605","21","yes","1024"
"F","5316","F","F","PP_LIST1.csv","nut.jpg","watch.jpg","100","100","692.045454545","692.045454545","#ffffff","yes","legacy","legacy","legacy","0","uniform","1","1","undefined","1","undefined","6","f","0","0","0","0","0","0","0","NA","15","0","15","5","0","0","15","15","0","0","15","15","15","15","0","5","0","5","0","0","0","0","0","0","0","0","0","0","0","5","5","5","5","5","15","0","0","0","0","0","0","0","0","12/10/19 22:12:04","no","Matching Tasks","yes","","no","OrientationCrossLanguages_2018PSA_PP_1.2.4.osexp","C:\Users\lenovo\Desktop\scripts","no","chinese-japanese-korean","no","18","no","#0000ff","no","简体中文","yes","768","no","legacy","15","15","1","5","C:/Users/lenovo/Desktop/scripts/subject-6-2.csv","legacy","no","Kafkaesque Koffka","3.2.8","yes","5a7ce671e83246000deafe81","no","0","0","f","NA","NA","f","NA","NA","NA","NA","NA","space","NA","NA","f","NA","NA","NA","NA","NA","space","NA","NA","620","NA","NA","620","NA","NA","NA","NA","NA","2968","NA","NA","566","NA","NA","NA","NA","NA","8928","NA","NA","2","legacy","yes","1024","2","48000","-16","EXP","6","even","no","no","NA","19605","12811","12820","17503","19587","19587","NA","NA","43976","72893","39304","28560","40974","73395","72890","19605","43976","73395","74019","NA","NA","28560","40885","28600","39301","28600","28600","28560","NA","NA","NA","NA","NA","40979","NA","NA","39809","39810","40385","NA","NA","74519","NA","NA","NA","NA","NA","19607","NA","NA","Orientation_PSA2018","22","15225","22","yes","1024"
"F","5316","F","F","PP_LIST1.csv","stove.jpg","ftball.jpg","100","100","692.739130435","692.739130435","#ffffff","yes","legacy","legacy","legacy","0","uniform","1","1","undefined","1","undefined","6","f","0","0","0","0","0","0","0","NA","16","0","16","5","0","0","16","16","0","0","16","16","16","16","0","5","0","5","0","0","0","0","0","0","0","0","0","0","0","5","5","5","5","5","16","0","0","0","0","0","0","0","0","12/10/19 22:12:04","no","Matching Tasks","yes","","no","OrientationCrossLanguages_2018PSA_PP_1.2.4.osexp","C:\Users\lenovo\Desktop\scripts","no","chinese-japanese-korean","no","18","no","#0000ff","no","简体中文","yes","768","no","legacy","16","16","1","5","C:/Users/lenovo/Desktop/scripts/subject-6-2.csv","legacy","no","Kafkaesque Koffka","3.2.8","yes","5a7ce671e83246000deafe81","no","0","0","f","NA","NA","f","NA","NA","NA","NA","NA","space","NA","NA","f","NA","NA","NA","NA","NA","space","NA","NA","708","NA","NA","708","NA","NA","NA","NA","NA","2968","NA","NA","566","NA","NA","NA","NA","NA","8928","NA","NA","2","legacy","yes","1024","2","48000","-16","EXP","6","even","no","no","NA","19605","12811","12820","17503","19587","19587","NA","NA","43976","74837","39304","28560","40974","75342","74834","19605","43976","75342","76056","NA","NA","28560","40885","28600","39301","28600","28600","28560","NA","NA","NA","NA","NA","40979","NA","NA","39809","39810","40385","NA","NA","76558","NA","NA","NA","NA","NA","19607","NA","NA","Orientation_PSA2018","23","15933","23","yes","1024"
"Y","5316","V","V","PP_LIST1.csv","caterpillarV.jpg","caterpillarV.jpg","100","100","688.291666667","688.291666667","#ffffff","yes","legacy","legacy","legacy","0","uniform","1","1","undefined","1","undefined","6","j","0","0","0","0","0","0","0","NA","17","0","17","5","0","0","17","17","0","0","17","17","17","17","0","5","0","5","0","0","0","0","0","0","0","0","0","0","0","5","5","5","5","5","17","0","0","0","0","0","0","0","0","12/10/19 22:12:04","no","Matching Tasks","yes","","no","OrientationCrossLanguages_2018PSA_PP_1.2.4.osexp","C:\Users\lenovo\Desktop\scripts","no","chinese-japanese-korean","no","18","no","#0000ff","no","简体中文","yes","768","no","legacy","17","17","1","5","C:/Users/lenovo/Desktop/scripts/subject-6-2.csv","legacy","no","Kafkaesque Koffka","3.2.8","yes","5a7ce671e83246000deafe81","no","0","0","j","NA","NA","j","NA","NA","NA","NA","NA","space","NA","NA","f","NA","NA","NA","NA","NA","space","NA","NA","586","NA","NA","586","NA","NA","NA","NA","NA","2968","NA","NA","566","NA","NA","NA","NA","NA","8928","NA","NA","2","legacy","yes","1024","2","48000","-16","EXP","6","even","no","no","NA","19605","12811","12820","17503","19587","19587","NA","NA","43976","76990","39304","28560","40974","77495","76985","19605","43976","77496","78087","NA","NA","28560","40885","28600","39301","28600","28600","28560","NA","NA","NA","NA","NA","40979","NA","NA","39809","39810","40385","NA","NA","78587","NA","NA","NA","NA","NA","19607","NA","NA","Orientation_PSA2018","24","16519","24","yes","1024"
"Y","5316","H","H","PP_LIST1.csv","batH.jpg","batH.jpg","100","100","682.48","682.48","#ffffff","yes","legacy","legacy","legacy","0","uniform","1","1","undefined","1","undefined","6","j","0","0","0","0","0","0","0","NA","18","0","18","5","0","0","18","18","0","0","18","18","18","18","0","5","0","5","0","0","0","0","0","0","0","0","0","0","0","5","5","5","5","5","18","0","0","0","0","0","0","0","0","12/10/19 22:12:04","no","Matching Tasks","yes","","no","OrientationCrossLanguages_2018PSA_PP_1.2.4.osexp","C:\Users\lenovo\Desktop\scripts","no","chinese-japanese-korean","no","18","no","#0000ff","no","简体中文","yes","768","no","legacy","18","18","1","5","C:/Users/lenovo/Desktop/scripts/subject-6-2.csv","legacy","no","Kafkaesque Koffka","3.2.8","yes","5a7ce671e83246000deafe81","no","0","0","j","NA","NA","j","NA","NA","NA","NA","NA","space","NA","NA","f","NA","NA","NA","NA","NA","space","NA","NA","543","NA","NA","543","NA","NA","NA","NA","NA","2968","NA","NA","566","NA","NA","NA","NA","NA","8928","NA","NA","2","legacy","yes","1024","2","48000","-16","EXP","6","even","no","no","NA","19605","12811","12820","17503","19587","19587","NA","NA","43976","78789","39304","28560","40974","79295","78787","19605","43976","79295","79843","NA","NA","28560","40885","28600","39301","28600","28600","28560","NA","NA","NA","NA","NA","40979","NA","NA","39809","39810","40385","NA","NA","80343","NA","NA","NA","NA","NA","19607","NA","NA","Orientation_PSA2018","25","17062","25","yes","1024"
"Y","5316","V","V","PP_LIST1.csv","clothespinV.jpg","clothespinV.jpg","100","100","677.730769231","677.730769231","#ffffff","yes","legacy","legacy","legacy","0","uniform","1","1","undefined","1","undefined","6","j","0","0","0","0","0","0","0","NA","19","0","19","5","0","0","19","19","0","0","19","19","19","19","0","5","0","5","0","0","0","0","0","0","0","0","0","0","0","5","5","5","5","5","19","0","0","0","0","0","0","0","0","12/10/19 22:12:04","no","Matching Tasks","yes","","no","OrientationCrossLanguages_2018PSA_PP_1.2.4.osexp","C:\Users\lenovo\Desktop\scripts","no","chinese-japanese-korean","no","18","no","#0000ff","no","简体中文","yes","768","no","legacy","19","19","1","5","C:/Users/lenovo/Desktop/scripts/subject-6-2.csv","legacy","no","Kafkaesque Koffka","3.2.8","yes","5a7ce671e83246000deafe81","no","0","0","j","NA","NA","j","NA","NA","NA","NA","NA","space","NA","NA","f","NA","NA","NA","NA","NA","space","NA","NA","559","NA","NA","559","NA","NA","NA","NA","NA","2968","NA","NA","566","NA","NA","NA","NA","NA","8928","NA","NA","2","legacy","yes","1024","2","48000","-16","EXP","6","even","no","no","NA","19605","12811","12820","17503","19587","19587","NA","NA","43976","80565","39304","28560","40974","81070","80555","19605","43976","81070","81635","NA","NA","28560","40885","28600","39301","28600","28600","28560","NA","NA","NA","NA","NA","40979","NA","NA","39809","39810","40385","NA","NA","82135","NA","NA","NA","NA","NA","19607","NA","NA","Orientation_PSA2018","26","17621","26","yes","1024"
"F","5316","F","F","PP_LIST1.csv","pumpkin.jpg","trmpet.jpg","100","100","673.185185185","673.185185185","#ffffff","yes","legacy","legacy","legacy","0","uniform","1","1","undefined","1","undefined","6","f","0","0","0","0","0","0","0","NA","20","0","20","5","0","0","20","20","0","0","20","20","20","20","0","5","0","5","0","0","0","0","0","0","0","0","0","0","0","5","5","5","5","5","20","0","0","0","0","0","0","0","0","12/10/19 22:12:04","no","Matching Tasks","yes","","no","OrientationCrossLanguages_2018PSA_PP_1.2.4.osexp","C:\Users\lenovo\Desktop\scripts","no","chinese-japanese-korean","no","18","no","#0000ff","no","简体中文","yes","768","no","legacy","20","20","1","5","C:/Users/lenovo/Desktop/scripts/subject-6-2.csv","legacy","no","Kafkaesque Koffka","3.2.8","yes","5a7ce671e83246000deafe81","no","0","0","f","NA","NA","f","NA","NA","NA","NA","NA","space","NA","NA","f","NA","NA","NA","NA","NA","space","NA","NA","555","NA","NA","555","NA","NA","NA","NA","NA","2968","NA","NA","566","NA","NA","NA","NA","NA","8928","NA","NA","2","legacy","yes","1024","2","48000","-16","EXP","6","even","no","no","NA","19605","12811","12820","17503","19587","19587","NA","NA","43976","82362","39304","28560","40974","82867","82358","19605","43976","82867","83428","NA","NA","28560","40885","28600","39301","28600","28600","28560","NA","NA","NA","NA","NA","40979","NA","NA","39809","39810","40385","NA","NA","83928","NA","NA","NA","NA","NA","19607","NA","NA","Orientation_PSA2018","27","18176","27","yes","1024"
"N","5316","H","V","PP_LIST1.csv","glassH.jpg","glassV.jpg","100","100","669.964285714","669.964285714","#ffffff","yes","legacy","legacy","legacy","0","uniform","1","1","undefined","1","undefined","6","j","0","0","0","0","0","0","0","NA","21","0","21","5","0","0","21","21","0","0","21","21","21","21","0","5","0","5","0","0","0","0","0","0","0","0","0","0","0","5","5","5","5","5","21","0","0","0","0","0","0","0","0","12/10/19 22:12:04","no","Matching Tasks","yes","","no","OrientationCrossLanguages_2018PSA_PP_1.2.4.osexp","C:\Users\lenovo\Desktop\scripts","no","chinese-japanese-korean","no","18","no","#0000ff","no","简体中文","yes","768","no","legacy","21","21","1","5","C:/Users/lenovo/Desktop/scripts/subject-6-2.csv","legacy","no","Kafkaesque Koffka","3.2.8","yes","5a7ce671e83246000deafe81","no","0","0","j","NA","NA","j","NA","NA","NA","NA","NA","space","NA","NA","f","NA","NA","NA","NA","NA","space","NA","NA","583","NA","NA","583","NA","NA","NA","NA","NA","2968","NA","NA","566","NA","NA","NA","NA","NA","8928","NA","NA","2","legacy","yes","1024","2","48000","-16","EXP","6","even","no","no","NA","19605","12811","12820","17503","19587","19587","NA","NA","43976","84130","39304","28560","40974","84635","84127","19605","43976","84635","85225","NA","NA","28560","40885","28600","39301","28600","28600","28560","NA","NA","NA","NA","NA","40979","NA","NA","39809","39810","40385","NA","NA","85725","NA","NA","NA","NA","NA","19607","NA","NA","Orientation_PSA2018","28","18759","28","yes","1024"
"N","5316","H","V","PP_LIST1.csv","guitarH.jpg","guitarV.jpg","100","100","667.862068966","667.862068966","#ffffff","yes","legacy","legacy","legacy","0","uniform","1","1","undefined","1","undefined","6","j","0","0","0","0","0","0","0","NA","22","0","22","5","0","0","22","22","0","0","22","22","22","22","0","5","0","5","0","0","0","0","0","0","0","0","0","0","0","5","5","5","5","5","22","0","0","0","0","0","0","0","0","12/10/19 22:12:04","no","Matching Tasks","yes","","no","OrientationCrossLanguages_2018PSA_PP_1.2.4.osexp","C:\Users\lenovo\Desktop\scripts","no","chinese-japanese-korean","no","18","no","#0000ff","no","简体中文","yes","768","no","legacy","22","22","1","5","C:/Users/lenovo/Desktop/scripts/subject-6-2.csv","legacy","no","Kafkaesque Koffka","3.2.8","yes","5a7ce671e83246000deafe81","no","0","0","j","NA","NA","j","NA","NA","NA","NA","NA","space","NA","NA","f","NA","NA","NA","NA","NA","space","NA","NA","609","NA","NA","609","NA","NA","NA","NA","NA","2968","NA","NA","566","NA","NA","NA","NA","NA","8928","NA","NA","2","legacy","yes","1024","2","48000","-16","EXP","6","even","no","no","NA","19605","12811","12820","17503","19587","19587","NA","NA","43976","85924","39304","28560","40974","86429","85922","19605","43976","86429","87043","NA","NA","28560","40885","28600","39301","28600","28600","28560","NA","NA","NA","NA","NA","40979","NA","NA","39809","39810","40385","NA","NA","87543","NA","NA","NA","NA","NA","19607","NA","NA","Orientation_PSA2018","29","19368","29","yes","1024"
"F","5316","F","F","PP_LIST1.csv","mitten.jpg","needle.jpg","100","100","663.9","663.9","#ffffff","yes","legacy","legacy","legacy","0","uniform","1","1","undefined","1","undefined","6","f","0","0","0","0","0","0","0","NA","23","0","23","5","0","0","23","23","0","0","23","23","23","23","0","5","0","5","0","0","0","0","0","0","0","0","0","0","0","5","5","5","5","5","23","0","0","0","0","0","0","0","0","12/10/19 22:12:04","no","Matching Tasks","yes","","no","OrientationCrossLanguages_2018PSA_PP_1.2.4.osexp","C:\Users\lenovo\Desktop\scripts","no","chinese-japanese-korean","no","18","no","#0000ff","no","简体中文","yes","768","no","legacy","23","23","1","5","C:/Users/lenovo/Desktop/scripts/subject-6-2.csv","legacy","no","Kafkaesque Koffka","3.2.8","yes","5a7ce671e83246000deafe81","no","0","0","f","NA","NA","f","NA","NA","NA","NA","NA","space","NA","NA","f","NA","NA","NA","NA","NA","space","NA","NA","549","NA","NA","549","NA","NA","NA","NA","NA","2968","NA","NA","566","NA","NA","NA","NA","NA","8928","NA","NA","2","legacy","yes","1024","2","48000","-16","EXP","6","even","no","no","NA","19605","12811","12820","17503","19587","19587","NA","NA","43976","87725","39304","28560","40974","88230","87723","19605","43976","88230","88783","NA","NA","28560","40885","28600","39301","28600","28600","28560","NA","NA","NA","NA","NA","40979","NA","NA","39809","39810","40385","NA","NA","89283","NA","NA","NA","NA","NA","19607","NA","NA","Orientation_PSA2018","30","19917","30","yes","1024"
"F","5316","F","F","PP_LIST1.csv","watch.jpg","skirt.jpg","100","100","633","633","#ffffff","yes","legacy","legacy","legacy","0","uniform","1","1","undefined","1","undefined","6","f","0","0","0","0","0","0","0","0","24","0","24","5","0","0","24","24","0","0","24","24","24","24","0","5","0","5","0","0","0","0","0","0","0","0","0","0","0","5","5","5","5","5","24","0","0","0","0","0","0","0","0","12/10/19 22:12:04","no","Matching Tasks","yes","","no","OrientationCrossLanguages_2018PSA_PP_1.2.4.osexp","C:\Users\lenovo\Desktop\scripts","no","chinese-japanese-korean","no","18","no","#0000ff","no","简体中文","yes","768","no","legacy","24","24","1","5","C:/Users/lenovo/Desktop/scripts/subject-6-2.csv","legacy","no","Kafkaesque Koffka","3.2.8","yes","5a7ce671e83246000deafe81","no","0","0","f","space","NA","f","NA","NA","NA","NA","NA","space","NA","NA","f","NA","NA","NA","NA","NA","space","NA","NA","633","732","NA","633","NA","NA","NA","NA","NA","2968","NA","NA","566","NA","NA","NA","NA","NA","8928","NA","NA","2","legacy","yes","1024","2","48000","-16","EXP","6","even","no","no","NA","19605","12811","12820","17503","19587","19587","89484","NA","43976","90420","39304","28560","40974","90925","90417","19605","43976","90926","91566","NA","NA","28560","40885","28600","39301","28600","28600","28560","NA","NA","NA","NA","NA","40979","NA","NA","39809","39810","40385","NA","NA","92066","NA","NA","NA","NA","NA","19607","NA","NA","Orientation_PSA2018","1","633","1","yes","1024"
"F","5316","F","F","PP_LIST1.csv","sutcse.jpg","pumpkin.jpg","100","100","637","637","#ffffff","yes","legacy","legacy","legacy","0","uniform","1","1","undefined","1","undefined","6","f","0","0","0","0","0","0","0","0","25","0","25","5","0","0","25","25","0","0","25","25","25","25","0","5","0","5","0","0","0","0","0","0","0","0","0","0","0","5","5","5","5","5","25","0","0","0","0","0","0","0","0","12/10/19 22:12:04","no","Matching Tasks","yes","","no","OrientationCrossLanguages_2018PSA_PP_1.2.4.osexp","C:\Users\lenovo\Desktop\scripts","no","chinese-japanese-korean","no","18","no","#0000ff","no","简体中文","yes","768","no","legacy","25","25","1","5","C:/Users/lenovo/Desktop/scripts/subject-6-2.csv","legacy","no","Kafkaesque Koffka","3.2.8","yes","5a7ce671e83246000deafe81","no","0","0","f","space","NA","f","NA","NA","NA","NA","NA","space","NA","NA","f","NA","NA","NA","NA","NA","space","NA","NA","641","732","NA","641","NA","NA","NA","NA","NA","2968","NA","NA","566","NA","NA","NA","NA","NA","8928","NA","NA","2","legacy","yes","1024","2","48000","-16","EXP","6","even","no","no","NA","19605","12811","12820","17503","19587","19587","89484","NA","43976","92273","39304","28560","40974","92779","92271","19605","43976","92779","93427","NA","NA","28560","40885","28600","39301","28600","28600","28560","NA","NA","NA","NA","NA","40979","NA","NA","39809","39810","40385","NA","NA","93928","NA","NA","NA","NA","NA","19607","NA","NA","Orientation_PSA2018","2","1274","2","yes","1024"
"N","5316","V","H","PP_LIST1.csv","penV.jpg","penH.jpg","100","100","623.333333333","623.333333333","#ffffff","yes","legacy","legacy","legacy","0","uniform","1","1","undefined","1","undefined","6","j","0","0","0","0","0","0","0","0","26","0","26","5","0","0","26","26","0","0","26","26","26","26","0","5","0","5","0","0","0","0","0","0","0","0","0","0","0","5","5","5","5","5","26","0","0","0","0","0","0","0","0","12/10/19 22:12:04","no","Matching Tasks","yes","","no","OrientationCrossLanguages_2018PSA_PP_1.2.4.osexp","C:\Users\lenovo\Desktop\scripts","no","chinese-japanese-korean","no","18","no","#0000ff","no","简体中文","yes","768","no","legacy","26","26","1","5","C:/Users/lenovo/Desktop/scripts/subject-6-2.csv","legacy","no","Kafkaesque Koffka","3.2.8","yes","5a7ce671e83246000deafe81","no","0","0","j","space","NA","j","NA","NA","NA","NA","NA","space","NA","NA","f","NA","NA","NA","NA","NA","space","NA","NA","596","732","NA","596","NA","NA","NA","NA","NA","2968","NA","NA","566","NA","NA","NA","NA","NA","8928","NA","NA","2","legacy","yes","1024","2","48000","-16","EXP","6","even","no","no","NA","19605","12811","12820","17503","19587","19587","89484","NA","43976","94161","39304","28560","40974","94666","94158","19605","43976","94666","95265","NA","NA","28560","40885","28600","39301","28600","28600","28560","NA","NA","NA","NA","NA","40979","NA","NA","39809","39810","40385","NA","NA","95765","NA","NA","NA","NA","NA","19607","NA","NA","Orientation_PSA2018","3","1870","3","yes","1024"
"N","5316","V","H","PP_LIST1.csv","plateV.jpg","plateH.jpg","100","100","645","645","#ffffff","yes","legacy","legacy","legacy","0","uniform","1","1","undefined","1","undefined","6","j","0","0","0","0","0","0","0","0","27","0","27","5","0","0","27","27","0","0","27","27","27","27","0","5","0","5","0","0","0","0","0","0","0","0","0","0","0","5","5","5","5","5","27","0","0","0","0","0","0","0","0","12/10/19 22:12:04","no","Matching Tasks","yes","","no","OrientationCrossLanguages_2018PSA_PP_1.2.4.osexp","C:\Users\lenovo\Desktop\scripts","no","chinese-japanese-korean","no","18","no","#0000ff","no","简体中文","yes","768","no","legacy","27","27","1","5","C:/Users/lenovo/Desktop/scripts/subject-6-2.csv","legacy","no","Kafkaesque Koffka","3.2.8","yes","5a7ce671e83246000deafe81","no","0","0","j","space","NA","j","NA","NA","NA","NA","NA","space","NA","NA","f","NA","NA","NA","NA","NA","space","NA","NA","710","732","NA","710","NA","NA","NA","NA","NA","2968","NA","NA","566","NA","NA","NA","NA","NA","8928","NA","NA","2","legacy","yes","1024","2","48000","-16","EXP","6","even","no","no","NA","19605","12811","12820","17503","19587","19587","89484","NA","43976","95974","39304","28560","40974","96479","95973","19605","43976","96479","97195","NA","NA","28560","40885","28600","39301","28600","28600","28560","NA","NA","NA","NA","NA","40979","NA","NA","39809","39810","40385","NA","NA","97695","NA","NA","NA","NA","NA","19607","NA","NA","Orientation_PSA2018","4","2580","4","yes","1024"
"Y","5316","V","V","PP_LIST1.csv","crayonV.jpg","crayonV.jpg","100","100","653.8","653.8","#ffffff","yes","legacy","legacy","legacy","0","uniform","1","1","undefined","1","undefined","6","j","0","0","0","0","0","0","0","0","28","0","28","5","0","0","28","28","0","0","28","28","28","28","0","5","0","5","0","0","0","0","0","0","0","0","0","0","0","5","5","5","5","5","28","0","0","0","0","0","0","0","0","12/10/19 22:12:04","no","Matching Tasks","yes","","no","OrientationCrossLanguages_2018PSA_PP_1.2.4.osexp","C:\Users\lenovo\Desktop\scripts","no","chinese-japanese-korean","no","18","no","#0000ff","no","简体中文","yes","768","no","legacy","28","28","1","5","C:/Users/lenovo/Desktop/scripts/subject-6-2.csv","legacy","no","Kafkaesque Koffka","3.2.8","yes","5a7ce671e83246000deafe81","no","0","0","j","space","NA","j","NA","NA","NA","NA","NA","space","NA","NA","f","NA","NA","NA","NA","NA","space","NA","NA","689","732","NA","689","NA","NA","NA","NA","NA","2968","NA","NA","566","NA","NA","NA","NA","NA","8928","NA","NA","2","legacy","yes","1024","2","48000","-16","EXP","6","even","no","no","NA","19605","12811","12820","17503","19587","19587","89484","NA","43976","97937","39304","28560","40974","98442","97935","19605","43976","98443","99139","NA","NA","28560","40885","28600","39301","28600","28600","28560","NA","NA","NA","NA","NA","40979","NA","NA","39809","39810","40385","NA","NA","99639","NA","NA","NA","NA","NA","19607","NA","NA","Orientation_PSA2018","5","3269","5","yes","1024"
"F","5316","F","F","PP_LIST1.csv","wrench.jpg","piano.jpg","100","100","638.666666667","638.666666667","#ffffff","yes","legacy","legacy","legacy","0","uniform","1","1","undefined","1","undefined","6","f","0","0","0","0","0","0","0","0","29","0","29","5","0","0","29","29","0","0","29","29","29","29","0","5","0","5","0","0","0","0","0","0","0","0","0","0","0","5","5","5","5","5","29","0","0","0","0","0","0","0","0","12/10/19 22:12:04","no","Matching Tasks","yes","","no","OrientationCrossLanguages_2018PSA_PP_1.2.4.osexp","C:\Users\lenovo\Desktop\scripts","no","chinese-japanese-korean","no","18","no","#0000ff","no","简体中文","yes","768","no","legacy","29","29","1","5","C:/Users/lenovo/Desktop/scripts/subject-6-2.csv","legacy","no","Kafkaesque Koffka","3.2.8","yes","5a7ce671e83246000deafe81","no","0","0","f","space","NA","f","NA","NA","NA","NA","NA","space","NA","NA","f","NA","NA","NA","NA","NA","space","NA","NA","563","732","NA","563","NA","NA","NA","NA","NA","2968","NA","NA","566","NA","NA","NA","NA","NA","8928","NA","NA","2","legacy","yes","1024","2","48000","-16","EXP","6","even","no","no","NA","19605","12811","12820","17503","19587","19587","89484","NA","43976","99833","39304","28560","40974","100338","99831","19605","43976","100338","100906","NA","NA","28560","40885","28600","39301","28600","28600","28560","NA","NA","NA","NA","NA","40979","NA","NA","39809","39810","40385","NA","NA","101406","NA","NA","NA","NA","NA","19607","NA","NA","Orientation_PSA2018","6","3832","6","yes","1024"
"F","5316","F","F","PP_LIST1.csv","ladder.jpg","house.jpg","100","100","716.571428571","716.571428571","#ffffff","yes","legacy","legacy","legacy","0","uniform","1","1","undefined","1","undefined","6","f","0","0","0","0","0","0","0","0","30","0","30","5","0","0","30","30","0","0","30","30","30","30","0","5","0","5","0","0","0","0","0","0","0","0","0","0","0","5","5","5","5","5","30","0","0","0","0","0","0","0","0","12/10/19 22:12:04","no","Matching Tasks","yes","","no","OrientationCrossLanguages_2018PSA_PP_1.2.4.osexp","C:\Users\lenovo\Desktop\scripts","no","chinese-japanese-korean","no","18","no","#0000ff","no","简体中文","yes","768","no","legacy","30","30","1","5","C:/Users/lenovo/Desktop/scripts/subject-6-2.csv","legacy","no","Kafkaesque Koffka","3.2.8","yes","5a7ce671e83246000deafe81","no","0","0","f","space","NA","f","NA","NA","NA","NA","NA","space","NA","NA","f","NA","NA","NA","NA","NA","space","NA","NA","1184","732","NA","1184","NA","NA","NA","NA","NA","2968","NA","NA","566","NA","NA","NA","NA","NA","8928","NA","NA","2","legacy","yes","1024","2","48000","-16","EXP","6","even","no","no","NA","19605","12811","12820","17503","19587","19587","89484","NA","43976","101609","39304","28560","40974","102114","101607","19605","43976","102114","103304","NA","NA","28560","40885","28600","39301","28600","28600","28560","NA","NA","NA","NA","NA","40979","NA","NA","39809","39810","40385","NA","NA","103805","NA","NA","NA","NA","NA","19607","NA","NA","Orientation_PSA2018","7","5016","7","yes","1024"
"N","5316","H","V","PP_LIST1.csv","ironH.jpg","ironV.jpg","100","100","756.875","756.875","#ffffff","yes","legacy","legacy","legacy","0","uniform","1","1","undefined","1","undefined","6","j","0","0","0","0","0","0","0","0","31","0","31","5","0","0","31","31","0","0","31","31","31","31","0","5","0","5","0","0","0","0","0","0","0","0","0","0","0","5","5","5","5","5","31","0","0","0","0","0","0","0","0","12/10/19 22:12:04","no","Matching Tasks","yes","","no","OrientationCrossLanguages_2018PSA_PP_1.2.4.osexp","C:\Users\lenovo\Desktop\scripts","no","chinese-japanese-korean","no","18","no","#0000ff","no","简体中文","yes","768","no","legacy","31","31","1","5","C:/Users/lenovo/Desktop/scripts/subject-6-2.csv","legacy","no","Kafkaesque Koffka","3.2.8","yes","5a7ce671e83246000deafe81","no","0","0","j","space","NA","j","NA","NA","NA","NA","NA","space","NA","NA","f","NA","NA","NA","NA","NA","space","NA","NA","1039","732","NA","1039","NA","NA","NA","NA","NA","2968","NA","NA","566","NA","NA","NA","NA","NA","8928","NA","NA","2","legacy","yes","1024","2","48000","-16","EXP","6","even","no","no","NA","19605","12811","12820","17503","19587","19587","89484","NA","43976","104047","39304","28560","40974","104552","104045","19605","43976","104552","105597","NA","NA","28560","40885","28600","39301","28600","28600","28560","NA","NA","NA","NA","NA","40979","NA","NA","39809","39810","40385","NA","NA","106098","NA","NA","NA","NA","NA","19607","NA","NA","Orientation_PSA2018","8","6055","8","yes","1024"
"Y","5316","V","V","PP_LIST1.csv","fire_extinguisherV.jpg","fire_extinguisherV.jpg","100","100","739.555555556","739.555555556","#ffffff","yes","legacy","legacy","legacy","0","uniform","1","1","undefined","1","undefined","6","j","0","0","0","0","0","0","0","0","32","0","32","5","0","0","32","32","0","0","32","32","32","32","0","5","0","5","0","0","0","0","0","0","0","0","0","0","0","5","5","5","5","5","32","0","0","0","0","0","0","0","0","12/10/19 22:12:04","no","Matching Tasks","yes","","no","OrientationCrossLanguages_2018PSA_PP_1.2.4.osexp","C:\Users\lenovo\Desktop\scripts","no","chinese-japanese-korean","no","18","no","#0000ff","no","简体中文","yes","768","no","legacy","32","32","1","5","C:/Users/lenovo/Desktop/scripts/subject-6-2.csv","legacy","no","Kafkaesque Koffka","3.2.8","yes","5a7ce671e83246000deafe81","no","0","0","j","space","NA","j","NA","NA","NA","NA","NA","space","NA","NA","f","NA","NA","NA","NA","NA","space","NA","NA","601","732","NA","601","NA","NA","NA","NA","NA","2968","NA","NA","566","NA","NA","NA","NA","NA","8928","NA","NA","2","legacy","yes","1024","2","48000","-16","EXP","6","even","no","no","NA","19605","12811","12820","17503","19587","19587","89484","NA","43976","106294","39304","28560","40974","106798","106292","19605","43976","106799","107404","NA","NA","28560","40885","28600","39301","28600","28600","28560","NA","NA","NA","NA","NA","40979","NA","NA","39809","39810","40385","NA","NA","107904","NA","NA","NA","NA","NA","19607","NA","NA","Orientation_PSA2018","9","6656","9","yes","1024"
"F","5316","F","F","PP_LIST1.csv","trmpet.jpg","tapedispenser.jpg","100","100","750.8","750.8","#ffffff","yes","legacy","legacy","legacy","0","uniform","1","1","undefined","1","undefined","6","f","0","0","0","0","0","0","0","0","33","0","33","5","0","0","33","33","0","0","33","33","33","33","0","5","0","5","0","0","0","0","0","0","0","0","0","0","0","5","5","5","5","5","33","0","0","0","0","0","0","0","0","12/10/19 22:12:04","no","Matching Tasks","yes","","no","OrientationCrossLanguages_2018PSA_PP_1.2.4.osexp","C:\Users\lenovo\Desktop\scripts","no","chinese-japanese-korean","no","18","no","#0000ff","no","简体中文","yes","768","no","legacy","33","33","1","5","C:/Users/lenovo/Desktop/scripts/subject-6-2.csv","legacy","no","Kafkaesque Koffka","3.2.8","yes","5a7ce671e83246000deafe81","no","0","0","f","space","NA","f","NA","NA","NA","NA","NA","space","NA","NA","f","NA","NA","NA","NA","NA","space","NA","NA","852","732","NA","852","NA","NA","NA","NA","NA","2968","NA","NA","566","NA","NA","NA","NA","NA","8928","NA","NA","2","legacy","yes","1024","2","48000","-16","EXP","6","even","no","no","NA","19605","12811","12820","17503","19587","19587","89484","NA","43976","108115","39304","28560","40974","108620","108113","19605","43976","108620","109477","NA","NA","28560","40885","28600","39301","28600","28600","28560","NA","NA","NA","NA","NA","40979","NA","NA","39809","39810","40385","NA","NA","109977","NA","NA","NA","NA","NA","19607","NA","NA","Orientation_PSA2018","10","7508","10","yes","1024"
"F","5316","F","F","PP_LIST1.csv","tapedispenser.jpg","wrench.jpg","100","100","743.363636364","743.363636364","#ffffff","yes","legacy","legacy","legacy","0","uniform","1","1","undefined","1","undefined","6","f","0","0","0","0","0","0","0","0","34","0","34","5","0","0","34","34","0","0","34","34","34","34","0","5","0","5","0","0","0","0","0","0","0","0","0","0","0","5","5","5","5","5","34","0","0","0","0","0","0","0","0","12/10/19 22:12:04","no","Matching Tasks","yes","","no","OrientationCrossLanguages_2018PSA_PP_1.2.4.osexp","C:\Users\lenovo\Desktop\scripts","no","chinese-japanese-korean","no","18","no","#0000ff","no","简体中文","yes","768","no","legacy","34","34","1","5","C:/Users/lenovo/Desktop/scripts/subject-6-2.csv","legacy","no","Kafkaesque Koffka","3.2.8","yes","5a7ce671e83246000deafe81","no","0","0","f","space","NA","f","NA","NA","NA","NA","NA","space","NA","NA","f","NA","NA","NA","NA","NA","space","NA","NA","669","732","NA","669","NA","NA","NA","NA","NA","2968","NA","NA","566","NA","NA","NA","NA","NA","8928","NA","NA","2","legacy","yes","1024","2","48000","-16","EXP","6","even","no","no","NA","19605","12811","12820","17503","19587","19587","89484","NA","43976","110183","39304","28560","40974","110688","110181","19605","43976","110688","111361","NA","NA","28560","40885","28600","39301","28600","28600","28560","NA","NA","NA","NA","NA","40979","NA","NA","39809","39810","40385","NA","NA","111862","NA","NA","NA","NA","NA","19607","NA","NA","Orientation_PSA2018","11","8177","11","yes","1024"
"F","5316","F","F","PP_LIST1.csv","couch.jpg","spider.jpg","100","100","746.5","746.5","#ffffff","yes","legacy","legacy","legacy","0","uniform","1","1","undefined","1","undefined","6","f","0","0","0","0","0","0","0","0","35","0","35","5","0","0","35","35","0","0","35","35","35","35","0","5","0","5","0","0","0","0","0","0","0","0","0","0","0","5","5","5","5","5","35","0","0","0","0","0","0","0","0","12/10/19 22:12:04","no","Matching Tasks","yes","","no","OrientationCrossLanguages_2018PSA_PP_1.2.4.osexp","C:\Users\lenovo\Desktop\scripts","no","chinese-japanese-korean","no","18","no","#0000ff","no","简体中文","yes","768","no","legacy","35","35","1","5","C:/Users/lenovo/Desktop/scripts/subject-6-2.csv","legacy","no","Kafkaesque Koffka","3.2.8","yes","5a7ce671e83246000deafe81","no","0","0","f","space","NA","f","NA","NA","NA","NA","NA","space","NA","NA","f","NA","NA","NA","NA","NA","space","NA","NA","781","732","NA","781","NA","NA","NA","NA","NA","2968","NA","NA","566","NA","NA","NA","NA","NA","8928","NA","NA","2","legacy","yes","1024","2","48000","-16","EXP","6","even","no","no","NA","19605","12811","12820","17503","19587","19587","89484","NA","43976","112092","39304","28560","40974","112598","112090","19605","43976","112598","113384","NA","NA","28560","40885","28600","39301","28600","28600","28560","NA","NA","NA","NA","NA","40979","NA","NA","39809","39810","40385","NA","NA","113884","NA","NA","NA","NA","NA","19607","NA","NA","Orientation_PSA2018","12","8958","12","yes","1024"
"F","5316","F","F","PP_LIST1.csv","tiger.jpg","wndmil.jpg","92.3076923077","92.3076923077","731.153846154","731.153846154","#ffffff","yes","legacy","legacy","legacy","0","uniform","0","0","undefined","1","undefined","6","f","0","0","0","0","0","0","0","0","36","0","36","5","0","0","36","36","0","0","36","36","36","36","0","5","0","5","0","0","0","0","0","0","0","0","0","0","0","5","5","5","5","5","36","0","0","0","0","0","0","0","0","12/10/19 22:12:04","no","Matching Tasks","yes","","no","OrientationCrossLanguages_2018PSA_PP_1.2.4.osexp","C:\Users\lenovo\Desktop\scripts","no","chinese-japanese-korean","no","18","no","#0000ff","no","简体中文","yes","768","no","legacy","36","36","1","5","C:/Users/lenovo/Desktop/scripts/subject-6-2.csv","legacy","no","Kafkaesque Koffka","3.2.8","yes","5a7ce671e83246000deafe81","no","0","0","j","space","NA","j","NA","NA","NA","NA","NA","space","NA","NA","f","NA","NA","NA","NA","NA","space","NA","NA","547","732","NA","547","NA","NA","NA","NA","NA","2968","NA","NA","566","NA","NA","NA","NA","NA","8928","NA","NA","2","legacy","yes","1024","2","48000","-16","EXP","6","even","no","no","NA","19605","12811","12820","17503","19587","19587","89484","NA","43976","114086","39304","28560","40974","114591","114083","19605","43976","114591","113384","NA","115142","28560","40885","28600","39301","28600","28600","28560","NA","NA","NA","NA","NA","40979","NA","NA","39809","39810","40385","NA","NA","115642","NA","NA","NA","NA","NA","19607","NA","NA","Orientation_PSA2018","12","9505","13","yes","1024"
"F","5316","F","F","PP_LIST1.csv","knife.jpg","ladder.jpg","92.8571428571","92.8571428571","768.714285714","768.714285714","#ffffff","yes","legacy","legacy","legacy","0","uniform","1","1","undefined","1","undefined","6","f","0","0","0","0","0","0","0","0","37","0","37","5","0","0","37","37","0","0","37","37","37","37","0","5","0","5","0","0","0","0","0","0","0","0","0","0","0","5","5","5","5","5","37","0","0","0","0","0","0","0","0","12/10/19 22:12:04","no","Matching Tasks","yes","","no","OrientationCrossLanguages_2018PSA_PP_1.2.4.osexp","C:\Users\lenovo\Desktop\scripts","no","chinese-japanese-korean","no","18","no","#0000ff","no","简体中文","yes","768","no","legacy","37","37","1","5","C:/Users/lenovo/Desktop/scripts/subject-6-2.csv","legacy","no","Kafkaesque Koffka","3.2.8","yes","5a7ce671e83246000deafe81","no","0","0","f","space","NA","f","NA","NA","NA","NA","NA","space","NA","NA","f","NA","NA","NA","NA","NA","space","NA","NA","1257","732","NA","1257","NA","NA","NA","NA","NA","2968","NA","NA","566","NA","NA","NA","NA","NA","8928","NA","NA","2","legacy","yes","1024","2","48000","-16","EXP","6","even","no","no","NA","19605","12811","12820","17503","19587","19587","89484","NA","43976","115866","39304","28560","40974","116368","115864","19605","43976","116368","117629","NA","115142","28560","40885","28600","39301","28600","28600","28560","NA","NA","NA","NA","NA","40979","NA","NA","39809","39810","40385","NA","NA","118129","NA","NA","NA","NA","NA","19607","NA","NA","Orientation_PSA2018","13","10762","14","yes","1024"
"Y","5316","V","V","PP_LIST1.csv","brushV.jpg","brushV.jpg","93.3333333333","93.3333333333","760.2","760.2","#ffffff","yes","legacy","legacy","legacy","0","uniform","1","1","undefined","1","undefined","6","j","0","0","0","0","0","0","0","0","38","0","38","5","0","0","38","38","0","0","38","38","38","38","0","5","0","5","0","0","0","0","0","0","0","0","0","0","0","5","5","5","5","5","38","0","0","0","0","0","0","0","0","12/10/19 22:12:04","no","Matching Tasks","yes","","no","OrientationCrossLanguages_2018PSA_PP_1.2.4.osexp","C:\Users\lenovo\Desktop\scripts","no","chinese-japanese-korean","no","18","no","#0000ff","no","简体中文","yes","768","no","legacy","38","38","1","5","C:/Users/lenovo/Desktop/scripts/subject-6-2.csv","legacy","no","Kafkaesque Koffka","3.2.8","yes","5a7ce671e83246000deafe81","no","0","0","j","space","NA","j","NA","NA","NA","NA","NA","space","NA","NA","f","NA","NA","NA","NA","NA","space","NA","NA","641","732","NA","641","NA","NA","NA","NA","NA","2968","NA","NA","566","NA","NA","NA","NA","NA","8928","NA","NA","2","legacy","yes","1024","2","48000","-16","EXP","6","even","no","no","NA","19605","12811","12820","17503","19587","19587","89484","NA","43976","118363","39304","28560","40974","118868","118360","19605","43976","118868","119518","NA","115142","28560","40885","28600","39301","28600","28600","28560","NA","NA","NA","NA","NA","40979","NA","NA","39809","39810","40385","NA","NA","120018","NA","NA","NA","NA","NA","19607","NA","NA","Orientation_PSA2018","14","11403","15","yes","1024"
"Y","5316","H","H","PP_LIST1.csv","broomH.jpg","broomH.jpg","93.75","93.75","761.375","761.375","#ffffff","yes","legacy","legacy","legacy","0","uniform","1","1","undefined","1","undefined","6","j","0","0","0","0","0","0","0","0","39","0","39","5","0","0","39","39","0","0","39","39","39","39","0","5","0","5","0","0","0","0","0","0","0","0","0","0","0","5","5","5","5","5","39","0","0","0","0","0","0","0","0","12/10/19 22:12:04","no","Matching Tasks","yes","","no","OrientationCrossLanguages_2018PSA_PP_1.2.4.osexp","C:\Users\lenovo\Desktop\scripts","no","chinese-japanese-korean","no","18","no","#0000ff","no","简体中文","yes","768","no","legacy","39","39","1","5","C:/Users/lenovo/Desktop/scripts/subject-6-2.csv","legacy","no","Kafkaesque Koffka","3.2.8","yes","5a7ce671e83246000deafe81","no","0","0","j","space","NA","j","NA","NA","NA","NA","NA","space","NA","NA","f","NA","NA","NA","NA","NA","space","NA","NA","779","732","NA","779","NA","NA","NA","NA","NA","2968","NA","NA","566","NA","NA","NA","NA","NA","8928","NA","NA","2","legacy","yes","1024","2","48000","-16","EXP","6","even","no","no","NA","19605","12811","12820","17503","19587","19587","89484","NA","43976","120271","39304","28560","40974","120775","120269","19605","43976","120776","121558","NA","115142","28560","40885","28600","39301","28600","28600","28560","NA","NA","NA","NA","NA","40979","NA","NA","39809","39810","40385","NA","NA","122058","NA","NA","NA","NA","NA","19607","NA","NA","Orientation_PSA2018","15","12182","16","yes","1024"
"Y","5316","H","H","PP_LIST1.csv","bowlH.jpg","bowlH.jpg","94.1176470588","94.1176470588","750.235294118","750.235294118","#ffffff","yes","legacy","legacy","legacy","0","uniform","1","1","undefined","1","undefined","6","j","0","0","0","0","0","0","0","0","40","0","40","5","0","0","40","40","0","0","40","40","40","40","0","5","0","5","0","0","0","0","0","0","0","0","0","0","0","5","5","5","5","5","40","0","0","0","0","0","0","0","0","12/10/19 22:12:04","no","Matching Tasks","yes","","no","OrientationCrossLanguages_2018PSA_PP_1.2.4.osexp","C:\Users\lenovo\Desktop\scripts","no","chinese-japanese-korean","no","18","no","#0000ff","no","简体中文","yes","768","no","legacy","40","40","1","5","C:/Users/lenovo/Desktop/scripts/subject-6-2.csv","legacy","no","Kafkaesque Koffka","3.2.8","yes","5a7ce671e83246000deafe81","no","0","0","j","space","NA","j","NA","NA","NA","NA","NA","space","NA","NA","f","NA","NA","NA","NA","NA","space","NA","NA","572","732","NA","572","NA","NA","NA","NA","NA","2968","NA","NA","566","NA","NA","NA","NA","NA","8928","NA","NA","2","legacy","yes","1024","2","48000","-16","EXP","6","even","no","no","NA","19605","12811","12820","17503","19587","19587","89484","NA","43976","122336","39304","28560","40974","122841","122334","19605","43976","122842","123421","NA","115142","28560","40885","28600","39301","28600","28600","28560","NA","NA","NA","NA","NA","40979","NA","NA","39809","39810","40385","NA","NA","123921","NA","NA","NA","NA","NA","19607","NA","NA","Orientation_PSA2018","16","12754","17","yes","1024"
"N","5316","H","V","PP_LIST1.csv","keyH.jpg","keyV.jpg","94.4444444444","94.4444444444","746.777777778","746.777777778","#ffffff","yes","legacy","legacy","legacy","0","uniform","1","1","undefined","1","undefined","6","j","0","0","0","0","0","0","0","0","41","0","41","5","0","0","41","41","0","0","41","41","41","41","0","5","0","5","0","0","0","0","0","0","0","0","0","0","0","5","5","5","5","5","41","0","0","0","0","0","0","0","0","12/10/19 22:12:04","no","Matching Tasks","yes","","no","OrientationCrossLanguages_2018PSA_PP_1.2.4.osexp","C:\Users\lenovo\Desktop\scripts","no","chinese-japanese-korean","no","18","no","#0000ff","no","简体中文","yes","768","no","legacy","41","41","1","5","C:/Users/lenovo/Desktop/scripts/subject-6-2.csv","legacy","no","Kafkaesque Koffka","3.2.8","yes","5a7ce671e83246000deafe81","no","0","0","j","space","NA","j","NA","NA","NA","NA","NA","space","NA","NA","f","NA","NA","NA","NA","NA","space","NA","NA","688","732","NA","688","NA","NA","NA","NA","NA","2968","NA","NA","566","NA","NA","NA","NA","NA","8928","NA","NA","2","legacy","yes","1024","2","48000","-16","EXP","6","even","no","no","NA","19605","12811","12820","17503","19587","19587","89484","NA","43976","124136","39304","28560","40974","124642","124134","19605","43976","124643","125335","NA","115142","28560","40885","28600","39301","28600","28600","28560","NA","NA","NA","NA","NA","40979","NA","NA","39809","39810","40385","NA","NA","125835","NA","NA","NA","NA","NA","19607","NA","NA","Orientation_PSA2018","17","13442","18","yes","1024"
"F","5316","F","F","PP_LIST1.csv","wndmil.jpg","mitten.jpg","94.7368421053","94.7368421053","735.526315789","735.526315789","#ffffff","yes","legacy","legacy","legacy","0","uniform","1","1","undefined","1","undefined","6","f","0","0","0","0","0","0","0","0","42","0","42","5","0","0","42","42","0","0","42","42","42","42","0","5","0","5","0","0","0","0","0","0","0","0","0","0","0","5","5","5","5","5","42","0","0","0","0","0","0","0","0","12/10/19 22:12:04","no","Matching Tasks","yes","","no","OrientationCrossLanguages_2018PSA_PP_1.2.4.osexp","C:\Users\lenovo\Desktop\scripts","no","chinese-japanese-korean","no","18","no","#0000ff","no","简体中文","yes","768","no","legacy","42","42","1","5","C:/Users/lenovo/Desktop/scripts/subject-6-2.csv","legacy","no","Kafkaesque Koffka","3.2.8","yes","5a7ce671e83246000deafe81","no","0","0","f","space","NA","f","NA","NA","NA","NA","NA","space","NA","NA","f","NA","NA","NA","NA","NA","space","NA","NA","533","732","NA","533","NA","NA","NA","NA","NA","2968","NA","NA","566","NA","NA","NA","NA","NA","8928","NA","NA","2","legacy","yes","1024","2","48000","-16","EXP","6","even","no","no","NA","19605","12811","12820","17503","19587","19587","89484","NA","43976","126094","39304","28560","40974","126597","126092","19605","43976","126598","127135","NA","115142","28560","40885","28600","39301","28600","28600","28560","NA","NA","NA","NA","NA","40979","NA","NA","39809","39810","40385","NA","NA","127635","NA","NA","NA","NA","NA","19607","NA","NA","Orientation_PSA2018","18","13975","19","yes","1024"
"F","5316","F","F","PP_LIST1.csv","ring.jpg","stove.jpg","95","95","725.85","725.85","#ffffff","yes","legacy","legacy","legacy","0","uniform","1","1","undefined","1","undefined","6","f","0","0","0","0","0","0","0","0","43","0","43","5","0","0","43","43","0","0","43","43","43","43","0","5","0","5","0","0","0","0","0","0","0","0","0","0","0","5","5","5","5","5","43","0","0","0","0","0","0","0","0","12/10/19 22:12:04","no","Matching Tasks","yes","","no","OrientationCrossLanguages_2018PSA_PP_1.2.4.osexp","C:\Users\lenovo\Desktop\scripts","no","chinese-japanese-korean","no","18","no","#0000ff","no","简体中文","yes","768","no","legacy","43","43","1","5","C:/Users/lenovo/Desktop/scripts/subject-6-2.csv","legacy","no","Kafkaesque Koffka","3.2.8","yes","5a7ce671e83246000deafe81","no","0","0","f","space","NA","f","NA","NA","NA","NA","NA","space","NA","NA","f","NA","NA","NA","NA","NA","space","NA","NA","542","732","NA","542","NA","NA","NA","NA","NA","2968","NA","NA","566","NA","NA","NA","NA","NA","8928","NA","NA","2","legacy","yes","1024","2","48000","-16","EXP","6","even","no","no","NA","19605","12811","12820","17503","19587","19587","89484","NA","43976","127832","39304","28560","40974","128337","127830","19605","43976","128337","128884","NA","115142","28560","40885","28600","39301","28600","28600","28560","NA","NA","NA","NA","NA","40979","NA","NA","39809","39810","40385","NA","NA","129384","NA","NA","NA","NA","NA","19607","NA","NA","Orientation_PSA2018","19","14517","20","yes","1024"
"Y","5316","H","H","PP_LIST1.csv","bookH.jpg","bookH.jpg","95.2380952381","95.2380952381","724.285714286","724.285714286","#ffffff","yes","legacy","legacy","legacy","0","uniform","1","1","undefined","1","undefined","6","j","0","0","0","0","0","0","0","0","44","0","44","5","0","0","44","44","0","0","44","44","44","44","0","5","0","5","0","0","0","0","0","0","0","0","0","0","0","5","5","5","5","5","44","0","0","0","0","0","0","0","0","12/10/19 22:12:04","no","Matching Tasks","yes","","no","OrientationCrossLanguages_2018PSA_PP_1.2.4.osexp","C:\Users\lenovo\Desktop\scripts","no","chinese-japanese-korean","no","18","no","#0000ff","no","简体中文","yes","768","no","legacy","44","44","1","5","C:/Users/lenovo/Desktop/scripts/subject-6-2.csv","legacy","no","Kafkaesque Koffka","3.2.8","yes","5a7ce671e83246000deafe81","no","0","0","j","space","NA","j","NA","NA","NA","NA","NA","space","NA","NA","f","NA","NA","NA","NA","NA","space","NA","NA","693","732","NA","693","NA","NA","NA","NA","NA","2968","NA","NA","566","NA","NA","NA","NA","NA","8928","NA","NA","2","legacy","yes","1024","2","48000","-16","EXP","6","even","no","no","NA","19605","12811","12820","17503","19587","19587","89484","NA","43976","129598","39304","28560","40974","130103","129595","19605","43976","130103","130800","NA","115142","28560","40885","28600","39301","28600","28600","28560","NA","NA","NA","NA","NA","40979","NA","NA","39809","39810","40385","NA","NA","131300","NA","NA","NA","NA","NA","19607","NA","NA","Orientation_PSA2018","20","15210","21","yes","1024"
"N","5316","V","H","PP_LIST1.csv","saltV.jpg","saltH.jpg","95.4545454545","95.4545454545","721.454545455","721.454545455","#ffffff","yes","legacy","legacy","legacy","0","uniform","1","1","undefined","1","undefined","6","j","0","0","0","0","0","0","0","0","45","0","45","5","0","0","45","45","0","0","45","45","45","45","0","5","0","5","0","0","0","0","0","0","0","0","0","0","0","5","5","5","5","5","45","0","0","0","0","0","0","0","0","12/10/19 22:12:04","no","Matching Tasks","yes","","no","OrientationCrossLanguages_2018PSA_PP_1.2.4.osexp","C:\Users\lenovo\Desktop\scripts","no","chinese-japanese-korean","no","18","no","#0000ff","no","简体中文","yes","768","no","legacy","45","45","1","5","C:/Users/lenovo/Desktop/scripts/subject-6-2.csv","legacy","no","Kafkaesque Koffka","3.2.8","yes","5a7ce671e83246000deafe81","no","0","0","j","space","NA","j","NA","NA","NA","NA","NA","space","NA","NA","f","NA","NA","NA","NA","NA","space","NA","NA","662","732","NA","662","NA","NA","NA","NA","NA","2968","NA","NA","566","NA","NA","NA","NA","NA","8928","NA","NA","2","legacy","yes","1024","2","48000","-16","EXP","6","even","no","no","NA","19605","12811","12820","17503","19587","19587","89484","NA","43976","131604","39304","28560","40974","132109","131601","19605","43976","132109","132779","NA","115142","28560","40885","28600","39301","28600","28600","28560","NA","NA","NA","NA","NA","40979","NA","NA","39809","39810","40385","NA","NA","133279","NA","NA","NA","NA","NA","19607","NA","NA","Orientation_PSA2018","21","15872","22","yes","1024"
"F","5316","F","F","PP_LIST1.csv","buggy.jpg","glass.jpg","95.652173913","95.652173913","714.347826087","714.347826087","#ffffff","yes","legacy","legacy","legacy","0","uniform","1","1","undefined","1","undefined","6","f","0","0","0","0","0","0","0","0","46","0","46","5","0","0","46","46","0","0","46","46","46","46","0","5","0","5","0","0","0","0","0","0","0","0","0","0","0","5","5","5","5","5","46","0","0","0","0","0","0","0","0","12/10/19 22:12:04","no","Matching Tasks","yes","","no","OrientationCrossLanguages_2018PSA_PP_1.2.4.osexp","C:\Users\lenovo\Desktop\scripts","no","chinese-japanese-korean","no","18","no","#0000ff","no","简体中文","yes","768","no","legacy","46","46","1","5","C:/Users/lenovo/Desktop/scripts/subject-6-2.csv","legacy","no","Kafkaesque Koffka","3.2.8","yes","5a7ce671e83246000deafe81","no","0","0","f","space","NA","f","NA","NA","NA","NA","NA","space","NA","NA","f","NA","NA","NA","NA","NA","space","NA","NA","558","732","NA","558","NA","NA","NA","NA","NA","2968","NA","NA","566","NA","NA","NA","NA","NA","8928","NA","NA","2","legacy","yes","1024","2","48000","-16","EXP","6","even","no","no","NA","19605","12811","12820","17503","19587","19587","89484","NA","43976","133475","39304","28560","40974","133980","133473","19605","43976","133981","134546","NA","115142","28560","40885","28600","39301","28600","28600","28560","NA","NA","NA","NA","NA","40979","NA","NA","39809","39810","40385","NA","NA","135046","NA","NA","NA","NA","NA","19607","NA","NA","Orientation_PSA2018","22","16430","23","yes","1024"
"N","5316","V","H","PP_LIST1.csv","scssorV.jpg","scssorH.jpg","95.8333333333","95.8333333333","708.291666667","708.291666667","#ffffff","yes","legacy","legacy","legacy","0","uniform","1","1","undefined","1","undefined","6","j","0","0","0","0","0","0","0","0","47","0","47","5","0","0","47","47","0","0","47","47","47","47","0","5","0","5","0","0","0","0","0","0","0","0","0","0","0","5","5","5","5","5","47","0","0","0","0","0","0","0","0","12/10/19 22:12:04","no","Matching Tasks","yes","","no","OrientationCrossLanguages_2018PSA_PP_1.2.4.osexp","C:\Users\lenovo\Desktop\scripts","no","chinese-japanese-korean","no","18","no","#0000ff","no","简体中文","yes","768","no","legacy","47","47","1","5","C:/Users/lenovo/Desktop/scripts/subject-6-2.csv","legacy","no","Kafkaesque Koffka","3.2.8","yes","5a7ce671e83246000deafe81","no","0","0","j","space","NA","j","NA","NA","NA","NA","NA","space","NA","NA","f","NA","NA","NA","NA","NA","space","NA","NA","569","732","NA","569","NA","NA","NA","NA","NA","2968","NA","NA","566","NA","NA","NA","NA","NA","8928","NA","NA","2","legacy","yes","1024","2","48000","-16","EXP","6","even","no","no","NA","19605","12811","12820","17503","19587","19587","89484","NA","43976","135296","39304","28560","40974","135801","135294","19605","43976","135802","136381","NA","115142","28560","40885","28600","39301","28600","28600","28560","NA","NA","NA","NA","NA","40979","NA","NA","39809","39810","40385","NA","NA","136881","NA","NA","NA","NA","NA","19607","NA","NA","Orientation_PSA2018","23","16999","24","yes","1024"
