"Identical","LAB_SEED","Orientation1","Orientation2","PPList","Picture1","Picture2","acc","accuracy","average_response_time","avg_rt","background","bidi","canvas_backend","clock_backend","color_backend","compensation","coordinates","correct","correct_Pictures_response","correct_Start_ELL","correct_Target_response_Prac","correct_Welcome_PP_ELL","correct_count","correct_response","count_Check_This","count_Disable_Mouse","count_EXP","count_LAB_SEED","count_Language_Selection","count_List_Select","count_List_Selection","count_Pictures_Break","count_Pictures_End","count_Pictures_Exp","count_Pictures_Fixation","count_Pictures_Fixation_Prac","count_Pictures_Prac","count_Pictures_Start","count_Pictures_Target","count_Pictures_Trial","count_Pictures_Welcome","count_Pictures_loop","count_Pictures_response","count_Pictures_response_correct","count_Pictures_response_noans","count_Pictures_response_wrong","count_Prac","count_Prac_Count","count_Prac_Reset","count_Prac_Trial","count_Prac_loop","count_Prac_seq","count_Prac_setup","count_Start_DE","count_Start_E","count_Start_ELL","count_Start_HIN","count_Start_HUN","count_Start_NOR","count_Start_PL","count_Start_POR","count_Start_SC","count_Start_SLK","count_Start_SPA","count_Start_TC","count_Start_THAI","count_Start_TUR","count_Target_Prac","count_Target_response_Prac","count_Target_response_correct_Prac","count_Target_response_noans_Prac","count_Target_response_wrong_Prac","count_Trial_logger","count_Welcome_PP_DE","count_Welcome_PP_E","count_Welcome_PP_ELL","count_Welcome_PP_HIN","count_Welcome_PP_HUN","count_Welcome_PP_NOR","count_Welcome_PP_PL","count_Welcome_PP_POR","count_Welcome_PP_SC","count_Welcome_PP_SLK","count_Welcome_PP_SPA","count_Welcome_PP_TC","count_Welcome_PP_THAI","count_Welcome_PP_TUR","datetime","de","description","disable_garbage_collection","ell","empty_column","en","experiment_file","experiment_path","font_bold","font_family","font_italic","font_size","font_underline","foreground","form_clicks","form_response","fullscreen","height","hin","hun","keyboard_backend","live_row","live_row_Pictures_loop","live_row_Prac","live_row_Prac_loop","logfile","mouse_backend","nor","opensesame_codename","opensesame_version","osf_always_upload_experiment","osf_id","pol","por","repeat_cycle","reset_loop","response","response_Pictures_Break","response_Pictures_End","response_Pictures_response","response_Start_DE","response_Start_E","response_Start_ELL","response_Start_HIN","response_Start_HUN","response_Start_NOR","response_Start_PL","response_Start_POR","response_Start_SC","response_Start_SLK","response_Start_SPA","response_Start_TC","response_Start_THAI","response_Start_TUR","response_Target_response_Prac","response_Welcome_PP_DE","response_Welcome_PP_E","response_Welcome_PP_ELL","response_Welcome_PP_HIN","response_Welcome_PP_HUN","response_Welcome_PP_NOR","response_Welcome_PP_PL","response_Welcome_PP_POR","response_Welcome_PP_SC","response_Welcome_PP_SLK","response_Welcome_PP_SPA","response_Welcome_PP_TC","response_Welcome_PP_THAI","response_Welcome_PP_TUR","response_time","response_time_Pictures_Break","response_time_Pictures_End","response_time_Pictures_response","response_time_Start_DE","response_time_Start_E","response_time_Start_ELL","response_time_Start_HIN","response_time_Start_HUN","response_time_Start_NOR","response_time_Start_PL","response_time_Start_POR","response_time_Start_SC","response_time_Start_SLK","response_time_Start_SPA","response_time_Start_TC","response_time_Start_THAI","response_time_Start_TUR","response_time_Target_response_Prac","response_time_Welcome_PP_DE","response_time_Welcome_PP_E","response_time_Welcome_PP_ELL","response_time_Welcome_PP_HIN","response_time_Welcome_PP_HUN","response_time_Welcome_PP_NOR","response_time_Welcome_PP_PL","response_time_Welcome_PP_POR","response_time_Welcome_PP_SC","response_time_Welcome_PP_SLK","response_time_Welcome_PP_SPA","response_time_Welcome_PP_TC","response_time_Welcome_PP_THAI","response_time_Welcome_PP_TUR","round_decimals","sampler_backend","sc","slk","sound_buf_size","sound_channels","sound_freq","sound_sample_size","spa","start","subject_nr","subject_parity","tc","thai","time_Check_This","time_Disable_Mouse","time_EXP","time_LAB_SEED","time_Language_Selection","time_List_Select","time_List_Selection","time_Pictures_Break","time_Pictures_End","time_Pictures_Exp","time_Pictures_Fixation","time_Pictures_Fixation_Prac","time_Pictures_Prac","time_Pictures_Start","time_Pictures_Target","time_Pictures_Trial","time_Pictures_Welcome","time_Pictures_loop","time_Pictures_response","time_Pictures_response_correct","time_Pictures_response_noans","time_Pictures_response_wrong","time_Prac","time_Prac_Count","time_Prac_Reset","time_Prac_Trial","time_Prac_loop","time_Prac_seq","time_Prac_setup","time_Start_DE","time_Start_E","time_Start_ELL","time_Start_HIN","time_Start_HUN","time_Start_NOR","time_Start_PL","time_Start_POR","time_Start_SC","time_Start_SLK","time_Start_SPA","time_Start_TC","time_Start_THAI","time_Start_TUR","time_Target_Prac","time_Target_response_Prac","time_Target_response_correct_Prac","time_Target_response_noans_Prac","time_Target_response_wrong_Prac","time_Trial_logger","time_Welcome_PP_DE","time_Welcome_PP_E","time_Welcome_PP_ELL","time_Welcome_PP_HIN","time_Welcome_PP_HUN","time_Welcome_PP_NOR","time_Welcome_PP_PL","time_Welcome_PP_POR","time_Welcome_PP_SC","time_Welcome_PP_SLK","time_Welcome_PP_SPA","time_Welcome_PP_TC","time_Welcome_PP_THAI","time_Welcome_PP_TUR","title","total_correct","total_response_time","total_responses","tur","uniform_coordinates","width"
"F","8517","F","F","PP_LIST1.csv","stove.jpg","ftball.jpg","100","100","672","672","#ffffff","yes","legacy","legacy","legacy","0","uniform","1","1","undefined","1","undefined","6","f","0","0","0","0","0","0","0","NA","0","0","0","5","0","0","0","0","0","0","0","0","0","0","0","5","0","5","0","0","0","0","0","0","0","0","0","0","0","0","0","0","0","0","0","5","5","5","5","5","0","0","0","0","0","0","0","0","0","0","0","0","0","0","0","01/23/20 15:40:37","no","Matching Tasks","yes","yes","","no","SECOND_OrientationCrossLanguages_2018PSA_PP_1.2.4 (1).osexp","C:/Users/spedu/Desktop","no","mono","no","18","no","#0000ff","no","ελληνικά","yes","768","no","no","legacy","0","0","1","5","C:/Users/spedu/Desktop/raw data/subject-89 PP.csv","legacy","no","Kafkaesque Koffka","3.2.8","yes","5a7ce671e83246000deafe81","no","no","0","0","F","NA","NA","F","NA","NA","space","NA","NA","NA","NA","NA","NA","NA","NA","NA","NA","NA","F","NA","NA","space","NA","NA","NA","NA","NA","NA","NA","NA","NA","NA","NA","570","NA","NA","570","NA","NA","6142","NA","NA","NA","NA","NA","NA","NA","NA","NA","NA","NA","526","NA","NA","42319","NA","NA","NA","NA","NA","NA","NA","NA","NA","NA","NA","2","legacy","no","no","1024","2","48000","-16","no","EXP","89","odd","no","no","NA","10079","3992","3994","8237","10069","10069","NA","NA","69234","69352","61525","52411","63080","69854","69351","10079","69234","69854","70426","NA","NA","52411","63054","52428","61523","52428","52427","52411","NA","NA","63082","NA","NA","NA","NA","NA","NA","NA","NA","NA","NA","NA","62026","62026","62554","NA","NA","70926","NA","NA","10081","NA","NA","NA","NA","NA","NA","NA","NA","NA","NA","NA","Orientation_PSA2018","7","4704","7","no","yes","1024"
"F","8517","F","F","PP_LIST1.csv","couch.jpg","spider.jpg","87.5","87.5","661","661","#ffffff","yes","legacy","legacy","legacy","0","uniform","0","0","undefined","1","undefined","6","f","0","0","0","0","0","0","0","NA","1","0","1","5","0","0","1","1","0","0","1","1","1","1","0","5","0","5","0","0","0","0","0","0","0","0","0","0","0","0","0","0","0","0","0","5","5","5","5","5","1","0","0","0","0","0","0","0","0","0","0","0","0","0","0","01/23/20 15:40:37","no","Matching Tasks","yes","yes","","no","SECOND_OrientationCrossLanguages_2018PSA_PP_1.2.4 (1).osexp","C:/Users/spedu/Desktop","no","mono","no","18","no","#0000ff","no","ελληνικά","yes","768","no","no","legacy","1","1","1","5","C:/Users/spedu/Desktop/raw data/subject-89 PP.csv","legacy","no","Kafkaesque Koffka","3.2.8","yes","5a7ce671e83246000deafe81","no","no","0","0","J","NA","NA","J","NA","NA","space","NA","NA","NA","NA","NA","NA","NA","NA","NA","NA","NA","F","NA","NA","space","NA","NA","NA","NA","NA","NA","NA","NA","NA","NA","NA","584","NA","NA","584","NA","NA","6142","NA","NA","NA","NA","NA","NA","NA","NA","NA","NA","NA","526","NA","NA","42319","NA","NA","NA","NA","NA","NA","NA","NA","NA","NA","NA","2","legacy","no","no","1024","2","48000","-16","no","EXP","89","odd","no","no","NA","10079","3992","3994","8237","10069","10069","NA","NA","69234","71059","61525","52411","63080","71560","71057","10079","69234","71560","70426","NA","72146","52411","63054","52428","61523","52428","52427","52411","NA","NA","63082","NA","NA","NA","NA","NA","NA","NA","NA","NA","NA","NA","62026","62026","62554","NA","NA","72646","NA","NA","10081","NA","NA","NA","NA","NA","NA","NA","NA","NA","NA","NA","Orientation_PSA2018","7","5288","8","no","yes","1024"
"Y","8517","H","H","PP_LIST1.csv","bookH.jpg","bookH.jpg","88.8888888889","88.8888888889","663.222222222","663.222222222","#ffffff","yes","legacy","legacy","legacy","0","uniform","1","1","undefined","1","undefined","6","j","0","0","0","0","0","0","0","NA","2","0","2","5","0","0","2","2","0","0","2","2","2","2","0","5","0","5","0","0","0","0","0","0","0","0","0","0","0","0","0","0","0","0","0","5","5","5","5","5","2","0","0","0","0","0","0","0","0","0","0","0","0","0","0","01/23/20 15:40:37","no","Matching Tasks","yes","yes","","no","SECOND_OrientationCrossLanguages_2018PSA_PP_1.2.4 (1).osexp","C:/Users/spedu/Desktop","no","mono","no","18","no","#0000ff","no","ελληνικά","yes","768","no","no","legacy","2","2","1","5","C:/Users/spedu/Desktop/raw data/subject-89 PP.csv","legacy","no","Kafkaesque Koffka","3.2.8","yes","5a7ce671e83246000deafe81","no","no","0","0","J","NA","NA","J","NA","NA","space","NA","NA","NA","NA","NA","NA","NA","NA","NA","NA","NA","F","NA","NA","space","NA","NA","NA","NA","NA","NA","NA","NA","NA","NA","NA","681","NA","NA","681","NA","NA","6142","NA","NA","NA","NA","NA","NA","NA","NA","NA","NA","NA","526","NA","NA","42319","NA","NA","NA","NA","NA","NA","NA","NA","NA","NA","NA","2","legacy","no","no","1024","2","48000","-16","no","EXP","89","odd","no","no","NA","10079","3992","3994","8237","10069","10069","NA","NA","69234","72770","61525","52411","63080","73271","72768","10079","69234","73271","73954","NA","72146","52411","63054","52428","61523","52428","52427","52411","NA","NA","63082","NA","NA","NA","NA","NA","NA","NA","NA","NA","NA","NA","62026","62026","62554","NA","NA","74454","NA","NA","10081","NA","NA","NA","NA","NA","NA","NA","NA","NA","NA","NA","Orientation_PSA2018","8","5969","9","no","yes","1024"
"F","8517","F","F","PP_LIST1.csv","mitten.jpg","needle.jpg","90","90","680.3","680.3","#ffffff","yes","legacy","legacy","legacy","0","uniform","1","1","undefined","1","undefined","6","f","0","0","0","0","0","0","0","NA","3","0","3","5","0","0","3","3","0","0","3","3","3","3","0","5","0","5","0","0","0","0","0","0","0","0","0","0","0","0","0","0","0","0","0","5","5","5","5","5","3","0","0","0","0","0","0","0","0","0","0","0","0","0","0","01/23/20 15:40:37","no","Matching Tasks","yes","yes","","no","SECOND_OrientationCrossLanguages_2018PSA_PP_1.2.4 (1).osexp","C:/Users/spedu/Desktop","no","mono","no","18","no","#0000ff","no","ελληνικά","yes","768","no","no","legacy","3","3","1","5","C:/Users/spedu/Desktop/raw data/subject-89 PP.csv","legacy","no","Kafkaesque Koffka","3.2.8","yes","5a7ce671e83246000deafe81","no","no","0","0","F","NA","NA","F","NA","NA","space","NA","NA","NA","NA","NA","NA","NA","NA","NA","NA","NA","F","NA","NA","space","NA","NA","NA","NA","NA","NA","NA","NA","NA","NA","NA","834","NA","NA","834","NA","NA","6142","NA","NA","NA","NA","NA","NA","NA","NA","NA","NA","NA","526","NA","NA","42319","NA","NA","NA","NA","NA","NA","NA","NA","NA","NA","NA","2","legacy","no","no","1024","2","48000","-16","no","EXP","89","odd","no","no","NA","10079","3992","3994","8237","10069","10069","NA","NA","69234","74576","61525","52411","63080","75078","74575","10079","69234","75078","75914","NA","72146","52411","63054","52428","61523","52428","52427","52411","NA","NA","63082","NA","NA","NA","NA","NA","NA","NA","NA","NA","NA","NA","62026","62026","62554","NA","NA","76414","NA","NA","10081","NA","NA","NA","NA","NA","NA","NA","NA","NA","NA","NA","Orientation_PSA2018","9","6803","10","no","yes","1024"
"F","8517","F","F","PP_LIST1.csv","nut.jpg","watch.jpg","90.9090909091","90.9090909091","675.545454545","675.545454545","#ffffff","yes","legacy","legacy","legacy","0","uniform","1","1","undefined","1","undefined","6","f","0","0","0","0","0","0","0","NA","4","0","4","5","0","0","4","4","0","0","4","4","4","4","0","5","0","5","0","0","0","0","0","0","0","0","0","0","0","0","0","0","0","0","0","5","5","5","5","5","4","0","0","0","0","0","0","0","0","0","0","0","0","0","0","01/23/20 15:40:37","no","Matching Tasks","yes","yes","","no","SECOND_OrientationCrossLanguages_2018PSA_PP_1.2.4 (1).osexp","C:/Users/spedu/Desktop","no","mono","no","18","no","#0000ff","no","ελληνικά","yes","768","no","no","legacy","4","4","1","5","C:/Users/spedu/Desktop/raw data/subject-89 PP.csv","legacy","no","Kafkaesque Koffka","3.2.8","yes","5a7ce671e83246000deafe81","no","no","0","0","F","NA","NA","F","NA","NA","space","NA","NA","NA","NA","NA","NA","NA","NA","NA","NA","NA","F","NA","NA","space","NA","NA","NA","NA","NA","NA","NA","NA","NA","NA","NA","628","NA","NA","628","NA","NA","6142","NA","NA","NA","NA","NA","NA","NA","NA","NA","NA","NA","526","NA","NA","42319","NA","NA","NA","NA","NA","NA","NA","NA","NA","NA","NA","2","legacy","no","no","1024","2","48000","-16","no","EXP","89","odd","no","no","NA","10079","3992","3994","8237","10069","10069","NA","NA","69234","76535","61525","52411","63080","77036","76533","10079","69234","77036","77666","NA","72146","52411","63054","52428","61523","52428","52427","52411","NA","NA","63082","NA","NA","NA","NA","NA","NA","NA","NA","NA","NA","NA","62026","62026","62554","NA","NA","78166","NA","NA","10081","NA","NA","NA","NA","NA","NA","NA","NA","NA","NA","NA","Orientation_PSA2018","10","7431","11","no","yes","1024"
"Y","8517","V","V","PP_LIST1.csv","caterpillarV.jpg","caterpillarV.jpg","91.6666666667","91.6666666667","666","666","#ffffff","yes","legacy","legacy","legacy","0","uniform","1","1","undefined","1","undefined","6","j","0","0","0","0","0","0","0","NA","5","0","5","5","0","0","5","5","0","0","5","5","5","5","0","5","0","5","0","0","0","0","0","0","0","0","0","0","0","0","0","0","0","0","0","5","5","5","5","5","5","0","0","0","0","0","0","0","0","0","0","0","0","0","0","01/23/20 15:40:37","no","Matching Tasks","yes","yes","","no","SECOND_OrientationCrossLanguages_2018PSA_PP_1.2.4 (1).osexp","C:/Users/spedu/Desktop","no","mono","no","18","no","#0000ff","no","ελληνικά","yes","768","no","no","legacy","5","5","1","5","C:/Users/spedu/Desktop/raw data/subject-89 PP.csv","legacy","no","Kafkaesque Koffka","3.2.8","yes","5a7ce671e83246000deafe81","no","no","0","0","J","NA","NA","J","NA","NA","space","NA","NA","NA","NA","NA","NA","NA","NA","NA","NA","NA","F","NA","NA","space","NA","NA","NA","NA","NA","NA","NA","NA","NA","NA","NA","561","NA","NA","561","NA","NA","6142","NA","NA","NA","NA","NA","NA","NA","NA","NA","NA","NA","526","NA","NA","42319","NA","NA","NA","NA","NA","NA","NA","NA","NA","NA","NA","2","legacy","no","no","1024","2","48000","-16","no","EXP","89","odd","no","no","NA","10079","3992","3994","8237","10069","10069","NA","NA","69234","78297","61525","52411","63080","78798","78295","10079","69234","78798","79362","NA","72146","52411","63054","52428","61523","52428","52427","52411","NA","NA","63082","NA","NA","NA","NA","NA","NA","NA","NA","NA","NA","NA","62026","62026","62554","NA","NA","79862","NA","NA","10081","NA","NA","NA","NA","NA","NA","NA","NA","NA","NA","NA","Orientation_PSA2018","11","7992","12","no","yes","1024"
"F","8517","F","F","PP_LIST1.csv","house.jpg","ring.jpg","92.3076923077","92.3076923077","653.538461538","653.538461538","#ffffff","yes","legacy","legacy","legacy","0","uniform","1","1","undefined","1","undefined","6","f","0","0","0","0","0","0","0","NA","6","0","6","5","0","0","6","6","0","0","6","6","6","6","0","5","0","5","0","0","0","0","0","0","0","0","0","0","0","0","0","0","0","0","0","5","5","5","5","5","6","0","0","0","0","0","0","0","0","0","0","0","0","0","0","01/23/20 15:40:37","no","Matching Tasks","yes","yes","","no","SECOND_OrientationCrossLanguages_2018PSA_PP_1.2.4 (1).osexp","C:/Users/spedu/Desktop","no","mono","no","18","no","#0000ff","no","ελληνικά","yes","768","no","no","legacy","6","6","1","5","C:/Users/spedu/Desktop/raw data/subject-89 PP.csv","legacy","no","Kafkaesque Koffka","3.2.8","yes","5a7ce671e83246000deafe81","no","no","0","0","F","NA","NA","F","NA","NA","space","NA","NA","NA","NA","NA","NA","NA","NA","NA","NA","NA","F","NA","NA","space","NA","NA","NA","NA","NA","NA","NA","NA","NA","NA","NA","504","NA","NA","504","NA","NA","6142","NA","NA","NA","NA","NA","NA","NA","NA","NA","NA","NA","526","NA","NA","42319","NA","NA","NA","NA","NA","NA","NA","NA","NA","NA","NA","2","legacy","no","no","1024","2","48000","-16","no","EXP","89","odd","no","no","NA","10079","3992","3994","8237","10069","10069","NA","NA","69234","79986","61525","52411","63080","80487","79985","10079","69234","80487","80993","NA","72146","52411","63054","52428","61523","52428","52427","52411","NA","NA","63082","NA","NA","NA","NA","NA","NA","NA","NA","NA","NA","NA","62026","62026","62554","NA","NA","81494","NA","NA","10081","NA","NA","NA","NA","NA","NA","NA","NA","NA","NA","NA","Orientation_PSA2018","12","8496","13","no","yes","1024"
"N","8517","V","H","PP_LIST1.csv","penV.jpg","penH.jpg","92.8571428571","92.8571428571","670.571428571","670.571428571","#ffffff","yes","legacy","legacy","legacy","0","uniform","1","1","undefined","1","undefined","6","j","0","0","0","0","0","0","0","NA","7","0","7","5","0","0","7","7","0","0","7","7","7","7","0","5","0","5","0","0","0","0","0","0","0","0","0","0","0","0","0","0","0","0","0","5","5","5","5","5","7","0","0","0","0","0","0","0","0","0","0","0","0","0","0","01/23/20 15:40:37","no","Matching Tasks","yes","yes","","no","SECOND_OrientationCrossLanguages_2018PSA_PP_1.2.4 (1).osexp","C:/Users/spedu/Desktop","no","mono","no","18","no","#0000ff","no","ελληνικά","yes","768","no","no","legacy","7","7","1","5","C:/Users/spedu/Desktop/raw data/subject-89 PP.csv","legacy","no","Kafkaesque Koffka","3.2.8","yes","5a7ce671e83246000deafe81","no","no","0","0","J","NA","NA","J","NA","NA","space","NA","NA","NA","NA","NA","NA","NA","NA","NA","NA","NA","F","NA","NA","space","NA","NA","NA","NA","NA","NA","NA","NA","NA","NA","NA","892","NA","NA","892","NA","NA","6142","NA","NA","NA","NA","NA","NA","NA","NA","NA","NA","NA","526","NA","NA","42319","NA","NA","NA","NA","NA","NA","NA","NA","NA","NA","NA","2","legacy","no","no","1024","2","48000","-16","no","EXP","89","odd","no","no","NA","10079","3992","3994","8237","10069","10069","NA","NA","69234","81610","61525","52411","63080","82114","81608","10079","69234","82115","83009","NA","72146","52411","63054","52428","61523","52428","52427","52411","NA","NA","63082","NA","NA","NA","NA","NA","NA","NA","NA","NA","NA","NA","62026","62026","62554","NA","NA","83509","NA","NA","10081","NA","NA","NA","NA","NA","NA","NA","NA","NA","NA","NA","Orientation_PSA2018","13","9388","14","no","yes","1024"
"N","8517","H","V","PP_LIST1.csv","glassH.jpg","glassV.jpg","93.3333333333","93.3333333333","668.866666667","668.866666667","#ffffff","yes","legacy","legacy","legacy","0","uniform","1","1","undefined","1","undefined","6","j","0","0","0","0","0","0","0","NA","8","0","8","5","0","0","8","8","0","0","8","8","8","8","0","5","0","5","0","0","0","0","0","0","0","0","0","0","0","0","0","0","0","0","0","5","5","5","5","5","8","0","0","0","0","0","0","0","0","0","0","0","0","0","0","01/23/20 15:40:37","no","Matching Tasks","yes","yes","","no","SECOND_OrientationCrossLanguages_2018PSA_PP_1.2.4 (1).osexp","C:/Users/spedu/Desktop","no","mono","no","18","no","#0000ff","no","ελληνικά","yes","768","no","no","legacy","8","8","1","5","C:/Users/spedu/Desktop/raw data/subject-89 PP.csv","legacy","no","Kafkaesque Koffka","3.2.8","yes","5a7ce671e83246000deafe81","no","no","0","0","J","NA","NA","J","NA","NA","space","NA","NA","NA","NA","NA","NA","NA","NA","NA","NA","NA","F","NA","NA","space","NA","NA","NA","NA","NA","NA","NA","NA","NA","NA","NA","645","NA","NA","645","NA","NA","6142","NA","NA","NA","NA","NA","NA","NA","NA","NA","NA","NA","526","NA","NA","42319","NA","NA","NA","NA","NA","NA","NA","NA","NA","NA","NA","2","legacy","no","no","1024","2","48000","-16","no","EXP","89","odd","no","no","NA","10079","3992","3994","8237","10069","10069","NA","NA","69234","83642","61525","52411","63080","84146","83640","10079","69234","84146","84794","NA","72146","52411","63054","52428","61523","52428","52427","52411","NA","NA","63082","NA","NA","NA","NA","NA","NA","NA","NA","NA","NA","NA","62026","62026","62554","NA","NA","85294","NA","NA","10081","NA","NA","NA","NA","NA","NA","NA","NA","NA","NA","NA","Orientation_PSA2018","14","10033","15","no","yes","1024"
"F","8517","F","F","PP_LIST1.csv","wrench.jpg","piano.jpg","93.75","93.75","664.6875","664.6875","#ffffff","yes","legacy","legacy","legacy","0","uniform","1","1","undefined","1","undefined","6","f","0","0","0","0","0","0","0","NA","9","0","9","5","0","0","9","9","0","0","9","9","9","9","0","5","0","5","0","0","0","0","0","0","0","0","0","0","0","0","0","0","0","0","0","5","5","5","5","5","9","0","0","0","0","0","0","0","0","0","0","0","0","0","0","01/23/20 15:40:37","no","Matching Tasks","yes","yes","","no","SECOND_OrientationCrossLanguages_2018PSA_PP_1.2.4 (1).osexp","C:/Users/spedu/Desktop","no","mono","no","18","no","#0000ff","no","ελληνικά","yes","768","no","no","legacy","9","9","1","5","C:/Users/spedu/Desktop/raw data/subject-89 PP.csv","legacy","no","Kafkaesque Koffka","3.2.8","yes","5a7ce671e83246000deafe81","no","no","0","0","F","NA","NA","F","NA","NA","space","NA","NA","NA","NA","NA","NA","NA","NA","NA","NA","NA","F","NA","NA","space","NA","NA","NA","NA","NA","NA","NA","NA","NA","NA","NA","602","NA","NA","602","NA","NA","6142","NA","NA","NA","NA","NA","NA","NA","NA","NA","NA","NA","526","NA","NA","42319","NA","NA","NA","NA","NA","NA","NA","NA","NA","NA","NA","2","legacy","no","no","1024","2","48000","-16","no","EXP","89","odd","no","no","NA","10079","3992","3994","8237","10069","10069","NA","NA","69234","85417","61525","52411","63080","85918","85415","10079","69234","85918","86522","NA","72146","52411","63054","52428","61523","52428","52427","52411","NA","NA","63082","NA","NA","NA","NA","NA","NA","NA","NA","NA","NA","NA","62026","62026","62554","NA","NA","87022","NA","NA","10081","NA","NA","NA","NA","NA","NA","NA","NA","NA","NA","NA","Orientation_PSA2018","15","10635","16","no","yes","1024"
"F","8517","F","F","PP_LIST1.csv","knife.jpg","ladder.jpg","94.1176470588","94.1176470588","663.882352941","663.882352941","#ffffff","yes","legacy","legacy","legacy","0","uniform","1","1","undefined","1","undefined","6","f","0","0","0","0","0","0","0","NA","10","0","10","5","0","0","10","10","0","0","10","10","10","10","0","5","0","5","0","0","0","0","0","0","0","0","0","0","0","0","0","0","0","0","0","5","5","5","5","5","10","0","0","0","0","0","0","0","0","0","0","0","0","0","0","01/23/20 15:40:37","no","Matching Tasks","yes","yes","","no","SECOND_OrientationCrossLanguages_2018PSA_PP_1.2.4 (1).osexp","C:/Users/spedu/Desktop","no","mono","no","18","no","#0000ff","no","ελληνικά","yes","768","no","no","legacy","10","10","1","5","C:/Users/spedu/Desktop/raw data/subject-89 PP.csv","legacy","no","Kafkaesque Koffka","3.2.8","yes","5a7ce671e83246000deafe81","no","no","0","0","F","NA","NA","F","NA","NA","space","NA","NA","NA","NA","NA","NA","NA","NA","NA","NA","NA","F","NA","NA","space","NA","NA","NA","NA","NA","NA","NA","NA","NA","NA","NA","651","NA","NA","651","NA","NA","6142","NA","NA","NA","NA","NA","NA","NA","NA","NA","NA","NA","526","NA","NA","42319","NA","NA","NA","NA","NA","NA","NA","NA","NA","NA","NA","2","legacy","no","no","1024","2","48000","-16","no","EXP","89","odd","no","no","NA","10079","3992","3994","8237","10069","10069","NA","NA","69234","87144","61525","52411","63080","87645","87142","10079","69234","87645","88298","NA","72146","52411","63054","52428","61523","52428","52427","52411","NA","NA","63082","NA","NA","NA","NA","NA","NA","NA","NA","NA","NA","NA","62026","62026","62554","NA","NA","88798","NA","NA","10081","NA","NA","NA","NA","NA","NA","NA","NA","NA","NA","NA","Orientation_PSA2018","16","11286","17","no","yes","1024"
"F","8517","F","F","PP_LIST1.csv","ring.jpg","stove.jpg","94.4444444444","94.4444444444","658.777777778","658.777777778","#ffffff","yes","legacy","legacy","legacy","0","uniform","1","1","undefined","1","undefined","6","f","0","0","0","0","0","0","0","NA","11","0","11","5","0","0","11","11","0","0","11","11","11","11","0","5","0","5","0","0","0","0","0","0","0","0","0","0","0","0","0","0","0","0","0","5","5","5","5","5","11","0","0","0","0","0","0","0","0","0","0","0","0","0","0","01/23/20 15:40:37","no","Matching Tasks","yes","yes","","no","SECOND_OrientationCrossLanguages_2018PSA_PP_1.2.4 (1).osexp","C:/Users/spedu/Desktop","no","mono","no","18","no","#0000ff","no","ελληνικά","yes","768","no","no","legacy","11","11","1","5","C:/Users/spedu/Desktop/raw data/subject-89 PP.csv","legacy","no","Kafkaesque Koffka","3.2.8","yes","5a7ce671e83246000deafe81","no","no","0","0","F","NA","NA","F","NA","NA","space","NA","NA","NA","NA","NA","NA","NA","NA","NA","NA","NA","F","NA","NA","space","NA","NA","NA","NA","NA","NA","NA","NA","NA","NA","NA","572","NA","NA","572","NA","NA","6142","NA","NA","NA","NA","NA","NA","NA","NA","NA","NA","NA","526","NA","NA","42319","NA","NA","NA","NA","NA","NA","NA","NA","NA","NA","NA","2","legacy","no","no","1024","2","48000","-16","no","EXP","89","odd","no","no","NA","10079","3992","3994","8237","10069","10069","NA","NA","69234","88924","61525","52411","63080","89428","88922","10079","69234","89428","90002","NA","72146","52411","63054","52428","61523","52428","52427","52411","NA","NA","63082","NA","NA","NA","NA","NA","NA","NA","NA","NA","NA","NA","62026","62026","62554","NA","NA","90502","NA","NA","10081","NA","NA","NA","NA","NA","NA","NA","NA","NA","NA","NA","Orientation_PSA2018","17","11858","18","no","yes","1024"
"Y","8517","V","V","PP_LIST1.csv","clothespinV.jpg","clothespinV.jpg","94.7368421053","94.7368421053","657.684210526","657.684210526","#ffffff","yes","legacy","legacy","legacy","0","uniform","1","1","undefined","1","undefined","6","j","0","0","0","0","0","0","0","NA","12","0","12","5","0","0","12","12","0","0","12","12","12","12","0","5","0","5","0","0","0","0","0","0","0","0","0","0","0","0","0","0","0","0","0","5","5","5","5","5","12","0","0","0","0","0","0","0","0","0","0","0","0","0","0","01/23/20 15:40:37","no","Matching Tasks","yes","yes","","no","SECOND_OrientationCrossLanguages_2018PSA_PP_1.2.4 (1).osexp","C:/Users/spedu/Desktop","no","mono","no","18","no","#0000ff","no","ελληνικά","yes","768","no","no","legacy","12","12","1","5","C:/Users/spedu/Desktop/raw data/subject-89 PP.csv","legacy","no","Kafkaesque Koffka","3.2.8","yes","5a7ce671e83246000deafe81","no","no","0","0","J","NA","NA","J","NA","NA","space","NA","NA","NA","NA","NA","NA","NA","NA","NA","NA","NA","F","NA","NA","space","NA","NA","NA","NA","NA","NA","NA","NA","NA","NA","NA","638","NA","NA","638","NA","NA","6142","NA","NA","NA","NA","NA","NA","NA","NA","NA","NA","NA","526","NA","NA","42319","NA","NA","NA","NA","NA","NA","NA","NA","NA","NA","NA","2","legacy","no","no","1024","2","48000","-16","no","EXP","89","odd","no","no","NA","10079","3992","3994","8237","10069","10069","NA","NA","69234","90645","61525","52411","63080","91146","90644","10079","69234","91146","91786","NA","72146","52411","63054","52428","61523","52428","52427","52411","NA","NA","63082","NA","NA","NA","NA","NA","NA","NA","NA","NA","NA","NA","62026","62026","62554","NA","NA","92286","NA","NA","10081","NA","NA","NA","NA","NA","NA","NA","NA","NA","NA","NA","Orientation_PSA2018","18","12496","19","no","yes","1024"
"N","8517","H","V","PP_LIST1.csv","keyH.jpg","keyV.jpg","95","95","655.7","655.7","#ffffff","yes","legacy","legacy","legacy","0","uniform","1","1","undefined","1","undefined","6","j","0","0","0","0","0","0","0","NA","13","0","13","5","0","0","13","13","0","0","13","13","13","13","0","5","0","5","0","0","0","0","0","0","0","0","0","0","0","0","0","0","0","0","0","5","5","5","5","5","13","0","0","0","0","0","0","0","0","0","0","0","0","0","0","01/23/20 15:40:37","no","Matching Tasks","yes","yes","","no","SECOND_OrientationCrossLanguages_2018PSA_PP_1.2.4 (1).osexp","C:/Users/spedu/Desktop","no","mono","no","18","no","#0000ff","no","ελληνικά","yes","768","no","no","legacy","13","13","1","5","C:/Users/spedu/Desktop/raw data/subject-89 PP.csv","legacy","no","Kafkaesque Koffka","3.2.8","yes","5a7ce671e83246000deafe81","no","no","0","0","J","NA","NA","J","NA","NA","space","NA","NA","NA","NA","NA","NA","NA","NA","NA","NA","NA","F","NA","NA","space","NA","NA","NA","NA","NA","NA","NA","NA","NA","NA","NA","618","NA","NA","618","NA","NA","6142","NA","NA","NA","NA","NA","NA","NA","NA","NA","NA","NA","526","NA","NA","42319","NA","NA","NA","NA","NA","NA","NA","NA","NA","NA","NA","2","legacy","no","no","1024","2","48000","-16","no","EXP","89","odd","no","no","NA","10079","3992","3994","8237","10069","10069","NA","NA","69234","92409","61525","52411","63080","92910","92407","10079","69234","92910","93530","NA","72146","52411","63054","52428","61523","52428","52427","52411","NA","NA","63082","NA","NA","NA","NA","NA","NA","NA","NA","NA","NA","NA","62026","62026","62554","NA","NA","94030","NA","NA","10081","NA","NA","NA","NA","NA","NA","NA","NA","NA","NA","NA","Orientation_PSA2018","19","13114","20","no","yes","1024"
"F","8517","F","F","PP_LIST1.csv","needle.jpg","tiger.jpg","95.2380952381","95.2380952381","652.904761905","652.904761905","#ffffff","yes","legacy","legacy","legacy","0","uniform","1","1","undefined","1","undefined","6","f","0","0","0","0","0","0","0","NA","14","0","14","5","0","0","14","14","0","0","14","14","14","14","0","5","0","5","0","0","0","0","0","0","0","0","0","0","0","0","0","0","0","0","0","5","5","5","5","5","14","0","0","0","0","0","0","0","0","0","0","0","0","0","0","01/23/20 15:40:37","no","Matching Tasks","yes","yes","","no","SECOND_OrientationCrossLanguages_2018PSA_PP_1.2.4 (1).osexp","C:/Users/spedu/Desktop","no","mono","no","18","no","#0000ff","no","ελληνικά","yes","768","no","no","legacy","14","14","1","5","C:/Users/spedu/Desktop/raw data/subject-89 PP.csv","legacy","no","Kafkaesque Koffka","3.2.8","yes","5a7ce671e83246000deafe81","no","no","0","0","F","NA","NA","F","NA","NA","space","NA","NA","NA","NA","NA","NA","NA","NA","NA","NA","NA","F","NA","NA","space","NA","NA","NA","NA","NA","NA","NA","NA","NA","NA","NA","597","NA","NA","597","NA","NA","6142","NA","NA","NA","NA","NA","NA","NA","NA","NA","NA","NA","526","NA","NA","42319","NA","NA","NA","NA","NA","NA","NA","NA","NA","NA","NA","2","legacy","no","no","1024","2","48000","-16","no","EXP","89","odd","no","no","NA","10079","3992","3994","8237","10069","10069","NA","NA","69234","94157","61525","52411","63080","94658","94155","10079","69234","94658","95257","NA","72146","52411","63054","52428","61523","52428","52427","52411","NA","NA","63082","NA","NA","NA","NA","NA","NA","NA","NA","NA","NA","NA","62026","62026","62554","NA","NA","95757","NA","NA","10081","NA","NA","NA","NA","NA","NA","NA","NA","NA","NA","NA","Orientation_PSA2018","20","13711","21","no","yes","1024"
"F","8517","F","F","PP_LIST1.csv","piano.jpg","sutcse.jpg","95.4545454545","95.4545454545","653.909090909","653.909090909","#ffffff","yes","legacy","legacy","legacy","0","uniform","1","1","undefined","1","undefined","6","f","0","0","0","0","0","0","0","NA","15","0","15","5","0","0","15","15","0","0","15","15","15","15","0","5","0","5","0","0","0","0","0","0","0","0","0","0","0","0","0","0","0","0","0","5","5","5","5","5","15","0","0","0","0","0","0","0","0","0","0","0","0","0","0","01/23/20 15:40:37","no","Matching Tasks","yes","yes","","no","SECOND_OrientationCrossLanguages_2018PSA_PP_1.2.4 (1).osexp","C:/Users/spedu/Desktop","no","mono","no","18","no","#0000ff","no","ελληνικά","yes","768","no","no","legacy","15","15","1","5","C:/Users/spedu/Desktop/raw data/subject-89 PP.csv","legacy","no","Kafkaesque Koffka","3.2.8","yes","5a7ce671e83246000deafe81","no","no","0","0","F","NA","NA","F","NA","NA","space","NA","NA","NA","NA","NA","NA","NA","NA","NA","NA","NA","F","NA","NA","space","NA","NA","NA","NA","NA","NA","NA","NA","NA","NA","NA","675","NA","NA","675","NA","NA","6142","NA","NA","NA","NA","NA","NA","NA","NA","NA","NA","NA","526","NA","NA","42319","NA","NA","NA","NA","NA","NA","NA","NA","NA","NA","NA","2","legacy","no","no","1024","2","48000","-16","no","EXP","89","odd","no","no","NA","10079","3992","3994","8237","10069","10069","NA","NA","69234","95880","61525","52411","63080","96381","95878","10079","69234","96381","97058","NA","72146","52411","63054","52428","61523","52428","52427","52411","NA","NA","63082","NA","NA","NA","NA","NA","NA","NA","NA","NA","NA","NA","62026","62026","62554","NA","NA","97558","NA","NA","10081","NA","NA","NA","NA","NA","NA","NA","NA","NA","NA","NA","Orientation_PSA2018","21","14386","22","no","yes","1024"
"N","8517","H","V","PP_LIST1.csv","pencilH.jpg","pencilV.jpg","95.652173913","95.652173913","653.304347826","653.304347826","#ffffff","yes","legacy","legacy","legacy","0","uniform","1","1","undefined","1","undefined","6","j","0","0","0","0","0","0","0","NA","16","0","16","5","0","0","16","16","0","0","16","16","16","16","0","5","0","5","0","0","0","0","0","0","0","0","0","0","0","0","0","0","0","0","0","5","5","5","5","5","16","0","0","0","0","0","0","0","0","0","0","0","0","0","0","01/23/20 15:40:37","no","Matching Tasks","yes","yes","","no","SECOND_OrientationCrossLanguages_2018PSA_PP_1.2.4 (1).osexp","C:/Users/spedu/Desktop","no","mono","no","18","no","#0000ff","no","ελληνικά","yes","768","no","no","legacy","16","16","1","5","C:/Users/spedu/Desktop/raw data/subject-89 PP.csv","legacy","no","Kafkaesque Koffka","3.2.8","yes","5a7ce671e83246000deafe81","no","no","0","0","J","NA","NA","J","NA","NA","space","NA","NA","NA","NA","NA","NA","NA","NA","NA","NA","NA","F","NA","NA","space","NA","NA","NA","NA","NA","NA","NA","NA","NA","NA","NA","640","NA","NA","640","NA","NA","6142","NA","NA","NA","NA","NA","NA","NA","NA","NA","NA","NA","526","NA","NA","42319","NA","NA","NA","NA","NA","NA","NA","NA","NA","NA","NA","2","legacy","no","no","1024","2","48000","-16","no","EXP","89","odd","no","no","NA","10079","3992","3994","8237","10069","10069","NA","NA","69234","97683","61525","52411","63080","98184","97681","10079","69234","98184","98826","NA","72146","52411","63054","52428","61523","52428","52427","52411","NA","NA","63082","NA","NA","NA","NA","NA","NA","NA","NA","NA","NA","NA","62026","62026","62554","NA","NA","99326","NA","NA","10081","NA","NA","NA","NA","NA","NA","NA","NA","NA","NA","NA","Orientation_PSA2018","22","15026","23","no","yes","1024"
"F","8517","F","F","PP_LIST1.csv","spider.jpg","couch.jpg","95.8333333333","95.8333333333","649.041666667","649.041666667","#ffffff","yes","legacy","legacy","legacy","0","uniform","1","1","undefined","1","undefined","6","f","0","0","0","0","0","0","0","NA","17","0","17","5","0","0","17","17","0","0","17","17","17","17","0","5","0","5","0","0","0","0","0","0","0","0","0","0","0","0","0","0","0","0","0","5","5","5","5","5","17","0","0","0","0","0","0","0","0","0","0","0","0","0","0","01/23/20 15:40:37","no","Matching Tasks","yes","yes","","no","SECOND_OrientationCrossLanguages_2018PSA_PP_1.2.4 (1).osexp","C:/Users/spedu/Desktop","no","mono","no","18","no","#0000ff","no","ελληνικά","yes","768","no","no","legacy","17","17","1","5","C:/Users/spedu/Desktop/raw data/subject-89 PP.csv","legacy","no","Kafkaesque Koffka","3.2.8","yes","5a7ce671e83246000deafe81","no","no","0","0","F","NA","NA","F","NA","NA","space","NA","NA","NA","NA","NA","NA","NA","NA","NA","NA","NA","F","NA","NA","space","NA","NA","NA","NA","NA","NA","NA","NA","NA","NA","NA","551","NA","NA","551","NA","NA","6142","NA","NA","NA","NA","NA","NA","NA","NA","NA","NA","NA","526","NA","NA","42319","NA","NA","NA","NA","NA","NA","NA","NA","NA","NA","NA","2","legacy","no","no","1024","2","48000","-16","no","EXP","89","odd","no","no","NA","10079","3992","3994","8237","10069","10069","NA","NA","69234","99451","61525","52411","63080","99952","99449","10079","69234","99952","100505","NA","72146","52411","63054","52428","61523","52428","52427","52411","NA","NA","63082","NA","NA","NA","NA","NA","NA","NA","NA","NA","NA","NA","62026","62026","62554","NA","NA","101006","NA","NA","10081","NA","NA","NA","NA","NA","NA","NA","NA","NA","NA","NA","Orientation_PSA2018","23","15577","24","no","yes","1024"
"Y","8517","H","H","PP_LIST1.csv","batH.jpg","batH.jpg","96","96","647.6","647.6","#ffffff","yes","legacy","legacy","legacy","0","uniform","1","1","undefined","1","undefined","6","j","0","0","0","0","0","0","0","NA","18","0","18","5","0","0","18","18","0","0","18","18","18","18","0","5","0","5","0","0","0","0","0","0","0","0","0","0","0","0","0","0","0","0","0","5","5","5","5","5","18","0","0","0","0","0","0","0","0","0","0","0","0","0","0","01/23/20 15:40:37","no","Matching Tasks","yes","yes","","no","SECOND_OrientationCrossLanguages_2018PSA_PP_1.2.4 (1).osexp","C:/Users/spedu/Desktop","no","mono","no","18","no","#0000ff","no","ελληνικά","yes","768","no","no","legacy","18","18","1","5","C:/Users/spedu/Desktop/raw data/subject-89 PP.csv","legacy","no","Kafkaesque Koffka","3.2.8","yes","5a7ce671e83246000deafe81","no","no","0","0","J","NA","NA","J","NA","NA","space","NA","NA","NA","NA","NA","NA","NA","NA","NA","NA","NA","F","NA","NA","space","NA","NA","NA","NA","NA","NA","NA","NA","NA","NA","NA","613","NA","NA","613","NA","NA","6142","NA","NA","NA","NA","NA","NA","NA","NA","NA","NA","NA","526","NA","NA","42319","NA","NA","NA","NA","NA","NA","NA","NA","NA","NA","NA","2","legacy","no","no","1024","2","48000","-16","no","EXP","89","odd","no","no","NA","10079","3992","3994","8237","10069","10069","NA","NA","69234","101150","61525","52411","63080","101651","101149","10079","69234","101651","102266","NA","72146","52411","63054","52428","61523","52428","52427","52411","NA","NA","63082","NA","NA","NA","NA","NA","NA","NA","NA","NA","NA","NA","62026","62026","62554","NA","NA","102766","NA","NA","10081","NA","NA","NA","NA","NA","NA","NA","NA","NA","NA","NA","Orientation_PSA2018","24","16190","25","no","yes","1024"
"F","8517","F","F","PP_LIST1.csv","tlphon.jpg","knife.jpg","96.1538461538","96.1538461538","645.807692308","645.807692308","#ffffff","yes","legacy","legacy","legacy","0","uniform","1","1","undefined","1","undefined","6","f","0","0","0","0","0","0","0","NA","19","0","19","5","0","0","19","19","0","0","19","19","19","19","0","5","0","5","0","0","0","0","0","0","0","0","0","0","0","0","0","0","0","0","0","5","5","5","5","5","19","0","0","0","0","0","0","0","0","0","0","0","0","0","0","01/23/20 15:40:37","no","Matching Tasks","yes","yes","","no","SECOND_OrientationCrossLanguages_2018PSA_PP_1.2.4 (1).osexp","C:/Users/spedu/Desktop","no","mono","no","18","no","#0000ff","no","ελληνικά","yes","768","no","no","legacy","19","19","1","5","C:/Users/spedu/Desktop/raw data/subject-89 PP.csv","legacy","no","Kafkaesque Koffka","3.2.8","yes","5a7ce671e83246000deafe81","no","no","0","0","F","NA","NA","F","NA","NA","space","NA","NA","NA","NA","NA","NA","NA","NA","NA","NA","NA","F","NA","NA","space","NA","NA","NA","NA","NA","NA","NA","NA","NA","NA","NA","601","NA","NA","601","NA","NA","6142","NA","NA","NA","NA","NA","NA","NA","NA","NA","NA","NA","526","NA","NA","42319","NA","NA","NA","NA","NA","NA","NA","NA","NA","NA","NA","2","legacy","no","no","1024","2","48000","-16","no","EXP","89","odd","no","no","NA","10079","3992","3994","8237","10069","10069","NA","NA","69234","102890","61525","52411","63080","103391","102888","10079","69234","103391","103995","NA","72146","52411","63054","52428","61523","52428","52427","52411","NA","NA","63082","NA","NA","NA","NA","NA","NA","NA","NA","NA","NA","NA","62026","62026","62554","NA","NA","104495","NA","NA","10081","NA","NA","NA","NA","NA","NA","NA","NA","NA","NA","NA","Orientation_PSA2018","25","16791","26","no","yes","1024"
"N","8517","V","H","PP_LIST1.csv","screwV.jpg","screwH.jpg","96.2962962963","96.2962962963","645.259259259","645.259259259","#ffffff","yes","legacy","legacy","legacy","0","uniform","1","1","undefined","1","undefined","6","j","0","0","0","0","0","0","0","NA","20","0","20","5","0","0","20","20","0","0","20","20","20","20","0","5","0","5","0","0","0","0","0","0","0","0","0","0","0","0","0","0","0","0","0","5","5","5","5","5","20","0","0","0","0","0","0","0","0","0","0","0","0","0","0","01/23/20 15:40:37","no","Matching Tasks","yes","yes","","no","SECOND_OrientationCrossLanguages_2018PSA_PP_1.2.4 (1).osexp","C:/Users/spedu/Desktop","no","mono","no","18","no","#0000ff","no","ελληνικά","yes","768","no","no","legacy","20","20","1","5","C:/Users/spedu/Desktop/raw data/subject-89 PP.csv","legacy","no","Kafkaesque Koffka","3.2.8","yes","5a7ce671e83246000deafe81","no","no","0","0","J","NA","NA","J","NA","NA","space","NA","NA","NA","NA","NA","NA","NA","NA","NA","NA","NA","F","NA","NA","space","NA","NA","NA","NA","NA","NA","NA","NA","NA","NA","NA","631","NA","NA","631","NA","NA","6142","NA","NA","NA","NA","NA","NA","NA","NA","NA","NA","NA","526","NA","NA","42319","NA","NA","NA","NA","NA","NA","NA","NA","NA","NA","NA","2","legacy","no","no","1024","2","48000","-16","no","EXP","89","odd","no","no","NA","10079","3992","3994","8237","10069","10069","NA","NA","69234","104612","61525","52411","63080","105113","104610","10079","69234","105113","105746","NA","72146","52411","63054","52428","61523","52428","52427","52411","NA","NA","63082","NA","NA","NA","NA","NA","NA","NA","NA","NA","NA","NA","62026","62026","62554","NA","NA","106246","NA","NA","10081","NA","NA","NA","NA","NA","NA","NA","NA","NA","NA","NA","Orientation_PSA2018","26","17422","27","no","yes","1024"
"F","8517","F","F","PP_LIST1.csv","sutcse.jpg","pumpkin.jpg","96.4285714286","96.4285714286","641.107142857","641.107142857","#ffffff","yes","legacy","legacy","legacy","0","uniform","1","1","undefined","1","undefined","6","f","0","0","0","0","0","0","0","NA","21","0","21","5","0","0","21","21","0","0","21","21","21","21","0","5","0","5","0","0","0","0","0","0","0","0","0","0","0","0","0","0","0","0","0","5","5","5","5","5","21","0","0","0","0","0","0","0","0","0","0","0","0","0","0","01/23/20 15:40:37","no","Matching Tasks","yes","yes","","no","SECOND_OrientationCrossLanguages_2018PSA_PP_1.2.4 (1).osexp","C:/Users/spedu/Desktop","no","mono","no","18","no","#0000ff","no","ελληνικά","yes","768","no","no","legacy","21","21","1","5","C:/Users/spedu/Desktop/raw data/subject-89 PP.csv","legacy","no","Kafkaesque Koffka","3.2.8","yes","5a7ce671e83246000deafe81","no","no","0","0","F","NA","NA","F","NA","NA","space","NA","NA","NA","NA","NA","NA","NA","NA","NA","NA","NA","F","NA","NA","space","NA","NA","NA","NA","NA","NA","NA","NA","NA","NA","NA","529","NA","NA","529","NA","NA","6142","NA","NA","NA","NA","NA","NA","NA","NA","NA","NA","NA","526","NA","NA","42319","NA","NA","NA","NA","NA","NA","NA","NA","NA","NA","NA","2","legacy","no","no","1024","2","48000","-16","no","EXP","89","odd","no","no","NA","10079","3992","3994","8237","10069","10069","NA","NA","69234","106370","61525","52411","63080","106871","106368","10079","69234","106871","107402","NA","72146","52411","63054","52428","61523","52428","52427","52411","NA","NA","63082","NA","NA","NA","NA","NA","NA","NA","NA","NA","NA","NA","62026","62026","62554","NA","NA","107902","NA","NA","10081","NA","NA","NA","NA","NA","NA","NA","NA","NA","NA","NA","Orientation_PSA2018","27","17951","28","no","yes","1024"
"Y","8517","V","V","PP_LIST1.csv","fire_extinguisherV.jpg","fire_extinguisherV.jpg","96.5517241379","96.5517241379","636.137931034","636.137931034","#ffffff","yes","legacy","legacy","legacy","0","uniform","1","1","undefined","1","undefined","6","j","0","0","0","0","0","0","0","NA","22","0","22","5","0","0","22","22","0","0","22","22","22","22","0","5","0","5","0","0","0","0","0","0","0","0","0","0","0","0","0","0","0","0","0","5","5","5","5","5","22","0","0","0","0","0","0","0","0","0","0","0","0","0","0","01/23/20 15:40:37","no","Matching Tasks","yes","yes","","no","SECOND_OrientationCrossLanguages_2018PSA_PP_1.2.4 (1).osexp","C:/Users/spedu/Desktop","no","mono","no","18","no","#0000ff","no","ελληνικά","yes","768","no","no","legacy","22","22","1","5","C:/Users/spedu/Desktop/raw data/subject-89 PP.csv","legacy","no","Kafkaesque Koffka","3.2.8","yes","5a7ce671e83246000deafe81","no","no","0","0","J","NA","NA","J","NA","NA","space","NA","NA","NA","NA","NA","NA","NA","NA","NA","NA","NA","F","NA","NA","space","NA","NA","NA","NA","NA","NA","NA","NA","NA","NA","NA","497","NA","NA","497","NA","NA","6142","NA","NA","NA","NA","NA","NA","NA","NA","NA","NA","NA","526","NA","NA","42319","NA","NA","NA","NA","NA","NA","NA","NA","NA","NA","NA","2","legacy","no","no","1024","2","48000","-16","no","EXP","89","odd","no","no","NA","10079","3992","3994","8237","10069","10069","NA","NA","69234","108034","61525","52411","63080","108535","108032","10079","69234","108535","109034","NA","72146","52411","63054","52428","61523","52428","52427","52411","NA","NA","63082","NA","NA","NA","NA","NA","NA","NA","NA","NA","NA","NA","62026","62026","62554","NA","NA","109534","NA","NA","10081","NA","NA","NA","NA","NA","NA","NA","NA","NA","NA","NA","Orientation_PSA2018","28","18448","29","no","yes","1024"
"F","8517","F","F","PP_LIST1.csv","buggy.jpg","glass.jpg","96.6666666667","96.6666666667","636.333333333","636.333333333","#ffffff","yes","legacy","legacy","legacy","0","uniform","1","1","undefined","1","undefined","6","f","0","0","0","0","0","0","0","NA","23","0","23","5","0","0","23","23","0","0","23","23","23","23","0","5","0","5","0","0","0","0","0","0","0","0","0","0","0","0","0","0","0","0","0","5","5","5","5","5","23","0","0","0","0","0","0","0","0","0","0","0","0","0","0","01/23/20 15:40:37","no","Matching Tasks","yes","yes","","no","SECOND_OrientationCrossLanguages_2018PSA_PP_1.2.4 (1).osexp","C:/Users/spedu/Desktop","no","mono","no","18","no","#0000ff","no","ελληνικά","yes","768","no","no","legacy","23","23","1","5","C:/Users/spedu/Desktop/raw data/subject-89 PP.csv","legacy","no","Kafkaesque Koffka","3.2.8","yes","5a7ce671e83246000deafe81","no","no","0","0","F","NA","NA","F","NA","NA","space","NA","NA","NA","NA","NA","NA","NA","NA","NA","NA","NA","F","NA","NA","space","NA","NA","NA","NA","NA","NA","NA","NA","NA","NA","NA","642","NA","NA","642","NA","NA","6142","NA","NA","NA","NA","NA","NA","NA","NA","NA","NA","NA","526","NA","NA","42319","NA","NA","NA","NA","NA","NA","NA","NA","NA","NA","NA","2","legacy","no","no","1024","2","48000","-16","no","EXP","89","odd","no","no","NA","10079","3992","3994","8237","10069","10069","NA","NA","69234","109648","61525","52411","63080","110150","109647","10079","69234","110150","110795","NA","72146","52411","63054","52428","61523","52428","52427","52411","NA","NA","63082","NA","NA","NA","NA","NA","NA","NA","NA","NA","NA","NA","62026","62026","62554","NA","NA","111295","NA","NA","10081","NA","NA","NA","NA","NA","NA","NA","NA","NA","NA","NA","Orientation_PSA2018","29","19090","30","no","yes","1024"
"F","8517","F","F","PP_LIST1.csv","wndmil.jpg","mitten.jpg","100","100","649","649","#ffffff","yes","legacy","legacy","legacy","0","uniform","1","1","undefined","1","undefined","6","f","0","0","0","0","0","0","0","0","24","0","24","5","0","0","24","24","0","0","24","24","24","24","0","5","0","5","0","0","0","0","0","0","0","0","0","0","0","0","0","0","0","0","0","5","5","5","5","5","24","0","0","0","0","0","0","0","0","0","0","0","0","0","0","01/23/20 15:40:37","no","Matching Tasks","yes","yes","","no","SECOND_OrientationCrossLanguages_2018PSA_PP_1.2.4 (1).osexp","C:/Users/spedu/Desktop","no","mono","no","18","no","#0000ff","no","ελληνικά","yes","768","no","no","legacy","24","24","1","5","C:/Users/spedu/Desktop/raw data/subject-89 PP.csv","legacy","no","Kafkaesque Koffka","3.2.8","yes","5a7ce671e83246000deafe81","no","no","0","0","F","space","NA","F","NA","NA","space","NA","NA","NA","NA","NA","NA","NA","NA","NA","NA","NA","F","NA","NA","space","NA","NA","NA","NA","NA","NA","NA","NA","NA","NA","NA","649","13837","NA","649","NA","NA","6142","NA","NA","NA","NA","NA","NA","NA","NA","NA","NA","NA","526","NA","NA","42319","NA","NA","NA","NA","NA","NA","NA","NA","NA","NA","NA","2","legacy","no","no","1024","2","48000","-16","no","EXP","89","odd","no","no","NA","10079","3992","3994","8237","10069","10069","111355","NA","69234","125306","61525","52411","63080","125807","125304","10079","69234","125807","126458","NA","72146","52411","63054","52428","61523","52428","52427","52411","NA","NA","63082","NA","NA","NA","NA","NA","NA","NA","NA","NA","NA","NA","62026","62026","62554","NA","NA","126958","NA","NA","10081","NA","NA","NA","NA","NA","NA","NA","NA","NA","NA","NA","Orientation_PSA2018","1","649","1","no","yes","1024"
"Y","8517","V","V","PP_LIST1.csv","flashV.jpg","flashV.jpg","100","100","639.5","639.5","#ffffff","yes","legacy","legacy","legacy","0","uniform","1","1","undefined","1","undefined","6","j","0","0","0","0","0","0","0","0","25","0","25","5","0","0","25","25","0","0","25","25","25","25","0","5","0","5","0","0","0","0","0","0","0","0","0","0","0","0","0","0","0","0","0","5","5","5","5","5","25","0","0","0","0","0","0","0","0","0","0","0","0","0","0","01/23/20 15:40:37","no","Matching Tasks","yes","yes","","no","SECOND_OrientationCrossLanguages_2018PSA_PP_1.2.4 (1).osexp","C:/Users/spedu/Desktop","no","mono","no","18","no","#0000ff","no","ελληνικά","yes","768","no","no","legacy","25","25","1","5","C:/Users/spedu/Desktop/raw data/subject-89 PP.csv","legacy","no","Kafkaesque Koffka","3.2.8","yes","5a7ce671e83246000deafe81","no","no","0","0","J","space","NA","J","NA","NA","space","NA","NA","NA","NA","NA","NA","NA","NA","NA","NA","NA","F","NA","NA","space","NA","NA","NA","NA","NA","NA","NA","NA","NA","NA","NA","630","13837","NA","630","NA","NA","6142","NA","NA","NA","NA","NA","NA","NA","NA","NA","NA","NA","526","NA","NA","42319","NA","NA","NA","NA","NA","NA","NA","NA","NA","NA","NA","2","legacy","no","no","1024","2","48000","-16","no","EXP","89","odd","no","no","NA","10079","3992","3994","8237","10069","10069","111355","NA","69234","127092","61525","52411","63080","127593","127090","10079","69234","127593","128226","NA","72146","52411","63054","52428","61523","52428","52427","52411","NA","NA","63082","NA","NA","NA","NA","NA","NA","NA","NA","NA","NA","NA","62026","62026","62554","NA","NA","128726","NA","NA","10081","NA","NA","NA","NA","NA","NA","NA","NA","NA","NA","NA","Orientation_PSA2018","2","1279","2","no","yes","1024"
"Y","8517","H","H","PP_LIST1.csv","broomH.jpg","broomH.jpg","100","100","639.333333333","639.333333333","#ffffff","yes","legacy","legacy","legacy","0","uniform","1","1","undefined","1","undefined","6","j","0","0","0","0","0","0","0","0","26","0","26","5","0","0","26","26","0","0","26","26","26","26","0","5","0","5","0","0","0","0","0","0","0","0","0","0","0","0","0","0","0","0","0","5","5","5","5","5","26","0","0","0","0","0","0","0","0","0","0","0","0","0","0","01/23/20 15:40:37","no","Matching Tasks","yes","yes","","no","SECOND_OrientationCrossLanguages_2018PSA_PP_1.2.4 (1).osexp","C:/Users/spedu/Desktop","no","mono","no","18","no","#0000ff","no","ελληνικά","yes","768","no","no","legacy","26","26","1","5","C:/Users/spedu/Desktop/raw data/subject-89 PP.csv","legacy","no","Kafkaesque Koffka","3.2.8","yes","5a7ce671e83246000deafe81","no","no","0","0","J","space","NA","J","NA","NA","space","NA","NA","NA","NA","NA","NA","NA","NA","NA","NA","NA","F","NA","NA","space","NA","NA","NA","NA","NA","NA","NA","NA","NA","NA","NA","639","13837","NA","639","NA","NA","6142","NA","NA","NA","NA","NA","NA","NA","NA","NA","NA","NA","526","NA","NA","42319","NA","NA","NA","NA","NA","NA","NA","NA","NA","NA","NA","2","legacy","no","no","1024","2","48000","-16","no","EXP","89","odd","no","no","NA","10079","3992","3994","8237","10069","10069","111355","NA","69234","128852","61525","52411","63080","129353","128850","10079","69234","129353","129994","NA","72146","52411","63054","52428","61523","52428","52427","52411","NA","NA","63082","NA","NA","NA","NA","NA","NA","NA","NA","NA","NA","NA","62026","62026","62554","NA","NA","130494","NA","NA","10081","NA","NA","NA","NA","NA","NA","NA","NA","NA","NA","NA","Orientation_PSA2018","3","1918","3","no","yes","1024"
"Y","8517","H","H","PP_LIST1.csv","axeH.jpg","axeH.jpg","100","100","688.75","688.75","#ffffff","yes","legacy","legacy","legacy","0","uniform","1","1","undefined","1","undefined","6","j","0","0","0","0","0","0","0","0","27","0","27","5","0","0","27","27","0","0","27","27","27","27","0","5","0","5","0","0","0","0","0","0","0","0","0","0","0","0","0","0","0","0","0","5","5","5","5","5","27","0","0","0","0","0","0","0","0","0","0","0","0","0","0","01/23/20 15:40:37","no","Matching Tasks","yes","yes","","no","SECOND_OrientationCrossLanguages_2018PSA_PP_1.2.4 (1).osexp","C:/Users/spedu/Desktop","no","mono","no","18","no","#0000ff","no","ελληνικά","yes","768","no","no","legacy","27","27","1","5","C:/Users/spedu/Desktop/raw data/subject-89 PP.csv","legacy","no","Kafkaesque Koffka","3.2.8","yes","5a7ce671e83246000deafe81","no","no","0","0","J","space","NA","J","NA","NA","space","NA","NA","NA","NA","NA","NA","NA","NA","NA","NA","NA","F","NA","NA","space","NA","NA","NA","NA","NA","NA","NA","NA","NA","NA","NA","837","13837","NA","837","NA","NA","6142","NA","NA","NA","NA","NA","NA","NA","NA","NA","NA","NA","526","NA","NA","42319","NA","NA","NA","NA","NA","NA","NA","NA","NA","NA","NA","2","legacy","no","no","1024","2","48000","-16","no","EXP","89","odd","no","no","NA","10079","3992","3994","8237","10069","10069","111355","NA","69234","130619","61525","52411","63080","131123","130618","10079","69234","131123","131962","NA","72146","52411","63054","52428","61523","52428","52427","52411","NA","NA","63082","NA","NA","NA","NA","NA","NA","NA","NA","NA","NA","NA","62026","62026","62554","NA","NA","132462","NA","NA","10081","NA","NA","NA","NA","NA","NA","NA","NA","NA","NA","NA","Orientation_PSA2018","4","2755","4","no","yes","1024"
"Y","8517","V","V","PP_LIST1.csv","brushV.jpg","brushV.jpg","100","100","670.8","670.8","#ffffff","yes","legacy","legacy","legacy","0","uniform","1","1","undefined","1","undefined","6","j","0","0","0","0","0","0","0","0","28","0","28","5","0","0","28","28","0","0","28","28","28","28","0","5","0","5","0","0","0","0","0","0","0","0","0","0","0","0","0","0","0","0","0","5","5","5","5","5","28","0","0","0","0","0","0","0","0","0","0","0","0","0","0","01/23/20 15:40:37","no","Matching Tasks","yes","yes","","no","SECOND_OrientationCrossLanguages_2018PSA_PP_1.2.4 (1).osexp","C:/Users/spedu/Desktop","no","mono","no","18","no","#0000ff","no","ελληνικά","yes","768","no","no","legacy","28","28","1","5","C:/Users/spedu/Desktop/raw data/subject-89 PP.csv","legacy","no","Kafkaesque Koffka","3.2.8","yes","5a7ce671e83246000deafe81","no","no","0","0","J","space","NA","J","NA","NA","space","NA","NA","NA","NA","NA","NA","NA","NA","NA","NA","NA","F","NA","NA","space","NA","NA","NA","NA","NA","NA","NA","NA","NA","NA","NA","599","13837","NA","599","NA","NA","6142","NA","NA","NA","NA","NA","NA","NA","NA","NA","NA","NA","526","NA","NA","42319","NA","NA","NA","NA","NA","NA","NA","NA","NA","NA","NA","2","legacy","no","no","1024","2","48000","-16","no","EXP","89","odd","no","no","NA","10079","3992","3994","8237","10069","10069","111355","NA","69234","132587","61525","52411","63080","133089","132586","10079","69234","133089","133690","NA","72146","52411","63054","52428","61523","52428","52427","52411","NA","NA","63082","NA","NA","NA","NA","NA","NA","NA","NA","NA","NA","NA","62026","62026","62554","NA","NA","134190","NA","NA","10081","NA","NA","NA","NA","NA","NA","NA","NA","NA","NA","NA","Orientation_PSA2018","5","3354","5","no","yes","1024"
"N","8517","V","H","PP_LIST1.csv","scssorV.jpg","scssorH.jpg","100","100","660.666666667","660.666666667","#ffffff","yes","legacy","legacy","legacy","0","uniform","1","1","undefined","1","undefined","6","j","0","0","0","0","0","0","0","0","29","0","29","5","0","0","29","29","0","0","29","29","29","29","0","5","0","5","0","0","0","0","0","0","0","0","0","0","0","0","0","0","0","0","0","5","5","5","5","5","29","0","0","0","0","0","0","0","0","0","0","0","0","0","0","01/23/20 15:40:37","no","Matching Tasks","yes","yes","","no","SECOND_OrientationCrossLanguages_2018PSA_PP_1.2.4 (1).osexp","C:/Users/spedu/Desktop","no","mono","no","18","no","#0000ff","no","ελληνικά","yes","768","no","no","legacy","29","29","1","5","C:/Users/spedu/Desktop/raw data/subject-89 PP.csv","legacy","no","Kafkaesque Koffka","3.2.8","yes","5a7ce671e83246000deafe81","no","no","0","0","J","space","NA","J","NA","NA","space","NA","NA","NA","NA","NA","NA","NA","NA","NA","NA","NA","F","NA","NA","space","NA","NA","NA","NA","NA","NA","NA","NA","NA","NA","NA","610","13837","NA","610","NA","NA","6142","NA","NA","NA","NA","NA","NA","NA","NA","NA","NA","NA","526","NA","NA","42319","NA","NA","NA","NA","NA","NA","NA","NA","NA","NA","NA","2","legacy","no","no","1024","2","48000","-16","no","EXP","89","odd","no","no","NA","10079","3992","3994","8237","10069","10069","111355","NA","69234","134313","61525","52411","63080","134814","134312","10079","69234","134814","135426","NA","72146","52411","63054","52428","61523","52428","52427","52411","NA","NA","63082","NA","NA","NA","NA","NA","NA","NA","NA","NA","NA","NA","62026","62026","62554","NA","NA","135926","NA","NA","10081","NA","NA","NA","NA","NA","NA","NA","NA","NA","NA","NA","Orientation_PSA2018","6","3964","6","no","yes","1024"
"F","8517","F","F","PP_LIST1.csv","tapedispenser.jpg","wrench.jpg","100","100","659","659","#ffffff","yes","legacy","legacy","legacy","0","uniform","1","1","undefined","1","undefined","6","f","0","0","0","0","0","0","0","0","30","0","30","5","0","0","30","30","0","0","30","30","30","30","0","5","0","5","0","0","0","0","0","0","0","0","0","0","0","0","0","0","0","0","0","5","5","5","5","5","30","0","0","0","0","0","0","0","0","0","0","0","0","0","0","01/23/20 15:40:37","no","Matching Tasks","yes","yes","","no","SECOND_OrientationCrossLanguages_2018PSA_PP_1.2.4 (1).osexp","C:/Users/spedu/Desktop","no","mono","no","18","no","#0000ff","no","ελληνικά","yes","768","no","no","legacy","30","30","1","5","C:/Users/spedu/Desktop/raw data/subject-89 PP.csv","legacy","no","Kafkaesque Koffka","3.2.8","yes","5a7ce671e83246000deafe81","no","no","0","0","F","space","NA","F","NA","NA","space","NA","NA","NA","NA","NA","NA","NA","NA","NA","NA","NA","F","NA","NA","space","NA","NA","NA","NA","NA","NA","NA","NA","NA","NA","NA","649","13837","NA","649","NA","NA","6142","NA","NA","NA","NA","NA","NA","NA","NA","NA","NA","NA","526","NA","NA","42319","NA","NA","NA","NA","NA","NA","NA","NA","NA","NA","NA","2","legacy","no","no","1024","2","48000","-16","no","EXP","89","odd","no","no","NA","10079","3992","3994","8237","10069","10069","111355","NA","69234","136049","61525","52411","63080","136550","136047","10079","69234","136550","137202","NA","72146","52411","63054","52428","61523","52428","52427","52411","NA","NA","63082","NA","NA","NA","NA","NA","NA","NA","NA","NA","NA","NA","62026","62026","62554","NA","NA","137702","NA","NA","10081","NA","NA","NA","NA","NA","NA","NA","NA","NA","NA","NA","Orientation_PSA2018","7","4613","7","no","yes","1024"
"N","8517","V","H","PP_LIST1.csv","saltV.jpg","saltH.jpg","100","100","672.375","672.375","#ffffff","yes","legacy","legacy","legacy","0","uniform","1","1","undefined","1","undefined","6","j","0","0","0","0","0","0","0","0","31","0","31","5","0","0","31","31","0","0","31","31","31","31","0","5","0","5","0","0","0","0","0","0","0","0","0","0","0","0","0","0","0","0","0","5","5","5","5","5","31","0","0","0","0","0","0","0","0","0","0","0","0","0","0","01/23/20 15:40:37","no","Matching Tasks","yes","yes","","no","SECOND_OrientationCrossLanguages_2018PSA_PP_1.2.4 (1).osexp","C:/Users/spedu/Desktop","no","mono","no","18","no","#0000ff","no","ελληνικά","yes","768","no","no","legacy","31","31","1","5","C:/Users/spedu/Desktop/raw data/subject-89 PP.csv","legacy","no","Kafkaesque Koffka","3.2.8","yes","5a7ce671e83246000deafe81","no","no","0","0","J","space","NA","J","NA","NA","space","NA","NA","NA","NA","NA","NA","NA","NA","NA","NA","NA","F","NA","NA","space","NA","NA","NA","NA","NA","NA","NA","NA","NA","NA","NA","766","13837","NA","766","NA","NA","6142","NA","NA","NA","NA","NA","NA","NA","NA","NA","NA","NA","526","NA","NA","42319","NA","NA","NA","NA","NA","NA","NA","NA","NA","NA","NA","2","legacy","no","no","1024","2","48000","-16","no","EXP","89","odd","no","no","NA","10079","3992","3994","8237","10069","10069","111355","NA","69234","137829","61525","52411","63080","138330","137827","10079","69234","138330","139098","NA","72146","52411","63054","52428","61523","52428","52427","52411","NA","NA","63082","NA","NA","NA","NA","NA","NA","NA","NA","NA","NA","NA","62026","62026","62554","NA","NA","139598","NA","NA","10081","NA","NA","NA","NA","NA","NA","NA","NA","NA","NA","NA","Orientation_PSA2018","8","5379","8","no","yes","1024"
"F","8517","F","F","PP_LIST1.csv","ladder.jpg","house.jpg","100","100","660","660","#ffffff","yes","legacy","legacy","legacy","0","uniform","1","1","undefined","1","undefined","6","f","0","0","0","0","0","0","0","0","32","0","32","5","0","0","32","32","0","0","32","32","32","32","0","5","0","5","0","0","0","0","0","0","0","0","0","0","0","0","0","0","0","0","0","5","5","5","5","5","32","0","0","0","0","0","0","0","0","0","0","0","0","0","0","01/23/20 15:40:37","no","Matching Tasks","yes","yes","","no","SECOND_OrientationCrossLanguages_2018PSA_PP_1.2.4 (1).osexp","C:/Users/spedu/Desktop","no","mono","no","18","no","#0000ff","no","ελληνικά","yes","768","no","no","legacy","32","32","1","5","C:/Users/spedu/Desktop/raw data/subject-89 PP.csv","legacy","no","Kafkaesque Koffka","3.2.8","yes","5a7ce671e83246000deafe81","no","no","0","0","F","space","NA","F","NA","NA","space","NA","NA","NA","NA","NA","NA","NA","NA","NA","NA","NA","F","NA","NA","space","NA","NA","NA","NA","NA","NA","NA","NA","NA","NA","NA","561","13837","NA","561","NA","NA","6142","NA","NA","NA","NA","NA","NA","NA","NA","NA","NA","NA","526","NA","NA","42319","NA","NA","NA","NA","NA","NA","NA","NA","NA","NA","NA","2","legacy","no","no","1024","2","48000","-16","no","EXP","89","odd","no","no","NA","10079","3992","3994","8237","10069","10069","111355","NA","69234","139722","61525","52411","63080","140223","139721","10079","69234","140223","140786","NA","72146","52411","63054","52428","61523","52428","52427","52411","NA","NA","63082","NA","NA","NA","NA","NA","NA","NA","NA","NA","NA","NA","62026","62026","62554","NA","NA","141286","NA","NA","10081","NA","NA","NA","NA","NA","NA","NA","NA","NA","NA","NA","Orientation_PSA2018","9","5940","9","no","yes","1024"
"N","8517","V","H","PP_LIST1.csv","tireV.jpg","tireH.jpg","100","100","650.1","650.1","#ffffff","yes","legacy","legacy","legacy","0","uniform","1","1","undefined","1","undefined","6","j","0","0","0","0","0","0","0","0","33","0","33","5","0","0","33","33","0","0","33","33","33","33","0","5","0","5","0","0","0","0","0","0","0","0","0","0","0","0","0","0","0","0","0","5","5","5","5","5","33","0","0","0","0","0","0","0","0","0","0","0","0","0","0","01/23/20 15:40:37","no","Matching Tasks","yes","yes","","no","SECOND_OrientationCrossLanguages_2018PSA_PP_1.2.4 (1).osexp","C:/Users/spedu/Desktop","no","mono","no","18","no","#0000ff","no","ελληνικά","yes","768","no","no","legacy","33","33","1","5","C:/Users/spedu/Desktop/raw data/subject-89 PP.csv","legacy","no","Kafkaesque Koffka","3.2.8","yes","5a7ce671e83246000deafe81","no","no","0","0","J","space","NA","J","NA","NA","space","NA","NA","NA","NA","NA","NA","NA","NA","NA","NA","NA","F","NA","NA","space","NA","NA","NA","NA","NA","NA","NA","NA","NA","NA","NA","561","13837","NA","561","NA","NA","6142","NA","NA","NA","NA","NA","NA","NA","NA","NA","NA","NA","526","NA","NA","42319","NA","NA","NA","NA","NA","NA","NA","NA","NA","NA","NA","2","legacy","no","no","1024","2","48000","-16","no","EXP","89","odd","no","no","NA","10079","3992","3994","8237","10069","10069","111355","NA","69234","141417","61525","52411","63080","141918","141415","10079","69234","141918","142482","NA","72146","52411","63054","52428","61523","52428","52427","52411","NA","NA","63082","NA","NA","NA","NA","NA","NA","NA","NA","NA","NA","NA","62026","62026","62554","NA","NA","142982","NA","NA","10081","NA","NA","NA","NA","NA","NA","NA","NA","NA","NA","NA","Orientation_PSA2018","10","6501","10","no","yes","1024"
"N","8517","V","H","PP_LIST1.csv","plateV.jpg","plateH.jpg","100","100","646.272727273","646.272727273","#ffffff","yes","legacy","legacy","legacy","0","uniform","1","1","undefined","1","undefined","6","j","0","0","0","0","0","0","0","0","34","0","34","5","0","0","34","34","0","0","34","34","34","34","0","5","0","5","0","0","0","0","0","0","0","0","0","0","0","0","0","0","0","0","0","5","5","5","5","5","34","0","0","0","0","0","0","0","0","0","0","0","0","0","0","01/23/20 15:40:37","no","Matching Tasks","yes","yes","","no","SECOND_OrientationCrossLanguages_2018PSA_PP_1.2.4 (1).osexp","C:/Users/spedu/Desktop","no","mono","no","18","no","#0000ff","no","ελληνικά","yes","768","no","no","legacy","34","34","1","5","C:/Users/spedu/Desktop/raw data/subject-89 PP.csv","legacy","no","Kafkaesque Koffka","3.2.8","yes","5a7ce671e83246000deafe81","no","no","0","0","J","space","NA","J","NA","NA","space","NA","NA","NA","NA","NA","NA","NA","NA","NA","NA","NA","F","NA","NA","space","NA","NA","NA","NA","NA","NA","NA","NA","NA","NA","NA","608","13837","NA","608","NA","NA","6142","NA","NA","NA","NA","NA","NA","NA","NA","NA","NA","NA","526","NA","NA","42319","NA","NA","NA","NA","NA","NA","NA","NA","NA","NA","NA","2","legacy","no","no","1024","2","48000","-16","no","EXP","89","odd","no","no","NA","10079","3992","3994","8237","10069","10069","111355","NA","69234","143130","61525","52411","63080","143632","143129","10079","69234","143632","144242","NA","72146","52411","63054","52428","61523","52428","52427","52411","NA","NA","63082","NA","NA","NA","NA","NA","NA","NA","NA","NA","NA","NA","62026","62026","62554","NA","NA","144742","NA","NA","10081","NA","NA","NA","NA","NA","NA","NA","NA","NA","NA","NA","Orientation_PSA2018","11","7109","11","no","yes","1024"
"N","8517","H","V","PP_LIST1.csv","guitarH.jpg","guitarV.jpg","100","100","644.5","644.5","#ffffff","yes","legacy","legacy","legacy","0","uniform","1","1","undefined","1","undefined","6","j","0","0","0","0","0","0","0","0","35","0","35","5","0","0","35","35","0","0","35","35","35","35","0","5","0","5","0","0","0","0","0","0","0","0","0","0","0","0","0","0","0","0","0","5","5","5","5","5","35","0","0","0","0","0","0","0","0","0","0","0","0","0","0","01/23/20 15:40:37","no","Matching Tasks","yes","yes","","no","SECOND_OrientationCrossLanguages_2018PSA_PP_1.2.4 (1).osexp","C:/Users/spedu/Desktop","no","mono","no","18","no","#0000ff","no","ελληνικά","yes","768","no","no","legacy","35","35","1","5","C:/Users/spedu/Desktop/raw data/subject-89 PP.csv","legacy","no","Kafkaesque Koffka","3.2.8","yes","5a7ce671e83246000deafe81","no","no","0","0","J","space","NA","J","NA","NA","space","NA","NA","NA","NA","NA","NA","NA","NA","NA","NA","NA","F","NA","NA","space","NA","NA","NA","NA","NA","NA","NA","NA","NA","NA","NA","625","13837","NA","625","NA","NA","6142","NA","NA","NA","NA","NA","NA","NA","NA","NA","NA","NA","526","NA","NA","42319","NA","NA","NA","NA","NA","NA","NA","NA","NA","NA","NA","2","legacy","no","no","1024","2","48000","-16","no","EXP","89","odd","no","no","NA","10079","3992","3994","8237","10069","10069","111355","NA","69234","144865","61525","52411","63080","145366","144864","10079","69234","145366","145994","NA","72146","52411","63054","52428","61523","52428","52427","52411","NA","NA","63082","NA","NA","NA","NA","NA","NA","NA","NA","NA","NA","NA","62026","62026","62554","NA","NA","146494","NA","NA","10081","NA","NA","NA","NA","NA","NA","NA","NA","NA","NA","NA","Orientation_PSA2018","12","7734","12","no","yes","1024"
"F","8517","F","F","PP_LIST1.csv","trmpet.jpg","tapedispenser.jpg","100","100","638.846153846","638.846153846","#ffffff","yes","legacy","legacy","legacy","0","uniform","1","1","undefined","1","undefined","6","f","0","0","0","0","0","0","0","0","36","0","36","5","0","0","36","36","0","0","36","36","36","36","0","5","0","5","0","0","0","0","0","0","0","0","0","0","0","0","0","0","0","0","0","5","5","5","5","5","36","0","0","0","0","0","0","0","0","0","0","0","0","0","0","01/23/20 15:40:37","no","Matching Tasks","yes","yes","","no","SECOND_OrientationCrossLanguages_2018PSA_PP_1.2.4 (1).osexp","C:/Users/spedu/Desktop","no","mono","no","18","no","#0000ff","no","ελληνικά","yes","768","no","no","legacy","36","36","1","5","C:/Users/spedu/Desktop/raw data/subject-89 PP.csv","legacy","no","Kafkaesque Koffka","3.2.8","yes","5a7ce671e83246000deafe81","no","no","0","0","F","space","NA","F","NA","NA","space","NA","NA","NA","NA","NA","NA","NA","NA","NA","NA","NA","F","NA","NA","space","NA","NA","NA","NA","NA","NA","NA","NA","NA","NA","NA","571","13837","NA","571","NA","NA","6142","NA","NA","NA","NA","NA","NA","NA","NA","NA","NA","NA","526","NA","NA","42319","NA","NA","NA","NA","NA","NA","NA","NA","NA","NA","NA","2","legacy","no","no","1024","2","48000","-16","no","EXP","89","odd","no","no","NA","10079","3992","3994","8237","10069","10069","111355","NA","69234","146616","61525","52411","63080","147117","146614","10079","69234","147117","147690","NA","72146","52411","63054","52428","61523","52428","52427","52411","NA","NA","63082","NA","NA","NA","NA","NA","NA","NA","NA","NA","NA","NA","62026","62026","62554","NA","NA","148190","NA","NA","10081","NA","NA","NA","NA","NA","NA","NA","NA","NA","NA","NA","Orientation_PSA2018","13","8305","13","no","yes","1024"
"F","8517","F","F","PP_LIST1.csv","skirt.jpg","tlphon.jpg","100","100","643.571428571","643.571428571","#ffffff","yes","legacy","legacy","legacy","0","uniform","1","1","undefined","1","undefined","6","f","0","0","0","0","0","0","0","0","37","0","37","5","0","0","37","37","0","0","37","37","37","37","0","5","0","5","0","0","0","0","0","0","0","0","0","0","0","0","0","0","0","0","0","5","5","5","5","5","37","0","0","0","0","0","0","0","0","0","0","0","0","0","0","01/23/20 15:40:37","no","Matching Tasks","yes","yes","","no","SECOND_OrientationCrossLanguages_2018PSA_PP_1.2.4 (1).osexp","C:/Users/spedu/Desktop","no","mono","no","18","no","#0000ff","no","ελληνικά","yes","768","no","no","legacy","37","37","1","5","C:/Users/spedu/Desktop/raw data/subject-89 PP.csv","legacy","no","Kafkaesque Koffka","3.2.8","yes","5a7ce671e83246000deafe81","no","no","0","0","F","space","NA","F","NA","NA","space","NA","NA","NA","NA","NA","NA","NA","NA","NA","NA","NA","F","NA","NA","space","NA","NA","NA","NA","NA","NA","NA","NA","NA","NA","NA","705","13837","NA","705","NA","NA","6142","NA","NA","NA","NA","NA","NA","NA","NA","NA","NA","NA","526","NA","NA","42319","NA","NA","NA","NA","NA","NA","NA","NA","NA","NA","NA","2","legacy","no","no","1024","2","48000","-16","no","EXP","89","odd","no","no","NA","10079","3992","3994","8237","10069","10069","111355","NA","69234","148314","61525","52411","63080","148815","148312","10079","69234","148815","149522","NA","72146","52411","63054","52428","61523","52428","52427","52411","NA","NA","63082","NA","NA","NA","NA","NA","NA","NA","NA","NA","NA","NA","62026","62026","62554","NA","NA","150022","NA","NA","10081","NA","NA","NA","NA","NA","NA","NA","NA","NA","NA","NA","Orientation_PSA2018","14","9010","14","no","yes","1024"
"Y","8517","H","H","PP_LIST1.csv","bowlH.jpg","bowlH.jpg","100","100","654.6","654.6","#ffffff","yes","legacy","legacy","legacy","0","uniform","1","1","undefined","1","undefined","6","j","0","0","0","0","0","0","0","0","38","0","38","5","0","0","38","38","0","0","38","38","38","38","0","5","0","5","0","0","0","0","0","0","0","0","0","0","0","0","0","0","0","0","0","5","5","5","5","5","38","0","0","0","0","0","0","0","0","0","0","0","0","0","0","01/23/20 15:40:37","no","Matching Tasks","yes","yes","","no","SECOND_OrientationCrossLanguages_2018PSA_PP_1.2.4 (1).osexp","C:/Users/spedu/Desktop","no","mono","no","18","no","#0000ff","no","ελληνικά","yes","768","no","no","legacy","38","38","1","5","C:/Users/spedu/Desktop/raw data/subject-89 PP.csv","legacy","no","Kafkaesque Koffka","3.2.8","yes","5a7ce671e83246000deafe81","no","no","0","0","J","space","NA","J","NA","NA","space","NA","NA","NA","NA","NA","NA","NA","NA","NA","NA","NA","F","NA","NA","space","NA","NA","NA","NA","NA","NA","NA","NA","NA","NA","NA","809","13837","NA","809","NA","NA","6142","NA","NA","NA","NA","NA","NA","NA","NA","NA","NA","NA","526","NA","NA","42319","NA","NA","NA","NA","NA","NA","NA","NA","NA","NA","NA","2","legacy","no","no","1024","2","48000","-16","no","EXP","89","odd","no","no","NA","10079","3992","3994","8237","10069","10069","111355","NA","69234","150153","61525","52411","63080","150654","150151","10079","69234","150654","151466","NA","72146","52411","63054","52428","61523","52428","52427","52411","NA","NA","63082","NA","NA","NA","NA","NA","NA","NA","NA","NA","NA","NA","62026","62026","62554","NA","NA","151966","NA","NA","10081","NA","NA","NA","NA","NA","NA","NA","NA","NA","NA","NA","Orientation_PSA2018","15","9819","15","no","yes","1024"
"F","8517","F","F","PP_LIST1.csv","watch.jpg","skirt.jpg","100","100","649.6875","649.6875","#ffffff","yes","legacy","legacy","legacy","0","uniform","1","1","undefined","1","undefined","6","f","0","0","0","0","0","0","0","0","39","0","39","5","0","0","39","39","0","0","39","39","39","39","0","5","0","5","0","0","0","0","0","0","0","0","0","0","0","0","0","0","0","0","0","5","5","5","5","5","39","0","0","0","0","0","0","0","0","0","0","0","0","0","0","01/23/20 15:40:37","no","Matching Tasks","yes","yes","","no","SECOND_OrientationCrossLanguages_2018PSA_PP_1.2.4 (1).osexp","C:/Users/spedu/Desktop","no","mono","no","18","no","#0000ff","no","ελληνικά","yes","768","no","no","legacy","39","39","1","5","C:/Users/spedu/Desktop/raw data/subject-89 PP.csv","legacy","no","Kafkaesque Koffka","3.2.8","yes","5a7ce671e83246000deafe81","no","no","0","0","F","space","NA","F","NA","NA","space","NA","NA","NA","NA","NA","NA","NA","NA","NA","NA","NA","F","NA","NA","space","NA","NA","NA","NA","NA","NA","NA","NA","NA","NA","NA","576","13837","NA","576","NA","NA","6142","NA","NA","NA","NA","NA","NA","NA","NA","NA","NA","NA","526","NA","NA","42319","NA","NA","NA","NA","NA","NA","NA","NA","NA","NA","NA","2","legacy","no","no","1024","2","48000","-16","no","EXP","89","odd","no","no","NA","10079","3992","3994","8237","10069","10069","111355","NA","69234","152090","61525","52411","63080","152591","152088","10079","69234","152591","153170","NA","72146","52411","63054","52428","61523","52428","52427","52411","NA","NA","63082","NA","NA","NA","NA","NA","NA","NA","NA","NA","NA","NA","62026","62026","62554","NA","NA","153670","NA","NA","10081","NA","NA","NA","NA","NA","NA","NA","NA","NA","NA","NA","Orientation_PSA2018","16","10395","16","no","yes","1024"
"Y","8517","H","H","PP_LIST1.csv","bottleH.jpg","bottleH.jpg","100","100","640.176470588","640.176470588","#ffffff","yes","legacy","legacy","legacy","0","uniform","1","1","undefined","1","undefined","6","j","0","0","0","0","0","0","0","0","40","0","40","5","0","0","40","40","0","0","40","40","40","40","0","5","0","5","0","0","0","0","0","0","0","0","0","0","0","0","0","0","0","0","0","5","5","5","5","5","40","0","0","0","0","0","0","0","0","0","0","0","0","0","0","01/23/20 15:40:37","no","Matching Tasks","yes","yes","","no","SECOND_OrientationCrossLanguages_2018PSA_PP_1.2.4 (1).osexp","C:/Users/spedu/Desktop","no","mono","no","18","no","#0000ff","no","ελληνικά","yes","768","no","no","legacy","40","40","1","5","C:/Users/spedu/Desktop/raw data/subject-89 PP.csv","legacy","no","Kafkaesque Koffka","3.2.8","yes","5a7ce671e83246000deafe81","no","no","0","0","J","space","NA","J","NA","NA","space","NA","NA","NA","NA","NA","NA","NA","NA","NA","NA","NA","F","NA","NA","space","NA","NA","NA","NA","NA","NA","NA","NA","NA","NA","NA","488","13837","NA","488","NA","NA","6142","NA","NA","NA","NA","NA","NA","NA","NA","NA","NA","NA","526","NA","NA","42319","NA","NA","NA","NA","NA","NA","NA","NA","NA","NA","NA","2","legacy","no","no","1024","2","48000","-16","no","EXP","89","odd","no","no","NA","10079","3992","3994","8237","10069","10069","111355","NA","69234","153787","61525","52411","63080","154288","153785","10079","69234","154288","154778","NA","72146","52411","63054","52428","61523","52428","52427","52411","NA","NA","63082","NA","NA","NA","NA","NA","NA","NA","NA","NA","NA","NA","62026","62026","62554","NA","NA","155278","NA","NA","10081","NA","NA","NA","NA","NA","NA","NA","NA","NA","NA","NA","Orientation_PSA2018","17","10883","17","no","yes","1024"
"N","8517","H","V","PP_LIST1.csv","nailH.jpg","nailV.jpg","100","100","650.5","650.5","#ffffff","yes","legacy","legacy","legacy","0","uniform","1","1","undefined","1","undefined","6","j","0","0","0","0","0","0","0","0","41","0","41","5","0","0","41","41","0","0","41","41","41","41","0","5","0","5","0","0","0","0","0","0","0","0","0","0","0","0","0","0","0","0","0","5","5","5","5","5","41","0","0","0","0","0","0","0","0","0","0","0","0","0","0","01/23/20 15:40:37","no","Matching Tasks","yes","yes","","no","SECOND_OrientationCrossLanguages_2018PSA_PP_1.2.4 (1).osexp","C:/Users/spedu/Desktop","no","mono","no","18","no","#0000ff","no","ελληνικά","yes","768","no","no","legacy","41","41","1","5","C:/Users/spedu/Desktop/raw data/subject-89 PP.csv","legacy","no","Kafkaesque Koffka","3.2.8","yes","5a7ce671e83246000deafe81","no","no","0","0","J","space","NA","J","NA","NA","space","NA","NA","NA","NA","NA","NA","NA","NA","NA","NA","NA","F","NA","NA","space","NA","NA","NA","NA","NA","NA","NA","NA","NA","NA","NA","826","13837","NA","826","NA","NA","6142","NA","NA","NA","NA","NA","NA","NA","NA","NA","NA","NA","526","NA","NA","42319","NA","NA","NA","NA","NA","NA","NA","NA","NA","NA","NA","2","legacy","no","no","1024","2","48000","-16","no","EXP","89","odd","no","no","NA","10079","3992","3994","8237","10069","10069","111355","NA","69234","155401","61525","52411","63080","155902","155399","10079","69234","155902","156730","NA","72146","52411","63054","52428","61523","52428","52427","52411","NA","NA","63082","NA","NA","NA","NA","NA","NA","NA","NA","NA","NA","NA","62026","62026","62554","NA","NA","157230","NA","NA","10081","NA","NA","NA","NA","NA","NA","NA","NA","NA","NA","NA","Orientation_PSA2018","18","11709","18","no","yes","1024"
"F","8517","F","F","PP_LIST1.csv","ftball.jpg","nut.jpg","100","100","641.052631579","641.052631579","#ffffff","yes","legacy","legacy","legacy","0","uniform","1","1","undefined","1","undefined","6","f","0","0","0","0","0","0","0","0","42","0","42","5","0","0","42","42","0","0","42","42","42","42","0","5","0","5","0","0","0","0","0","0","0","0","0","0","0","0","0","0","0","0","0","5","5","5","5","5","42","0","0","0","0","0","0","0","0","0","0","0","0","0","0","01/23/20 15:40:37","no","Matching Tasks","yes","yes","","no","SECOND_OrientationCrossLanguages_2018PSA_PP_1.2.4 (1).osexp","C:/Users/spedu/Desktop","no","mono","no","18","no","#0000ff","no","ελληνικά","yes","768","no","no","legacy","42","42","1","5","C:/Users/spedu/Desktop/raw data/subject-89 PP.csv","legacy","no","Kafkaesque Koffka","3.2.8","yes","5a7ce671e83246000deafe81","no","no","0","0","F","space","NA","F","NA","NA","space","NA","NA","NA","NA","NA","NA","NA","NA","NA","NA","NA","F","NA","NA","space","NA","NA","NA","NA","NA","NA","NA","NA","NA","NA","NA","471","13837","NA","471","NA","NA","6142","NA","NA","NA","NA","NA","NA","NA","NA","NA","NA","NA","526","NA","NA","42319","NA","NA","NA","NA","NA","NA","NA","NA","NA","NA","NA","2","legacy","no","no","1024","2","48000","-16","no","EXP","89","odd","no","no","NA","10079","3992","3994","8237","10069","10069","111355","NA","69234","157356","61525","52411","63080","157857","157354","10079","69234","157857","158330","NA","72146","52411","63054","52428","61523","52428","52427","52411","NA","NA","63082","NA","NA","NA","NA","NA","NA","NA","NA","NA","NA","NA","62026","62026","62554","NA","NA","158830","NA","NA","10081","NA","NA","NA","NA","NA","NA","NA","NA","NA","NA","NA","Orientation_PSA2018","19","12180","19","no","yes","1024"
"Y","8517","V","V","PP_LIST1.csv","crayonV.jpg","crayonV.jpg","100","100","633.85","633.85","#ffffff","yes","legacy","legacy","legacy","0","uniform","1","1","undefined","1","undefined","6","j","0","0","0","0","0","0","0","0","43","0","43","5","0","0","43","43","0","0","43","43","43","43","0","5","0","5","0","0","0","0","0","0","0","0","0","0","0","0","0","0","0","0","0","5","5","5","5","5","43","0","0","0","0","0","0","0","0","0","0","0","0","0","0","01/23/20 15:40:37","no","Matching Tasks","yes","yes","","no","SECOND_OrientationCrossLanguages_2018PSA_PP_1.2.4 (1).osexp","C:/Users/spedu/Desktop","no","mono","no","18","no","#0000ff","no","ελληνικά","yes","768","no","no","legacy","43","43","1","5","C:/Users/spedu/Desktop/raw data/subject-89 PP.csv","legacy","no","Kafkaesque Koffka","3.2.8","yes","5a7ce671e83246000deafe81","no","no","0","0","J","space","NA","J","NA","NA","space","NA","NA","NA","NA","NA","NA","NA","NA","NA","NA","NA","F","NA","NA","space","NA","NA","NA","NA","NA","NA","NA","NA","NA","NA","NA","497","13837","NA","497","NA","NA","6142","NA","NA","NA","NA","NA","NA","NA","NA","NA","NA","NA","526","NA","NA","42319","NA","NA","NA","NA","NA","NA","NA","NA","NA","NA","NA","2","legacy","no","no","1024","2","48000","-16","no","EXP","89","odd","no","no","NA","10079","3992","3994","8237","10069","10069","111355","NA","69234","158961","61525","52411","63080","159462","158959","10079","69234","159462","159962","NA","72146","52411","63054","52428","61523","52428","52427","52411","NA","NA","63082","NA","NA","NA","NA","NA","NA","NA","NA","NA","NA","NA","62026","62026","62554","NA","NA","160462","NA","NA","10081","NA","NA","NA","NA","NA","NA","NA","NA","NA","NA","NA","Orientation_PSA2018","20","12677","20","no","yes","1024"
"F","8517","F","F","PP_LIST1.csv","pumpkin.jpg","trmpet.jpg","100","100","645.523809524","645.523809524","#ffffff","yes","legacy","legacy","legacy","0","uniform","1","1","undefined","1","undefined","6","f","0","0","0","0","0","0","0","0","44","0","44","5","0","0","44","44","0","0","44","44","44","44","0","5","0","5","0","0","0","0","0","0","0","0","0","0","0","0","0","0","0","0","0","5","5","5","5","5","44","0","0","0","0","0","0","0","0","0","0","0","0","0","0","01/23/20 15:40:37","no","Matching Tasks","yes","yes","","no","SECOND_OrientationCrossLanguages_2018PSA_PP_1.2.4 (1).osexp","C:/Users/spedu/Desktop","no","mono","no","18","no","#0000ff","no","ελληνικά","yes","768","no","no","legacy","44","44","1","5","C:/Users/spedu/Desktop/raw data/subject-89 PP.csv","legacy","no","Kafkaesque Koffka","3.2.8","yes","5a7ce671e83246000deafe81","no","no","0","0","F","space","NA","F","NA","NA","space","NA","NA","NA","NA","NA","NA","NA","NA","NA","NA","NA","F","NA","NA","space","NA","NA","NA","NA","NA","NA","NA","NA","NA","NA","NA","879","13837","NA","879","NA","NA","6142","NA","NA","NA","NA","NA","NA","NA","NA","NA","NA","NA","526","NA","NA","42319","NA","NA","NA","NA","NA","NA","NA","NA","NA","NA","NA","2","legacy","no","no","1024","2","48000","-16","no","EXP","89","odd","no","no","NA","10079","3992","3994","8237","10069","10069","111355","NA","69234","160585","61525","52411","63080","161089","160583","10079","69234","161089","161970","NA","72146","52411","63054","52428","61523","52428","52427","52411","NA","NA","63082","NA","NA","NA","NA","NA","NA","NA","NA","NA","NA","NA","62026","62026","62554","NA","NA","162470","NA","NA","10081","NA","NA","NA","NA","NA","NA","NA","NA","NA","NA","NA","Orientation_PSA2018","21","13556","21","no","yes","1024"
"F","8517","F","F","PP_LIST1.csv","tiger.jpg","wndmil.jpg","100","100","644.181818182","644.181818182","#ffffff","yes","legacy","legacy","legacy","0","uniform","1","1","undefined","1","undefined","6","f","0","0","0","0","0","0","0","0","45","0","45","5","0","0","45","45","0","0","45","45","45","45","0","5","0","5","0","0","0","0","0","0","0","0","0","0","0","0","0","0","0","0","0","5","5","5","5","5","45","0","0","0","0","0","0","0","0","0","0","0","0","0","0","01/23/20 15:40:37","no","Matching Tasks","yes","yes","","no","SECOND_OrientationCrossLanguages_2018PSA_PP_1.2.4 (1).osexp","C:/Users/spedu/Desktop","no","mono","no","18","no","#0000ff","no","ελληνικά","yes","768","no","no","legacy","45","45","1","5","C:/Users/spedu/Desktop/raw data/subject-89 PP.csv","legacy","no","Kafkaesque Koffka","3.2.8","yes","5a7ce671e83246000deafe81","no","no","0","0","F","space","NA","F","NA","NA","space","NA","NA","NA","NA","NA","NA","NA","NA","NA","NA","NA","F","NA","NA","space","NA","NA","NA","NA","NA","NA","NA","NA","NA","NA","NA","616","13837","NA","616","NA","NA","6142","NA","NA","NA","NA","NA","NA","NA","NA","NA","NA","NA","526","NA","NA","42319","NA","NA","NA","NA","NA","NA","NA","NA","NA","NA","NA","2","legacy","no","no","1024","2","48000","-16","no","EXP","89","odd","no","no","NA","10079","3992","3994","8237","10069","10069","111355","NA","69234","162594","61525","52411","63080","163095","162592","10079","69234","163095","163714","NA","72146","52411","63054","52428","61523","52428","52427","52411","NA","NA","63082","NA","NA","NA","NA","NA","NA","NA","NA","NA","NA","NA","62026","62026","62554","NA","NA","164214","NA","NA","10081","NA","NA","NA","NA","NA","NA","NA","NA","NA","NA","NA","Orientation_PSA2018","22","14172","22","no","yes","1024"
"F","8517","F","F","PP_LIST1.csv","umberella.jpg","flower.jpg","100","100","640.130434783","640.130434783","#ffffff","yes","legacy","legacy","legacy","0","uniform","1","1","undefined","1","undefined","6","f","0","0","0","0","0","0","0","0","46","0","46","5","0","0","46","46","0","0","46","46","46","46","0","5","0","5","0","0","0","0","0","0","0","0","0","0","0","0","0","0","0","0","0","5","5","5","5","5","46","0","0","0","0","0","0","0","0","0","0","0","0","0","0","01/23/20 15:40:37","no","Matching Tasks","yes","yes","","no","SECOND_OrientationCrossLanguages_2018PSA_PP_1.2.4 (1).osexp","C:/Users/spedu/Desktop","no","mono","no","18","no","#0000ff","no","ελληνικά","yes","768","no","no","legacy","46","46","1","5","C:/Users/spedu/Desktop/raw data/subject-89 PP.csv","legacy","no","Kafkaesque Koffka","3.2.8","yes","5a7ce671e83246000deafe81","no","no","0","0","F","space","NA","F","NA","NA","space","NA","NA","NA","NA","NA","NA","NA","NA","NA","NA","NA","F","NA","NA","space","NA","NA","NA","NA","NA","NA","NA","NA","NA","NA","NA","551","13837","NA","551","NA","NA","6142","NA","NA","NA","NA","NA","NA","NA","NA","NA","NA","NA","526","NA","NA","42319","NA","NA","NA","NA","NA","NA","NA","NA","NA","NA","NA","2","legacy","no","no","1024","2","48000","-16","no","EXP","89","odd","no","no","NA","10079","3992","3994","8237","10069","10069","111355","NA","69234","164348","61525","52411","63080","164849","164347","10079","69234","164849","165402","NA","72146","52411","63054","52428","61523","52428","52427","52411","NA","NA","63082","NA","NA","NA","NA","NA","NA","NA","NA","NA","NA","NA","62026","62026","62554","NA","NA","165902","NA","NA","10081","NA","NA","NA","NA","NA","NA","NA","NA","NA","NA","NA","Orientation_PSA2018","23","14723","23","no","yes","1024"
"N","8517","H","V","PP_LIST1.csv","ironH.jpg","ironV.jpg","100","100","647.791666667","647.791666667","#ffffff","yes","legacy","legacy","legacy","0","uniform","1","1","undefined","1","undefined","6","j","0","0","0","0","0","0","0","0","47","0","47","5","0","0","47","47","0","0","47","47","47","47","0","5","0","5","0","0","0","0","0","0","0","0","0","0","0","0","0","0","0","0","0","5","5","5","5","5","47","0","0","0","0","0","0","0","0","0","0","0","0","0","0","01/23/20 15:40:37","no","Matching Tasks","yes","yes","","no","SECOND_OrientationCrossLanguages_2018PSA_PP_1.2.4 (1).osexp","C:/Users/spedu/Desktop","no","mono","no","18","no","#0000ff","no","ελληνικά","yes","768","no","no","legacy","47","47","1","5","C:/Users/spedu/Desktop/raw data/subject-89 PP.csv","legacy","no","Kafkaesque Koffka","3.2.8","yes","5a7ce671e83246000deafe81","no","no","0","0","J","space","NA","J","NA","NA","space","NA","NA","NA","NA","NA","NA","NA","NA","NA","NA","NA","F","NA","NA","space","NA","NA","NA","NA","NA","NA","NA","NA","NA","NA","NA","824","13837","NA","824","NA","NA","6142","NA","NA","NA","NA","NA","NA","NA","NA","NA","NA","NA","526","NA","NA","42319","NA","NA","NA","NA","NA","NA","NA","NA","NA","NA","NA","2","legacy","no","no","1024","2","48000","-16","no","EXP","89","odd","no","no","NA","10079","3992","3994","8237","10069","10069","111355","NA","69234","166027","61525","52411","63080","166528","166025","10079","69234","166528","167354","NA","72146","52411","63054","52428","61523","52428","52427","52411","NA","NA","63082","NA","NA","NA","NA","NA","NA","NA","NA","NA","NA","NA","62026","62026","62554","NA","NA","167854","NA","NA","10081","NA","NA","NA","NA","NA","NA","NA","NA","NA","NA","NA","Orientation_PSA2018","24","15547","24","no","yes","1024"
