"Identical","LAB_SEED","Orientation1","Orientation2","PPList","Picture1","Picture2","acc","accuracy","average_response_time","avg_rt","background","bidi","canvas_backend","clock_backend","color_backend","compensation","coordinates","correct","correct_Pictures_response","correct_Start_TUR","correct_Target_response_Prac","correct_Welcome_PP_TUR","correct_count","correct_response","count_Check_This","count_Disable_Mouse","count_EXP","count_LAB_SEED","count_Language_Selection","count_List_Select","count_List_Selection","count_Pictures_Break","count_Pictures_End","count_Pictures_Exp","count_Pictures_Fixation","count_Pictures_Fixation_Prac","count_Pictures_Prac","count_Pictures_Start","count_Pictures_Target","count_Pictures_Trial","count_Pictures_Welcome","count_Pictures_loop","count_Pictures_response","count_Pictures_response_correct","count_Pictures_response_noans","count_Pictures_response_wrong","count_Prac","count_Prac_Count","count_Prac_Reset","count_Prac_Trial","count_Prac_loop","count_Prac_seq","count_Prac_setup","count_Start_DE","count_Start_E","count_Start_ELL","count_Start_HIN","count_Start_HUN","count_Start_NOR","count_Start_PL","count_Start_POR","count_Start_SC","count_Start_SLK","count_Start_SPA","count_Start_TC","count_Start_THAI","count_Start_TUR","count_Target_Prac","count_Target_response_Prac","count_Target_response_correct_Prac","count_Target_response_noans_Prac","count_Target_response_wrong_Prac","count_Trial_logger","count_Welcome_PP_DE","count_Welcome_PP_E","count_Welcome_PP_ELL","count_Welcome_PP_HIN","count_Welcome_PP_HUN","count_Welcome_PP_NOR","count_Welcome_PP_PL","count_Welcome_PP_POR","count_Welcome_PP_SC","count_Welcome_PP_SLK","count_Welcome_PP_SPA","count_Welcome_PP_TC","count_Welcome_PP_THAI","count_Welcome_PP_TUR","datetime","de","description","disable_garbage_collection","ell","empty_column","en","experiment_file","experiment_path","font_bold","font_family","font_italic","font_size","font_underline","foreground","form_clicks","form_response","fullscreen","height","hin","hun","keyboard_backend","live_row","live_row_Pictures_loop","live_row_Prac","live_row_Prac_loop","logfile","mouse_backend","nor","opensesame_codename","opensesame_version","osf_always_upload_experiment","osf_id","pol","por","repeat_cycle","reset_loop","response","response_Pictures_Break","response_Pictures_End","response_Pictures_response","response_Start_DE","response_Start_E","response_Start_ELL","response_Start_HIN","response_Start_HUN","response_Start_NOR","response_Start_PL","response_Start_POR","response_Start_SC","response_Start_SLK","response_Start_SPA","response_Start_TC","response_Start_THAI","response_Start_TUR","response_Target_response_Prac","response_Welcome_PP_DE","response_Welcome_PP_E","response_Welcome_PP_ELL","response_Welcome_PP_HIN","response_Welcome_PP_HUN","response_Welcome_PP_NOR","response_Welcome_PP_PL","response_Welcome_PP_POR","response_Welcome_PP_SC","response_Welcome_PP_SLK","response_Welcome_PP_SPA","response_Welcome_PP_TC","response_Welcome_PP_THAI","response_Welcome_PP_TUR","response_time","response_time_Pictures_Break","response_time_Pictures_End","response_time_Pictures_response","response_time_Start_DE","response_time_Start_E","response_time_Start_ELL","response_time_Start_HIN","response_time_Start_HUN","response_time_Start_NOR","response_time_Start_PL","response_time_Start_POR","response_time_Start_SC","response_time_Start_SLK","response_time_Start_SPA","response_time_Start_TC","response_time_Start_THAI","response_time_Start_TUR","response_time_Target_response_Prac","response_time_Welcome_PP_DE","response_time_Welcome_PP_E","response_time_Welcome_PP_ELL","response_time_Welcome_PP_HIN","response_time_Welcome_PP_HUN","response_time_Welcome_PP_NOR","response_time_Welcome_PP_PL","response_time_Welcome_PP_POR","response_time_Welcome_PP_SC","response_time_Welcome_PP_SLK","response_time_Welcome_PP_SPA","response_time_Welcome_PP_TC","response_time_Welcome_PP_THAI","response_time_Welcome_PP_TUR","round_decimals","sampler_backend","sc","slk","sound_buf_size","sound_channels","sound_freq","sound_sample_size","spa","start","subject_nr","subject_parity","tc","thai","time_Check_This","time_Disable_Mouse","time_EXP","time_LAB_SEED","time_Language_Selection","time_List_Select","time_List_Selection","time_Pictures_Break","time_Pictures_End","time_Pictures_Exp","time_Pictures_Fixation","time_Pictures_Fixation_Prac","time_Pictures_Prac","time_Pictures_Start","time_Pictures_Target","time_Pictures_Trial","time_Pictures_Welcome","time_Pictures_loop","time_Pictures_response","time_Pictures_response_correct","time_Pictures_response_noans","time_Pictures_response_wrong","time_Prac","time_Prac_Count","time_Prac_Reset","time_Prac_Trial","time_Prac_loop","time_Prac_seq","time_Prac_setup","time_Start_DE","time_Start_E","time_Start_ELL","time_Start_HIN","time_Start_HUN","time_Start_NOR","time_Start_PL","time_Start_POR","time_Start_SC","time_Start_SLK","time_Start_SPA","time_Start_TC","time_Start_THAI","time_Start_TUR","time_Target_Prac","time_Target_response_Prac","time_Target_response_correct_Prac","time_Target_response_noans_Prac","time_Target_response_wrong_Prac","time_Trial_logger","time_Welcome_PP_DE","time_Welcome_PP_E","time_Welcome_PP_ELL","time_Welcome_PP_HIN","time_Welcome_PP_HUN","time_Welcome_PP_NOR","time_Welcome_PP_PL","time_Welcome_PP_POR","time_Welcome_PP_SC","time_Welcome_PP_SLK","time_Welcome_PP_SPA","time_Welcome_PP_TC","time_Welcome_PP_THAI","time_Welcome_PP_TUR","title","total_correct","total_response_time","total_responses","tur","uniform_coordinates","width"
"Y","3024","V","V","PP_LIST1.csv","flashV.jpg","flashV.jpg","100","100","875.428571429","875.428571429","#ffffff","yes","legacy","legacy","legacy","0","uniform","1","1","undefined","1","undefined","6","j","0","0","0","0","0","0","0","NA","0","0","0","5","0","0","0","0","0","0","0","0","0","0","0","5","0","5","0","0","0","0","0","0","0","0","0","0","0","0","0","0","0","0","0","5","5","5","5","5","0","0","0","0","0","0","0","0","0","0","0","0","0","0","0","12/06/19 16:59:28","no","Matching Tasks","yes","no","","no","OrientationCrossLanguages_2018PSA_PP_1.2.4.osexp","C:\Users\Administrator\Desktop\002&003 BUNDLE","no","mono","no","18","no","#0000ff","no","Türkçe","yes","768","no","no","legacy","0","0","1","5","C:/Users/Administrator/Desktop/002&003 BUNDLE/[TUR_007]_PP_[046].csv","legacy","no","Kafkaesque Koffka","3.2.8","yes","5a7ce671e83246000deafe81","no","no","0","0","j","NA","NA","j","NA","NA","NA","NA","NA","NA","NA","NA","NA","NA","NA","NA","NA","space","f","NA","NA","NA","NA","NA","NA","NA","NA","NA","NA","NA","NA","NA","space","637","NA","NA","637","NA","NA","NA","NA","NA","NA","NA","NA","NA","NA","NA","NA","NA","1620","668","NA","NA","NA","NA","NA","NA","NA","NA","NA","NA","NA","NA","NA","21152","2","legacy","no","no","1024","2","48000","-16","no","EXP","46","even","no","no","NA","5941","2499","2500","4870","5926","5926","NA","NA","40956","41067","37585","27109","39321","41570","41065","5941","40956","41570","42208","NA","NA","27109","39260","27127","37583","27127","27127","27109","NA","NA","NA","NA","NA","NA","NA","NA","NA","NA","NA","NA","NA","39322","38090","38090","38760","NA","NA","42709","NA","NA","NA","NA","NA","NA","NA","NA","NA","NA","NA","NA","NA","5943","Orientation_PSA2018","7","6128","7","yes","yes","1024"
"F","3024","F","F","PP_LIST1.csv","trmpet.jpg","tapedispenser.jpg","100","100","842.25","842.25","#ffffff","yes","legacy","legacy","legacy","0","uniform","1","1","undefined","1","undefined","6","f","0","0","0","0","0","0","0","NA","1","0","1","5","0","0","1","1","0","0","1","1","1","1","0","5","0","5","0","0","0","0","0","0","0","0","0","0","0","0","0","0","0","0","0","5","5","5","5","5","1","0","0","0","0","0","0","0","0","0","0","0","0","0","0","12/06/19 16:59:28","no","Matching Tasks","yes","no","","no","OrientationCrossLanguages_2018PSA_PP_1.2.4.osexp","C:\Users\Administrator\Desktop\002&003 BUNDLE","no","mono","no","18","no","#0000ff","no","Türkçe","yes","768","no","no","legacy","1","1","1","5","C:/Users/Administrator/Desktop/002&003 BUNDLE/[TUR_007]_PP_[046].csv","legacy","no","Kafkaesque Koffka","3.2.8","yes","5a7ce671e83246000deafe81","no","no","0","0","f","NA","NA","f","NA","NA","NA","NA","NA","NA","NA","NA","NA","NA","NA","NA","NA","space","f","NA","NA","NA","NA","NA","NA","NA","NA","NA","NA","NA","NA","NA","space","610","NA","NA","610","NA","NA","NA","NA","NA","NA","NA","NA","NA","NA","NA","NA","NA","1620","668","NA","NA","NA","NA","NA","NA","NA","NA","NA","NA","NA","NA","NA","21152","2","legacy","no","no","1024","2","48000","-16","no","EXP","46","even","no","no","NA","5941","2499","2500","4870","5926","5926","NA","NA","40956","42874","37585","27109","39321","43380","42873","5941","40956","43380","43992","NA","NA","27109","39260","27127","37583","27127","27127","27109","NA","NA","NA","NA","NA","NA","NA","NA","NA","NA","NA","NA","NA","39322","38090","38090","38760","NA","NA","44492","NA","NA","NA","NA","NA","NA","NA","NA","NA","NA","NA","NA","NA","5943","Orientation_PSA2018","8","6738","8","yes","yes","1024"
"F","3024","F","F","PP_LIST1.csv","skirt.jpg","tlphon.jpg","100","100","810.666666667","810.666666667","#ffffff","yes","legacy","legacy","legacy","0","uniform","1","1","undefined","1","undefined","6","f","0","0","0","0","0","0","0","NA","2","0","2","5","0","0","2","2","0","0","2","2","2","2","0","5","0","5","0","0","0","0","0","0","0","0","0","0","0","0","0","0","0","0","0","5","5","5","5","5","2","0","0","0","0","0","0","0","0","0","0","0","0","0","0","12/06/19 16:59:28","no","Matching Tasks","yes","no","","no","OrientationCrossLanguages_2018PSA_PP_1.2.4.osexp","C:\Users\Administrator\Desktop\002&003 BUNDLE","no","mono","no","18","no","#0000ff","no","Türkçe","yes","768","no","no","legacy","2","2","1","5","C:/Users/Administrator/Desktop/002&003 BUNDLE/[TUR_007]_PP_[046].csv","legacy","no","Kafkaesque Koffka","3.2.8","yes","5a7ce671e83246000deafe81","no","no","0","0","f","NA","NA","f","NA","NA","NA","NA","NA","NA","NA","NA","NA","NA","NA","NA","NA","space","f","NA","NA","NA","NA","NA","NA","NA","NA","NA","NA","NA","NA","NA","space","558","NA","NA","558","NA","NA","NA","NA","NA","NA","NA","NA","NA","NA","NA","NA","NA","1620","668","NA","NA","NA","NA","NA","NA","NA","NA","NA","NA","NA","NA","NA","21152","2","legacy","no","no","1024","2","48000","-16","no","EXP","46","even","no","no","NA","5941","2499","2500","4870","5926","5926","NA","NA","40956","44656","37585","27109","39321","45161","44654","5941","40956","45161","45721","NA","NA","27109","39260","27127","37583","27127","27127","27109","NA","NA","NA","NA","NA","NA","NA","NA","NA","NA","NA","NA","NA","39322","38090","38090","38760","NA","NA","46221","NA","NA","NA","NA","NA","NA","NA","NA","NA","NA","NA","NA","NA","5943","Orientation_PSA2018","9","7296","9","yes","yes","1024"
"N","3024","H","V","PP_LIST1.csv","keyH.jpg","keyV.jpg","100","100","800.7","800.7","#ffffff","yes","legacy","legacy","legacy","0","uniform","1","1","undefined","1","undefined","6","j","0","0","0","0","0","0","0","NA","3","0","3","5","0","0","3","3","0","0","3","3","3","3","0","5","0","5","0","0","0","0","0","0","0","0","0","0","0","0","0","0","0","0","0","5","5","5","5","5","3","0","0","0","0","0","0","0","0","0","0","0","0","0","0","12/06/19 16:59:28","no","Matching Tasks","yes","no","","no","OrientationCrossLanguages_2018PSA_PP_1.2.4.osexp","C:\Users\Administrator\Desktop\002&003 BUNDLE","no","mono","no","18","no","#0000ff","no","Türkçe","yes","768","no","no","legacy","3","3","1","5","C:/Users/Administrator/Desktop/002&003 BUNDLE/[TUR_007]_PP_[046].csv","legacy","no","Kafkaesque Koffka","3.2.8","yes","5a7ce671e83246000deafe81","no","no","0","0","j","NA","NA","j","NA","NA","NA","NA","NA","NA","NA","NA","NA","NA","NA","NA","NA","space","f","NA","NA","NA","NA","NA","NA","NA","NA","NA","NA","NA","NA","NA","space","711","NA","NA","711","NA","NA","NA","NA","NA","NA","NA","NA","NA","NA","NA","NA","NA","1620","668","NA","NA","NA","NA","NA","NA","NA","NA","NA","NA","NA","NA","NA","21152","2","legacy","no","no","1024","2","48000","-16","no","EXP","46","even","no","no","NA","5941","2499","2500","4870","5926","5926","NA","NA","40956","46390","37585","27109","39321","46895","46389","5941","40956","46895","47608","NA","NA","27109","39260","27127","37583","27127","27127","27109","NA","NA","NA","NA","NA","NA","NA","NA","NA","NA","NA","NA","NA","39322","38090","38090","38760","NA","NA","48108","NA","NA","NA","NA","NA","NA","NA","NA","NA","NA","NA","NA","NA","5943","Orientation_PSA2018","10","8007","10","yes","yes","1024"
"Y","3024","V","V","PP_LIST1.csv","clothespinV.jpg","clothespinV.jpg","100","100","786.727272727","786.727272727","#ffffff","yes","legacy","legacy","legacy","0","uniform","1","1","undefined","1","undefined","6","j","0","0","0","0","0","0","0","NA","4","0","4","5","0","0","4","4","0","0","4","4","4","4","0","5","0","5","0","0","0","0","0","0","0","0","0","0","0","0","0","0","0","0","0","5","5","5","5","5","4","0","0","0","0","0","0","0","0","0","0","0","0","0","0","12/06/19 16:59:28","no","Matching Tasks","yes","no","","no","OrientationCrossLanguages_2018PSA_PP_1.2.4.osexp","C:\Users\Administrator\Desktop\002&003 BUNDLE","no","mono","no","18","no","#0000ff","no","Türkçe","yes","768","no","no","legacy","4","4","1","5","C:/Users/Administrator/Desktop/002&003 BUNDLE/[TUR_007]_PP_[046].csv","legacy","no","Kafkaesque Koffka","3.2.8","yes","5a7ce671e83246000deafe81","no","no","0","0","j","NA","NA","j","NA","NA","NA","NA","NA","NA","NA","NA","NA","NA","NA","NA","NA","space","f","NA","NA","NA","NA","NA","NA","NA","NA","NA","NA","NA","NA","NA","space","647","NA","NA","647","NA","NA","NA","NA","NA","NA","NA","NA","NA","NA","NA","NA","NA","1620","668","NA","NA","NA","NA","NA","NA","NA","NA","NA","NA","NA","NA","NA","21152","2","legacy","no","no","1024","2","48000","-16","no","EXP","46","even","no","no","NA","5941","2499","2500","4870","5926","5926","NA","NA","40956","48247","37585","27109","39321","48752","48246","5941","40956","48752","49401","NA","NA","27109","39260","27127","37583","27127","27127","27109","NA","NA","NA","NA","NA","NA","NA","NA","NA","NA","NA","NA","NA","39322","38090","38090","38760","NA","NA","49901","NA","NA","NA","NA","NA","NA","NA","NA","NA","NA","NA","NA","NA","5943","Orientation_PSA2018","11","8654","11","yes","yes","1024"
"F","3024","F","F","PP_LIST1.csv","house.jpg","ring.jpg","100","100","770.666666667","770.666666667","#ffffff","yes","legacy","legacy","legacy","0","uniform","1","1","undefined","1","undefined","6","f","0","0","0","0","0","0","0","NA","5","0","5","5","0","0","5","5","0","0","5","5","5","5","0","5","0","5","0","0","0","0","0","0","0","0","0","0","0","0","0","0","0","0","0","5","5","5","5","5","5","0","0","0","0","0","0","0","0","0","0","0","0","0","0","12/06/19 16:59:28","no","Matching Tasks","yes","no","","no","OrientationCrossLanguages_2018PSA_PP_1.2.4.osexp","C:\Users\Administrator\Desktop\002&003 BUNDLE","no","mono","no","18","no","#0000ff","no","Türkçe","yes","768","no","no","legacy","5","5","1","5","C:/Users/Administrator/Desktop/002&003 BUNDLE/[TUR_007]_PP_[046].csv","legacy","no","Kafkaesque Koffka","3.2.8","yes","5a7ce671e83246000deafe81","no","no","0","0","f","NA","NA","f","NA","NA","NA","NA","NA","NA","NA","NA","NA","NA","NA","NA","NA","space","f","NA","NA","NA","NA","NA","NA","NA","NA","NA","NA","NA","NA","NA","space","594","NA","NA","594","NA","NA","NA","NA","NA","NA","NA","NA","NA","NA","NA","NA","NA","1620","668","NA","NA","NA","NA","NA","NA","NA","NA","NA","NA","NA","NA","NA","21152","2","legacy","no","no","1024","2","48000","-16","no","EXP","46","even","no","no","NA","5941","2499","2500","4870","5926","5926","NA","NA","40956","50067","37585","27109","39321","50572","50065","5941","40956","50572","51168","NA","NA","27109","39260","27127","37583","27127","27127","27109","NA","NA","NA","NA","NA","NA","NA","NA","NA","NA","NA","NA","NA","39322","38090","38090","38760","NA","NA","51668","NA","NA","NA","NA","NA","NA","NA","NA","NA","NA","NA","NA","NA","5943","Orientation_PSA2018","12","9248","12","yes","yes","1024"
"Y","3024","H","H","PP_LIST1.csv","axeH.jpg","axeH.jpg","100","100","756.769230769","756.769230769","#ffffff","yes","legacy","legacy","legacy","0","uniform","1","1","undefined","1","undefined","6","j","0","0","0","0","0","0","0","NA","6","0","6","5","0","0","6","6","0","0","6","6","6","6","0","5","0","5","0","0","0","0","0","0","0","0","0","0","0","0","0","0","0","0","0","5","5","5","5","5","6","0","0","0","0","0","0","0","0","0","0","0","0","0","0","12/06/19 16:59:28","no","Matching Tasks","yes","no","","no","OrientationCrossLanguages_2018PSA_PP_1.2.4.osexp","C:\Users\Administrator\Desktop\002&003 BUNDLE","no","mono","no","18","no","#0000ff","no","Türkçe","yes","768","no","no","legacy","6","6","1","5","C:/Users/Administrator/Desktop/002&003 BUNDLE/[TUR_007]_PP_[046].csv","legacy","no","Kafkaesque Koffka","3.2.8","yes","5a7ce671e83246000deafe81","no","no","0","0","j","NA","NA","j","NA","NA","NA","NA","NA","NA","NA","NA","NA","NA","NA","NA","NA","space","f","NA","NA","NA","NA","NA","NA","NA","NA","NA","NA","NA","NA","NA","space","590","NA","NA","590","NA","NA","NA","NA","NA","NA","NA","NA","NA","NA","NA","NA","NA","1620","668","NA","NA","NA","NA","NA","NA","NA","NA","NA","NA","NA","NA","NA","21152","2","legacy","no","no","1024","2","48000","-16","no","EXP","46","even","no","no","NA","5941","2499","2500","4870","5926","5926","NA","NA","40956","51814","37585","27109","39321","52320","51813","5941","40956","52320","52912","NA","NA","27109","39260","27127","37583","27127","27127","27109","NA","NA","NA","NA","NA","NA","NA","NA","NA","NA","NA","NA","NA","39322","38090","38090","38760","NA","NA","53412","NA","NA","NA","NA","NA","NA","NA","NA","NA","NA","NA","NA","NA","5943","Orientation_PSA2018","13","9838","13","yes","yes","1024"
"F","3024","F","F","PP_LIST1.csv","buggy.jpg","glass.jpg","100","100","738.857142857","738.857142857","#ffffff","yes","legacy","legacy","legacy","0","uniform","1","1","undefined","1","undefined","6","f","0","0","0","0","0","0","0","NA","7","0","7","5","0","0","7","7","0","0","7","7","7","7","0","5","0","5","0","0","0","0","0","0","0","0","0","0","0","0","0","0","0","0","0","5","5","5","5","5","7","0","0","0","0","0","0","0","0","0","0","0","0","0","0","12/06/19 16:59:28","no","Matching Tasks","yes","no","","no","OrientationCrossLanguages_2018PSA_PP_1.2.4.osexp","C:\Users\Administrator\Desktop\002&003 BUNDLE","no","mono","no","18","no","#0000ff","no","Türkçe","yes","768","no","no","legacy","7","7","1","5","C:/Users/Administrator/Desktop/002&003 BUNDLE/[TUR_007]_PP_[046].csv","legacy","no","Kafkaesque Koffka","3.2.8","yes","5a7ce671e83246000deafe81","no","no","0","0","f","NA","NA","f","NA","NA","NA","NA","NA","NA","NA","NA","NA","NA","NA","NA","NA","space","f","NA","NA","NA","NA","NA","NA","NA","NA","NA","NA","NA","NA","NA","space","506","NA","NA","506","NA","NA","NA","NA","NA","NA","NA","NA","NA","NA","NA","NA","NA","1620","668","NA","NA","NA","NA","NA","NA","NA","NA","NA","NA","NA","NA","NA","21152","2","legacy","no","no","1024","2","48000","-16","no","EXP","46","even","no","no","NA","5941","2499","2500","4870","5926","5926","NA","NA","40956","53556","37585","27109","39321","54061","53554","5941","40956","54061","54568","NA","NA","27109","39260","27127","37583","27127","27127","27109","NA","NA","NA","NA","NA","NA","NA","NA","NA","NA","NA","NA","NA","39322","38090","38090","38760","NA","NA","55069","NA","NA","NA","NA","NA","NA","NA","NA","NA","NA","NA","NA","NA","5943","Orientation_PSA2018","14","10344","14","yes","yes","1024"
"N","3024","H","V","PP_LIST1.csv","guitarH.jpg","guitarV.jpg","100","100","724.866666667","724.866666667","#ffffff","yes","legacy","legacy","legacy","0","uniform","1","1","undefined","1","undefined","6","j","0","0","0","0","0","0","0","NA","8","0","8","5","0","0","8","8","0","0","8","8","8","8","0","5","0","5","0","0","0","0","0","0","0","0","0","0","0","0","0","0","0","0","0","5","5","5","5","5","8","0","0","0","0","0","0","0","0","0","0","0","0","0","0","12/06/19 16:59:28","no","Matching Tasks","yes","no","","no","OrientationCrossLanguages_2018PSA_PP_1.2.4.osexp","C:\Users\Administrator\Desktop\002&003 BUNDLE","no","mono","no","18","no","#0000ff","no","Türkçe","yes","768","no","no","legacy","8","8","1","5","C:/Users/Administrator/Desktop/002&003 BUNDLE/[TUR_007]_PP_[046].csv","legacy","no","Kafkaesque Koffka","3.2.8","yes","5a7ce671e83246000deafe81","no","no","0","0","j","NA","NA","j","NA","NA","NA","NA","NA","NA","NA","NA","NA","NA","NA","NA","NA","space","f","NA","NA","NA","NA","NA","NA","NA","NA","NA","NA","NA","NA","NA","space","529","NA","NA","529","NA","NA","NA","NA","NA","NA","NA","NA","NA","NA","NA","NA","NA","1620","668","NA","NA","NA","NA","NA","NA","NA","NA","NA","NA","NA","NA","NA","21152","2","legacy","no","no","1024","2","48000","-16","no","EXP","46","even","no","no","NA","5941","2499","2500","4870","5926","5926","NA","NA","40956","55220","37585","27109","39321","55725","55218","5941","40956","55725","56256","NA","NA","27109","39260","27127","37583","27127","27127","27109","NA","NA","NA","NA","NA","NA","NA","NA","NA","NA","NA","NA","NA","39322","38090","38090","38760","NA","NA","56756","NA","NA","NA","NA","NA","NA","NA","NA","NA","NA","NA","NA","NA","5943","Orientation_PSA2018","15","10873","15","yes","yes","1024"
"N","3024","V","H","PP_LIST1.csv","plateV.jpg","plateH.jpg","100","100","716.9375","716.9375","#ffffff","yes","legacy","legacy","legacy","0","uniform","1","1","undefined","1","undefined","6","j","0","0","0","0","0","0","0","NA","9","0","9","5","0","0","9","9","0","0","9","9","9","9","0","5","0","5","0","0","0","0","0","0","0","0","0","0","0","0","0","0","0","0","0","5","5","5","5","5","9","0","0","0","0","0","0","0","0","0","0","0","0","0","0","12/06/19 16:59:28","no","Matching Tasks","yes","no","","no","OrientationCrossLanguages_2018PSA_PP_1.2.4.osexp","C:\Users\Administrator\Desktop\002&003 BUNDLE","no","mono","no","18","no","#0000ff","no","Türkçe","yes","768","no","no","legacy","9","9","1","5","C:/Users/Administrator/Desktop/002&003 BUNDLE/[TUR_007]_PP_[046].csv","legacy","no","Kafkaesque Koffka","3.2.8","yes","5a7ce671e83246000deafe81","no","no","0","0","j","NA","NA","j","NA","NA","NA","NA","NA","NA","NA","NA","NA","NA","NA","NA","NA","space","f","NA","NA","NA","NA","NA","NA","NA","NA","NA","NA","NA","NA","NA","space","598","NA","NA","598","NA","NA","NA","NA","NA","NA","NA","NA","NA","NA","NA","NA","NA","1620","668","NA","NA","NA","NA","NA","NA","NA","NA","NA","NA","NA","NA","NA","21152","2","legacy","no","no","1024","2","48000","-16","no","EXP","46","even","no","no","NA","5941","2499","2500","4870","5926","5926","NA","NA","40956","56928","37585","27109","39321","57433","56926","5941","40956","57433","58033","NA","NA","27109","39260","27127","37583","27127","27127","27109","NA","NA","NA","NA","NA","NA","NA","NA","NA","NA","NA","NA","NA","39322","38090","38090","38760","NA","NA","58533","NA","NA","NA","NA","NA","NA","NA","NA","NA","NA","NA","NA","NA","5943","Orientation_PSA2018","16","11471","16","yes","yes","1024"
"F","3024","F","F","PP_LIST1.csv","umberella.jpg","flower.jpg","100","100","710.235294118","710.235294118","#ffffff","yes","legacy","legacy","legacy","0","uniform","1","1","undefined","1","undefined","6","f","0","0","0","0","0","0","0","NA","10","0","10","5","0","0","10","10","0","0","10","10","10","10","0","5","0","5","0","0","0","0","0","0","0","0","0","0","0","0","0","0","0","0","0","5","5","5","5","5","10","0","0","0","0","0","0","0","0","0","0","0","0","0","0","12/06/19 16:59:28","no","Matching Tasks","yes","no","","no","OrientationCrossLanguages_2018PSA_PP_1.2.4.osexp","C:\Users\Administrator\Desktop\002&003 BUNDLE","no","mono","no","18","no","#0000ff","no","Türkçe","yes","768","no","no","legacy","10","10","1","5","C:/Users/Administrator/Desktop/002&003 BUNDLE/[TUR_007]_PP_[046].csv","legacy","no","Kafkaesque Koffka","3.2.8","yes","5a7ce671e83246000deafe81","no","no","0","0","f","NA","NA","f","NA","NA","NA","NA","NA","NA","NA","NA","NA","NA","NA","NA","NA","space","f","NA","NA","NA","NA","NA","NA","NA","NA","NA","NA","NA","NA","NA","space","603","NA","NA","603","NA","NA","NA","NA","NA","NA","NA","NA","NA","NA","NA","NA","NA","1620","668","NA","NA","NA","NA","NA","NA","NA","NA","NA","NA","NA","NA","NA","21152","2","legacy","no","no","1024","2","48000","-16","no","EXP","46","even","no","no","NA","5941","2499","2500","4870","5926","5926","NA","NA","40956","58698","37585","27109","39321","59203","58696","5941","40956","59203","59808","NA","NA","27109","39260","27127","37583","27127","27127","27109","NA","NA","NA","NA","NA","NA","NA","NA","NA","NA","NA","NA","NA","39322","38090","38090","38760","NA","NA","60308","NA","NA","NA","NA","NA","NA","NA","NA","NA","NA","NA","NA","NA","5943","Orientation_PSA2018","17","12074","17","yes","yes","1024"
"F","3024","F","F","PP_LIST1.csv","tiger.jpg","wndmil.jpg","100","100","705.055555556","705.055555556","#ffffff","yes","legacy","legacy","legacy","0","uniform","1","1","undefined","1","undefined","6","f","0","0","0","0","0","0","0","NA","11","0","11","5","0","0","11","11","0","0","11","11","11","11","0","5","0","5","0","0","0","0","0","0","0","0","0","0","0","0","0","0","0","0","0","5","5","5","5","5","11","0","0","0","0","0","0","0","0","0","0","0","0","0","0","12/06/19 16:59:28","no","Matching Tasks","yes","no","","no","OrientationCrossLanguages_2018PSA_PP_1.2.4.osexp","C:\Users\Administrator\Desktop\002&003 BUNDLE","no","mono","no","18","no","#0000ff","no","Türkçe","yes","768","no","no","legacy","11","11","1","5","C:/Users/Administrator/Desktop/002&003 BUNDLE/[TUR_007]_PP_[046].csv","legacy","no","Kafkaesque Koffka","3.2.8","yes","5a7ce671e83246000deafe81","no","no","0","0","f","NA","NA","f","NA","NA","NA","NA","NA","NA","NA","NA","NA","NA","NA","NA","NA","space","f","NA","NA","NA","NA","NA","NA","NA","NA","NA","NA","NA","NA","NA","space","617","NA","NA","617","NA","NA","NA","NA","NA","NA","NA","NA","NA","NA","NA","NA","NA","1620","668","NA","NA","NA","NA","NA","NA","NA","NA","NA","NA","NA","NA","NA","21152","2","legacy","no","no","1024","2","48000","-16","no","EXP","46","even","no","no","NA","5941","2499","2500","4870","5926","5926","NA","NA","40956","60461","37585","27109","39321","60966","60459","5941","40956","60966","61585","NA","NA","27109","39260","27127","37583","27127","27127","27109","NA","NA","NA","NA","NA","NA","NA","NA","NA","NA","NA","NA","NA","39322","38090","38090","38760","NA","NA","62085","NA","NA","NA","NA","NA","NA","NA","NA","NA","NA","NA","NA","NA","5943","Orientation_PSA2018","18","12691","18","yes","yes","1024"
"Y","3024","H","H","PP_LIST1.csv","bookH.jpg","bookH.jpg","100","100","699.315789474","699.315789474","#ffffff","yes","legacy","legacy","legacy","0","uniform","1","1","undefined","1","undefined","6","j","0","0","0","0","0","0","0","NA","12","0","12","5","0","0","12","12","0","0","12","12","12","12","0","5","0","5","0","0","0","0","0","0","0","0","0","0","0","0","0","0","0","0","0","5","5","5","5","5","12","0","0","0","0","0","0","0","0","0","0","0","0","0","0","12/06/19 16:59:28","no","Matching Tasks","yes","no","","no","OrientationCrossLanguages_2018PSA_PP_1.2.4.osexp","C:\Users\Administrator\Desktop\002&003 BUNDLE","no","mono","no","18","no","#0000ff","no","Türkçe","yes","768","no","no","legacy","12","12","1","5","C:/Users/Administrator/Desktop/002&003 BUNDLE/[TUR_007]_PP_[046].csv","legacy","no","Kafkaesque Koffka","3.2.8","yes","5a7ce671e83246000deafe81","no","no","0","0","j","NA","NA","j","NA","NA","NA","NA","NA","NA","NA","NA","NA","NA","NA","NA","NA","space","f","NA","NA","NA","NA","NA","NA","NA","NA","NA","NA","NA","NA","NA","space","596","NA","NA","596","NA","NA","NA","NA","NA","NA","NA","NA","NA","NA","NA","NA","NA","1620","668","NA","NA","NA","NA","NA","NA","NA","NA","NA","NA","NA","NA","NA","21152","2","legacy","no","no","1024","2","48000","-16","no","EXP","46","even","no","no","NA","5941","2499","2500","4870","5926","5926","NA","NA","40956","62232","37585","27109","39321","62738","62230","5941","40956","62738","63337","NA","NA","27109","39260","27127","37583","27127","27127","27109","NA","NA","NA","NA","NA","NA","NA","NA","NA","NA","NA","NA","NA","39322","38090","38090","38760","NA","NA","63837","NA","NA","NA","NA","NA","NA","NA","NA","NA","NA","NA","NA","NA","5943","Orientation_PSA2018","19","13287","19","yes","yes","1024"
"Y","3024","H","H","PP_LIST1.csv","bowlH.jpg","bowlH.jpg","100","100","690.4","690.4","#ffffff","yes","legacy","legacy","legacy","0","uniform","1","1","undefined","1","undefined","6","j","0","0","0","0","0","0","0","NA","13","0","13","5","0","0","13","13","0","0","13","13","13","13","0","5","0","5","0","0","0","0","0","0","0","0","0","0","0","0","0","0","0","0","0","5","5","5","5","5","13","0","0","0","0","0","0","0","0","0","0","0","0","0","0","12/06/19 16:59:28","no","Matching Tasks","yes","no","","no","OrientationCrossLanguages_2018PSA_PP_1.2.4.osexp","C:\Users\Administrator\Desktop\002&003 BUNDLE","no","mono","no","18","no","#0000ff","no","Türkçe","yes","768","no","no","legacy","13","13","1","5","C:/Users/Administrator/Desktop/002&003 BUNDLE/[TUR_007]_PP_[046].csv","legacy","no","Kafkaesque Koffka","3.2.8","yes","5a7ce671e83246000deafe81","no","no","0","0","j","NA","NA","j","NA","NA","NA","NA","NA","NA","NA","NA","NA","NA","NA","NA","NA","space","f","NA","NA","NA","NA","NA","NA","NA","NA","NA","NA","NA","NA","NA","space","521","NA","NA","521","NA","NA","NA","NA","NA","NA","NA","NA","NA","NA","NA","NA","NA","1620","668","NA","NA","NA","NA","NA","NA","NA","NA","NA","NA","NA","NA","NA","21152","2","legacy","no","no","1024","2","48000","-16","no","EXP","46","even","no","no","NA","5941","2499","2500","4870","5926","5926","NA","NA","40956","64005","37585","27109","39321","64510","64003","5941","40956","64510","65033","NA","NA","27109","39260","27127","37583","27127","27127","27109","NA","NA","NA","NA","NA","NA","NA","NA","NA","NA","NA","NA","NA","39322","38090","38090","38760","NA","NA","65533","NA","NA","NA","NA","NA","NA","NA","NA","NA","NA","NA","NA","NA","5943","Orientation_PSA2018","20","13808","20","yes","yes","1024"
"F","3024","F","F","PP_LIST1.csv","spider.jpg","couch.jpg","100","100","686.19047619","686.19047619","#ffffff","yes","legacy","legacy","legacy","0","uniform","1","1","undefined","1","undefined","6","f","0","0","0","0","0","0","0","NA","14","0","14","5","0","0","14","14","0","0","14","14","14","14","0","5","0","5","0","0","0","0","0","0","0","0","0","0","0","0","0","0","0","0","0","5","5","5","5","5","14","0","0","0","0","0","0","0","0","0","0","0","0","0","0","12/06/19 16:59:28","no","Matching Tasks","yes","no","","no","OrientationCrossLanguages_2018PSA_PP_1.2.4.osexp","C:\Users\Administrator\Desktop\002&003 BUNDLE","no","mono","no","18","no","#0000ff","no","Türkçe","yes","768","no","no","legacy","14","14","1","5","C:/Users/Administrator/Desktop/002&003 BUNDLE/[TUR_007]_PP_[046].csv","legacy","no","Kafkaesque Koffka","3.2.8","yes","5a7ce671e83246000deafe81","no","no","0","0","f","NA","NA","f","NA","NA","NA","NA","NA","NA","NA","NA","NA","NA","NA","NA","NA","space","f","NA","NA","NA","NA","NA","NA","NA","NA","NA","NA","NA","NA","NA","space","602","NA","NA","602","NA","NA","NA","NA","NA","NA","NA","NA","NA","NA","NA","NA","NA","1620","668","NA","NA","NA","NA","NA","NA","NA","NA","NA","NA","NA","NA","NA","21152","2","legacy","no","no","1024","2","48000","-16","no","EXP","46","even","no","no","NA","5941","2499","2500","4870","5926","5926","NA","NA","40956","65715","37585","27109","39321","66220","65713","5941","40956","66220","66824","NA","NA","27109","39260","27127","37583","27127","27127","27109","NA","NA","NA","NA","NA","NA","NA","NA","NA","NA","NA","NA","NA","39322","38090","38090","38760","NA","NA","67324","NA","NA","NA","NA","NA","NA","NA","NA","NA","NA","NA","NA","NA","5943","Orientation_PSA2018","21","14410","21","yes","yes","1024"
"F","3024","F","F","PP_LIST1.csv","pumpkin.jpg","trmpet.jpg","100","100","686.772727273","686.772727273","#ffffff","yes","legacy","legacy","legacy","0","uniform","1","1","undefined","1","undefined","6","f","0","0","0","0","0","0","0","NA","15","0","15","5","0","0","15","15","0","0","15","15","15","15","0","5","0","5","0","0","0","0","0","0","0","0","0","0","0","0","0","0","0","0","0","5","5","5","5","5","15","0","0","0","0","0","0","0","0","0","0","0","0","0","0","12/06/19 16:59:28","no","Matching Tasks","yes","no","","no","OrientationCrossLanguages_2018PSA_PP_1.2.4.osexp","C:\Users\Administrator\Desktop\002&003 BUNDLE","no","mono","no","18","no","#0000ff","no","Türkçe","yes","768","no","no","legacy","15","15","1","5","C:/Users/Administrator/Desktop/002&003 BUNDLE/[TUR_007]_PP_[046].csv","legacy","no","Kafkaesque Koffka","3.2.8","yes","5a7ce671e83246000deafe81","no","no","0","0","f","NA","NA","f","NA","NA","NA","NA","NA","NA","NA","NA","NA","NA","NA","NA","NA","space","f","NA","NA","NA","NA","NA","NA","NA","NA","NA","NA","NA","NA","NA","space","699","NA","NA","699","NA","NA","NA","NA","NA","NA","NA","NA","NA","NA","NA","NA","NA","1620","668","NA","NA","NA","NA","NA","NA","NA","NA","NA","NA","NA","NA","NA","21152","2","legacy","no","no","1024","2","48000","-16","no","EXP","46","even","no","no","NA","5941","2499","2500","4870","5926","5926","NA","NA","40956","67466","37585","27109","39321","67971","67464","5941","40956","67971","68672","NA","NA","27109","39260","27127","37583","27127","27127","27109","NA","NA","NA","NA","NA","NA","NA","NA","NA","NA","NA","NA","NA","39322","38090","38090","38760","NA","NA","69172","NA","NA","NA","NA","NA","NA","NA","NA","NA","NA","NA","NA","NA","5943","Orientation_PSA2018","22","15109","22","yes","yes","1024"
"Y","3024","V","V","PP_LIST1.csv","caterpillarV.jpg","caterpillarV.jpg","100","100","682.434782609","682.434782609","#ffffff","yes","legacy","legacy","legacy","0","uniform","1","1","undefined","1","undefined","6","j","0","0","0","0","0","0","0","NA","16","0","16","5","0","0","16","16","0","0","16","16","16","16","0","5","0","5","0","0","0","0","0","0","0","0","0","0","0","0","0","0","0","0","0","5","5","5","5","5","16","0","0","0","0","0","0","0","0","0","0","0","0","0","0","12/06/19 16:59:28","no","Matching Tasks","yes","no","","no","OrientationCrossLanguages_2018PSA_PP_1.2.4.osexp","C:\Users\Administrator\Desktop\002&003 BUNDLE","no","mono","no","18","no","#0000ff","no","Türkçe","yes","768","no","no","legacy","16","16","1","5","C:/Users/Administrator/Desktop/002&003 BUNDLE/[TUR_007]_PP_[046].csv","legacy","no","Kafkaesque Koffka","3.2.8","yes","5a7ce671e83246000deafe81","no","no","0","0","j","NA","NA","j","NA","NA","NA","NA","NA","NA","NA","NA","NA","NA","NA","NA","NA","space","f","NA","NA","NA","NA","NA","NA","NA","NA","NA","NA","NA","NA","NA","space","587","NA","NA","587","NA","NA","NA","NA","NA","NA","NA","NA","NA","NA","NA","NA","NA","1620","668","NA","NA","NA","NA","NA","NA","NA","NA","NA","NA","NA","NA","NA","21152","2","legacy","no","no","1024","2","48000","-16","no","EXP","46","even","no","no","NA","5941","2499","2500","4870","5926","5926","NA","NA","40956","69331","37585","27109","39321","69836","69330","5941","40956","69836","70425","NA","NA","27109","39260","27127","37583","27127","27127","27109","NA","NA","NA","NA","NA","NA","NA","NA","NA","NA","NA","NA","NA","39322","38090","38090","38760","NA","NA","70925","NA","NA","NA","NA","NA","NA","NA","NA","NA","NA","NA","NA","NA","5943","Orientation_PSA2018","23","15696","23","yes","yes","1024"
"F","3024","F","F","PP_LIST1.csv","piano.jpg","sutcse.jpg","100","100","683.583333333","683.583333333","#ffffff","yes","legacy","legacy","legacy","0","uniform","1","1","undefined","1","undefined","6","f","0","0","0","0","0","0","0","NA","17","0","17","5","0","0","17","17","0","0","17","17","17","17","0","5","0","5","0","0","0","0","0","0","0","0","0","0","0","0","0","0","0","0","0","5","5","5","5","5","17","0","0","0","0","0","0","0","0","0","0","0","0","0","0","12/06/19 16:59:28","no","Matching Tasks","yes","no","","no","OrientationCrossLanguages_2018PSA_PP_1.2.4.osexp","C:\Users\Administrator\Desktop\002&003 BUNDLE","no","mono","no","18","no","#0000ff","no","Türkçe","yes","768","no","no","legacy","17","17","1","5","C:/Users/Administrator/Desktop/002&003 BUNDLE/[TUR_007]_PP_[046].csv","legacy","no","Kafkaesque Koffka","3.2.8","yes","5a7ce671e83246000deafe81","no","no","0","0","f","NA","NA","f","NA","NA","NA","NA","NA","NA","NA","NA","NA","NA","NA","NA","NA","space","f","NA","NA","NA","NA","NA","NA","NA","NA","NA","NA","NA","NA","NA","space","710","NA","NA","710","NA","NA","NA","NA","NA","NA","NA","NA","NA","NA","NA","NA","NA","1620","668","NA","NA","NA","NA","NA","NA","NA","NA","NA","NA","NA","NA","NA","21152","2","legacy","no","no","1024","2","48000","-16","no","EXP","46","even","no","no","NA","5941","2499","2500","4870","5926","5926","NA","NA","40956","71095","37585","27109","39321","71600","71093","5941","40956","71600","72312","NA","NA","27109","39260","27127","37583","27127","27127","27109","NA","NA","NA","NA","NA","NA","NA","NA","NA","NA","NA","NA","NA","39322","38090","38090","38760","NA","NA","72812","NA","NA","NA","NA","NA","NA","NA","NA","NA","NA","NA","NA","NA","5943","Orientation_PSA2018","24","16406","24","yes","yes","1024"
"F","3024","F","F","PP_LIST1.csv","stove.jpg","ftball.jpg","100","100","683.6","683.6","#ffffff","yes","legacy","legacy","legacy","0","uniform","1","1","undefined","1","undefined","6","f","0","0","0","0","0","0","0","NA","18","0","18","5","0","0","18","18","0","0","18","18","18","18","0","5","0","5","0","0","0","0","0","0","0","0","0","0","0","0","0","0","0","0","0","5","5","5","5","5","18","0","0","0","0","0","0","0","0","0","0","0","0","0","0","12/06/19 16:59:28","no","Matching Tasks","yes","no","","no","OrientationCrossLanguages_2018PSA_PP_1.2.4.osexp","C:\Users\Administrator\Desktop\002&003 BUNDLE","no","mono","no","18","no","#0000ff","no","Türkçe","yes","768","no","no","legacy","18","18","1","5","C:/Users/Administrator/Desktop/002&003 BUNDLE/[TUR_007]_PP_[046].csv","legacy","no","Kafkaesque Koffka","3.2.8","yes","5a7ce671e83246000deafe81","no","no","0","0","f","NA","NA","f","NA","NA","NA","NA","NA","NA","NA","NA","NA","NA","NA","NA","NA","space","f","NA","NA","NA","NA","NA","NA","NA","NA","NA","NA","NA","NA","NA","space","684","NA","NA","684","NA","NA","NA","NA","NA","NA","NA","NA","NA","NA","NA","NA","NA","1620","668","NA","NA","NA","NA","NA","NA","NA","NA","NA","NA","NA","NA","NA","21152","2","legacy","no","no","1024","2","48000","-16","no","EXP","46","even","no","no","NA","5941","2499","2500","4870","5926","5926","NA","NA","40956","72978","37585","27109","39321","73483","72977","5941","40956","73483","74169","NA","NA","27109","39260","27127","37583","27127","27127","27109","NA","NA","NA","NA","NA","NA","NA","NA","NA","NA","NA","NA","NA","39322","38090","38090","38760","NA","NA","74669","NA","NA","NA","NA","NA","NA","NA","NA","NA","NA","NA","NA","NA","5943","Orientation_PSA2018","25","17090","25","yes","yes","1024"
"F","3024","F","F","PP_LIST1.csv","knife.jpg","ladder.jpg","100","100","684.807692308","684.807692308","#ffffff","yes","legacy","legacy","legacy","0","uniform","1","1","undefined","1","undefined","6","f","0","0","0","0","0","0","0","NA","19","0","19","5","0","0","19","19","0","0","19","19","19","19","0","5","0","5","0","0","0","0","0","0","0","0","0","0","0","0","0","0","0","0","0","5","5","5","5","5","19","0","0","0","0","0","0","0","0","0","0","0","0","0","0","12/06/19 16:59:28","no","Matching Tasks","yes","no","","no","OrientationCrossLanguages_2018PSA_PP_1.2.4.osexp","C:\Users\Administrator\Desktop\002&003 BUNDLE","no","mono","no","18","no","#0000ff","no","Türkçe","yes","768","no","no","legacy","19","19","1","5","C:/Users/Administrator/Desktop/002&003 BUNDLE/[TUR_007]_PP_[046].csv","legacy","no","Kafkaesque Koffka","3.2.8","yes","5a7ce671e83246000deafe81","no","no","0","0","f","NA","NA","f","NA","NA","NA","NA","NA","NA","NA","NA","NA","NA","NA","NA","NA","space","f","NA","NA","NA","NA","NA","NA","NA","NA","NA","NA","NA","NA","NA","space","715","NA","NA","715","NA","NA","NA","NA","NA","NA","NA","NA","NA","NA","NA","NA","NA","1620","668","NA","NA","NA","NA","NA","NA","NA","NA","NA","NA","NA","NA","NA","21152","2","legacy","no","no","1024","2","48000","-16","no","EXP","46","even","no","no","NA","5941","2499","2500","4870","5926","5926","NA","NA","40956","74833","37585","27109","39321","75339","74832","5941","40956","75339","76056","NA","NA","27109","39260","27127","37583","27127","27127","27109","NA","NA","NA","NA","NA","NA","NA","NA","NA","NA","NA","NA","NA","39322","38090","38090","38760","NA","NA","76556","NA","NA","NA","NA","NA","NA","NA","NA","NA","NA","NA","NA","NA","5943","Orientation_PSA2018","26","17805","26","yes","yes","1024"
"Y","3024","H","H","PP_LIST1.csv","bottleH.jpg","bottleH.jpg","100","100","680.777777778","680.777777778","#ffffff","yes","legacy","legacy","legacy","0","uniform","1","1","undefined","1","undefined","6","j","0","0","0","0","0","0","0","NA","20","0","20","5","0","0","20","20","0","0","20","20","20","20","0","5","0","5","0","0","0","0","0","0","0","0","0","0","0","0","0","0","0","0","0","5","5","5","5","5","20","0","0","0","0","0","0","0","0","0","0","0","0","0","0","12/06/19 16:59:28","no","Matching Tasks","yes","no","","no","OrientationCrossLanguages_2018PSA_PP_1.2.4.osexp","C:\Users\Administrator\Desktop\002&003 BUNDLE","no","mono","no","18","no","#0000ff","no","Türkçe","yes","768","no","no","legacy","20","20","1","5","C:/Users/Administrator/Desktop/002&003 BUNDLE/[TUR_007]_PP_[046].csv","legacy","no","Kafkaesque Koffka","3.2.8","yes","5a7ce671e83246000deafe81","no","no","0","0","j","NA","NA","j","NA","NA","NA","NA","NA","NA","NA","NA","NA","NA","NA","NA","NA","space","f","NA","NA","NA","NA","NA","NA","NA","NA","NA","NA","NA","NA","NA","space","576","NA","NA","576","NA","NA","NA","NA","NA","NA","NA","NA","NA","NA","NA","NA","NA","1620","668","NA","NA","NA","NA","NA","NA","NA","NA","NA","NA","NA","NA","NA","21152","2","legacy","no","no","1024","2","48000","-16","no","EXP","46","even","no","no","NA","5941","2499","2500","4870","5926","5926","NA","NA","40956","76717","37585","27109","39321","77222","76715","5941","40956","77222","77800","NA","NA","27109","39260","27127","37583","27127","27127","27109","NA","NA","NA","NA","NA","NA","NA","NA","NA","NA","NA","NA","NA","39322","38090","38090","38760","NA","NA","78300","NA","NA","NA","NA","NA","NA","NA","NA","NA","NA","NA","NA","NA","5943","Orientation_PSA2018","27","18381","27","yes","yes","1024"
"N","3024","V","H","PP_LIST1.csv","scssorV.jpg","scssorH.jpg","100","100","674.642857143","674.642857143","#ffffff","yes","legacy","legacy","legacy","0","uniform","1","1","undefined","1","undefined","6","j","0","0","0","0","0","0","0","NA","21","0","21","5","0","0","21","21","0","0","21","21","21","21","0","5","0","5","0","0","0","0","0","0","0","0","0","0","0","0","0","0","0","0","0","5","5","5","5","5","21","0","0","0","0","0","0","0","0","0","0","0","0","0","0","12/06/19 16:59:28","no","Matching Tasks","yes","no","","no","OrientationCrossLanguages_2018PSA_PP_1.2.4.osexp","C:\Users\Administrator\Desktop\002&003 BUNDLE","no","mono","no","18","no","#0000ff","no","Türkçe","yes","768","no","no","legacy","21","21","1","5","C:/Users/Administrator/Desktop/002&003 BUNDLE/[TUR_007]_PP_[046].csv","legacy","no","Kafkaesque Koffka","3.2.8","yes","5a7ce671e83246000deafe81","no","no","0","0","j","NA","NA","j","NA","NA","NA","NA","NA","NA","NA","NA","NA","NA","NA","NA","NA","space","f","NA","NA","NA","NA","NA","NA","NA","NA","NA","NA","NA","NA","NA","space","509","NA","NA","509","NA","NA","NA","NA","NA","NA","NA","NA","NA","NA","NA","NA","NA","1620","668","NA","NA","NA","NA","NA","NA","NA","NA","NA","NA","NA","NA","NA","21152","2","legacy","no","no","1024","2","48000","-16","no","EXP","46","even","no","no","NA","5941","2499","2500","4870","5926","5926","NA","NA","40956","78465","37585","27109","39321","78970","78463","5941","40956","78970","79481","NA","NA","27109","39260","27127","37583","27127","27127","27109","NA","NA","NA","NA","NA","NA","NA","NA","NA","NA","NA","NA","NA","39322","38090","38090","38760","NA","NA","79981","NA","NA","NA","NA","NA","NA","NA","NA","NA","NA","NA","NA","NA","5943","Orientation_PSA2018","28","18890","28","yes","yes","1024"
"N","3024","V","H","PP_LIST1.csv","screwV.jpg","screwH.jpg","100","100","668.896551724","668.896551724","#ffffff","yes","legacy","legacy","legacy","0","uniform","1","1","undefined","1","undefined","6","j","0","0","0","0","0","0","0","NA","22","0","22","5","0","0","22","22","0","0","22","22","22","22","0","5","0","5","0","0","0","0","0","0","0","0","0","0","0","0","0","0","0","0","0","5","5","5","5","5","22","0","0","0","0","0","0","0","0","0","0","0","0","0","0","12/06/19 16:59:28","no","Matching Tasks","yes","no","","no","OrientationCrossLanguages_2018PSA_PP_1.2.4.osexp","C:\Users\Administrator\Desktop\002&003 BUNDLE","no","mono","no","18","no","#0000ff","no","Türkçe","yes","768","no","no","legacy","22","22","1","5","C:/Users/Administrator/Desktop/002&003 BUNDLE/[TUR_007]_PP_[046].csv","legacy","no","Kafkaesque Koffka","3.2.8","yes","5a7ce671e83246000deafe81","no","no","0","0","j","NA","NA","j","NA","NA","NA","NA","NA","NA","NA","NA","NA","NA","NA","NA","NA","space","f","NA","NA","NA","NA","NA","NA","NA","NA","NA","NA","NA","NA","NA","space","508","NA","NA","508","NA","NA","NA","NA","NA","NA","NA","NA","NA","NA","NA","NA","NA","1620","668","NA","NA","NA","NA","NA","NA","NA","NA","NA","NA","NA","NA","NA","21152","2","legacy","no","no","1024","2","48000","-16","no","EXP","46","even","no","no","NA","5941","2499","2500","4870","5926","5926","NA","NA","40956","80185","37585","27109","39321","80690","80183","5941","40956","80690","81200","NA","NA","27109","39260","27127","37583","27127","27127","27109","NA","NA","NA","NA","NA","NA","NA","NA","NA","NA","NA","NA","NA","39322","38090","38090","38760","NA","NA","81700","NA","NA","NA","NA","NA","NA","NA","NA","NA","NA","NA","NA","NA","5943","Orientation_PSA2018","29","19398","29","yes","yes","1024"
"N","3024","V","H","PP_LIST1.csv","tireV.jpg","tireH.jpg","100","100","663.866666667","663.866666667","#ffffff","yes","legacy","legacy","legacy","0","uniform","1","1","undefined","1","undefined","6","j","0","0","0","0","0","0","0","NA","23","0","23","5","0","0","23","23","0","0","23","23","23","23","0","5","0","5","0","0","0","0","0","0","0","0","0","0","0","0","0","0","0","0","0","5","5","5","5","5","23","0","0","0","0","0","0","0","0","0","0","0","0","0","0","12/06/19 16:59:28","no","Matching Tasks","yes","no","","no","OrientationCrossLanguages_2018PSA_PP_1.2.4.osexp","C:\Users\Administrator\Desktop\002&003 BUNDLE","no","mono","no","18","no","#0000ff","no","Türkçe","yes","768","no","no","legacy","23","23","1","5","C:/Users/Administrator/Desktop/002&003 BUNDLE/[TUR_007]_PP_[046].csv","legacy","no","Kafkaesque Koffka","3.2.8","yes","5a7ce671e83246000deafe81","no","no","0","0","j","NA","NA","j","NA","NA","NA","NA","NA","NA","NA","NA","NA","NA","NA","NA","NA","space","f","NA","NA","NA","NA","NA","NA","NA","NA","NA","NA","NA","NA","NA","space","518","NA","NA","518","NA","NA","NA","NA","NA","NA","NA","NA","NA","NA","NA","NA","NA","1620","668","NA","NA","NA","NA","NA","NA","NA","NA","NA","NA","NA","NA","NA","21152","2","legacy","no","no","1024","2","48000","-16","no","EXP","46","even","no","no","NA","5941","2499","2500","4870","5926","5926","NA","NA","40956","81904","37585","27109","39321","82409","81902","5941","40956","82409","82929","NA","NA","27109","39260","27127","37583","27127","27127","27109","NA","NA","NA","NA","NA","NA","NA","NA","NA","NA","NA","NA","NA","39322","38090","38090","38760","NA","NA","83429","NA","NA","NA","NA","NA","NA","NA","NA","NA","NA","NA","NA","NA","5943","Orientation_PSA2018","30","19916","30","yes","yes","1024"
"F","3024","F","F","PP_LIST1.csv","tapedispenser.jpg","wrench.jpg","100","100","530","530","#ffffff","yes","legacy","legacy","legacy","0","uniform","1","1","undefined","1","undefined","6","f","0","0","0","0","0","0","0","0","24","0","24","5","0","0","24","24","0","0","24","24","24","24","0","5","0","5","0","0","0","0","0","0","0","0","0","0","0","0","0","0","0","0","0","5","5","5","5","5","24","0","0","0","0","0","0","0","0","0","0","0","0","0","0","12/06/19 16:59:28","no","Matching Tasks","yes","no","","no","OrientationCrossLanguages_2018PSA_PP_1.2.4.osexp","C:\Users\Administrator\Desktop\002&003 BUNDLE","no","mono","no","18","no","#0000ff","no","Türkçe","yes","768","no","no","legacy","24","24","1","5","C:/Users/Administrator/Desktop/002&003 BUNDLE/[TUR_007]_PP_[046].csv","legacy","no","Kafkaesque Koffka","3.2.8","yes","5a7ce671e83246000deafe81","no","no","0","0","f","space","NA","f","NA","NA","NA","NA","NA","NA","NA","NA","NA","NA","NA","NA","NA","space","f","NA","NA","NA","NA","NA","NA","NA","NA","NA","NA","NA","NA","NA","space","530","3008","NA","530","NA","NA","NA","NA","NA","NA","NA","NA","NA","NA","NA","NA","NA","1620","668","NA","NA","NA","NA","NA","NA","NA","NA","NA","NA","NA","NA","NA","21152","2","legacy","no","no","1024","2","48000","-16","no","EXP","46","even","no","no","NA","5941","2499","2500","4870","5926","5926","83527","NA","40956","86642","37585","27109","39321","87147","86640","5941","40956","87148","87680","NA","NA","27109","39260","27127","37583","27127","27127","27109","NA","NA","NA","NA","NA","NA","NA","NA","NA","NA","NA","NA","NA","39322","38090","38090","38760","NA","NA","88180","NA","NA","NA","NA","NA","NA","NA","NA","NA","NA","NA","NA","NA","5943","Orientation_PSA2018","1","530","1","yes","yes","1024"
"Y","3024","H","H","PP_LIST1.csv","broomH.jpg","broomH.jpg","100","100","506.5","506.5","#ffffff","yes","legacy","legacy","legacy","0","uniform","1","1","undefined","1","undefined","6","j","0","0","0","0","0","0","0","0","25","0","25","5","0","0","25","25","0","0","25","25","25","25","0","5","0","5","0","0","0","0","0","0","0","0","0","0","0","0","0","0","0","0","0","5","5","5","5","5","25","0","0","0","0","0","0","0","0","0","0","0","0","0","0","12/06/19 16:59:28","no","Matching Tasks","yes","no","","no","OrientationCrossLanguages_2018PSA_PP_1.2.4.osexp","C:\Users\Administrator\Desktop\002&003 BUNDLE","no","mono","no","18","no","#0000ff","no","Türkçe","yes","768","no","no","legacy","25","25","1","5","C:/Users/Administrator/Desktop/002&003 BUNDLE/[TUR_007]_PP_[046].csv","legacy","no","Kafkaesque Koffka","3.2.8","yes","5a7ce671e83246000deafe81","no","no","0","0","j","space","NA","j","NA","NA","NA","NA","NA","NA","NA","NA","NA","NA","NA","NA","NA","space","f","NA","NA","NA","NA","NA","NA","NA","NA","NA","NA","NA","NA","NA","space","483","3008","NA","483","NA","NA","NA","NA","NA","NA","NA","NA","NA","NA","NA","NA","NA","1620","668","NA","NA","NA","NA","NA","NA","NA","NA","NA","NA","NA","NA","NA","21152","2","legacy","no","no","1024","2","48000","-16","no","EXP","46","even","no","no","NA","5941","2499","2500","4870","5926","5926","83527","NA","40956","88339","37585","27109","39321","88844","88337","5941","40956","88844","89329","NA","NA","27109","39260","27127","37583","27127","27127","27109","NA","NA","NA","NA","NA","NA","NA","NA","NA","NA","NA","NA","NA","39322","38090","38090","38760","NA","NA","89829","NA","NA","NA","NA","NA","NA","NA","NA","NA","NA","NA","NA","NA","5943","Orientation_PSA2018","2","1013","2","yes","yes","1024"
"F","3024","F","F","PP_LIST1.csv","watch.jpg","skirt.jpg","100","100","537","537","#ffffff","yes","legacy","legacy","legacy","0","uniform","1","1","undefined","1","undefined","6","f","0","0","0","0","0","0","0","0","26","0","26","5","0","0","26","26","0","0","26","26","26","26","0","5","0","5","0","0","0","0","0","0","0","0","0","0","0","0","0","0","0","0","0","5","5","5","5","5","26","0","0","0","0","0","0","0","0","0","0","0","0","0","0","12/06/19 16:59:28","no","Matching Tasks","yes","no","","no","OrientationCrossLanguages_2018PSA_PP_1.2.4.osexp","C:\Users\Administrator\Desktop\002&003 BUNDLE","no","mono","no","18","no","#0000ff","no","Türkçe","yes","768","no","no","legacy","26","26","1","5","C:/Users/Administrator/Desktop/002&003 BUNDLE/[TUR_007]_PP_[046].csv","legacy","no","Kafkaesque Koffka","3.2.8","yes","5a7ce671e83246000deafe81","no","no","0","0","f","space","NA","f","NA","NA","NA","NA","NA","NA","NA","NA","NA","NA","NA","NA","NA","space","f","NA","NA","NA","NA","NA","NA","NA","NA","NA","NA","NA","NA","NA","space","598","3008","NA","598","NA","NA","NA","NA","NA","NA","NA","NA","NA","NA","NA","NA","NA","1620","668","NA","NA","NA","NA","NA","NA","NA","NA","NA","NA","NA","NA","NA","21152","2","legacy","no","no","1024","2","48000","-16","no","EXP","46","even","no","no","NA","5941","2499","2500","4870","5926","5926","83527","NA","40956","89975","37585","27109","39321","90480","89974","5941","40956","90480","91080","NA","NA","27109","39260","27127","37583","27127","27127","27109","NA","NA","NA","NA","NA","NA","NA","NA","NA","NA","NA","NA","NA","39322","38090","38090","38760","NA","NA","91580","NA","NA","NA","NA","NA","NA","NA","NA","NA","NA","NA","NA","NA","5943","Orientation_PSA2018","3","1611","3","yes","yes","1024"
"F","3024","F","F","PP_LIST1.csv","wndmil.jpg","mitten.jpg","100","100","547","547","#ffffff","yes","legacy","legacy","legacy","0","uniform","1","1","undefined","1","undefined","6","f","0","0","0","0","0","0","0","0","27","0","27","5","0","0","27","27","0","0","27","27","27","27","0","5","0","5","0","0","0","0","0","0","0","0","0","0","0","0","0","0","0","0","0","5","5","5","5","5","27","0","0","0","0","0","0","0","0","0","0","0","0","0","0","12/06/19 16:59:28","no","Matching Tasks","yes","no","","no","OrientationCrossLanguages_2018PSA_PP_1.2.4.osexp","C:\Users\Administrator\Desktop\002&003 BUNDLE","no","mono","no","18","no","#0000ff","no","Türkçe","yes","768","no","no","legacy","27","27","1","5","C:/Users/Administrator/Desktop/002&003 BUNDLE/[TUR_007]_PP_[046].csv","legacy","no","Kafkaesque Koffka","3.2.8","yes","5a7ce671e83246000deafe81","no","no","0","0","f","space","NA","f","NA","NA","NA","NA","NA","NA","NA","NA","NA","NA","NA","NA","NA","space","f","NA","NA","NA","NA","NA","NA","NA","NA","NA","NA","NA","NA","NA","space","577","3008","NA","577","NA","NA","NA","NA","NA","NA","NA","NA","NA","NA","NA","NA","NA","1620","668","NA","NA","NA","NA","NA","NA","NA","NA","NA","NA","NA","NA","NA","21152","2","legacy","no","no","1024","2","48000","-16","no","EXP","46","even","no","no","NA","5941","2499","2500","4870","5926","5926","83527","NA","40956","91749","37585","27109","39321","92254","91748","5941","40956","92254","92833","NA","NA","27109","39260","27127","37583","27127","27127","27109","NA","NA","NA","NA","NA","NA","NA","NA","NA","NA","NA","NA","NA","39322","38090","38090","38760","NA","NA","93333","NA","NA","NA","NA","NA","NA","NA","NA","NA","NA","NA","NA","NA","5943","Orientation_PSA2018","4","2188","4","yes","yes","1024"
"Y","3024","V","V","PP_LIST1.csv","crayonV.jpg","crayonV.jpg","100","100","532.8","532.8","#ffffff","yes","legacy","legacy","legacy","0","uniform","1","1","undefined","1","undefined","6","j","0","0","0","0","0","0","0","0","28","0","28","5","0","0","28","28","0","0","28","28","28","28","0","5","0","5","0","0","0","0","0","0","0","0","0","0","0","0","0","0","0","0","0","5","5","5","5","5","28","0","0","0","0","0","0","0","0","0","0","0","0","0","0","12/06/19 16:59:28","no","Matching Tasks","yes","no","","no","OrientationCrossLanguages_2018PSA_PP_1.2.4.osexp","C:\Users\Administrator\Desktop\002&003 BUNDLE","no","mono","no","18","no","#0000ff","no","Türkçe","yes","768","no","no","legacy","28","28","1","5","C:/Users/Administrator/Desktop/002&003 BUNDLE/[TUR_007]_PP_[046].csv","legacy","no","Kafkaesque Koffka","3.2.8","yes","5a7ce671e83246000deafe81","no","no","0","0","j","space","NA","j","NA","NA","NA","NA","NA","NA","NA","NA","NA","NA","NA","NA","NA","space","f","NA","NA","NA","NA","NA","NA","NA","NA","NA","NA","NA","NA","NA","space","476","3008","NA","476","NA","NA","NA","NA","NA","NA","NA","NA","NA","NA","NA","NA","NA","1620","668","NA","NA","NA","NA","NA","NA","NA","NA","NA","NA","NA","NA","NA","21152","2","legacy","no","no","1024","2","48000","-16","no","EXP","46","even","no","no","NA","5941","2499","2500","4870","5926","5926","83527","NA","40956","93497","37585","27109","39321","94002","93495","5941","40956","94002","94480","NA","NA","27109","39260","27127","37583","27127","27127","27109","NA","NA","NA","NA","NA","NA","NA","NA","NA","NA","NA","NA","NA","39322","38090","38090","38760","NA","NA","94980","NA","NA","NA","NA","NA","NA","NA","NA","NA","NA","NA","NA","NA","5943","Orientation_PSA2018","5","2664","5","yes","yes","1024"
"F","3024","F","F","PP_LIST1.csv","mitten.jpg","needle.jpg","100","100","555.333333333","555.333333333","#ffffff","yes","legacy","legacy","legacy","0","uniform","1","1","undefined","1","undefined","6","f","0","0","0","0","0","0","0","0","29","0","29","5","0","0","29","29","0","0","29","29","29","29","0","5","0","5","0","0","0","0","0","0","0","0","0","0","0","0","0","0","0","0","0","5","5","5","5","5","29","0","0","0","0","0","0","0","0","0","0","0","0","0","0","12/06/19 16:59:28","no","Matching Tasks","yes","no","","no","OrientationCrossLanguages_2018PSA_PP_1.2.4.osexp","C:\Users\Administrator\Desktop\002&003 BUNDLE","no","mono","no","18","no","#0000ff","no","Türkçe","yes","768","no","no","legacy","29","29","1","5","C:/Users/Administrator/Desktop/002&003 BUNDLE/[TUR_007]_PP_[046].csv","legacy","no","Kafkaesque Koffka","3.2.8","yes","5a7ce671e83246000deafe81","no","no","0","0","f","space","NA","f","NA","NA","NA","NA","NA","NA","NA","NA","NA","NA","NA","NA","NA","space","f","NA","NA","NA","NA","NA","NA","NA","NA","NA","NA","NA","NA","NA","space","668","3008","NA","668","NA","NA","NA","NA","NA","NA","NA","NA","NA","NA","NA","NA","NA","1620","668","NA","NA","NA","NA","NA","NA","NA","NA","NA","NA","NA","NA","NA","21152","2","legacy","no","no","1024","2","48000","-16","no","EXP","46","even","no","no","NA","5941","2499","2500","4870","5926","5926","83527","NA","40956","95137","37585","27109","39321","95642","95135","5941","40956","95642","96312","NA","NA","27109","39260","27127","37583","27127","27127","27109","NA","NA","NA","NA","NA","NA","NA","NA","NA","NA","NA","NA","NA","39322","38090","38090","38760","NA","NA","96812","NA","NA","NA","NA","NA","NA","NA","NA","NA","NA","NA","NA","NA","5943","Orientation_PSA2018","6","3332","6","yes","yes","1024"
"N","3024","H","V","PP_LIST1.csv","nailH.jpg","nailV.jpg","100","100","542.571428571","542.571428571","#ffffff","yes","legacy","legacy","legacy","0","uniform","1","1","undefined","1","undefined","6","j","0","0","0","0","0","0","0","0","30","0","30","5","0","0","30","30","0","0","30","30","30","30","0","5","0","5","0","0","0","0","0","0","0","0","0","0","0","0","0","0","0","0","0","5","5","5","5","5","30","0","0","0","0","0","0","0","0","0","0","0","0","0","0","12/06/19 16:59:28","no","Matching Tasks","yes","no","","no","OrientationCrossLanguages_2018PSA_PP_1.2.4.osexp","C:\Users\Administrator\Desktop\002&003 BUNDLE","no","mono","no","18","no","#0000ff","no","Türkçe","yes","768","no","no","legacy","30","30","1","5","C:/Users/Administrator/Desktop/002&003 BUNDLE/[TUR_007]_PP_[046].csv","legacy","no","Kafkaesque Koffka","3.2.8","yes","5a7ce671e83246000deafe81","no","no","0","0","j","space","NA","j","NA","NA","NA","NA","NA","NA","NA","NA","NA","NA","NA","NA","NA","space","f","NA","NA","NA","NA","NA","NA","NA","NA","NA","NA","NA","NA","NA","space","466","3008","NA","466","NA","NA","NA","NA","NA","NA","NA","NA","NA","NA","NA","NA","NA","1620","668","NA","NA","NA","NA","NA","NA","NA","NA","NA","NA","NA","NA","NA","21152","2","legacy","no","no","1024","2","48000","-16","no","EXP","46","even","no","no","NA","5941","2499","2500","4870","5926","5926","83527","NA","40956","96971","37585","27109","39321","97476","96969","5941","40956","97476","97944","NA","NA","27109","39260","27127","37583","27127","27127","27109","NA","NA","NA","NA","NA","NA","NA","NA","NA","NA","NA","NA","NA","39322","38090","38090","38760","NA","NA","98444","NA","NA","NA","NA","NA","NA","NA","NA","NA","NA","NA","NA","NA","5943","Orientation_PSA2018","7","3798","7","yes","yes","1024"
"N","3024","H","V","PP_LIST1.csv","glassH.jpg","glassV.jpg","100","100","542.5","542.5","#ffffff","yes","legacy","legacy","legacy","0","uniform","1","1","undefined","1","undefined","6","j","0","0","0","0","0","0","0","0","31","0","31","5","0","0","31","31","0","0","31","31","31","31","0","5","0","5","0","0","0","0","0","0","0","0","0","0","0","0","0","0","0","0","0","5","5","5","5","5","31","0","0","0","0","0","0","0","0","0","0","0","0","0","0","12/06/19 16:59:28","no","Matching Tasks","yes","no","","no","OrientationCrossLanguages_2018PSA_PP_1.2.4.osexp","C:\Users\Administrator\Desktop\002&003 BUNDLE","no","mono","no","18","no","#0000ff","no","Türkçe","yes","768","no","no","legacy","31","31","1","5","C:/Users/Administrator/Desktop/002&003 BUNDLE/[TUR_007]_PP_[046].csv","legacy","no","Kafkaesque Koffka","3.2.8","yes","5a7ce671e83246000deafe81","no","no","0","0","j","space","NA","j","NA","NA","NA","NA","NA","NA","NA","NA","NA","NA","NA","NA","NA","space","f","NA","NA","NA","NA","NA","NA","NA","NA","NA","NA","NA","NA","NA","space","542","3008","NA","542","NA","NA","NA","NA","NA","NA","NA","NA","NA","NA","NA","NA","NA","1620","668","NA","NA","NA","NA","NA","NA","NA","NA","NA","NA","NA","NA","NA","21152","2","legacy","no","no","1024","2","48000","-16","no","EXP","46","even","no","no","NA","5941","2499","2500","4870","5926","5926","83527","NA","40956","98599","37585","27109","39321","99104","98598","5941","40956","99104","99648","NA","NA","27109","39260","27127","37583","27127","27127","27109","NA","NA","NA","NA","NA","NA","NA","NA","NA","NA","NA","NA","NA","39322","38090","38090","38760","NA","NA","100148","NA","NA","NA","NA","NA","NA","NA","NA","NA","NA","NA","NA","NA","5943","Orientation_PSA2018","8","4340","8","yes","yes","1024"
"F","3024","F","F","PP_LIST1.csv","wrench.jpg","piano.jpg","100","100","538.666666667","538.666666667","#ffffff","yes","legacy","legacy","legacy","0","uniform","1","1","undefined","1","undefined","6","f","0","0","0","0","0","0","0","0","32","0","32","5","0","0","32","32","0","0","32","32","32","32","0","5","0","5","0","0","0","0","0","0","0","0","0","0","0","0","0","0","0","0","0","5","5","5","5","5","32","0","0","0","0","0","0","0","0","0","0","0","0","0","0","12/06/19 16:59:28","no","Matching Tasks","yes","no","","no","OrientationCrossLanguages_2018PSA_PP_1.2.4.osexp","C:\Users\Administrator\Desktop\002&003 BUNDLE","no","mono","no","18","no","#0000ff","no","Türkçe","yes","768","no","no","legacy","32","32","1","5","C:/Users/Administrator/Desktop/002&003 BUNDLE/[TUR_007]_PP_[046].csv","legacy","no","Kafkaesque Koffka","3.2.8","yes","5a7ce671e83246000deafe81","no","no","0","0","f","space","NA","f","NA","NA","NA","NA","NA","NA","NA","NA","NA","NA","NA","NA","NA","space","f","NA","NA","NA","NA","NA","NA","NA","NA","NA","NA","NA","NA","NA","space","508","3008","NA","508","NA","NA","NA","NA","NA","NA","NA","NA","NA","NA","NA","NA","NA","1620","668","NA","NA","NA","NA","NA","NA","NA","NA","NA","NA","NA","NA","NA","21152","2","legacy","no","no","1024","2","48000","-16","no","EXP","46","even","no","no","NA","5941","2499","2500","4870","5926","5926","83527","NA","40956","100306","37585","27109","39321","100811","100304","5941","40956","100811","101320","NA","NA","27109","39260","27127","37583","27127","27127","27109","NA","NA","NA","NA","NA","NA","NA","NA","NA","NA","NA","NA","NA","39322","38090","38090","38760","NA","NA","101821","NA","NA","NA","NA","NA","NA","NA","NA","NA","NA","NA","NA","NA","5943","Orientation_PSA2018","9","4848","9","yes","yes","1024"
"N","3024","H","V","PP_LIST1.csv","ironH.jpg","ironV.jpg","100","100","558.6","558.6","#ffffff","yes","legacy","legacy","legacy","0","uniform","1","1","undefined","1","undefined","6","j","0","0","0","0","0","0","0","0","33","0","33","5","0","0","33","33","0","0","33","33","33","33","0","5","0","5","0","0","0","0","0","0","0","0","0","0","0","0","0","0","0","0","0","5","5","5","5","5","33","0","0","0","0","0","0","0","0","0","0","0","0","0","0","12/06/19 16:59:28","no","Matching Tasks","yes","no","","no","OrientationCrossLanguages_2018PSA_PP_1.2.4.osexp","C:\Users\Administrator\Desktop\002&003 BUNDLE","no","mono","no","18","no","#0000ff","no","Türkçe","yes","768","no","no","legacy","33","33","1","5","C:/Users/Administrator/Desktop/002&003 BUNDLE/[TUR_007]_PP_[046].csv","legacy","no","Kafkaesque Koffka","3.2.8","yes","5a7ce671e83246000deafe81","no","no","0","0","j","space","NA","j","NA","NA","NA","NA","NA","NA","NA","NA","NA","NA","NA","NA","NA","space","f","NA","NA","NA","NA","NA","NA","NA","NA","NA","NA","NA","NA","NA","space","738","3008","NA","738","NA","NA","NA","NA","NA","NA","NA","NA","NA","NA","NA","NA","NA","1620","668","NA","NA","NA","NA","NA","NA","NA","NA","NA","NA","NA","NA","NA","21152","2","legacy","no","no","1024","2","48000","-16","no","EXP","46","even","no","no","NA","5941","2499","2500","4870","5926","5926","83527","NA","40956","101987","37585","27109","39321","102492","101985","5941","40956","102492","103232","NA","NA","27109","39260","27127","37583","27127","27127","27109","NA","NA","NA","NA","NA","NA","NA","NA","NA","NA","NA","NA","NA","39322","38090","38090","38760","NA","NA","103732","NA","NA","NA","NA","NA","NA","NA","NA","NA","NA","NA","NA","NA","5943","Orientation_PSA2018","10","5586","10","yes","yes","1024"
"N","3024","H","V","PP_LIST1.csv","pencilH.jpg","pencilV.jpg","100","100","557.818181818","557.818181818","#ffffff","yes","legacy","legacy","legacy","0","uniform","1","1","undefined","1","undefined","6","j","0","0","0","0","0","0","0","0","34","0","34","5","0","0","34","34","0","0","34","34","34","34","0","5","0","5","0","0","0","0","0","0","0","0","0","0","0","0","0","0","0","0","0","5","5","5","5","5","34","0","0","0","0","0","0","0","0","0","0","0","0","0","0","12/06/19 16:59:28","no","Matching Tasks","yes","no","","no","OrientationCrossLanguages_2018PSA_PP_1.2.4.osexp","C:\Users\Administrator\Desktop\002&003 BUNDLE","no","mono","no","18","no","#0000ff","no","Türkçe","yes","768","no","no","legacy","34","34","1","5","C:/Users/Administrator/Desktop/002&003 BUNDLE/[TUR_007]_PP_[046].csv","legacy","no","Kafkaesque Koffka","3.2.8","yes","5a7ce671e83246000deafe81","no","no","0","0","j","space","NA","j","NA","NA","NA","NA","NA","NA","NA","NA","NA","NA","NA","NA","NA","space","f","NA","NA","NA","NA","NA","NA","NA","NA","NA","NA","NA","NA","NA","space","550","3008","NA","550","NA","NA","NA","NA","NA","NA","NA","NA","NA","NA","NA","NA","NA","1620","668","NA","NA","NA","NA","NA","NA","NA","NA","NA","NA","NA","NA","NA","21152","2","legacy","no","no","1024","2","48000","-16","no","EXP","46","even","no","no","NA","5941","2499","2500","4870","5926","5926","83527","NA","40956","103888","37585","27109","39321","104393","103886","5941","40956","104393","104945","NA","NA","27109","39260","27127","37583","27127","27127","27109","NA","NA","NA","NA","NA","NA","NA","NA","NA","NA","NA","NA","NA","39322","38090","38090","38760","NA","NA","105445","NA","NA","NA","NA","NA","NA","NA","NA","NA","NA","NA","NA","NA","5943","Orientation_PSA2018","11","6136","11","yes","yes","1024"
"Y","3024","V","V","PP_LIST1.csv","brushV.jpg","brushV.jpg","100","100","556.833333333","556.833333333","#ffffff","yes","legacy","legacy","legacy","0","uniform","1","1","undefined","1","undefined","6","j","0","0","0","0","0","0","0","0","35","0","35","5","0","0","35","35","0","0","35","35","35","35","0","5","0","5","0","0","0","0","0","0","0","0","0","0","0","0","0","0","0","0","0","5","5","5","5","5","35","0","0","0","0","0","0","0","0","0","0","0","0","0","0","12/06/19 16:59:28","no","Matching Tasks","yes","no","","no","OrientationCrossLanguages_2018PSA_PP_1.2.4.osexp","C:\Users\Administrator\Desktop\002&003 BUNDLE","no","mono","no","18","no","#0000ff","no","Türkçe","yes","768","no","no","legacy","35","35","1","5","C:/Users/Administrator/Desktop/002&003 BUNDLE/[TUR_007]_PP_[046].csv","legacy","no","Kafkaesque Koffka","3.2.8","yes","5a7ce671e83246000deafe81","no","no","0","0","j","space","NA","j","NA","NA","NA","NA","NA","NA","NA","NA","NA","NA","NA","NA","NA","space","f","NA","NA","NA","NA","NA","NA","NA","NA","NA","NA","NA","NA","NA","space","546","3008","NA","546","NA","NA","NA","NA","NA","NA","NA","NA","NA","NA","NA","NA","NA","1620","668","NA","NA","NA","NA","NA","NA","NA","NA","NA","NA","NA","NA","NA","21152","2","legacy","no","no","1024","2","48000","-16","no","EXP","46","even","no","no","NA","5941","2499","2500","4870","5926","5926","83527","NA","40956","105595","37585","27109","39321","106100","105594","5941","40956","106100","106648","NA","NA","27109","39260","27127","37583","27127","27127","27109","NA","NA","NA","NA","NA","NA","NA","NA","NA","NA","NA","NA","NA","39322","38090","38090","38760","NA","NA","107148","NA","NA","NA","NA","NA","NA","NA","NA","NA","NA","NA","NA","NA","5943","Orientation_PSA2018","12","6682","12","yes","yes","1024"
"F","3024","F","F","PP_LIST1.csv","nut.jpg","watch.jpg","100","100","558.461538462","558.461538462","#ffffff","yes","legacy","legacy","legacy","0","uniform","1","1","undefined","1","undefined","6","f","0","0","0","0","0","0","0","0","36","0","36","5","0","0","36","36","0","0","36","36","36","36","0","5","0","5","0","0","0","0","0","0","0","0","0","0","0","0","0","0","0","0","0","5","5","5","5","5","36","0","0","0","0","0","0","0","0","0","0","0","0","0","0","12/06/19 16:59:28","no","Matching Tasks","yes","no","","no","OrientationCrossLanguages_2018PSA_PP_1.2.4.osexp","C:\Users\Administrator\Desktop\002&003 BUNDLE","no","mono","no","18","no","#0000ff","no","Türkçe","yes","768","no","no","legacy","36","36","1","5","C:/Users/Administrator/Desktop/002&003 BUNDLE/[TUR_007]_PP_[046].csv","legacy","no","Kafkaesque Koffka","3.2.8","yes","5a7ce671e83246000deafe81","no","no","0","0","f","space","NA","f","NA","NA","NA","NA","NA","NA","NA","NA","NA","NA","NA","NA","NA","space","f","NA","NA","NA","NA","NA","NA","NA","NA","NA","NA","NA","NA","NA","space","578","3008","NA","578","NA","NA","NA","NA","NA","NA","NA","NA","NA","NA","NA","NA","NA","1620","668","NA","NA","NA","NA","NA","NA","NA","NA","NA","NA","NA","NA","NA","21152","2","legacy","no","no","1024","2","48000","-16","no","EXP","46","even","no","no","NA","5941","2499","2500","4870","5926","5926","83527","NA","40956","107299","37585","27109","39321","107805","107298","5941","40956","107805","108385","NA","NA","27109","39260","27127","37583","27127","27127","27109","NA","NA","NA","NA","NA","NA","NA","NA","NA","NA","NA","NA","NA","39322","38090","38090","38760","NA","NA","108885","NA","NA","NA","NA","NA","NA","NA","NA","NA","NA","NA","NA","NA","5943","Orientation_PSA2018","13","7260","13","yes","yes","1024"
"Y","3024","V","V","PP_LIST1.csv","fire_extinguisherV.jpg","fire_extinguisherV.jpg","100","100","556.214285714","556.214285714","#ffffff","yes","legacy","legacy","legacy","0","uniform","1","1","undefined","1","undefined","6","j","0","0","0","0","0","0","0","0","37","0","37","5","0","0","37","37","0","0","37","37","37","37","0","5","0","5","0","0","0","0","0","0","0","0","0","0","0","0","0","0","0","0","0","5","5","5","5","5","37","0","0","0","0","0","0","0","0","0","0","0","0","0","0","12/06/19 16:59:28","no","Matching Tasks","yes","no","","no","OrientationCrossLanguages_2018PSA_PP_1.2.4.osexp","C:\Users\Administrator\Desktop\002&003 BUNDLE","no","mono","no","18","no","#0000ff","no","Türkçe","yes","768","no","no","legacy","37","37","1","5","C:/Users/Administrator/Desktop/002&003 BUNDLE/[TUR_007]_PP_[046].csv","legacy","no","Kafkaesque Koffka","3.2.8","yes","5a7ce671e83246000deafe81","no","no","0","0","j","space","NA","j","NA","NA","NA","NA","NA","NA","NA","NA","NA","NA","NA","NA","NA","space","f","NA","NA","NA","NA","NA","NA","NA","NA","NA","NA","NA","NA","NA","space","527","3008","NA","527","NA","NA","NA","NA","NA","NA","NA","NA","NA","NA","NA","NA","NA","1620","668","NA","NA","NA","NA","NA","NA","NA","NA","NA","NA","NA","NA","NA","21152","2","legacy","no","no","1024","2","48000","-16","no","EXP","46","even","no","no","NA","5941","2499","2500","4870","5926","5926","83527","NA","40956","109038","37585","27109","39321","109543","109036","5941","40956","109543","110072","NA","NA","27109","39260","27127","37583","27127","27127","27109","NA","NA","NA","NA","NA","NA","NA","NA","NA","NA","NA","NA","NA","39322","38090","38090","38760","NA","NA","110572","NA","NA","NA","NA","NA","NA","NA","NA","NA","NA","NA","NA","NA","5943","Orientation_PSA2018","14","7787","14","yes","yes","1024"
"F","3024","F","F","PP_LIST1.csv","ftball.jpg","nut.jpg","100","100","558.466666667","558.466666667","#ffffff","yes","legacy","legacy","legacy","0","uniform","1","1","undefined","1","undefined","6","f","0","0","0","0","0","0","0","0","38","0","38","5","0","0","38","38","0","0","38","38","38","38","0","5","0","5","0","0","0","0","0","0","0","0","0","0","0","0","0","0","0","0","0","5","5","5","5","5","38","0","0","0","0","0","0","0","0","0","0","0","0","0","0","12/06/19 16:59:28","no","Matching Tasks","yes","no","","no","OrientationCrossLanguages_2018PSA_PP_1.2.4.osexp","C:\Users\Administrator\Desktop\002&003 BUNDLE","no","mono","no","18","no","#0000ff","no","Türkçe","yes","768","no","no","legacy","38","38","1","5","C:/Users/Administrator/Desktop/002&003 BUNDLE/[TUR_007]_PP_[046].csv","legacy","no","Kafkaesque Koffka","3.2.8","yes","5a7ce671e83246000deafe81","no","no","0","0","f","space","NA","f","NA","NA","NA","NA","NA","NA","NA","NA","NA","NA","NA","NA","NA","space","f","NA","NA","NA","NA","NA","NA","NA","NA","NA","NA","NA","NA","NA","space","590","3008","NA","590","NA","NA","NA","NA","NA","NA","NA","NA","NA","NA","NA","NA","NA","1620","668","NA","NA","NA","NA","NA","NA","NA","NA","NA","NA","NA","NA","NA","21152","2","legacy","no","no","1024","2","48000","-16","no","EXP","46","even","no","no","NA","5941","2499","2500","4870","5926","5926","83527","NA","40956","110733","37585","27109","39321","111238","110732","5941","40956","111240","111832","NA","NA","27109","39260","27127","37583","27127","27127","27109","NA","NA","NA","NA","NA","NA","NA","NA","NA","NA","NA","NA","NA","39322","38090","38090","38760","NA","NA","112332","NA","NA","NA","NA","NA","NA","NA","NA","NA","NA","NA","NA","NA","5943","Orientation_PSA2018","15","8377","15","yes","yes","1024"
"F","3024","F","F","PP_LIST1.csv","couch.jpg","spider.jpg","100","100","564.9375","564.9375","#ffffff","yes","legacy","legacy","legacy","0","uniform","1","1","undefined","1","undefined","6","f","0","0","0","0","0","0","0","0","39","0","39","5","0","0","39","39","0","0","39","39","39","39","0","5","0","5","0","0","0","0","0","0","0","0","0","0","0","0","0","0","0","0","0","5","5","5","5","5","39","0","0","0","0","0","0","0","0","0","0","0","0","0","0","12/06/19 16:59:28","no","Matching Tasks","yes","no","","no","OrientationCrossLanguages_2018PSA_PP_1.2.4.osexp","C:\Users\Administrator\Desktop\002&003 BUNDLE","no","mono","no","18","no","#0000ff","no","Türkçe","yes","768","no","no","legacy","39","39","1","5","C:/Users/Administrator/Desktop/002&003 BUNDLE/[TUR_007]_PP_[046].csv","legacy","no","Kafkaesque Koffka","3.2.8","yes","5a7ce671e83246000deafe81","no","no","0","0","f","space","NA","f","NA","NA","NA","NA","NA","NA","NA","NA","NA","NA","NA","NA","NA","space","f","NA","NA","NA","NA","NA","NA","NA","NA","NA","NA","NA","NA","NA","space","662","3008","NA","662","NA","NA","NA","NA","NA","NA","NA","NA","NA","NA","NA","NA","NA","1620","668","NA","NA","NA","NA","NA","NA","NA","NA","NA","NA","NA","NA","NA","21152","2","legacy","no","no","1024","2","48000","-16","no","EXP","46","even","no","no","NA","5941","2499","2500","4870","5926","5926","83527","NA","40956","112462","37585","27109","39321","112968","112461","5941","40956","112968","113632","NA","NA","27109","39260","27127","37583","27127","27127","27109","NA","NA","NA","NA","NA","NA","NA","NA","NA","NA","NA","NA","NA","39322","38090","38090","38760","NA","NA","114133","NA","NA","NA","NA","NA","NA","NA","NA","NA","NA","NA","NA","NA","5943","Orientation_PSA2018","16","9039","16","yes","yes","1024"
"F","3024","F","F","PP_LIST1.csv","ring.jpg","stove.jpg","100","100","560.294117647","560.294117647","#ffffff","yes","legacy","legacy","legacy","0","uniform","1","1","undefined","1","undefined","6","f","0","0","0","0","0","0","0","0","40","0","40","5","0","0","40","40","0","0","40","40","40","40","0","5","0","5","0","0","0","0","0","0","0","0","0","0","0","0","0","0","0","0","0","5","5","5","5","5","40","0","0","0","0","0","0","0","0","0","0","0","0","0","0","12/06/19 16:59:28","no","Matching Tasks","yes","no","","no","OrientationCrossLanguages_2018PSA_PP_1.2.4.osexp","C:\Users\Administrator\Desktop\002&003 BUNDLE","no","mono","no","18","no","#0000ff","no","Türkçe","yes","768","no","no","legacy","40","40","1","5","C:/Users/Administrator/Desktop/002&003 BUNDLE/[TUR_007]_PP_[046].csv","legacy","no","Kafkaesque Koffka","3.2.8","yes","5a7ce671e83246000deafe81","no","no","0","0","f","space","NA","f","NA","NA","NA","NA","NA","NA","NA","NA","NA","NA","NA","NA","NA","space","f","NA","NA","NA","NA","NA","NA","NA","NA","NA","NA","NA","NA","NA","space","486","3008","NA","486","NA","NA","NA","NA","NA","NA","NA","NA","NA","NA","NA","NA","NA","1620","668","NA","NA","NA","NA","NA","NA","NA","NA","NA","NA","NA","NA","NA","21152","2","legacy","no","no","1024","2","48000","-16","no","EXP","46","even","no","no","NA","5941","2499","2500","4870","5926","5926","83527","NA","40956","114279","37585","27109","39321","114784","114277","5941","40956","114784","115272","NA","NA","27109","39260","27127","37583","27127","27127","27109","NA","NA","NA","NA","NA","NA","NA","NA","NA","NA","NA","NA","NA","39322","38090","38090","38760","NA","NA","115772","NA","NA","NA","NA","NA","NA","NA","NA","NA","NA","NA","NA","NA","5943","Orientation_PSA2018","17","9525","17","yes","yes","1024"
"N","3024","V","H","PP_LIST1.csv","saltV.jpg","saltH.jpg","100","100","562.611111111","562.611111111","#ffffff","yes","legacy","legacy","legacy","0","uniform","1","1","undefined","1","undefined","6","j","0","0","0","0","0","0","0","0","41","0","41","5","0","0","41","41","0","0","41","41","41","41","0","5","0","5","0","0","0","0","0","0","0","0","0","0","0","0","0","0","0","0","0","5","5","5","5","5","41","0","0","0","0","0","0","0","0","0","0","0","0","0","0","12/06/19 16:59:28","no","Matching Tasks","yes","no","","no","OrientationCrossLanguages_2018PSA_PP_1.2.4.osexp","C:\Users\Administrator\Desktop\002&003 BUNDLE","no","mono","no","18","no","#0000ff","no","Türkçe","yes","768","no","no","legacy","41","41","1","5","C:/Users/Administrator/Desktop/002&003 BUNDLE/[TUR_007]_PP_[046].csv","legacy","no","Kafkaesque Koffka","3.2.8","yes","5a7ce671e83246000deafe81","no","no","0","0","j","space","NA","j","NA","NA","NA","NA","NA","NA","NA","NA","NA","NA","NA","NA","NA","space","f","NA","NA","NA","NA","NA","NA","NA","NA","NA","NA","NA","NA","NA","space","602","3008","NA","602","NA","NA","NA","NA","NA","NA","NA","NA","NA","NA","NA","NA","NA","1620","668","NA","NA","NA","NA","NA","NA","NA","NA","NA","NA","NA","NA","NA","21152","2","legacy","no","no","1024","2","48000","-16","no","EXP","46","even","no","no","NA","5941","2499","2500","4870","5926","5926","83527","NA","40956","115940","37585","27109","39321","116445","115938","5941","40956","116445","117049","NA","NA","27109","39260","27127","37583","27127","27127","27109","NA","NA","NA","NA","NA","NA","NA","NA","NA","NA","NA","NA","NA","39322","38090","38090","38760","NA","NA","117549","NA","NA","NA","NA","NA","NA","NA","NA","NA","NA","NA","NA","NA","5943","Orientation_PSA2018","18","10127","18","yes","yes","1024"
"F","3024","F","F","PP_LIST1.csv","needle.jpg","tiger.jpg","100","100","559.210526316","559.210526316","#ffffff","yes","legacy","legacy","legacy","0","uniform","1","1","undefined","1","undefined","6","f","0","0","0","0","0","0","0","0","42","0","42","5","0","0","42","42","0","0","42","42","42","42","0","5","0","5","0","0","0","0","0","0","0","0","0","0","0","0","0","0","0","0","0","5","5","5","5","5","42","0","0","0","0","0","0","0","0","0","0","0","0","0","0","12/06/19 16:59:28","no","Matching Tasks","yes","no","","no","OrientationCrossLanguages_2018PSA_PP_1.2.4.osexp","C:\Users\Administrator\Desktop\002&003 BUNDLE","no","mono","no","18","no","#0000ff","no","Türkçe","yes","768","no","no","legacy","42","42","1","5","C:/Users/Administrator/Desktop/002&003 BUNDLE/[TUR_007]_PP_[046].csv","legacy","no","Kafkaesque Koffka","3.2.8","yes","5a7ce671e83246000deafe81","no","no","0","0","f","space","NA","f","NA","NA","NA","NA","NA","NA","NA","NA","NA","NA","NA","NA","NA","space","f","NA","NA","NA","NA","NA","NA","NA","NA","NA","NA","NA","NA","NA","space","498","3008","NA","498","NA","NA","NA","NA","NA","NA","NA","NA","NA","NA","NA","NA","NA","1620","668","NA","NA","NA","NA","NA","NA","NA","NA","NA","NA","NA","NA","NA","21152","2","legacy","no","no","1024","2","48000","-16","no","EXP","46","even","no","no","NA","5941","2499","2500","4870","5926","5926","83527","NA","40956","117683","37585","27109","39321","118188","117681","5941","40956","118188","118688","NA","NA","27109","39260","27127","37583","27127","27127","27109","NA","NA","NA","NA","NA","NA","NA","NA","NA","NA","NA","NA","NA","39322","38090","38090","38760","NA","NA","119188","NA","NA","NA","NA","NA","NA","NA","NA","NA","NA","NA","NA","NA","5943","Orientation_PSA2018","19","10625","19","yes","yes","1024"
"F","3024","F","F","PP_LIST1.csv","sutcse.jpg","pumpkin.jpg","100","100","557.45","557.45","#ffffff","yes","legacy","legacy","legacy","0","uniform","1","1","undefined","1","undefined","6","f","0","0","0","0","0","0","0","0","43","0","43","5","0","0","43","43","0","0","43","43","43","43","0","5","0","5","0","0","0","0","0","0","0","0","0","0","0","0","0","0","0","0","0","5","5","5","5","5","43","0","0","0","0","0","0","0","0","0","0","0","0","0","0","12/06/19 16:59:28","no","Matching Tasks","yes","no","","no","OrientationCrossLanguages_2018PSA_PP_1.2.4.osexp","C:\Users\Administrator\Desktop\002&003 BUNDLE","no","mono","no","18","no","#0000ff","no","Türkçe","yes","768","no","no","legacy","43","43","1","5","C:/Users/Administrator/Desktop/002&003 BUNDLE/[TUR_007]_PP_[046].csv","legacy","no","Kafkaesque Koffka","3.2.8","yes","5a7ce671e83246000deafe81","no","no","0","0","f","space","NA","f","NA","NA","NA","NA","NA","NA","NA","NA","NA","NA","NA","NA","NA","space","f","NA","NA","NA","NA","NA","NA","NA","NA","NA","NA","NA","NA","NA","space","524","3008","NA","524","NA","NA","NA","NA","NA","NA","NA","NA","NA","NA","NA","NA","NA","1620","668","NA","NA","NA","NA","NA","NA","NA","NA","NA","NA","NA","NA","NA","21152","2","legacy","no","no","1024","2","48000","-16","no","EXP","46","even","no","no","NA","5941","2499","2500","4870","5926","5926","83527","NA","40956","119346","37585","27109","39321","119851","119344","5941","40956","119851","120377","NA","NA","27109","39260","27127","37583","27127","27127","27109","NA","NA","NA","NA","NA","NA","NA","NA","NA","NA","NA","NA","NA","39322","38090","38090","38760","NA","NA","120877","NA","NA","NA","NA","NA","NA","NA","NA","NA","NA","NA","NA","NA","5943","Orientation_PSA2018","20","11149","20","yes","yes","1024"
"N","3024","V","H","PP_LIST1.csv","penV.jpg","penH.jpg","100","100","560.666666667","560.666666667","#ffffff","yes","legacy","legacy","legacy","0","uniform","1","1","undefined","1","undefined","6","j","0","0","0","0","0","0","0","0","44","0","44","5","0","0","44","44","0","0","44","44","44","44","0","5","0","5","0","0","0","0","0","0","0","0","0","0","0","0","0","0","0","0","0","5","5","5","5","5","44","0","0","0","0","0","0","0","0","0","0","0","0","0","0","12/06/19 16:59:28","no","Matching Tasks","yes","no","","no","OrientationCrossLanguages_2018PSA_PP_1.2.4.osexp","C:\Users\Administrator\Desktop\002&003 BUNDLE","no","mono","no","18","no","#0000ff","no","Türkçe","yes","768","no","no","legacy","44","44","1","5","C:/Users/Administrator/Desktop/002&003 BUNDLE/[TUR_007]_PP_[046].csv","legacy","no","Kafkaesque Koffka","3.2.8","yes","5a7ce671e83246000deafe81","no","no","0","0","j","space","NA","j","NA","NA","NA","NA","NA","NA","NA","NA","NA","NA","NA","NA","NA","space","f","NA","NA","NA","NA","NA","NA","NA","NA","NA","NA","NA","NA","NA","space","625","3008","NA","625","NA","NA","NA","NA","NA","NA","NA","NA","NA","NA","NA","NA","NA","1620","668","NA","NA","NA","NA","NA","NA","NA","NA","NA","NA","NA","NA","NA","21152","2","legacy","no","no","1024","2","48000","-16","no","EXP","46","even","no","no","NA","5941","2499","2500","4870","5926","5926","83527","NA","40956","121034","37585","27109","39321","121539","121032","5941","40956","121541","122168","NA","NA","27109","39260","27127","37583","27127","27127","27109","NA","NA","NA","NA","NA","NA","NA","NA","NA","NA","NA","NA","NA","39322","38090","38090","38760","NA","NA","122668","NA","NA","NA","NA","NA","NA","NA","NA","NA","NA","NA","NA","NA","5943","Orientation_PSA2018","21","11774","21","yes","yes","1024"
"Y","3024","H","H","PP_LIST1.csv","batH.jpg","batH.jpg","100","100","559.272727273","559.272727273","#ffffff","yes","legacy","legacy","legacy","0","uniform","1","1","undefined","1","undefined","6","j","0","0","0","0","0","0","0","0","45","0","45","5","0","0","45","45","0","0","45","45","45","45","0","5","0","5","0","0","0","0","0","0","0","0","0","0","0","0","0","0","0","0","0","5","5","5","5","5","45","0","0","0","0","0","0","0","0","0","0","0","0","0","0","12/06/19 16:59:28","no","Matching Tasks","yes","no","","no","OrientationCrossLanguages_2018PSA_PP_1.2.4.osexp","C:\Users\Administrator\Desktop\002&003 BUNDLE","no","mono","no","18","no","#0000ff","no","Türkçe","yes","768","no","no","legacy","45","45","1","5","C:/Users/Administrator/Desktop/002&003 BUNDLE/[TUR_007]_PP_[046].csv","legacy","no","Kafkaesque Koffka","3.2.8","yes","5a7ce671e83246000deafe81","no","no","0","0","j","space","NA","j","NA","NA","NA","NA","NA","NA","NA","NA","NA","NA","NA","NA","NA","space","f","NA","NA","NA","NA","NA","NA","NA","NA","NA","NA","NA","NA","NA","space","530","3008","NA","530","NA","NA","NA","NA","NA","NA","NA","NA","NA","NA","NA","NA","NA","1620","668","NA","NA","NA","NA","NA","NA","NA","NA","NA","NA","NA","NA","NA","21152","2","legacy","no","no","1024","2","48000","-16","no","EXP","46","even","no","no","NA","5941","2499","2500","4870","5926","5926","83527","NA","40956","122844","37585","27109","39321","123349","122842","5941","40956","123349","123881","NA","NA","27109","39260","27127","37583","27127","27127","27109","NA","NA","NA","NA","NA","NA","NA","NA","NA","NA","NA","NA","NA","39322","38090","38090","38760","NA","NA","124381","NA","NA","NA","NA","NA","NA","NA","NA","NA","NA","NA","NA","NA","5943","Orientation_PSA2018","22","12304","22","yes","yes","1024"
"F","3024","F","F","PP_LIST1.csv","ladder.jpg","house.jpg","100","100","558.173913043","558.173913043","#ffffff","yes","legacy","legacy","legacy","0","uniform","1","1","undefined","1","undefined","6","f","0","0","0","0","0","0","0","0","46","0","46","5","0","0","46","46","0","0","46","46","46","46","0","5","0","5","0","0","0","0","0","0","0","0","0","0","0","0","0","0","0","0","0","5","5","5","5","5","46","0","0","0","0","0","0","0","0","0","0","0","0","0","0","12/06/19 16:59:28","no","Matching Tasks","yes","no","","no","OrientationCrossLanguages_2018PSA_PP_1.2.4.osexp","C:\Users\Administrator\Desktop\002&003 BUNDLE","no","mono","no","18","no","#0000ff","no","Türkçe","yes","768","no","no","legacy","46","46","1","5","C:/Users/Administrator/Desktop/002&003 BUNDLE/[TUR_007]_PP_[046].csv","legacy","no","Kafkaesque Koffka","3.2.8","yes","5a7ce671e83246000deafe81","no","no","0","0","f","space","NA","f","NA","NA","NA","NA","NA","NA","NA","NA","NA","NA","NA","NA","NA","space","f","NA","NA","NA","NA","NA","NA","NA","NA","NA","NA","NA","NA","NA","space","534","3008","NA","534","NA","NA","NA","NA","NA","NA","NA","NA","NA","NA","NA","NA","NA","1620","668","NA","NA","NA","NA","NA","NA","NA","NA","NA","NA","NA","NA","NA","21152","2","legacy","no","no","1024","2","48000","-16","no","EXP","46","even","no","no","NA","5941","2499","2500","4870","5926","5926","83527","NA","40956","124535","37585","27109","39321","125040","124533","5941","40956","125040","125576","NA","NA","27109","39260","27127","37583","27127","27127","27109","NA","NA","NA","NA","NA","NA","NA","NA","NA","NA","NA","NA","NA","39322","38090","38090","38760","NA","NA","126076","NA","NA","NA","NA","NA","NA","NA","NA","NA","NA","NA","NA","NA","5943","Orientation_PSA2018","23","12838","23","yes","yes","1024"
"F","3024","F","F","PP_LIST1.csv","tlphon.jpg","knife.jpg","100","100","555.958333333","555.958333333","#ffffff","yes","legacy","legacy","legacy","0","uniform","1","1","undefined","1","undefined","6","f","0","0","0","0","0","0","0","0","47","0","47","5","0","0","47","47","0","0","47","47","47","47","0","5","0","5","0","0","0","0","0","0","0","0","0","0","0","0","0","0","0","0","0","5","5","5","5","5","47","0","0","0","0","0","0","0","0","0","0","0","0","0","0","12/06/19 16:59:28","no","Matching Tasks","yes","no","","no","OrientationCrossLanguages_2018PSA_PP_1.2.4.osexp","C:\Users\Administrator\Desktop\002&003 BUNDLE","no","mono","no","18","no","#0000ff","no","Türkçe","yes","768","no","no","legacy","47","47","1","5","C:/Users/Administrator/Desktop/002&003 BUNDLE/[TUR_007]_PP_[046].csv","legacy","no","Kafkaesque Koffka","3.2.8","yes","5a7ce671e83246000deafe81","no","no","0","0","f","space","NA","f","NA","NA","NA","NA","NA","NA","NA","NA","NA","NA","NA","NA","NA","space","f","NA","NA","NA","NA","NA","NA","NA","NA","NA","NA","NA","NA","NA","space","505","3008","NA","505","NA","NA","NA","NA","NA","NA","NA","NA","NA","NA","NA","NA","NA","1620","668","NA","NA","NA","NA","NA","NA","NA","NA","NA","NA","NA","NA","NA","21152","2","legacy","no","no","1024","2","48000","-16","no","EXP","46","even","no","no","NA","5941","2499","2500","4870","5926","5926","83527","NA","40956","126243","37585","27109","39321","126749","126242","5941","40956","126749","127256","NA","NA","27109","39260","27127","37583","27127","27127","27109","NA","NA","NA","NA","NA","NA","NA","NA","NA","NA","NA","NA","NA","39322","38090","38090","38760","NA","NA","127756","NA","NA","NA","NA","NA","NA","NA","NA","NA","NA","NA","NA","NA","5943","Orientation_PSA2018","24","13343","24","yes","yes","1024"
