"Identical","LAB_SEED","Orientation1","Orientation2","PPList","Picture1","Picture2","acc","accuracy","average_response_time","avg_rt","background","bidi","canvas_backend","clock_backend","color_backend","compensation","coordinates","correct","correct_Pictures_response","correct_Start_PL","correct_Target_response_Prac","correct_Welcome_PP_PL","correct_count","correct_response","count_Check_This","count_Disable_Mouse","count_EXP","count_LAB_SEED","count_Language_Selection","count_List_Select","count_List_Selection","count_Pictures_Break","count_Pictures_End","count_Pictures_Exp","count_Pictures_Fixation","count_Pictures_Fixation_Prac","count_Pictures_Prac","count_Pictures_Start","count_Pictures_Target","count_Pictures_Trial","count_Pictures_Welcome","count_Pictures_loop","count_Pictures_response","count_Pictures_response_correct","count_Pictures_response_noans","count_Pictures_response_wrong","count_Prac","count_Prac_Count","count_Prac_Reset","count_Prac_Trial","count_Prac_loop","count_Prac_seq","count_Prac_setup","count_Start_DE","count_Start_E","count_Start_ELL","count_Start_HUN","count_Start_NOR","count_Start_PL","count_Start_POR","count_Start_SC","count_Start_TC","count_Start_THAI","count_Start_TUR","count_Target_Prac","count_Target_response_Prac","count_Target_response_correct_Prac","count_Target_response_noans_Prac","count_Target_response_wrong_Prac","count_Trial_logger","count_Welcome_PP_DE","count_Welcome_PP_E","count_Welcome_PP_ELL","count_Welcome_PP_HUN","count_Welcome_PP_NOR","count_Welcome_PP_PL","count_Welcome_PP_POR","count_Welcome_PP_SC","count_Welcome_PP_TC","count_Welcome_PP_THAI","count_Welcome_PP_TUR","datetime","de","description","disable_garbage_collection","ell","empty_column","en","experiment_file","experiment_path","font_bold","font_family","font_italic","font_size","font_underline","foreground","form_clicks","form_response","fullscreen","height","hun","keyboard_backend","live_row","live_row_Pictures_loop","live_row_Prac","live_row_Prac_loop","logfile","mouse_backend","nor","opensesame_codename","opensesame_version","osf_always_upload_experiment","osf_id","pol","por","repeat_cycle","reset_loop","response","response_Pictures_Break","response_Pictures_End","response_Pictures_response","response_Start_DE","response_Start_E","response_Start_ELL","response_Start_HUN","response_Start_NOR","response_Start_PL","response_Start_POR","response_Start_SC","response_Start_TC","response_Start_THAI","response_Start_TUR","response_Target_response_Prac","response_Welcome_PP_DE","response_Welcome_PP_E","response_Welcome_PP_ELL","response_Welcome_PP_HUN","response_Welcome_PP_NOR","response_Welcome_PP_PL","response_Welcome_PP_POR","response_Welcome_PP_SC","response_Welcome_PP_TC","response_Welcome_PP_THAI","response_Welcome_PP_TUR","response_time","response_time_Pictures_Break","response_time_Pictures_End","response_time_Pictures_response","response_time_Start_DE","response_time_Start_E","response_time_Start_ELL","response_time_Start_HUN","response_time_Start_NOR","response_time_Start_PL","response_time_Start_POR","response_time_Start_SC","response_time_Start_TC","response_time_Start_THAI","response_time_Start_TUR","response_time_Target_response_Prac","response_time_Welcome_PP_DE","response_time_Welcome_PP_E","response_time_Welcome_PP_ELL","response_time_Welcome_PP_HUN","response_time_Welcome_PP_NOR","response_time_Welcome_PP_PL","response_time_Welcome_PP_POR","response_time_Welcome_PP_SC","response_time_Welcome_PP_TC","response_time_Welcome_PP_THAI","response_time_Welcome_PP_TUR","round_decimals","sampler_backend","sc","sound_buf_size","sound_channels","sound_freq","sound_sample_size","start","subject_nr","subject_parity","tc","thai","time_Check_This","time_Disable_Mouse","time_EXP","time_LAB_SEED","time_Language_Selection","time_List_Select","time_List_Selection","time_Pictures_Break","time_Pictures_End","time_Pictures_Exp","time_Pictures_Fixation","time_Pictures_Fixation_Prac","time_Pictures_Prac","time_Pictures_Start","time_Pictures_Target","time_Pictures_Trial","time_Pictures_Welcome","time_Pictures_loop","time_Pictures_response","time_Pictures_response_correct","time_Pictures_response_noans","time_Pictures_response_wrong","time_Prac","time_Prac_Count","time_Prac_Reset","time_Prac_Trial","time_Prac_loop","time_Prac_seq","time_Prac_setup","time_Start_DE","time_Start_E","time_Start_ELL","time_Start_HUN","time_Start_NOR","time_Start_PL","time_Start_POR","time_Start_SC","time_Start_TC","time_Start_THAI","time_Start_TUR","time_Target_Prac","time_Target_response_Prac","time_Target_response_correct_Prac","time_Target_response_noans_Prac","time_Target_response_wrong_Prac","time_Trial_logger","time_Welcome_PP_DE","time_Welcome_PP_E","time_Welcome_PP_ELL","time_Welcome_PP_HUN","time_Welcome_PP_NOR","time_Welcome_PP_PL","time_Welcome_PP_POR","time_Welcome_PP_SC","time_Welcome_PP_TC","time_Welcome_PP_THAI","time_Welcome_PP_TUR","title","total_correct","total_response_time","total_responses","tur","uniform_coordinates","width"
"Y","2843","V","V","PP_LIST1.csv","brushV.jpg","brushV.jpg","87.5","87.5","1125.625","1125.625","#ffffff","yes","legacy","legacy","legacy","0","uniform","1","1","undefined","1","undefined","6","j","0","0","0","0","0","0","0","NA","0","0","0","6","0","0","0","0","0","0","0","0","0","0","0","6","1","6","1","1","0","0","0","0","0","0","0","0","0","0","0","0","6","6","6","6","6","0","0","0","0","0","0","0","0","0","0","0","0","12/10/19 19:26:04","no","Matching Tasks","yes","no","","no","2_Orientation_PP_1.2.4_v7.osexp","C:\Users\memory lab\Dropbox\_!_Komputer_2\Object_Orientation_POL_001_komp_2","no","chinese-japanese-korean","no","18","no","#0000ff","no","Polish","yes","768","no","legacy","0","0","2","5","C:/Users/memory lab/Dropbox/_!_Komputer_2/Object_Orientation_POL_001_komp_2/2_Results_PP/2_PP_nrID_12.csv","legacy","no","Kafkaesque Koffka","3.2.8","yes","5a7ce671e83246000deafe81","yes","no","0","0","j","NA","NA","j","NA","NA","NA","NA","NA","space","NA","NA","NA","NA","NA","f","NA","NA","NA","NA","NA","space","NA","NA","NA","NA","NA","641","NA","NA","641","NA","NA","NA","NA","NA","2644","NA","NA","NA","NA","NA","674","NA","NA","NA","NA","NA","16711","NA","NA","NA","NA","NA","2","legacy","no","1024","2","48000","-16","EXP","12","even","no","no","NA","8963","2790","2791","7042","8953","8953","NA","NA","45683","45762","41316","25683","43029","46265","45761","8963","45683","46266","46908","NA","NA","25683","42992","29273","41314","29273","29273","25683","NA","NA","NA","NA","NA","43031","NA","NA","NA","NA","NA","41817","41817","42492","37253","28256","47408","NA","NA","NA","NA","NA","8964","NA","NA","NA","NA","NA","Orientation_PSA2018","7","9005","8","no","yes","1024"
"F","2843","F","F","PP_LIST1.csv","couch.jpg","spider.jpg","88.8888888889","88.8888888889","1073.88888889","1073.88888889","#ffffff","yes","legacy","legacy","legacy","0","uniform","1","1","undefined","1","undefined","6","f","0","0","0","0","0","0","0","NA","1","0","1","6","0","0","1","1","0","0","1","1","1","1","0","6","1","6","1","1","0","0","0","0","0","0","0","0","0","0","0","0","6","6","6","6","6","1","0","0","0","0","0","0","0","0","0","0","0","12/10/19 19:26:04","no","Matching Tasks","yes","no","","no","2_Orientation_PP_1.2.4_v7.osexp","C:\Users\memory lab\Dropbox\_!_Komputer_2\Object_Orientation_POL_001_komp_2","no","chinese-japanese-korean","no","18","no","#0000ff","no","Polish","yes","768","no","legacy","1","1","2","5","C:/Users/memory lab/Dropbox/_!_Komputer_2/Object_Orientation_POL_001_komp_2/2_Results_PP/2_PP_nrID_12.csv","legacy","no","Kafkaesque Koffka","3.2.8","yes","5a7ce671e83246000deafe81","yes","no","0","0","f","NA","NA","f","NA","NA","NA","NA","NA","space","NA","NA","NA","NA","NA","f","NA","NA","NA","NA","NA","space","NA","NA","NA","NA","NA","660","NA","NA","660","NA","NA","NA","NA","NA","2644","NA","NA","NA","NA","NA","674","NA","NA","NA","NA","NA","16711","NA","NA","NA","NA","NA","2","legacy","no","1024","2","48000","-16","EXP","12","even","no","no","NA","8963","2790","2791","7042","8953","8953","NA","NA","45683","47522","41316","25683","43029","48023","47520","8963","45683","48023","48685","NA","NA","25683","42992","29273","41314","29273","29273","25683","NA","NA","NA","NA","NA","43031","NA","NA","NA","NA","NA","41817","41817","42492","37253","28256","49185","NA","NA","NA","NA","NA","8964","NA","NA","NA","NA","NA","Orientation_PSA2018","8","9665","9","no","yes","1024"
"F","2843","F","F","PP_LIST1.csv","tapedispenser.jpg","wrench.jpg","90","90","1023.2","1023.2","#ffffff","yes","legacy","legacy","legacy","0","uniform","1","1","undefined","1","undefined","6","f","0","0","0","0","0","0","0","NA","2","0","2","6","0","0","2","2","0","0","2","2","2","2","0","6","1","6","1","1","0","0","0","0","0","0","0","0","0","0","0","0","6","6","6","6","6","2","0","0","0","0","0","0","0","0","0","0","0","12/10/19 19:26:04","no","Matching Tasks","yes","no","","no","2_Orientation_PP_1.2.4_v7.osexp","C:\Users\memory lab\Dropbox\_!_Komputer_2\Object_Orientation_POL_001_komp_2","no","chinese-japanese-korean","no","18","no","#0000ff","no","Polish","yes","768","no","legacy","2","2","2","5","C:/Users/memory lab/Dropbox/_!_Komputer_2/Object_Orientation_POL_001_komp_2/2_Results_PP/2_PP_nrID_12.csv","legacy","no","Kafkaesque Koffka","3.2.8","yes","5a7ce671e83246000deafe81","yes","no","0","0","f","NA","NA","f","NA","NA","NA","NA","NA","space","NA","NA","NA","NA","NA","f","NA","NA","NA","NA","NA","space","NA","NA","NA","NA","NA","567","NA","NA","567","NA","NA","NA","NA","NA","2644","NA","NA","NA","NA","NA","674","NA","NA","NA","NA","NA","16711","NA","NA","NA","NA","NA","2","legacy","no","1024","2","48000","-16","EXP","12","even","no","no","NA","8963","2790","2791","7042","8953","8953","NA","NA","45683","49279","41316","25683","43029","49780","49277","8963","45683","49780","50348","NA","NA","25683","42992","29273","41314","29273","29273","25683","NA","NA","NA","NA","NA","43031","NA","NA","NA","NA","NA","41817","41817","42492","37253","28256","50848","NA","NA","NA","NA","NA","8964","NA","NA","NA","NA","NA","Orientation_PSA2018","9","10232","10","no","yes","1024"
"N","2843","V","H","PP_LIST1.csv","tireV.jpg","tireH.jpg","90.9090909091","90.9090909091","1018.45454545","1018.45454545","#ffffff","yes","legacy","legacy","legacy","0","uniform","1","1","undefined","1","undefined","6","j","0","0","0","0","0","0","0","NA","3","0","3","6","0","0","3","3","0","0","3","3","3","3","0","6","1","6","1","1","0","0","0","0","0","0","0","0","0","0","0","0","6","6","6","6","6","3","0","0","0","0","0","0","0","0","0","0","0","12/10/19 19:26:04","no","Matching Tasks","yes","no","","no","2_Orientation_PP_1.2.4_v7.osexp","C:\Users\memory lab\Dropbox\_!_Komputer_2\Object_Orientation_POL_001_komp_2","no","chinese-japanese-korean","no","18","no","#0000ff","no","Polish","yes","768","no","legacy","3","3","2","5","C:/Users/memory lab/Dropbox/_!_Komputer_2/Object_Orientation_POL_001_komp_2/2_Results_PP/2_PP_nrID_12.csv","legacy","no","Kafkaesque Koffka","3.2.8","yes","5a7ce671e83246000deafe81","yes","no","0","0","j","NA","NA","j","NA","NA","NA","NA","NA","space","NA","NA","NA","NA","NA","f","NA","NA","NA","NA","NA","space","NA","NA","NA","NA","NA","971","NA","NA","971","NA","NA","NA","NA","NA","2644","NA","NA","NA","NA","NA","674","NA","NA","NA","NA","NA","16711","NA","NA","NA","NA","NA","2","legacy","no","1024","2","48000","-16","EXP","12","even","no","no","NA","8963","2790","2791","7042","8953","8953","NA","NA","45683","50938","41316","25683","43029","51439","50937","8963","45683","51439","52412","NA","NA","25683","42992","29273","41314","29273","29273","25683","NA","NA","NA","NA","NA","43031","NA","NA","NA","NA","NA","41817","41817","42492","37253","28256","52912","NA","NA","NA","NA","NA","8964","NA","NA","NA","NA","NA","Orientation_PSA2018","10","11203","11","no","yes","1024"
"Y","2843","H","H","PP_LIST1.csv","axeH.jpg","axeH.jpg","91.6666666667","91.6666666667","990.5","990.5","#ffffff","yes","legacy","legacy","legacy","0","uniform","1","1","undefined","1","undefined","6","j","0","0","0","0","0","0","0","NA","4","0","4","6","0","0","4","4","0","0","4","4","4","4","0","6","1","6","1","1","0","0","0","0","0","0","0","0","0","0","0","0","6","6","6","6","6","4","0","0","0","0","0","0","0","0","0","0","0","12/10/19 19:26:04","no","Matching Tasks","yes","no","","no","2_Orientation_PP_1.2.4_v7.osexp","C:\Users\memory lab\Dropbox\_!_Komputer_2\Object_Orientation_POL_001_komp_2","no","chinese-japanese-korean","no","18","no","#0000ff","no","Polish","yes","768","no","legacy","4","4","2","5","C:/Users/memory lab/Dropbox/_!_Komputer_2/Object_Orientation_POL_001_komp_2/2_Results_PP/2_PP_nrID_12.csv","legacy","no","Kafkaesque Koffka","3.2.8","yes","5a7ce671e83246000deafe81","yes","no","0","0","j","NA","NA","j","NA","NA","NA","NA","NA","space","NA","NA","NA","NA","NA","f","NA","NA","NA","NA","NA","space","NA","NA","NA","NA","NA","683","NA","NA","683","NA","NA","NA","NA","NA","2644","NA","NA","NA","NA","NA","674","NA","NA","NA","NA","NA","16711","NA","NA","NA","NA","NA","2","legacy","no","1024","2","48000","-16","EXP","12","even","no","no","NA","8963","2790","2791","7042","8953","8953","NA","NA","45683","53003","41316","25683","43029","53504","53001","8963","45683","53504","54189","NA","NA","25683","42992","29273","41314","29273","29273","25683","NA","NA","NA","NA","NA","43031","NA","NA","NA","NA","NA","41817","41817","42492","37253","28256","54689","NA","NA","NA","NA","NA","8964","NA","NA","NA","NA","NA","Orientation_PSA2018","11","11886","12","no","yes","1024"
"N","2843","H","V","PP_LIST1.csv","glassH.jpg","glassV.jpg","92.3076923077","92.3076923077","964.307692308","964.307692308","#ffffff","yes","legacy","legacy","legacy","0","uniform","1","1","undefined","1","undefined","6","j","0","0","0","0","0","0","0","NA","5","0","5","6","0","0","5","5","0","0","5","5","5","5","0","6","1","6","1","1","0","0","0","0","0","0","0","0","0","0","0","0","6","6","6","6","6","5","0","0","0","0","0","0","0","0","0","0","0","12/10/19 19:26:04","no","Matching Tasks","yes","no","","no","2_Orientation_PP_1.2.4_v7.osexp","C:\Users\memory lab\Dropbox\_!_Komputer_2\Object_Orientation_POL_001_komp_2","no","chinese-japanese-korean","no","18","no","#0000ff","no","Polish","yes","768","no","legacy","5","5","2","5","C:/Users/memory lab/Dropbox/_!_Komputer_2/Object_Orientation_POL_001_komp_2/2_Results_PP/2_PP_nrID_12.csv","legacy","no","Kafkaesque Koffka","3.2.8","yes","5a7ce671e83246000deafe81","yes","no","0","0","j","NA","NA","j","NA","NA","NA","NA","NA","space","NA","NA","NA","NA","NA","f","NA","NA","NA","NA","NA","space","NA","NA","NA","NA","NA","650","NA","NA","650","NA","NA","NA","NA","NA","2644","NA","NA","NA","NA","NA","674","NA","NA","NA","NA","NA","16711","NA","NA","NA","NA","NA","2","legacy","no","1024","2","48000","-16","EXP","12","even","no","no","NA","8963","2790","2791","7042","8953","8953","NA","NA","45683","54780","41316","25683","43029","55281","54778","8963","45683","55281","55933","NA","NA","25683","42992","29273","41314","29273","29273","25683","NA","NA","NA","NA","NA","43031","NA","NA","NA","NA","NA","41817","41817","42492","37253","28256","56433","NA","NA","NA","NA","NA","8964","NA","NA","NA","NA","NA","Orientation_PSA2018","12","12536","13","no","yes","1024"
"N","2843","V","H","PP_LIST1.csv","screwV.jpg","screwH.jpg","92.8571428571","92.8571428571","952.571428571","952.571428571","#ffffff","yes","legacy","legacy","legacy","0","uniform","1","1","undefined","1","undefined","6","j","0","0","0","0","0","0","0","NA","6","0","6","6","0","0","6","6","0","0","6","6","6","6","0","6","1","6","1","1","0","0","0","0","0","0","0","0","0","0","0","0","6","6","6","6","6","6","0","0","0","0","0","0","0","0","0","0","0","12/10/19 19:26:04","no","Matching Tasks","yes","no","","no","2_Orientation_PP_1.2.4_v7.osexp","C:\Users\memory lab\Dropbox\_!_Komputer_2\Object_Orientation_POL_001_komp_2","no","chinese-japanese-korean","no","18","no","#0000ff","no","Polish","yes","768","no","legacy","6","6","2","5","C:/Users/memory lab/Dropbox/_!_Komputer_2/Object_Orientation_POL_001_komp_2/2_Results_PP/2_PP_nrID_12.csv","legacy","no","Kafkaesque Koffka","3.2.8","yes","5a7ce671e83246000deafe81","yes","no","0","0","j","NA","NA","j","NA","NA","NA","NA","NA","space","NA","NA","NA","NA","NA","f","NA","NA","NA","NA","NA","space","NA","NA","NA","NA","NA","800","NA","NA","800","NA","NA","NA","NA","NA","2644","NA","NA","NA","NA","NA","674","NA","NA","NA","NA","NA","16711","NA","NA","NA","NA","NA","2","legacy","no","1024","2","48000","-16","EXP","12","even","no","no","NA","8963","2790","2791","7042","8953","8953","NA","NA","45683","56518","41316","25683","43029","57019","56517","8963","45683","57019","57820","NA","NA","25683","42992","29273","41314","29273","29273","25683","NA","NA","NA","NA","NA","43031","NA","NA","NA","NA","NA","41817","41817","42492","37253","28256","58320","NA","NA","NA","NA","NA","8964","NA","NA","NA","NA","NA","Orientation_PSA2018","13","13336","14","no","yes","1024"
"F","2843","F","F","PP_LIST1.csv","knife.jpg","ladder.jpg","93.3333333333","93.3333333333","933.933333333","933.933333333","#ffffff","yes","legacy","legacy","legacy","0","uniform","1","1","undefined","1","undefined","6","f","0","0","0","0","0","0","0","NA","7","0","7","6","0","0","7","7","0","0","7","7","7","7","0","6","1","6","1","1","0","0","0","0","0","0","0","0","0","0","0","0","6","6","6","6","6","7","0","0","0","0","0","0","0","0","0","0","0","12/10/19 19:26:04","no","Matching Tasks","yes","no","","no","2_Orientation_PP_1.2.4_v7.osexp","C:\Users\memory lab\Dropbox\_!_Komputer_2\Object_Orientation_POL_001_komp_2","no","chinese-japanese-korean","no","18","no","#0000ff","no","Polish","yes","768","no","legacy","7","7","2","5","C:/Users/memory lab/Dropbox/_!_Komputer_2/Object_Orientation_POL_001_komp_2/2_Results_PP/2_PP_nrID_12.csv","legacy","no","Kafkaesque Koffka","3.2.8","yes","5a7ce671e83246000deafe81","yes","no","0","0","f","NA","NA","f","NA","NA","NA","NA","NA","space","NA","NA","NA","NA","NA","f","NA","NA","NA","NA","NA","space","NA","NA","NA","NA","NA","673","NA","NA","673","NA","NA","NA","NA","NA","2644","NA","NA","NA","NA","NA","674","NA","NA","NA","NA","NA","16711","NA","NA","NA","NA","NA","2","legacy","no","1024","2","48000","-16","EXP","12","even","no","no","NA","8963","2790","2791","7042","8953","8953","NA","NA","45683","58405","41316","25683","43029","58906","58404","8963","45683","58906","59581","NA","NA","25683","42992","29273","41314","29273","29273","25683","NA","NA","NA","NA","NA","43031","NA","NA","NA","NA","NA","41817","41817","42492","37253","28256","60081","NA","NA","NA","NA","NA","8964","NA","NA","NA","NA","NA","Orientation_PSA2018","14","14009","15","no","yes","1024"
"F","2843","F","F","PP_LIST1.csv","watch.jpg","skirt.jpg","93.75","93.75","912.5","912.5","#ffffff","yes","legacy","legacy","legacy","0","uniform","1","1","undefined","1","undefined","6","f","0","0","0","0","0","0","0","NA","8","0","8","6","0","0","8","8","0","0","8","8","8","8","0","6","1","6","1","1","0","0","0","0","0","0","0","0","0","0","0","0","6","6","6","6","6","8","0","0","0","0","0","0","0","0","0","0","0","12/10/19 19:26:04","no","Matching Tasks","yes","no","","no","2_Orientation_PP_1.2.4_v7.osexp","C:\Users\memory lab\Dropbox\_!_Komputer_2\Object_Orientation_POL_001_komp_2","no","chinese-japanese-korean","no","18","no","#0000ff","no","Polish","yes","768","no","legacy","8","8","2","5","C:/Users/memory lab/Dropbox/_!_Komputer_2/Object_Orientation_POL_001_komp_2/2_Results_PP/2_PP_nrID_12.csv","legacy","no","Kafkaesque Koffka","3.2.8","yes","5a7ce671e83246000deafe81","yes","no","0","0","f","NA","NA","f","NA","NA","NA","NA","NA","space","NA","NA","NA","NA","NA","f","NA","NA","NA","NA","NA","space","NA","NA","NA","NA","NA","591","NA","NA","591","NA","NA","NA","NA","NA","2644","NA","NA","NA","NA","NA","674","NA","NA","NA","NA","NA","16711","NA","NA","NA","NA","NA","2","legacy","no","1024","2","48000","-16","EXP","12","even","no","no","NA","8963","2790","2791","7042","8953","8953","NA","NA","45683","60167","41316","25683","43029","60668","60166","8963","45683","60668","61261","NA","NA","25683","42992","29273","41314","29273","29273","25683","NA","NA","NA","NA","NA","43031","NA","NA","NA","NA","NA","41817","41817","42492","37253","28256","61761","NA","NA","NA","NA","NA","8964","NA","NA","NA","NA","NA","Orientation_PSA2018","15","14600","16","no","yes","1024"
"N","2843","H","V","PP_LIST1.csv","ironH.jpg","ironV.jpg","94.1176470588","94.1176470588","907.647058824","907.647058824","#ffffff","yes","legacy","legacy","legacy","0","uniform","1","1","undefined","1","undefined","6","j","0","0","0","0","0","0","0","NA","9","0","9","6","0","0","9","9","0","0","9","9","9","9","0","6","1","6","1","1","0","0","0","0","0","0","0","0","0","0","0","0","6","6","6","6","6","9","0","0","0","0","0","0","0","0","0","0","0","12/10/19 19:26:04","no","Matching Tasks","yes","no","","no","2_Orientation_PP_1.2.4_v7.osexp","C:\Users\memory lab\Dropbox\_!_Komputer_2\Object_Orientation_POL_001_komp_2","no","chinese-japanese-korean","no","18","no","#0000ff","no","Polish","yes","768","no","legacy","9","9","2","5","C:/Users/memory lab/Dropbox/_!_Komputer_2/Object_Orientation_POL_001_komp_2/2_Results_PP/2_PP_nrID_12.csv","legacy","no","Kafkaesque Koffka","3.2.8","yes","5a7ce671e83246000deafe81","yes","no","0","0","j","NA","NA","j","NA","NA","NA","NA","NA","space","NA","NA","NA","NA","NA","f","NA","NA","NA","NA","NA","space","NA","NA","NA","NA","NA","830","NA","NA","830","NA","NA","NA","NA","NA","2644","NA","NA","NA","NA","NA","674","NA","NA","NA","NA","NA","16711","NA","NA","NA","NA","NA","2","legacy","no","1024","2","48000","-16","EXP","12","even","no","no","NA","8963","2790","2791","7042","8953","8953","NA","NA","45683","61848","41316","25683","43029","62349","61846","8963","45683","62349","63181","NA","NA","25683","42992","29273","41314","29273","29273","25683","NA","NA","NA","NA","NA","43031","NA","NA","NA","NA","NA","41817","41817","42492","37253","28256","63681","NA","NA","NA","NA","NA","8964","NA","NA","NA","NA","NA","Orientation_PSA2018","16","15430","17","no","yes","1024"
"N","2843","V","H","PP_LIST1.csv","saltV.jpg","saltH.jpg","94.4444444444","94.4444444444","903.333333333","903.333333333","#ffffff","yes","legacy","legacy","legacy","0","uniform","1","1","undefined","1","undefined","6","j","0","0","0","0","0","0","0","NA","10","0","10","6","0","0","10","10","0","0","10","10","10","10","0","6","1","6","1","1","0","0","0","0","0","0","0","0","0","0","0","0","6","6","6","6","6","10","0","0","0","0","0","0","0","0","0","0","0","12/10/19 19:26:04","no","Matching Tasks","yes","no","","no","2_Orientation_PP_1.2.4_v7.osexp","C:\Users\memory lab\Dropbox\_!_Komputer_2\Object_Orientation_POL_001_komp_2","no","chinese-japanese-korean","no","18","no","#0000ff","no","Polish","yes","768","no","legacy","10","10","2","5","C:/Users/memory lab/Dropbox/_!_Komputer_2/Object_Orientation_POL_001_komp_2/2_Results_PP/2_PP_nrID_12.csv","legacy","no","Kafkaesque Koffka","3.2.8","yes","5a7ce671e83246000deafe81","yes","no","0","0","j","NA","NA","j","NA","NA","NA","NA","NA","space","NA","NA","NA","NA","NA","f","NA","NA","NA","NA","NA","space","NA","NA","NA","NA","NA","830","NA","NA","830","NA","NA","NA","NA","NA","2644","NA","NA","NA","NA","NA","674","NA","NA","NA","NA","NA","16711","NA","NA","NA","NA","NA","2","legacy","no","1024","2","48000","-16","EXP","12","even","no","no","NA","8963","2790","2791","7042","8953","8953","NA","NA","45683","63768","41316","25683","43029","64269","63766","8963","45683","64269","65101","NA","NA","25683","42992","29273","41314","29273","29273","25683","NA","NA","NA","NA","NA","43031","NA","NA","NA","NA","NA","41817","41817","42492","37253","28256","65601","NA","NA","NA","NA","NA","8964","NA","NA","NA","NA","NA","Orientation_PSA2018","17","16260","18","no","yes","1024"
"Y","2843","H","H","PP_LIST1.csv","bookH.jpg","bookH.jpg","94.7368421053","94.7368421053","899.526315789","899.526315789","#ffffff","yes","legacy","legacy","legacy","0","uniform","1","1","undefined","1","undefined","6","j","0","0","0","0","0","0","0","NA","11","0","11","6","0","0","11","11","0","0","11","11","11","11","0","6","1","6","1","1","0","0","0","0","0","0","0","0","0","0","0","0","6","6","6","6","6","11","0","0","0","0","0","0","0","0","0","0","0","12/10/19 19:26:04","no","Matching Tasks","yes","no","","no","2_Orientation_PP_1.2.4_v7.osexp","C:\Users\memory lab\Dropbox\_!_Komputer_2\Object_Orientation_POL_001_komp_2","no","chinese-japanese-korean","no","18","no","#0000ff","no","Polish","yes","768","no","legacy","11","11","2","5","C:/Users/memory lab/Dropbox/_!_Komputer_2/Object_Orientation_POL_001_komp_2/2_Results_PP/2_PP_nrID_12.csv","legacy","no","Kafkaesque Koffka","3.2.8","yes","5a7ce671e83246000deafe81","yes","no","0","0","j","NA","NA","j","NA","NA","NA","NA","NA","space","NA","NA","NA","NA","NA","f","NA","NA","NA","NA","NA","space","NA","NA","NA","NA","NA","831","NA","NA","831","NA","NA","NA","NA","NA","2644","NA","NA","NA","NA","NA","674","NA","NA","NA","NA","NA","16711","NA","NA","NA","NA","NA","2","legacy","no","1024","2","48000","-16","EXP","12","even","no","no","NA","8963","2790","2791","7042","8953","8953","NA","NA","45683","65687","41316","25683","43029","66188","65686","8963","45683","66188","67021","NA","NA","25683","42992","29273","41314","29273","29273","25683","NA","NA","NA","NA","NA","43031","NA","NA","NA","NA","NA","41817","41817","42492","37253","28256","67521","NA","NA","NA","NA","NA","8964","NA","NA","NA","NA","NA","Orientation_PSA2018","18","17091","19","no","yes","1024"
"Y","2843","H","H","PP_LIST1.csv","bowlH.jpg","bowlH.jpg","95","95","891.65","891.65","#ffffff","yes","legacy","legacy","legacy","0","uniform","1","1","undefined","1","undefined","6","j","0","0","0","0","0","0","0","NA","12","0","12","6","0","0","12","12","0","0","12","12","12","12","0","6","1","6","1","1","0","0","0","0","0","0","0","0","0","0","0","0","6","6","6","6","6","12","0","0","0","0","0","0","0","0","0","0","0","12/10/19 19:26:04","no","Matching Tasks","yes","no","","no","2_Orientation_PP_1.2.4_v7.osexp","C:\Users\memory lab\Dropbox\_!_Komputer_2\Object_Orientation_POL_001_komp_2","no","chinese-japanese-korean","no","18","no","#0000ff","no","Polish","yes","768","no","legacy","12","12","2","5","C:/Users/memory lab/Dropbox/_!_Komputer_2/Object_Orientation_POL_001_komp_2/2_Results_PP/2_PP_nrID_12.csv","legacy","no","Kafkaesque Koffka","3.2.8","yes","5a7ce671e83246000deafe81","yes","no","0","0","j","NA","NA","j","NA","NA","NA","NA","NA","space","NA","NA","NA","NA","NA","f","NA","NA","NA","NA","NA","space","NA","NA","NA","NA","NA","742","NA","NA","742","NA","NA","NA","NA","NA","2644","NA","NA","NA","NA","NA","674","NA","NA","NA","NA","NA","16711","NA","NA","NA","NA","NA","2","legacy","no","1024","2","48000","-16","EXP","12","even","no","no","NA","8963","2790","2791","7042","8953","8953","NA","NA","45683","67615","41316","25683","43029","68116","67614","8963","45683","68116","68861","NA","NA","25683","42992","29273","41314","29273","29273","25683","NA","NA","NA","NA","NA","43031","NA","NA","NA","NA","NA","41817","41817","42492","37253","28256","69361","NA","NA","NA","NA","NA","8964","NA","NA","NA","NA","NA","Orientation_PSA2018","19","17833","20","no","yes","1024"
"F","2843","F","F","PP_LIST1.csv","wndmil.jpg","mitten.jpg","95.2380952381","95.2380952381","879.619047619","879.619047619","#ffffff","yes","legacy","legacy","legacy","0","uniform","1","1","undefined","1","undefined","6","f","0","0","0","0","0","0","0","NA","13","0","13","6","0","0","13","13","0","0","13","13","13","13","0","6","1","6","1","1","0","0","0","0","0","0","0","0","0","0","0","0","6","6","6","6","6","13","0","0","0","0","0","0","0","0","0","0","0","12/10/19 19:26:04","no","Matching Tasks","yes","no","","no","2_Orientation_PP_1.2.4_v7.osexp","C:\Users\memory lab\Dropbox\_!_Komputer_2\Object_Orientation_POL_001_komp_2","no","chinese-japanese-korean","no","18","no","#0000ff","no","Polish","yes","768","no","legacy","13","13","2","5","C:/Users/memory lab/Dropbox/_!_Komputer_2/Object_Orientation_POL_001_komp_2/2_Results_PP/2_PP_nrID_12.csv","legacy","no","Kafkaesque Koffka","3.2.8","yes","5a7ce671e83246000deafe81","yes","no","0","0","f","NA","NA","f","NA","NA","NA","NA","NA","space","NA","NA","NA","NA","NA","f","NA","NA","NA","NA","NA","space","NA","NA","NA","NA","NA","639","NA","NA","639","NA","NA","NA","NA","NA","2644","NA","NA","NA","NA","NA","674","NA","NA","NA","NA","NA","16711","NA","NA","NA","NA","NA","2","legacy","no","1024","2","48000","-16","EXP","12","even","no","no","NA","8963","2790","2791","7042","8953","8953","NA","NA","45683","69447","41316","25683","43029","69948","69445","8963","45683","69948","70588","NA","NA","25683","42992","29273","41314","29273","29273","25683","NA","NA","NA","NA","NA","43031","NA","NA","NA","NA","NA","41817","41817","42492","37253","28256","71088","NA","NA","NA","NA","NA","8964","NA","NA","NA","NA","NA","Orientation_PSA2018","20","18472","21","no","yes","1024"
"Y","2843","V","V","PP_LIST1.csv","fire_extinguisherV.jpg","fire_extinguisherV.jpg","95.4545454545","95.4545454545","868.363636364","868.363636364","#ffffff","yes","legacy","legacy","legacy","0","uniform","1","1","undefined","1","undefined","6","j","0","0","0","0","0","0","0","NA","14","0","14","6","0","0","14","14","0","0","14","14","14","14","0","6","1","6","1","1","0","0","0","0","0","0","0","0","0","0","0","0","6","6","6","6","6","14","0","0","0","0","0","0","0","0","0","0","0","12/10/19 19:26:04","no","Matching Tasks","yes","no","","no","2_Orientation_PP_1.2.4_v7.osexp","C:\Users\memory lab\Dropbox\_!_Komputer_2\Object_Orientation_POL_001_komp_2","no","chinese-japanese-korean","no","18","no","#0000ff","no","Polish","yes","768","no","legacy","14","14","2","5","C:/Users/memory lab/Dropbox/_!_Komputer_2/Object_Orientation_POL_001_komp_2/2_Results_PP/2_PP_nrID_12.csv","legacy","no","Kafkaesque Koffka","3.2.8","yes","5a7ce671e83246000deafe81","yes","no","0","0","j","NA","NA","j","NA","NA","NA","NA","NA","space","NA","NA","NA","NA","NA","f","NA","NA","NA","NA","NA","space","NA","NA","NA","NA","NA","632","NA","NA","632","NA","NA","NA","NA","NA","2644","NA","NA","NA","NA","NA","674","NA","NA","NA","NA","NA","16711","NA","NA","NA","NA","NA","2","legacy","no","1024","2","48000","-16","EXP","12","even","no","no","NA","8963","2790","2791","7042","8953","8953","NA","NA","45683","71181","41316","25683","43029","71683","71180","8963","45683","71683","72317","NA","NA","25683","42992","29273","41314","29273","29273","25683","NA","NA","NA","NA","NA","43031","NA","NA","NA","NA","NA","41817","41817","42492","37253","28256","72817","NA","NA","NA","NA","NA","8964","NA","NA","NA","NA","NA","Orientation_PSA2018","21","19104","22","no","yes","1024"
"F","2843","F","F","PP_LIST1.csv","pumpkin.jpg","trmpet.jpg","95.652173913","95.652173913","875.782608696","875.782608696","#ffffff","yes","legacy","legacy","legacy","0","uniform","1","1","undefined","1","undefined","6","f","0","0","0","0","0","0","0","NA","15","0","15","6","0","0","15","15","0","0","15","15","15","15","0","6","1","6","1","1","0","0","0","0","0","0","0","0","0","0","0","0","6","6","6","6","6","15","0","0","0","0","0","0","0","0","0","0","0","12/10/19 19:26:04","no","Matching Tasks","yes","no","","no","2_Orientation_PP_1.2.4_v7.osexp","C:\Users\memory lab\Dropbox\_!_Komputer_2\Object_Orientation_POL_001_komp_2","no","chinese-japanese-korean","no","18","no","#0000ff","no","Polish","yes","768","no","legacy","15","15","2","5","C:/Users/memory lab/Dropbox/_!_Komputer_2/Object_Orientation_POL_001_komp_2/2_Results_PP/2_PP_nrID_12.csv","legacy","no","Kafkaesque Koffka","3.2.8","yes","5a7ce671e83246000deafe81","yes","no","0","0","f","NA","NA","f","NA","NA","NA","NA","NA","space","NA","NA","NA","NA","NA","f","NA","NA","NA","NA","NA","space","NA","NA","NA","NA","NA","1039","NA","NA","1039","NA","NA","NA","NA","NA","2644","NA","NA","NA","NA","NA","674","NA","NA","NA","NA","NA","16711","NA","NA","NA","NA","NA","2","legacy","no","1024","2","48000","-16","EXP","12","even","no","no","NA","8963","2790","2791","7042","8953","8953","NA","NA","45683","72903","41316","25683","43029","73404","72902","8963","45683","73404","74444","NA","NA","25683","42992","29273","41314","29273","29273","25683","NA","NA","NA","NA","NA","43031","NA","NA","NA","NA","NA","41817","41817","42492","37253","28256","74944","NA","NA","NA","NA","NA","8964","NA","NA","NA","NA","NA","Orientation_PSA2018","22","20143","23","no","yes","1024"
"N","2843","V","H","PP_LIST1.csv","penV.jpg","penH.jpg","95.8333333333","95.8333333333","865.25","865.25","#ffffff","yes","legacy","legacy","legacy","0","uniform","1","1","undefined","1","undefined","6","j","0","0","0","0","0","0","0","NA","16","0","16","6","0","0","16","16","0","0","16","16","16","16","0","6","1","6","1","1","0","0","0","0","0","0","0","0","0","0","0","0","6","6","6","6","6","16","0","0","0","0","0","0","0","0","0","0","0","12/10/19 19:26:04","no","Matching Tasks","yes","no","","no","2_Orientation_PP_1.2.4_v7.osexp","C:\Users\memory lab\Dropbox\_!_Komputer_2\Object_Orientation_POL_001_komp_2","no","chinese-japanese-korean","no","18","no","#0000ff","no","Polish","yes","768","no","legacy","16","16","2","5","C:/Users/memory lab/Dropbox/_!_Komputer_2/Object_Orientation_POL_001_komp_2/2_Results_PP/2_PP_nrID_12.csv","legacy","no","Kafkaesque Koffka","3.2.8","yes","5a7ce671e83246000deafe81","yes","no","0","0","j","NA","NA","j","NA","NA","NA","NA","NA","space","NA","NA","NA","NA","NA","f","NA","NA","NA","NA","NA","space","NA","NA","NA","NA","NA","623","NA","NA","623","NA","NA","NA","NA","NA","2644","NA","NA","NA","NA","NA","674","NA","NA","NA","NA","NA","16711","NA","NA","NA","NA","NA","2","legacy","no","1024","2","48000","-16","EXP","12","even","no","no","NA","8963","2790","2791","7042","8953","8953","NA","NA","45683","75031","41316","25683","43029","75532","75029","8963","45683","75532","76157","NA","NA","25683","42992","29273","41314","29273","29273","25683","NA","NA","NA","NA","NA","43031","NA","NA","NA","NA","NA","41817","41817","42492","37253","28256","76657","NA","NA","NA","NA","NA","8964","NA","NA","NA","NA","NA","Orientation_PSA2018","23","20766","24","no","yes","1024"
"F","2843","F","F","PP_LIST1.csv","umberella.jpg","flower.jpg","96","96","856.92","856.92","#ffffff","yes","legacy","legacy","legacy","0","uniform","1","1","undefined","1","undefined","6","f","0","0","0","0","0","0","0","NA","17","0","17","6","0","0","17","17","0","0","17","17","17","17","0","6","1","6","1","1","0","0","0","0","0","0","0","0","0","0","0","0","6","6","6","6","6","17","0","0","0","0","0","0","0","0","0","0","0","12/10/19 19:26:04","no","Matching Tasks","yes","no","","no","2_Orientation_PP_1.2.4_v7.osexp","C:\Users\memory lab\Dropbox\_!_Komputer_2\Object_Orientation_POL_001_komp_2","no","chinese-japanese-korean","no","18","no","#0000ff","no","Polish","yes","768","no","legacy","17","17","2","5","C:/Users/memory lab/Dropbox/_!_Komputer_2/Object_Orientation_POL_001_komp_2/2_Results_PP/2_PP_nrID_12.csv","legacy","no","Kafkaesque Koffka","3.2.8","yes","5a7ce671e83246000deafe81","yes","no","0","0","f","NA","NA","f","NA","NA","NA","NA","NA","space","NA","NA","NA","NA","NA","f","NA","NA","NA","NA","NA","space","NA","NA","NA","NA","NA","657","NA","NA","657","NA","NA","NA","NA","NA","2644","NA","NA","NA","NA","NA","674","NA","NA","NA","NA","NA","16711","NA","NA","NA","NA","NA","2","legacy","no","1024","2","48000","-16","EXP","12","even","no","no","NA","8963","2790","2791","7042","8953","8953","NA","NA","45683","76741","41316","25683","43029","77242","76740","8963","45683","77242","77901","NA","NA","25683","42992","29273","41314","29273","29273","25683","NA","NA","NA","NA","NA","43031","NA","NA","NA","NA","NA","41817","41817","42492","37253","28256","78401","NA","NA","NA","NA","NA","8964","NA","NA","NA","NA","NA","Orientation_PSA2018","24","21423","25","no","yes","1024"
"F","2843","F","F","PP_LIST1.csv","skirt.jpg","tlphon.jpg","96.1538461538","96.1538461538","851.230769231","851.230769231","#ffffff","yes","legacy","legacy","legacy","0","uniform","1","1","undefined","1","undefined","6","f","0","0","0","0","0","0","0","NA","18","0","18","6","0","0","18","18","0","0","18","18","18","18","0","6","1","6","1","1","0","0","0","0","0","0","0","0","0","0","0","0","6","6","6","6","6","18","0","0","0","0","0","0","0","0","0","0","0","12/10/19 19:26:04","no","Matching Tasks","yes","no","","no","2_Orientation_PP_1.2.4_v7.osexp","C:\Users\memory lab\Dropbox\_!_Komputer_2\Object_Orientation_POL_001_komp_2","no","chinese-japanese-korean","no","18","no","#0000ff","no","Polish","yes","768","no","legacy","18","18","2","5","C:/Users/memory lab/Dropbox/_!_Komputer_2/Object_Orientation_POL_001_komp_2/2_Results_PP/2_PP_nrID_12.csv","legacy","no","Kafkaesque Koffka","3.2.8","yes","5a7ce671e83246000deafe81","yes","no","0","0","f","NA","NA","f","NA","NA","NA","NA","NA","space","NA","NA","NA","NA","NA","f","NA","NA","NA","NA","NA","space","NA","NA","NA","NA","NA","709","NA","NA","709","NA","NA","NA","NA","NA","2644","NA","NA","NA","NA","NA","674","NA","NA","NA","NA","NA","16711","NA","NA","NA","NA","NA","2","legacy","no","1024","2","48000","-16","EXP","12","even","no","no","NA","8963","2790","2791","7042","8953","8953","NA","NA","45683","78494","41316","25683","43029","78998","78493","8963","45683","78998","79710","NA","NA","25683","42992","29273","41314","29273","29273","25683","NA","NA","NA","NA","NA","43031","NA","NA","NA","NA","NA","41817","41817","42492","37253","28256","80210","NA","NA","NA","NA","NA","8964","NA","NA","NA","NA","NA","Orientation_PSA2018","25","22132","26","no","yes","1024"
"F","2843","F","F","PP_LIST1.csv","house.jpg","ring.jpg","96.2962962963","96.2962962963","851.666666667","851.666666667","#ffffff","yes","legacy","legacy","legacy","0","uniform","1","1","undefined","1","undefined","6","f","0","0","0","0","0","0","0","NA","19","0","19","6","0","0","19","19","0","0","19","19","19","19","0","6","1","6","1","1","0","0","0","0","0","0","0","0","0","0","0","0","6","6","6","6","6","19","0","0","0","0","0","0","0","0","0","0","0","12/10/19 19:26:04","no","Matching Tasks","yes","no","","no","2_Orientation_PP_1.2.4_v7.osexp","C:\Users\memory lab\Dropbox\_!_Komputer_2\Object_Orientation_POL_001_komp_2","no","chinese-japanese-korean","no","18","no","#0000ff","no","Polish","yes","768","no","legacy","19","19","2","5","C:/Users/memory lab/Dropbox/_!_Komputer_2/Object_Orientation_POL_001_komp_2/2_Results_PP/2_PP_nrID_12.csv","legacy","no","Kafkaesque Koffka","3.2.8","yes","5a7ce671e83246000deafe81","yes","no","0","0","f","NA","NA","f","NA","NA","NA","NA","NA","space","NA","NA","NA","NA","NA","f","NA","NA","NA","NA","NA","space","NA","NA","NA","NA","NA","863","NA","NA","863","NA","NA","NA","NA","NA","2644","NA","NA","NA","NA","NA","674","NA","NA","NA","NA","NA","16711","NA","NA","NA","NA","NA","2","legacy","no","1024","2","48000","-16","EXP","12","even","no","no","NA","8963","2790","2791","7042","8953","8953","NA","NA","45683","80295","41316","25683","43029","80796","80294","8963","45683","80796","81661","NA","NA","25683","42992","29273","41314","29273","29273","25683","NA","NA","NA","NA","NA","43031","NA","NA","NA","NA","NA","41817","41817","42492","37253","28256","82161","NA","NA","NA","NA","NA","8964","NA","NA","NA","NA","NA","Orientation_PSA2018","26","22995","27","no","yes","1024"
"Y","2843","V","V","PP_LIST1.csv","clothespinV.jpg","clothespinV.jpg","96.4285714286","96.4285714286","842.964285714","842.964285714","#ffffff","yes","legacy","legacy","legacy","0","uniform","1","1","undefined","1","undefined","6","j","0","0","0","0","0","0","0","NA","20","0","20","6","0","0","20","20","0","0","20","20","20","20","0","6","1","6","1","1","0","0","0","0","0","0","0","0","0","0","0","0","6","6","6","6","6","20","0","0","0","0","0","0","0","0","0","0","0","12/10/19 19:26:04","no","Matching Tasks","yes","no","","no","2_Orientation_PP_1.2.4_v7.osexp","C:\Users\memory lab\Dropbox\_!_Komputer_2\Object_Orientation_POL_001_komp_2","no","chinese-japanese-korean","no","18","no","#0000ff","no","Polish","yes","768","no","legacy","20","20","2","5","C:/Users/memory lab/Dropbox/_!_Komputer_2/Object_Orientation_POL_001_komp_2/2_Results_PP/2_PP_nrID_12.csv","legacy","no","Kafkaesque Koffka","3.2.8","yes","5a7ce671e83246000deafe81","yes","no","0","0","j","NA","NA","j","NA","NA","NA","NA","NA","space","NA","NA","NA","NA","NA","f","NA","NA","NA","NA","NA","space","NA","NA","NA","NA","NA","608","NA","NA","608","NA","NA","NA","NA","NA","2644","NA","NA","NA","NA","NA","674","NA","NA","NA","NA","NA","16711","NA","NA","NA","NA","NA","2","legacy","no","1024","2","48000","-16","EXP","12","even","no","no","NA","8963","2790","2791","7042","8953","8953","NA","NA","45683","82262","41316","25683","43029","82763","82260","8963","45683","82763","83373","NA","NA","25683","42992","29273","41314","29273","29273","25683","NA","NA","NA","NA","NA","43031","NA","NA","NA","NA","NA","41817","41817","42492","37253","28256","83873","NA","NA","NA","NA","NA","8964","NA","NA","NA","NA","NA","Orientation_PSA2018","27","23603","28","no","yes","1024"
"Y","2843","V","V","PP_LIST1.csv","flashV.jpg","flashV.jpg","96.5517241379","96.5517241379","848.517241379","848.517241379","#ffffff","yes","legacy","legacy","legacy","0","uniform","1","1","undefined","1","undefined","6","j","0","0","0","0","0","0","0","NA","21","0","21","6","0","0","21","21","0","0","21","21","21","21","0","6","1","6","1","1","0","0","0","0","0","0","0","0","0","0","0","0","6","6","6","6","6","21","0","0","0","0","0","0","0","0","0","0","0","12/10/19 19:26:04","no","Matching Tasks","yes","no","","no","2_Orientation_PP_1.2.4_v7.osexp","C:\Users\memory lab\Dropbox\_!_Komputer_2\Object_Orientation_POL_001_komp_2","no","chinese-japanese-korean","no","18","no","#0000ff","no","Polish","yes","768","no","legacy","21","21","2","5","C:/Users/memory lab/Dropbox/_!_Komputer_2/Object_Orientation_POL_001_komp_2/2_Results_PP/2_PP_nrID_12.csv","legacy","no","Kafkaesque Koffka","3.2.8","yes","5a7ce671e83246000deafe81","yes","no","0","0","j","NA","NA","j","NA","NA","NA","NA","NA","space","NA","NA","NA","NA","NA","f","NA","NA","NA","NA","NA","space","NA","NA","NA","NA","NA","1004","NA","NA","1004","NA","NA","NA","NA","NA","2644","NA","NA","NA","NA","NA","674","NA","NA","NA","NA","NA","16711","NA","NA","NA","NA","NA","2","legacy","no","1024","2","48000","-16","EXP","12","even","no","no","NA","8963","2790","2791","7042","8953","8953","NA","NA","45683","83962","41316","25683","43029","84463","83961","8963","45683","84463","85469","NA","NA","25683","42992","29273","41314","29273","29273","25683","NA","NA","NA","NA","NA","43031","NA","NA","NA","NA","NA","41817","41817","42492","37253","28256","85969","NA","NA","NA","NA","NA","8964","NA","NA","NA","NA","NA","Orientation_PSA2018","28","24607","29","no","yes","1024"
"F","2843","F","F","PP_LIST1.csv","trmpet.jpg","tapedispenser.jpg","96.6666666667","96.6666666667","838.933333333","838.933333333","#ffffff","yes","legacy","legacy","legacy","0","uniform","1","1","undefined","1","undefined","6","f","0","0","0","0","0","0","0","NA","22","0","22","6","0","0","22","22","0","0","22","22","22","22","0","6","1","6","1","1","0","0","0","0","0","0","0","0","0","0","0","0","6","6","6","6","6","22","0","0","0","0","0","0","0","0","0","0","0","12/10/19 19:26:04","no","Matching Tasks","yes","no","","no","2_Orientation_PP_1.2.4_v7.osexp","C:\Users\memory lab\Dropbox\_!_Komputer_2\Object_Orientation_POL_001_komp_2","no","chinese-japanese-korean","no","18","no","#0000ff","no","Polish","yes","768","no","legacy","22","22","2","5","C:/Users/memory lab/Dropbox/_!_Komputer_2/Object_Orientation_POL_001_komp_2/2_Results_PP/2_PP_nrID_12.csv","legacy","no","Kafkaesque Koffka","3.2.8","yes","5a7ce671e83246000deafe81","yes","no","0","0","f","NA","NA","f","NA","NA","NA","NA","NA","space","NA","NA","NA","NA","NA","f","NA","NA","NA","NA","NA","space","NA","NA","NA","NA","NA","561","NA","NA","561","NA","NA","NA","NA","NA","2644","NA","NA","NA","NA","NA","674","NA","NA","NA","NA","NA","16711","NA","NA","NA","NA","NA","2","legacy","no","1024","2","48000","-16","EXP","12","even","no","no","NA","8963","2790","2791","7042","8953","8953","NA","NA","45683","86053","41316","25683","43029","86554","86052","8963","45683","86554","87117","NA","NA","25683","42992","29273","41314","29273","29273","25683","NA","NA","NA","NA","NA","43031","NA","NA","NA","NA","NA","41817","41817","42492","37253","28256","87617","NA","NA","NA","NA","NA","8964","NA","NA","NA","NA","NA","Orientation_PSA2018","29","25168","30","no","yes","1024"
"N","2843","V","H","PP_LIST1.csv","scssorV.jpg","scssorH.jpg","96.7741935484","96.7741935484","836.290322581","836.290322581","#ffffff","yes","legacy","legacy","legacy","0","uniform","1","1","undefined","1","undefined","6","j","0","0","0","0","0","0","0","NA","23","0","23","6","0","0","23","23","0","0","23","23","23","23","0","6","1","6","1","1","0","0","0","0","0","0","0","0","0","0","0","0","6","6","6","6","6","23","0","0","0","0","0","0","0","0","0","0","0","12/10/19 19:26:04","no","Matching Tasks","yes","no","","no","2_Orientation_PP_1.2.4_v7.osexp","C:\Users\memory lab\Dropbox\_!_Komputer_2\Object_Orientation_POL_001_komp_2","no","chinese-japanese-korean","no","18","no","#0000ff","no","Polish","yes","768","no","legacy","23","23","2","5","C:/Users/memory lab/Dropbox/_!_Komputer_2/Object_Orientation_POL_001_komp_2/2_Results_PP/2_PP_nrID_12.csv","legacy","no","Kafkaesque Koffka","3.2.8","yes","5a7ce671e83246000deafe81","yes","no","0","0","j","NA","NA","j","NA","NA","NA","NA","NA","space","NA","NA","NA","NA","NA","f","NA","NA","NA","NA","NA","space","NA","NA","NA","NA","NA","757","NA","NA","757","NA","NA","NA","NA","NA","2644","NA","NA","NA","NA","NA","674","NA","NA","NA","NA","NA","16711","NA","NA","NA","NA","NA","2","legacy","no","1024","2","48000","-16","EXP","12","even","no","no","NA","8963","2790","2791","7042","8953","8953","NA","NA","45683","87713","41316","25683","43029","88214","87711","8963","45683","88214","88973","NA","NA","25683","42992","29273","41314","29273","29273","25683","NA","NA","NA","NA","NA","43031","NA","NA","NA","NA","NA","41817","41817","42492","37253","28256","89473","NA","NA","NA","NA","NA","8964","NA","NA","NA","NA","NA","Orientation_PSA2018","30","25925","31","no","yes","1024"
"F","2843","F","F","PP_LIST1.csv","tiger.jpg","wndmil.jpg","100","100","698","698","#ffffff","yes","legacy","legacy","legacy","0","uniform","1","1","undefined","1","undefined","6","f","0","0","0","0","0","0","0","0","24","0","24","6","0","0","24","24","0","0","24","24","24","24","0","6","1","6","1","1","0","0","0","0","0","0","0","0","0","0","0","0","6","6","6","6","6","24","0","0","0","0","0","0","0","0","0","0","0","12/10/19 19:26:04","no","Matching Tasks","yes","no","","no","2_Orientation_PP_1.2.4_v7.osexp","C:\Users\memory lab\Dropbox\_!_Komputer_2\Object_Orientation_POL_001_komp_2","no","chinese-japanese-korean","no","18","no","#0000ff","no","Polish","yes","768","no","legacy","24","24","2","5","C:/Users/memory lab/Dropbox/_!_Komputer_2/Object_Orientation_POL_001_komp_2/2_Results_PP/2_PP_nrID_12.csv","legacy","no","Kafkaesque Koffka","3.2.8","yes","5a7ce671e83246000deafe81","yes","no","0","0","f","space","NA","f","NA","NA","NA","NA","NA","space","NA","NA","NA","NA","NA","f","NA","NA","NA","NA","NA","space","NA","NA","NA","NA","NA","698","1994","NA","698","NA","NA","NA","NA","NA","2644","NA","NA","NA","NA","NA","674","NA","NA","NA","NA","NA","16711","NA","NA","NA","NA","NA","2","legacy","no","1024","2","48000","-16","EXP","12","even","no","no","NA","8963","2790","2791","7042","8953","8953","89521","NA","45683","91596","41316","25683","43029","92097","91595","8963","45683","92097","92797","NA","NA","25683","42992","29273","41314","29273","29273","25683","NA","NA","NA","NA","NA","43031","NA","NA","NA","NA","NA","41817","41817","42492","37253","28256","93297","NA","NA","NA","NA","NA","8964","NA","NA","NA","NA","NA","Orientation_PSA2018","1","698","1","no","yes","1024"
"F","2843","F","F","PP_LIST1.csv","ring.jpg","stove.jpg","100","100","708.5","708.5","#ffffff","yes","legacy","legacy","legacy","0","uniform","1","1","undefined","1","undefined","6","f","0","0","0","0","0","0","0","0","25","0","25","6","0","0","25","25","0","0","25","25","25","25","0","6","1","6","1","1","0","0","0","0","0","0","0","0","0","0","0","0","6","6","6","6","6","25","0","0","0","0","0","0","0","0","0","0","0","12/10/19 19:26:04","no","Matching Tasks","yes","no","","no","2_Orientation_PP_1.2.4_v7.osexp","C:\Users\memory lab\Dropbox\_!_Komputer_2\Object_Orientation_POL_001_komp_2","no","chinese-japanese-korean","no","18","no","#0000ff","no","Polish","yes","768","no","legacy","25","25","2","5","C:/Users/memory lab/Dropbox/_!_Komputer_2/Object_Orientation_POL_001_komp_2/2_Results_PP/2_PP_nrID_12.csv","legacy","no","Kafkaesque Koffka","3.2.8","yes","5a7ce671e83246000deafe81","yes","no","0","0","f","space","NA","f","NA","NA","NA","NA","NA","space","NA","NA","NA","NA","NA","f","NA","NA","NA","NA","NA","space","NA","NA","NA","NA","NA","719","1994","NA","719","NA","NA","NA","NA","NA","2644","NA","NA","NA","NA","NA","674","NA","NA","NA","NA","NA","16711","NA","NA","NA","NA","NA","2","legacy","no","1024","2","48000","-16","EXP","12","even","no","no","NA","8963","2790","2791","7042","8953","8953","89521","NA","45683","93383","41316","25683","43029","93884","93382","8963","45683","93884","94604","NA","NA","25683","42992","29273","41314","29273","29273","25683","NA","NA","NA","NA","NA","43031","NA","NA","NA","NA","NA","41817","41817","42492","37253","28256","95104","NA","NA","NA","NA","NA","8964","NA","NA","NA","NA","NA","Orientation_PSA2018","2","1417","2","no","yes","1024"
"F","2843","F","F","PP_LIST1.csv","ftball.jpg","nut.jpg","100","100","814.666666667","814.666666667","#ffffff","yes","legacy","legacy","legacy","0","uniform","1","1","undefined","1","undefined","6","f","0","0","0","0","0","0","0","0","26","0","26","6","0","0","26","26","0","0","26","26","26","26","0","6","1","6","1","1","0","0","0","0","0","0","0","0","0","0","0","0","6","6","6","6","6","26","0","0","0","0","0","0","0","0","0","0","0","12/10/19 19:26:04","no","Matching Tasks","yes","no","","no","2_Orientation_PP_1.2.4_v7.osexp","C:\Users\memory lab\Dropbox\_!_Komputer_2\Object_Orientation_POL_001_komp_2","no","chinese-japanese-korean","no","18","no","#0000ff","no","Polish","yes","768","no","legacy","26","26","2","5","C:/Users/memory lab/Dropbox/_!_Komputer_2/Object_Orientation_POL_001_komp_2/2_Results_PP/2_PP_nrID_12.csv","legacy","no","Kafkaesque Koffka","3.2.8","yes","5a7ce671e83246000deafe81","yes","no","0","0","f","space","NA","f","NA","NA","NA","NA","NA","space","NA","NA","NA","NA","NA","f","NA","NA","NA","NA","NA","space","NA","NA","NA","NA","NA","1027","1994","NA","1027","NA","NA","NA","NA","NA","2644","NA","NA","NA","NA","NA","674","NA","NA","NA","NA","NA","16711","NA","NA","NA","NA","NA","2","legacy","no","1024","2","48000","-16","EXP","12","even","no","no","NA","8963","2790","2791","7042","8953","8953","89521","NA","45683","95187","41316","25683","43029","95688","95185","8963","45683","95688","96717","NA","NA","25683","42992","29273","41314","29273","29273","25683","NA","NA","NA","NA","NA","43031","NA","NA","NA","NA","NA","41817","41817","42492","37253","28256","97217","NA","NA","NA","NA","NA","8964","NA","NA","NA","NA","NA","Orientation_PSA2018","3","2444","3","no","yes","1024"
"F","2843","F","F","PP_LIST1.csv","mitten.jpg","needle.jpg","100","100","793.5","793.5","#ffffff","yes","legacy","legacy","legacy","0","uniform","1","1","undefined","1","undefined","6","f","0","0","0","0","0","0","0","0","27","0","27","6","0","0","27","27","0","0","27","27","27","27","0","6","1","6","1","1","0","0","0","0","0","0","0","0","0","0","0","0","6","6","6","6","6","27","0","0","0","0","0","0","0","0","0","0","0","12/10/19 19:26:04","no","Matching Tasks","yes","no","","no","2_Orientation_PP_1.2.4_v7.osexp","C:\Users\memory lab\Dropbox\_!_Komputer_2\Object_Orientation_POL_001_komp_2","no","chinese-japanese-korean","no","18","no","#0000ff","no","Polish","yes","768","no","legacy","27","27","2","5","C:/Users/memory lab/Dropbox/_!_Komputer_2/Object_Orientation_POL_001_komp_2/2_Results_PP/2_PP_nrID_12.csv","legacy","no","Kafkaesque Koffka","3.2.8","yes","5a7ce671e83246000deafe81","yes","no","0","0","f","space","NA","f","NA","NA","NA","NA","NA","space","NA","NA","NA","NA","NA","f","NA","NA","NA","NA","NA","space","NA","NA","NA","NA","NA","730","1994","NA","730","NA","NA","NA","NA","NA","2644","NA","NA","NA","NA","NA","674","NA","NA","NA","NA","NA","16711","NA","NA","NA","NA","NA","2","legacy","no","1024","2","48000","-16","EXP","12","even","no","no","NA","8963","2790","2791","7042","8953","8953","89521","NA","45683","97305","41316","25683","43029","97808","97304","8963","45683","97809","98541","NA","NA","25683","42992","29273","41314","29273","29273","25683","NA","NA","NA","NA","NA","43031","NA","NA","NA","NA","NA","41817","41817","42492","37253","28256","99041","NA","NA","NA","NA","NA","8964","NA","NA","NA","NA","NA","Orientation_PSA2018","4","3174","4","no","yes","1024"
"F","2843","F","F","PP_LIST1.csv","ladder.jpg","house.jpg","100","100","768.8","768.8","#ffffff","yes","legacy","legacy","legacy","0","uniform","1","1","undefined","1","undefined","6","f","0","0","0","0","0","0","0","0","28","0","28","6","0","0","28","28","0","0","28","28","28","28","0","6","1","6","1","1","0","0","0","0","0","0","0","0","0","0","0","0","6","6","6","6","6","28","0","0","0","0","0","0","0","0","0","0","0","12/10/19 19:26:04","no","Matching Tasks","yes","no","","no","2_Orientation_PP_1.2.4_v7.osexp","C:\Users\memory lab\Dropbox\_!_Komputer_2\Object_Orientation_POL_001_komp_2","no","chinese-japanese-korean","no","18","no","#0000ff","no","Polish","yes","768","no","legacy","28","28","2","5","C:/Users/memory lab/Dropbox/_!_Komputer_2/Object_Orientation_POL_001_komp_2/2_Results_PP/2_PP_nrID_12.csv","legacy","no","Kafkaesque Koffka","3.2.8","yes","5a7ce671e83246000deafe81","yes","no","0","0","f","space","NA","f","NA","NA","NA","NA","NA","space","NA","NA","NA","NA","NA","f","NA","NA","NA","NA","NA","space","NA","NA","NA","NA","NA","670","1994","NA","670","NA","NA","NA","NA","NA","2644","NA","NA","NA","NA","NA","674","NA","NA","NA","NA","NA","16711","NA","NA","NA","NA","NA","2","legacy","no","1024","2","48000","-16","EXP","12","even","no","no","NA","8963","2790","2791","7042","8953","8953","89521","NA","45683","99128","41316","25683","43029","99629","99126","8963","45683","99629","100300","NA","NA","25683","42992","29273","41314","29273","29273","25683","NA","NA","NA","NA","NA","43031","NA","NA","NA","NA","NA","41817","41817","42492","37253","28256","100800","NA","NA","NA","NA","NA","8964","NA","NA","NA","NA","NA","Orientation_PSA2018","5","3844","5","no","yes","1024"
"N","2843","V","H","PP_LIST1.csv","plateV.jpg","plateH.jpg","100","100","763.333333333","763.333333333","#ffffff","yes","legacy","legacy","legacy","0","uniform","1","1","undefined","1","undefined","6","j","0","0","0","0","0","0","0","0","29","0","29","6","0","0","29","29","0","0","29","29","29","29","0","6","1","6","1","1","0","0","0","0","0","0","0","0","0","0","0","0","6","6","6","6","6","29","0","0","0","0","0","0","0","0","0","0","0","12/10/19 19:26:04","no","Matching Tasks","yes","no","","no","2_Orientation_PP_1.2.4_v7.osexp","C:\Users\memory lab\Dropbox\_!_Komputer_2\Object_Orientation_POL_001_komp_2","no","chinese-japanese-korean","no","18","no","#0000ff","no","Polish","yes","768","no","legacy","29","29","2","5","C:/Users/memory lab/Dropbox/_!_Komputer_2/Object_Orientation_POL_001_komp_2/2_Results_PP/2_PP_nrID_12.csv","legacy","no","Kafkaesque Koffka","3.2.8","yes","5a7ce671e83246000deafe81","yes","no","0","0","j","space","NA","j","NA","NA","NA","NA","NA","space","NA","NA","NA","NA","NA","f","NA","NA","NA","NA","NA","space","NA","NA","NA","NA","NA","736","1994","NA","736","NA","NA","NA","NA","NA","2644","NA","NA","NA","NA","NA","674","NA","NA","NA","NA","NA","16711","NA","NA","NA","NA","NA","2","legacy","no","1024","2","48000","-16","EXP","12","even","no","no","NA","8963","2790","2791","7042","8953","8953","89521","NA","45683","100898","41316","25683","43029","101401","100896","8963","45683","101402","102140","NA","NA","25683","42992","29273","41314","29273","29273","25683","NA","NA","NA","NA","NA","43031","NA","NA","NA","NA","NA","41817","41817","42492","37253","28256","102640","NA","NA","NA","NA","NA","8964","NA","NA","NA","NA","NA","Orientation_PSA2018","6","4580","6","no","yes","1024"
"Y","2843","H","H","PP_LIST1.csv","batH.jpg","batH.jpg","100","100","753.571428571","753.571428571","#ffffff","yes","legacy","legacy","legacy","0","uniform","1","1","undefined","1","undefined","6","j","0","0","0","0","0","0","0","0","30","0","30","6","0","0","30","30","0","0","30","30","30","30","0","6","1","6","1","1","0","0","0","0","0","0","0","0","0","0","0","0","6","6","6","6","6","30","0","0","0","0","0","0","0","0","0","0","0","12/10/19 19:26:04","no","Matching Tasks","yes","no","","no","2_Orientation_PP_1.2.4_v7.osexp","C:\Users\memory lab\Dropbox\_!_Komputer_2\Object_Orientation_POL_001_komp_2","no","chinese-japanese-korean","no","18","no","#0000ff","no","Polish","yes","768","no","legacy","30","30","2","5","C:/Users/memory lab/Dropbox/_!_Komputer_2/Object_Orientation_POL_001_komp_2/2_Results_PP/2_PP_nrID_12.csv","legacy","no","Kafkaesque Koffka","3.2.8","yes","5a7ce671e83246000deafe81","yes","no","0","0","j","space","NA","j","NA","NA","NA","NA","NA","space","NA","NA","NA","NA","NA","f","NA","NA","NA","NA","NA","space","NA","NA","NA","NA","NA","695","1994","NA","695","NA","NA","NA","NA","NA","2644","NA","NA","NA","NA","NA","674","NA","NA","NA","NA","NA","16711","NA","NA","NA","NA","NA","2","legacy","no","1024","2","48000","-16","EXP","12","even","no","no","NA","8963","2790","2791","7042","8953","8953","89521","NA","45683","102732","41316","25683","43029","103236","102730","8963","45683","103236","103933","NA","NA","25683","42992","29273","41314","29273","29273","25683","NA","NA","NA","NA","NA","43031","NA","NA","NA","NA","NA","41817","41817","42492","37253","28256","104433","NA","NA","NA","NA","NA","8964","NA","NA","NA","NA","NA","Orientation_PSA2018","7","5275","7","no","yes","1024"
"N","2843","H","V","PP_LIST1.csv","keyH.jpg","keyV.jpg","87.5","87.5","745","745","#ffffff","yes","legacy","legacy","legacy","0","uniform","0","0","undefined","1","undefined","6","j","0","0","0","0","0","0","0","0","31","0","31","6","0","0","31","31","0","0","31","31","31","31","0","6","1","6","1","1","0","0","0","0","0","0","0","0","0","0","0","0","6","6","6","6","6","31","0","0","0","0","0","0","0","0","0","0","0","12/10/19 19:26:04","no","Matching Tasks","yes","no","","no","2_Orientation_PP_1.2.4_v7.osexp","C:\Users\memory lab\Dropbox\_!_Komputer_2\Object_Orientation_POL_001_komp_2","no","chinese-japanese-korean","no","18","no","#0000ff","no","Polish","yes","768","no","legacy","31","31","2","5","C:/Users/memory lab/Dropbox/_!_Komputer_2/Object_Orientation_POL_001_komp_2/2_Results_PP/2_PP_nrID_12.csv","legacy","no","Kafkaesque Koffka","3.2.8","yes","5a7ce671e83246000deafe81","yes","no","0","0","f","space","NA","f","NA","NA","NA","NA","NA","space","NA","NA","NA","NA","NA","f","NA","NA","NA","NA","NA","space","NA","NA","NA","NA","NA","685","1994","NA","685","NA","NA","NA","NA","NA","2644","NA","NA","NA","NA","NA","674","NA","NA","NA","NA","NA","16711","NA","NA","NA","NA","NA","2","legacy","no","1024","2","48000","-16","EXP","12","even","no","no","NA","8963","2790","2791","7042","8953","8953","89521","NA","45683","104518","41316","25683","43029","105022","104517","8963","45683","105022","103933","NA","105709","25683","42992","29273","41314","29273","29273","25683","NA","NA","NA","NA","NA","43031","NA","NA","NA","NA","NA","41817","41817","42492","37253","28256","106209","NA","NA","NA","NA","NA","8964","NA","NA","NA","NA","NA","Orientation_PSA2018","7","5960","8","no","yes","1024"
"F","2843","F","F","PP_LIST1.csv","tlphon.jpg","knife.jpg","88.8888888889","88.8888888889","747.333333333","747.333333333","#ffffff","yes","legacy","legacy","legacy","0","uniform","1","1","undefined","1","undefined","6","f","0","0","0","0","0","0","0","0","32","0","32","6","0","0","32","32","0","0","32","32","32","32","0","6","1","6","1","1","0","0","0","0","0","0","0","0","0","0","0","0","6","6","6","6","6","32","0","0","0","0","0","0","0","0","0","0","0","12/10/19 19:26:04","no","Matching Tasks","yes","no","","no","2_Orientation_PP_1.2.4_v7.osexp","C:\Users\memory lab\Dropbox\_!_Komputer_2\Object_Orientation_POL_001_komp_2","no","chinese-japanese-korean","no","18","no","#0000ff","no","Polish","yes","768","no","legacy","32","32","2","5","C:/Users/memory lab/Dropbox/_!_Komputer_2/Object_Orientation_POL_001_komp_2/2_Results_PP/2_PP_nrID_12.csv","legacy","no","Kafkaesque Koffka","3.2.8","yes","5a7ce671e83246000deafe81","yes","no","0","0","f","space","NA","f","NA","NA","NA","NA","NA","space","NA","NA","NA","NA","NA","f","NA","NA","NA","NA","NA","space","NA","NA","NA","NA","NA","766","1994","NA","766","NA","NA","NA","NA","NA","2644","NA","NA","NA","NA","NA","674","NA","NA","NA","NA","NA","16711","NA","NA","NA","NA","NA","2","legacy","no","1024","2","48000","-16","EXP","12","even","no","no","NA","8963","2790","2791","7042","8953","8953","89521","NA","45683","106296","41316","25683","43029","106797","106294","8963","45683","106797","107565","NA","105709","25683","42992","29273","41314","29273","29273","25683","NA","NA","NA","NA","NA","43031","NA","NA","NA","NA","NA","41817","41817","42492","37253","28256","108065","NA","NA","NA","NA","NA","8964","NA","NA","NA","NA","NA","Orientation_PSA2018","8","6726","9","no","yes","1024"
"F","2843","F","F","PP_LIST1.csv","nut.jpg","watch.jpg","90","90","762.9","762.9","#ffffff","yes","legacy","legacy","legacy","0","uniform","1","1","undefined","1","undefined","6","f","0","0","0","0","0","0","0","0","33","0","33","6","0","0","33","33","0","0","33","33","33","33","0","6","1","6","1","1","0","0","0","0","0","0","0","0","0","0","0","0","6","6","6","6","6","33","0","0","0","0","0","0","0","0","0","0","0","12/10/19 19:26:04","no","Matching Tasks","yes","no","","no","2_Orientation_PP_1.2.4_v7.osexp","C:\Users\memory lab\Dropbox\_!_Komputer_2\Object_Orientation_POL_001_komp_2","no","chinese-japanese-korean","no","18","no","#0000ff","no","Polish","yes","768","no","legacy","33","33","2","5","C:/Users/memory lab/Dropbox/_!_Komputer_2/Object_Orientation_POL_001_komp_2/2_Results_PP/2_PP_nrID_12.csv","legacy","no","Kafkaesque Koffka","3.2.8","yes","5a7ce671e83246000deafe81","yes","no","0","0","f","space","NA","f","NA","NA","NA","NA","NA","space","NA","NA","NA","NA","NA","f","NA","NA","NA","NA","NA","space","NA","NA","NA","NA","NA","903","1994","NA","903","NA","NA","NA","NA","NA","2644","NA","NA","NA","NA","NA","674","NA","NA","NA","NA","NA","16711","NA","NA","NA","NA","NA","2","legacy","no","1024","2","48000","-16","EXP","12","even","no","no","NA","8963","2790","2791","7042","8953","8953","89521","NA","45683","108159","41316","25683","43029","108660","108157","8963","45683","108660","109565","NA","105709","25683","42992","29273","41314","29273","29273","25683","NA","NA","NA","NA","NA","43031","NA","NA","NA","NA","NA","41817","41817","42492","37253","28256","110065","NA","NA","NA","NA","NA","8964","NA","NA","NA","NA","NA","Orientation_PSA2018","9","7629","10","no","yes","1024"
"Y","2843","H","H","PP_LIST1.csv","bottleH.jpg","bottleH.jpg","90.9090909091","90.9090909091","758","758","#ffffff","yes","legacy","legacy","legacy","0","uniform","1","1","undefined","1","undefined","6","j","0","0","0","0","0","0","0","0","34","0","34","6","0","0","34","34","0","0","34","34","34","34","0","6","1","6","1","1","0","0","0","0","0","0","0","0","0","0","0","0","6","6","6","6","6","34","0","0","0","0","0","0","0","0","0","0","0","12/10/19 19:26:04","no","Matching Tasks","yes","no","","no","2_Orientation_PP_1.2.4_v7.osexp","C:\Users\memory lab\Dropbox\_!_Komputer_2\Object_Orientation_POL_001_komp_2","no","chinese-japanese-korean","no","18","no","#0000ff","no","Polish","yes","768","no","legacy","34","34","2","5","C:/Users/memory lab/Dropbox/_!_Komputer_2/Object_Orientation_POL_001_komp_2/2_Results_PP/2_PP_nrID_12.csv","legacy","no","Kafkaesque Koffka","3.2.8","yes","5a7ce671e83246000deafe81","yes","no","0","0","j","space","NA","j","NA","NA","NA","NA","NA","space","NA","NA","NA","NA","NA","f","NA","NA","NA","NA","NA","space","NA","NA","NA","NA","NA","709","1994","NA","709","NA","NA","NA","NA","NA","2644","NA","NA","NA","NA","NA","674","NA","NA","NA","NA","NA","16711","NA","NA","NA","NA","NA","2","legacy","no","1024","2","48000","-16","EXP","12","even","no","no","NA","8963","2790","2791","7042","8953","8953","89521","NA","45683","110160","41316","25683","43029","110661","110158","8963","45683","110661","111372","NA","105709","25683","42992","29273","41314","29273","29273","25683","NA","NA","NA","NA","NA","43031","NA","NA","NA","NA","NA","41817","41817","42492","37253","28256","111872","NA","NA","NA","NA","NA","8964","NA","NA","NA","NA","NA","Orientation_PSA2018","10","8338","11","no","yes","1024"
"F","2843","F","F","PP_LIST1.csv","needle.jpg","tiger.jpg","91.6666666667","91.6666666667","760.333333333","760.333333333","#ffffff","yes","legacy","legacy","legacy","0","uniform","1","1","undefined","1","undefined","6","f","0","0","0","0","0","0","0","0","35","0","35","6","0","0","35","35","0","0","35","35","35","35","0","6","1","6","1","1","0","0","0","0","0","0","0","0","0","0","0","0","6","6","6","6","6","35","0","0","0","0","0","0","0","0","0","0","0","12/10/19 19:26:04","no","Matching Tasks","yes","no","","no","2_Orientation_PP_1.2.4_v7.osexp","C:\Users\memory lab\Dropbox\_!_Komputer_2\Object_Orientation_POL_001_komp_2","no","chinese-japanese-korean","no","18","no","#0000ff","no","Polish","yes","768","no","legacy","35","35","2","5","C:/Users/memory lab/Dropbox/_!_Komputer_2/Object_Orientation_POL_001_komp_2/2_Results_PP/2_PP_nrID_12.csv","legacy","no","Kafkaesque Koffka","3.2.8","yes","5a7ce671e83246000deafe81","yes","no","0","0","f","space","NA","f","NA","NA","NA","NA","NA","space","NA","NA","NA","NA","NA","f","NA","NA","NA","NA","NA","space","NA","NA","NA","NA","NA","786","1994","NA","786","NA","NA","NA","NA","NA","2644","NA","NA","NA","NA","NA","674","NA","NA","NA","NA","NA","16711","NA","NA","NA","NA","NA","2","legacy","no","1024","2","48000","-16","EXP","12","even","no","no","NA","8963","2790","2791","7042","8953","8953","89521","NA","45683","111956","41316","25683","43029","112457","111955","8963","45683","112457","113245","NA","105709","25683","42992","29273","41314","29273","29273","25683","NA","NA","NA","NA","NA","43031","NA","NA","NA","NA","NA","41817","41817","42492","37253","28256","113745","NA","NA","NA","NA","NA","8964","NA","NA","NA","NA","NA","Orientation_PSA2018","11","9124","12","no","yes","1024"
"F","2843","F","F","PP_LIST1.csv","spider.jpg","couch.jpg","92.3076923077","92.3076923077","769.461538462","769.461538462","#ffffff","yes","legacy","legacy","legacy","0","uniform","1","1","undefined","1","undefined","6","f","0","0","0","0","0","0","0","0","36","0","36","6","0","0","36","36","0","0","36","36","36","36","0","6","1","6","1","1","0","0","0","0","0","0","0","0","0","0","0","0","6","6","6","6","6","36","0","0","0","0","0","0","0","0","0","0","0","12/10/19 19:26:04","no","Matching Tasks","yes","no","","no","2_Orientation_PP_1.2.4_v7.osexp","C:\Users\memory lab\Dropbox\_!_Komputer_2\Object_Orientation_POL_001_komp_2","no","chinese-japanese-korean","no","18","no","#0000ff","no","Polish","yes","768","no","legacy","36","36","2","5","C:/Users/memory lab/Dropbox/_!_Komputer_2/Object_Orientation_POL_001_komp_2/2_Results_PP/2_PP_nrID_12.csv","legacy","no","Kafkaesque Koffka","3.2.8","yes","5a7ce671e83246000deafe81","yes","no","0","0","f","space","NA","f","NA","NA","NA","NA","NA","space","NA","NA","NA","NA","NA","f","NA","NA","NA","NA","NA","space","NA","NA","NA","NA","NA","879","1994","NA","879","NA","NA","NA","NA","NA","2644","NA","NA","NA","NA","NA","674","NA","NA","NA","NA","NA","16711","NA","NA","NA","NA","NA","2","legacy","no","1024","2","48000","-16","EXP","12","even","no","no","NA","8963","2790","2791","7042","8953","8953","89521","NA","45683","113828","41316","25683","43029","114331","113827","8963","45683","114332","115213","NA","105709","25683","42992","29273","41314","29273","29273","25683","NA","NA","NA","NA","NA","43031","NA","NA","NA","NA","NA","41817","41817","42492","37253","28256","115713","NA","NA","NA","NA","NA","8964","NA","NA","NA","NA","NA","Orientation_PSA2018","12","10003","13","no","yes","1024"
"N","2843","H","V","PP_LIST1.csv","nailH.jpg","nailV.jpg","92.8571428571","92.8571428571","765.571428571","765.571428571","#ffffff","yes","legacy","legacy","legacy","0","uniform","1","1","undefined","1","undefined","6","j","0","0","0","0","0","0","0","0","37","0","37","6","0","0","37","37","0","0","37","37","37","37","0","6","1","6","1","1","0","0","0","0","0","0","0","0","0","0","0","0","6","6","6","6","6","37","0","0","0","0","0","0","0","0","0","0","0","12/10/19 19:26:04","no","Matching Tasks","yes","no","","no","2_Orientation_PP_1.2.4_v7.osexp","C:\Users\memory lab\Dropbox\_!_Komputer_2\Object_Orientation_POL_001_komp_2","no","chinese-japanese-korean","no","18","no","#0000ff","no","Polish","yes","768","no","legacy","37","37","2","5","C:/Users/memory lab/Dropbox/_!_Komputer_2/Object_Orientation_POL_001_komp_2/2_Results_PP/2_PP_nrID_12.csv","legacy","no","Kafkaesque Koffka","3.2.8","yes","5a7ce671e83246000deafe81","yes","no","0","0","j","space","NA","j","NA","NA","NA","NA","NA","space","NA","NA","NA","NA","NA","f","NA","NA","NA","NA","NA","space","NA","NA","NA","NA","NA","715","1994","NA","715","NA","NA","NA","NA","NA","2644","NA","NA","NA","NA","NA","674","NA","NA","NA","NA","NA","16711","NA","NA","NA","NA","NA","2","legacy","no","1024","2","48000","-16","EXP","12","even","no","no","NA","8963","2790","2791","7042","8953","8953","89521","NA","45683","115803","41316","25683","43029","116304","115802","8963","45683","116304","117021","NA","105709","25683","42992","29273","41314","29273","29273","25683","NA","NA","NA","NA","NA","43031","NA","NA","NA","NA","NA","41817","41817","42492","37253","28256","117521","NA","NA","NA","NA","NA","8964","NA","NA","NA","NA","NA","Orientation_PSA2018","13","10718","14","no","yes","1024"
"F","2843","F","F","PP_LIST1.csv","wrench.jpg","piano.jpg","93.3333333333","93.3333333333","761.466666667","761.466666667","#ffffff","yes","legacy","legacy","legacy","0","uniform","1","1","undefined","1","undefined","6","f","0","0","0","0","0","0","0","0","38","0","38","6","0","0","38","38","0","0","38","38","38","38","0","6","1","6","1","1","0","0","0","0","0","0","0","0","0","0","0","0","6","6","6","6","6","38","0","0","0","0","0","0","0","0","0","0","0","12/10/19 19:26:04","no","Matching Tasks","yes","no","","no","2_Orientation_PP_1.2.4_v7.osexp","C:\Users\memory lab\Dropbox\_!_Komputer_2\Object_Orientation_POL_001_komp_2","no","chinese-japanese-korean","no","18","no","#0000ff","no","Polish","yes","768","no","legacy","38","38","2","5","C:/Users/memory lab/Dropbox/_!_Komputer_2/Object_Orientation_POL_001_komp_2/2_Results_PP/2_PP_nrID_12.csv","legacy","no","Kafkaesque Koffka","3.2.8","yes","5a7ce671e83246000deafe81","yes","no","0","0","f","space","NA","f","NA","NA","NA","NA","NA","space","NA","NA","NA","NA","NA","f","NA","NA","NA","NA","NA","space","NA","NA","NA","NA","NA","704","1994","NA","704","NA","NA","NA","NA","NA","2644","NA","NA","NA","NA","NA","674","NA","NA","NA","NA","NA","16711","NA","NA","NA","NA","NA","2","legacy","no","1024","2","48000","-16","EXP","12","even","no","no","NA","8963","2790","2791","7042","8953","8953","89521","NA","45683","117606","41316","25683","43029","118107","117605","8963","45683","118107","118812","NA","105709","25683","42992","29273","41314","29273","29273","25683","NA","NA","NA","NA","NA","43031","NA","NA","NA","NA","NA","41817","41817","42492","37253","28256","119312","NA","NA","NA","NA","NA","8964","NA","NA","NA","NA","NA","Orientation_PSA2018","14","11422","15","no","yes","1024"
"Y","2843","H","H","PP_LIST1.csv","broomH.jpg","broomH.jpg","93.75","93.75","760.6875","760.6875","#ffffff","yes","legacy","legacy","legacy","0","uniform","1","1","undefined","1","undefined","6","j","0","0","0","0","0","0","0","0","39","0","39","6","0","0","39","39","0","0","39","39","39","39","0","6","1","6","1","1","0","0","0","0","0","0","0","0","0","0","0","0","6","6","6","6","6","39","0","0","0","0","0","0","0","0","0","0","0","12/10/19 19:26:04","no","Matching Tasks","yes","no","","no","2_Orientation_PP_1.2.4_v7.osexp","C:\Users\memory lab\Dropbox\_!_Komputer_2\Object_Orientation_POL_001_komp_2","no","chinese-japanese-korean","no","18","no","#0000ff","no","Polish","yes","768","no","legacy","39","39","2","5","C:/Users/memory lab/Dropbox/_!_Komputer_2/Object_Orientation_POL_001_komp_2/2_Results_PP/2_PP_nrID_12.csv","legacy","no","Kafkaesque Koffka","3.2.8","yes","5a7ce671e83246000deafe81","yes","no","0","0","j","space","NA","j","NA","NA","NA","NA","NA","space","NA","NA","NA","NA","NA","f","NA","NA","NA","NA","NA","space","NA","NA","NA","NA","NA","749","1994","NA","749","NA","NA","NA","NA","NA","2644","NA","NA","NA","NA","NA","674","NA","NA","NA","NA","NA","16711","NA","NA","NA","NA","NA","2","legacy","no","1024","2","48000","-16","EXP","12","even","no","no","NA","8963","2790","2791","7042","8953","8953","89521","NA","45683","119398","41316","25683","43029","119901","119397","8963","45683","119901","120652","NA","105709","25683","42992","29273","41314","29273","29273","25683","NA","NA","NA","NA","NA","43031","NA","NA","NA","NA","NA","41817","41817","42492","37253","28256","121152","NA","NA","NA","NA","NA","8964","NA","NA","NA","NA","NA","Orientation_PSA2018","15","12171","16","no","yes","1024"
"N","2843","H","V","PP_LIST1.csv","guitarH.jpg","guitarV.jpg","94.1176470588","94.1176470588","758.176470588","758.176470588","#ffffff","yes","legacy","legacy","legacy","0","uniform","1","1","undefined","1","undefined","6","j","0","0","0","0","0","0","0","0","40","0","40","6","0","0","40","40","0","0","40","40","40","40","0","6","1","6","1","1","0","0","0","0","0","0","0","0","0","0","0","0","6","6","6","6","6","40","0","0","0","0","0","0","0","0","0","0","0","12/10/19 19:26:04","no","Matching Tasks","yes","no","","no","2_Orientation_PP_1.2.4_v7.osexp","C:\Users\memory lab\Dropbox\_!_Komputer_2\Object_Orientation_POL_001_komp_2","no","chinese-japanese-korean","no","18","no","#0000ff","no","Polish","yes","768","no","legacy","40","40","2","5","C:/Users/memory lab/Dropbox/_!_Komputer_2/Object_Orientation_POL_001_komp_2/2_Results_PP/2_PP_nrID_12.csv","legacy","no","Kafkaesque Koffka","3.2.8","yes","5a7ce671e83246000deafe81","yes","no","0","0","j","space","NA","j","NA","NA","NA","NA","NA","space","NA","NA","NA","NA","NA","f","NA","NA","NA","NA","NA","space","NA","NA","NA","NA","NA","718","1994","NA","718","NA","NA","NA","NA","NA","2644","NA","NA","NA","NA","NA","674","NA","NA","NA","NA","NA","16711","NA","NA","NA","NA","NA","2","legacy","no","1024","2","48000","-16","EXP","12","even","no","no","NA","8963","2790","2791","7042","8953","8953","89521","NA","45683","121239","41316","25683","43029","121741","121238","8963","45683","121741","122461","NA","105709","25683","42992","29273","41314","29273","29273","25683","NA","NA","NA","NA","NA","43031","NA","NA","NA","NA","NA","41817","41817","42492","37253","28256","122961","NA","NA","NA","NA","NA","8964","NA","NA","NA","NA","NA","Orientation_PSA2018","16","12889","17","no","yes","1024"
"Y","2843","V","V","PP_LIST1.csv","caterpillarV.jpg","caterpillarV.jpg","94.4444444444","94.4444444444","752.888888889","752.888888889","#ffffff","yes","legacy","legacy","legacy","0","uniform","1","1","undefined","1","undefined","6","j","0","0","0","0","0","0","0","0","41","0","41","6","0","0","41","41","0","0","41","41","41","41","0","6","1","6","1","1","0","0","0","0","0","0","0","0","0","0","0","0","6","6","6","6","6","41","0","0","0","0","0","0","0","0","0","0","0","12/10/19 19:26:04","no","Matching Tasks","yes","no","","no","2_Orientation_PP_1.2.4_v7.osexp","C:\Users\memory lab\Dropbox\_!_Komputer_2\Object_Orientation_POL_001_komp_2","no","chinese-japanese-korean","no","18","no","#0000ff","no","Polish","yes","768","no","legacy","41","41","2","5","C:/Users/memory lab/Dropbox/_!_Komputer_2/Object_Orientation_POL_001_komp_2/2_Results_PP/2_PP_nrID_12.csv","legacy","no","Kafkaesque Koffka","3.2.8","yes","5a7ce671e83246000deafe81","yes","no","0","0","j","space","NA","j","NA","NA","NA","NA","NA","space","NA","NA","NA","NA","NA","f","NA","NA","NA","NA","NA","space","NA","NA","NA","NA","NA","663","1994","NA","663","NA","NA","NA","NA","NA","2644","NA","NA","NA","NA","NA","674","NA","NA","NA","NA","NA","16711","NA","NA","NA","NA","NA","2","legacy","no","1024","2","48000","-16","EXP","12","even","no","no","NA","8963","2790","2791","7042","8953","8953","89521","NA","45683","123054","41316","25683","43029","123555","123052","8963","45683","123555","124220","NA","105709","25683","42992","29273","41314","29273","29273","25683","NA","NA","NA","NA","NA","43031","NA","NA","NA","NA","NA","41817","41817","42492","37253","28256","124720","NA","NA","NA","NA","NA","8964","NA","NA","NA","NA","NA","Orientation_PSA2018","17","13552","18","no","yes","1024"
"F","2843","F","F","PP_LIST1.csv","buggy.jpg","glass.jpg","94.7368421053","94.7368421053","772.894736842","772.894736842","#ffffff","yes","legacy","legacy","legacy","0","uniform","1","1","undefined","1","undefined","6","f","0","0","0","0","0","0","0","0","42","0","42","6","0","0","42","42","0","0","42","42","42","42","0","6","1","6","1","1","0","0","0","0","0","0","0","0","0","0","0","0","6","6","6","6","6","42","0","0","0","0","0","0","0","0","0","0","0","12/10/19 19:26:04","no","Matching Tasks","yes","no","","no","2_Orientation_PP_1.2.4_v7.osexp","C:\Users\memory lab\Dropbox\_!_Komputer_2\Object_Orientation_POL_001_komp_2","no","chinese-japanese-korean","no","18","no","#0000ff","no","Polish","yes","768","no","legacy","42","42","2","5","C:/Users/memory lab/Dropbox/_!_Komputer_2/Object_Orientation_POL_001_komp_2/2_Results_PP/2_PP_nrID_12.csv","legacy","no","Kafkaesque Koffka","3.2.8","yes","5a7ce671e83246000deafe81","yes","no","0","0","f","space","NA","f","NA","NA","NA","NA","NA","space","NA","NA","NA","NA","NA","f","NA","NA","NA","NA","NA","space","NA","NA","NA","NA","NA","1133","1994","NA","1133","NA","NA","NA","NA","NA","2644","NA","NA","NA","NA","NA","674","NA","NA","NA","NA","NA","16711","NA","NA","NA","NA","NA","2","legacy","no","1024","2","48000","-16","EXP","12","even","no","no","NA","8963","2790","2791","7042","8953","8953","89521","NA","45683","124807","41316","25683","43029","125310","124805","8963","45683","125310","126445","NA","105709","25683","42992","29273","41314","29273","29273","25683","NA","NA","NA","NA","NA","43031","NA","NA","NA","NA","NA","41817","41817","42492","37253","28256","126945","NA","NA","NA","NA","NA","8964","NA","NA","NA","NA","NA","Orientation_PSA2018","18","14685","19","no","yes","1024"
"F","2843","F","F","PP_LIST1.csv","stove.jpg","ftball.jpg","95","95","779.85","779.85","#ffffff","yes","legacy","legacy","legacy","0","uniform","1","1","undefined","1","undefined","6","f","0","0","0","0","0","0","0","0","43","0","43","6","0","0","43","43","0","0","43","43","43","43","0","6","1","6","1","1","0","0","0","0","0","0","0","0","0","0","0","0","6","6","6","6","6","43","0","0","0","0","0","0","0","0","0","0","0","12/10/19 19:26:04","no","Matching Tasks","yes","no","","no","2_Orientation_PP_1.2.4_v7.osexp","C:\Users\memory lab\Dropbox\_!_Komputer_2\Object_Orientation_POL_001_komp_2","no","chinese-japanese-korean","no","18","no","#0000ff","no","Polish","yes","768","no","legacy","43","43","2","5","C:/Users/memory lab/Dropbox/_!_Komputer_2/Object_Orientation_POL_001_komp_2/2_Results_PP/2_PP_nrID_12.csv","legacy","no","Kafkaesque Koffka","3.2.8","yes","5a7ce671e83246000deafe81","yes","no","0","0","f","space","NA","f","NA","NA","NA","NA","NA","space","NA","NA","NA","NA","NA","f","NA","NA","NA","NA","NA","space","NA","NA","NA","NA","NA","912","1994","NA","912","NA","NA","NA","NA","NA","2644","NA","NA","NA","NA","NA","674","NA","NA","NA","NA","NA","16711","NA","NA","NA","NA","NA","2","legacy","no","1024","2","48000","-16","EXP","12","even","no","no","NA","8963","2790","2791","7042","8953","8953","89521","NA","45683","127030","41316","25683","43029","127531","127029","8963","45683","127531","128445","NA","105709","25683","42992","29273","41314","29273","29273","25683","NA","NA","NA","NA","NA","43031","NA","NA","NA","NA","NA","41817","41817","42492","37253","28256","128945","NA","NA","NA","NA","NA","8964","NA","NA","NA","NA","NA","Orientation_PSA2018","19","15597","20","no","yes","1024"
"F","2843","F","F","PP_LIST1.csv","piano.jpg","sutcse.jpg","95.2380952381","95.2380952381","776","776","#ffffff","yes","legacy","legacy","legacy","0","uniform","1","1","undefined","1","undefined","6","f","0","0","0","0","0","0","0","0","44","0","44","6","0","0","44","44","0","0","44","44","44","44","0","6","1","6","1","1","0","0","0","0","0","0","0","0","0","0","0","0","6","6","6","6","6","44","0","0","0","0","0","0","0","0","0","0","0","12/10/19 19:26:04","no","Matching Tasks","yes","no","","no","2_Orientation_PP_1.2.4_v7.osexp","C:\Users\memory lab\Dropbox\_!_Komputer_2\Object_Orientation_POL_001_komp_2","no","chinese-japanese-korean","no","18","no","#0000ff","no","Polish","yes","768","no","legacy","44","44","2","5","C:/Users/memory lab/Dropbox/_!_Komputer_2/Object_Orientation_POL_001_komp_2/2_Results_PP/2_PP_nrID_12.csv","legacy","no","Kafkaesque Koffka","3.2.8","yes","5a7ce671e83246000deafe81","yes","no","0","0","f","space","NA","f","NA","NA","NA","NA","NA","space","NA","NA","NA","NA","NA","f","NA","NA","NA","NA","NA","space","NA","NA","NA","NA","NA","699","1994","NA","699","NA","NA","NA","NA","NA","2644","NA","NA","NA","NA","NA","674","NA","NA","NA","NA","NA","16711","NA","NA","NA","NA","NA","2","legacy","no","1024","2","48000","-16","EXP","12","even","no","no","NA","8963","2790","2791","7042","8953","8953","89521","NA","45683","129035","41316","25683","43029","129536","129034","8963","45683","129536","130236","NA","105709","25683","42992","29273","41314","29273","29273","25683","NA","NA","NA","NA","NA","43031","NA","NA","NA","NA","NA","41817","41817","42492","37253","28256","130736","NA","NA","NA","NA","NA","8964","NA","NA","NA","NA","NA","Orientation_PSA2018","20","16296","21","no","yes","1024"
"N","2843","H","V","PP_LIST1.csv","pencilH.jpg","pencilV.jpg","95.4545454545","95.4545454545","774.772727273","774.772727273","#ffffff","yes","legacy","legacy","legacy","0","uniform","1","1","undefined","1","undefined","6","j","0","0","0","0","0","0","0","0","45","0","45","6","0","0","45","45","0","0","45","45","45","45","0","6","1","6","1","1","0","0","0","0","0","0","0","0","0","0","0","0","6","6","6","6","6","45","0","0","0","0","0","0","0","0","0","0","0","12/10/19 19:26:04","no","Matching Tasks","yes","no","","no","2_Orientation_PP_1.2.4_v7.osexp","C:\Users\memory lab\Dropbox\_!_Komputer_2\Object_Orientation_POL_001_komp_2","no","chinese-japanese-korean","no","18","no","#0000ff","no","Polish","yes","768","no","legacy","45","45","2","5","C:/Users/memory lab/Dropbox/_!_Komputer_2/Object_Orientation_POL_001_komp_2/2_Results_PP/2_PP_nrID_12.csv","legacy","no","Kafkaesque Koffka","3.2.8","yes","5a7ce671e83246000deafe81","yes","no","0","0","j","space","NA","j","NA","NA","NA","NA","NA","space","NA","NA","NA","NA","NA","f","NA","NA","NA","NA","NA","space","NA","NA","NA","NA","NA","749","1994","NA","749","NA","NA","NA","NA","NA","2644","NA","NA","NA","NA","NA","674","NA","NA","NA","NA","NA","16711","NA","NA","NA","NA","NA","2","legacy","no","1024","2","48000","-16","EXP","12","even","no","no","NA","8963","2790","2791","7042","8953","8953","89521","NA","45683","130825","41316","25683","43029","131326","130823","8963","45683","131326","132077","NA","105709","25683","42992","29273","41314","29273","29273","25683","NA","NA","NA","NA","NA","43031","NA","NA","NA","NA","NA","41817","41817","42492","37253","28256","132577","NA","NA","NA","NA","NA","8964","NA","NA","NA","NA","NA","Orientation_PSA2018","21","17045","22","no","yes","1024"
"F","2843","F","F","PP_LIST1.csv","sutcse.jpg","pumpkin.jpg","95.652173913","95.652173913","767.47826087","767.47826087","#ffffff","yes","legacy","legacy","legacy","0","uniform","1","1","undefined","1","undefined","6","f","0","0","0","0","0","0","0","0","46","0","46","6","0","0","46","46","0","0","46","46","46","46","0","6","1","6","1","1","0","0","0","0","0","0","0","0","0","0","0","0","6","6","6","6","6","46","0","0","0","0","0","0","0","0","0","0","0","12/10/19 19:26:04","no","Matching Tasks","yes","no","","no","2_Orientation_PP_1.2.4_v7.osexp","C:\Users\memory lab\Dropbox\_!_Komputer_2\Object_Orientation_POL_001_komp_2","no","chinese-japanese-korean","no","18","no","#0000ff","no","Polish","yes","768","no","legacy","46","46","2","5","C:/Users/memory lab/Dropbox/_!_Komputer_2/Object_Orientation_POL_001_komp_2/2_Results_PP/2_PP_nrID_12.csv","legacy","no","Kafkaesque Koffka","3.2.8","yes","5a7ce671e83246000deafe81","yes","no","0","0","f","space","NA","f","NA","NA","NA","NA","NA","space","NA","NA","NA","NA","NA","f","NA","NA","NA","NA","NA","space","NA","NA","NA","NA","NA","607","1994","NA","607","NA","NA","NA","NA","NA","2644","NA","NA","NA","NA","NA","674","NA","NA","NA","NA","NA","16711","NA","NA","NA","NA","NA","2","legacy","no","1024","2","48000","-16","EXP","12","even","no","no","NA","8963","2790","2791","7042","8953","8953","89521","NA","45683","132663","41316","25683","43029","133164","132661","8963","45683","133164","133773","NA","105709","25683","42992","29273","41314","29273","29273","25683","NA","NA","NA","NA","NA","43031","NA","NA","NA","NA","NA","41817","41817","42492","37253","28256","134273","NA","NA","NA","NA","NA","8964","NA","NA","NA","NA","NA","Orientation_PSA2018","22","17652","23","no","yes","1024"
"Y","2843","V","V","PP_LIST1.csv","crayonV.jpg","crayonV.jpg","95.8333333333","95.8333333333","764.125","764.125","#ffffff","yes","legacy","legacy","legacy","0","uniform","1","1","undefined","1","undefined","6","j","0","0","0","0","0","0","0","0","47","0","47","6","0","0","47","47","0","0","47","47","47","47","0","6","1","6","1","1","0","0","0","0","0","0","0","0","0","0","0","0","6","6","6","6","6","47","0","0","0","0","0","0","0","0","0","0","0","12/10/19 19:26:04","no","Matching Tasks","yes","no","","no","2_Orientation_PP_1.2.4_v7.osexp","C:\Users\memory lab\Dropbox\_!_Komputer_2\Object_Orientation_POL_001_komp_2","no","chinese-japanese-korean","no","18","no","#0000ff","no","Polish","yes","768","no","legacy","47","47","2","5","C:/Users/memory lab/Dropbox/_!_Komputer_2/Object_Orientation_POL_001_komp_2/2_Results_PP/2_PP_nrID_12.csv","legacy","no","Kafkaesque Koffka","3.2.8","yes","5a7ce671e83246000deafe81","yes","no","0","0","j","space","NA","j","NA","NA","NA","NA","NA","space","NA","NA","NA","NA","NA","f","NA","NA","NA","NA","NA","space","NA","NA","NA","NA","NA","687","1994","NA","687","NA","NA","NA","NA","NA","2644","NA","NA","NA","NA","NA","674","NA","NA","NA","NA","NA","16711","NA","NA","NA","NA","NA","2","legacy","no","1024","2","48000","-16","EXP","12","even","no","no","NA","8963","2790","2791","7042","8953","8953","89521","NA","45683","134372","41316","25683","43029","134876","134371","8963","45683","134876","135565","NA","105709","25683","42992","29273","41314","29273","29273","25683","NA","NA","NA","NA","NA","43031","NA","NA","NA","NA","NA","41817","41817","42492","37253","28256","136065","NA","NA","NA","NA","NA","8964","NA","NA","NA","NA","NA","Orientation_PSA2018","23","18339","24","no","yes","1024"
