"Identical","LAB_SEED","Orientation1","Orientation2","PPList","Picture1","Picture2","acc","accuracy","average_response_time","avg_rt","background","bidi","canvas_backend","clock_backend","color_backend","compensation","coordinates","correct","correct_Pictures_response","correct_Start_THAI","correct_Target_response_Prac","correct_Welcome_PP_THAI","correct_count","correct_response","count_Check_This","count_Disable_Mouse","count_EXP","count_LAB_SEED","count_Language_Selection","count_List_Select","count_List_Selection","count_Pictures_Break","count_Pictures_End","count_Pictures_Exp","count_Pictures_Fixation","count_Pictures_Fixation_Prac","count_Pictures_Prac","count_Pictures_Start","count_Pictures_Target","count_Pictures_Trial","count_Pictures_Welcome","count_Pictures_loop","count_Pictures_response","count_Pictures_response_correct","count_Pictures_response_noans","count_Pictures_response_wrong","count_Prac","count_Prac_Count","count_Prac_Reset","count_Prac_Trial","count_Prac_loop","count_Prac_seq","count_Prac_setup","count_Start_DE","count_Start_E","count_Start_HUN","count_Start_NOR","count_Start_PL","count_Start_SC","count_Start_TC","count_Start_THAI","count_Target_Prac","count_Target_response_Prac","count_Target_response_correct_Prac","count_Target_response_noans_Prac","count_Target_response_wrong_Prac","count_Trial_logger","count_Welcome_PP_DE","count_Welcome_PP_E","count_Welcome_PP_HUN","count_Welcome_PP_NOR","count_Welcome_PP_PL","count_Welcome_PP_SC","count_Welcome_PP_TC","count_Welcome_PP_THAI","datetime","de","description","disable_garbage_collection","empty_column","en","experiment_file","experiment_path","font_bold","font_family","font_italic","font_size","font_underline","foreground","form_clicks","form_response","fullscreen","height","hun","keyboard_backend","live_row","live_row_Pictures_loop","live_row_Prac","live_row_Prac_loop","logfile","mouse_backend","nor","opensesame_codename","opensesame_version","osf_always_upload_experiment","osf_id","pol","repeat_cycle","reset_loop","response","response_Pictures_Break","response_Pictures_End","response_Pictures_response","response_Start_DE","response_Start_E","response_Start_HUN","response_Start_NOR","response_Start_PL","response_Start_SC","response_Start_TC","response_Start_THAI","response_Target_response_Prac","response_Welcome_PP_DE","response_Welcome_PP_E","response_Welcome_PP_HUN","response_Welcome_PP_NOR","response_Welcome_PP_PL","response_Welcome_PP_SC","response_Welcome_PP_TC","response_Welcome_PP_THAI","response_time","response_time_Pictures_Break","response_time_Pictures_End","response_time_Pictures_response","response_time_Start_DE","response_time_Start_E","response_time_Start_HUN","response_time_Start_NOR","response_time_Start_PL","response_time_Start_SC","response_time_Start_TC","response_time_Start_THAI","response_time_Target_response_Prac","response_time_Welcome_PP_DE","response_time_Welcome_PP_E","response_time_Welcome_PP_HUN","response_time_Welcome_PP_NOR","response_time_Welcome_PP_PL","response_time_Welcome_PP_SC","response_time_Welcome_PP_TC","response_time_Welcome_PP_THAI","round_decimals","sampler_backend","sc","sound_buf_size","sound_channels","sound_freq","sound_sample_size","start","subject_nr","subject_parity","tc","thai","time_Check_This","time_Disable_Mouse","time_EXP","time_LAB_SEED","time_Language_Selection","time_List_Select","time_List_Selection","time_Pictures_Break","time_Pictures_End","time_Pictures_Exp","time_Pictures_Fixation","time_Pictures_Fixation_Prac","time_Pictures_Prac","time_Pictures_Start","time_Pictures_Target","time_Pictures_Trial","time_Pictures_Welcome","time_Pictures_loop","time_Pictures_response","time_Pictures_response_correct","time_Pictures_response_noans","time_Pictures_response_wrong","time_Prac","time_Prac_Count","time_Prac_Reset","time_Prac_Trial","time_Prac_loop","time_Prac_seq","time_Prac_setup","time_Start_DE","time_Start_E","time_Start_HUN","time_Start_NOR","time_Start_PL","time_Start_SC","time_Start_TC","time_Start_THAI","time_Target_Prac","time_Target_response_Prac","time_Target_response_correct_Prac","time_Target_response_noans_Prac","time_Target_response_wrong_Prac","time_Trial_logger","time_Welcome_PP_DE","time_Welcome_PP_E","time_Welcome_PP_HUN","time_Welcome_PP_NOR","time_Welcome_PP_PL","time_Welcome_PP_SC","time_Welcome_PP_TC","time_Welcome_PP_THAI","title","total_correct","total_response_time","total_responses","uniform_coordinates","width"
"N","7236","H","V","PP_LIST3.csv","bottleH.jpg","bottleV.jpg","100","100","915.571428571","915.571428571","#ffffff","yes","legacy","legacy","legacy","0","uniform","1","1","undefined","1","undefined","6","j","0","0","0","0","0","0","0","NA","0","0","0","5","0","0","0","0","0","0","0","0","0","0","0","5","0","5","0","0","0","0","0","0","0","0","0","0","0","5","5","5","5","5","0","0","0","0","0","0","0","0","0","11/25/19 12:58:50","no","Matching Tasks","yes","","no","OrientationCrossLanguages_2018PSA_PP_1.2.4.osexp","C:\Users\Lenovo_Lab501\Desktop\PSA002","no","chinese-japanese-korean","no","18","no","#0000ff","no","อักษรไทย","yes","768","no","legacy","0","0","1","5","C:/Users/Lenovo_Lab501/Desktop/PSA002/data/THA_001_PP_20","legacy","no","Kafkaesque Koffka","3.2.8","yes","5a7ce671e83246000deafe81","no","0","0","j","NA","NA","j","NA","NA","NA","NA","NA","NA","NA","space","f","NA","NA","NA","NA","NA","NA","NA","space","877","NA","NA","877","NA","NA","NA","NA","NA","NA","NA","6358","807","NA","NA","NA","NA","NA","NA","NA","13828","2","legacy","no","1024","2","48000","-16","EXP","20","even","no","yes","NA","12411","3320","3320","10237","12396","12396","NA","NA","44894","45027","36648","26255","38521","45532","45025","12411","44894","45532","46411","NA","NA","26255","38463","26274","36647","26274","26274","26255","NA","NA","NA","NA","NA","NA","NA","38523","37154","37154","37963","NA","NA","46912","NA","NA","NA","NA","NA","NA","NA","12413","Orientation_PSA2018","7","6409","7","yes","1024"
"F","7236","F","F","PP_LIST3.csv","watch.jpg","skirt.jpg","100","100","889.25","889.25","#ffffff","yes","legacy","legacy","legacy","0","uniform","1","1","undefined","1","undefined","6","f","0","0","0","0","0","0","0","NA","1","0","1","5","0","0","1","1","0","0","1","1","1","1","0","5","0","5","0","0","0","0","0","0","0","0","0","0","0","5","5","5","5","5","1","0","0","0","0","0","0","0","0","11/25/19 12:58:50","no","Matching Tasks","yes","","no","OrientationCrossLanguages_2018PSA_PP_1.2.4.osexp","C:\Users\Lenovo_Lab501\Desktop\PSA002","no","chinese-japanese-korean","no","18","no","#0000ff","no","อักษรไทย","yes","768","no","legacy","1","1","1","5","C:/Users/Lenovo_Lab501/Desktop/PSA002/data/THA_001_PP_20","legacy","no","Kafkaesque Koffka","3.2.8","yes","5a7ce671e83246000deafe81","no","0","0","f","NA","NA","f","NA","NA","NA","NA","NA","NA","NA","space","f","NA","NA","NA","NA","NA","NA","NA","space","705","NA","NA","705","NA","NA","NA","NA","NA","NA","NA","6358","807","NA","NA","NA","NA","NA","NA","NA","13828","2","legacy","no","1024","2","48000","-16","EXP","20","even","no","yes","NA","12411","3320","3320","10237","12396","12396","NA","NA","44894","47103","36648","26255","38521","47608","47100","12411","44894","47608","48316","NA","NA","26255","38463","26274","36647","26274","26274","26255","NA","NA","NA","NA","NA","NA","NA","38523","37154","37154","37963","NA","NA","48816","NA","NA","NA","NA","NA","NA","NA","12413","Orientation_PSA2018","8","7114","8","yes","1024"
"N","7236","V","H","PP_LIST3.csv","flashV.jpg","flashH.jpg","100","100","858.444444444","858.444444444","#ffffff","yes","legacy","legacy","legacy","0","uniform","1","1","undefined","1","undefined","6","j","0","0","0","0","0","0","0","NA","2","0","2","5","0","0","2","2","0","0","2","2","2","2","0","5","0","5","0","0","0","0","0","0","0","0","0","0","0","5","5","5","5","5","2","0","0","0","0","0","0","0","0","11/25/19 12:58:50","no","Matching Tasks","yes","","no","OrientationCrossLanguages_2018PSA_PP_1.2.4.osexp","C:\Users\Lenovo_Lab501\Desktop\PSA002","no","chinese-japanese-korean","no","18","no","#0000ff","no","อักษรไทย","yes","768","no","legacy","2","2","1","5","C:/Users/Lenovo_Lab501/Desktop/PSA002/data/THA_001_PP_20","legacy","no","Kafkaesque Koffka","3.2.8","yes","5a7ce671e83246000deafe81","no","0","0","j","NA","NA","j","NA","NA","NA","NA","NA","NA","NA","space","f","NA","NA","NA","NA","NA","NA","NA","space","612","NA","NA","612","NA","NA","NA","NA","NA","NA","NA","6358","807","NA","NA","NA","NA","NA","NA","NA","13828","2","legacy","no","1024","2","48000","-16","EXP","20","even","no","yes","NA","12411","3320","3320","10237","12396","12396","NA","NA","44894","48980","36648","26255","38521","49485","48978","12411","44894","49485","50099","NA","NA","26255","38463","26274","36647","26274","26274","26255","NA","NA","NA","NA","NA","NA","NA","38523","37154","37154","37963","NA","NA","50599","NA","NA","NA","NA","NA","NA","NA","12413","Orientation_PSA2018","9","7726","9","yes","1024"
"F","7236","F","F","PP_LIST3.csv","pumpkin.jpg","trmpet.jpg","100","100","849.5","849.5","#ffffff","yes","legacy","legacy","legacy","0","uniform","1","1","undefined","1","undefined","6","f","0","0","0","0","0","0","0","NA","3","0","3","5","0","0","3","3","0","0","3","3","3","3","0","5","0","5","0","0","0","0","0","0","0","0","0","0","0","5","5","5","5","5","3","0","0","0","0","0","0","0","0","11/25/19 12:58:50","no","Matching Tasks","yes","","no","OrientationCrossLanguages_2018PSA_PP_1.2.4.osexp","C:\Users\Lenovo_Lab501\Desktop\PSA002","no","chinese-japanese-korean","no","18","no","#0000ff","no","อักษรไทย","yes","768","no","legacy","3","3","1","5","C:/Users/Lenovo_Lab501/Desktop/PSA002/data/THA_001_PP_20","legacy","no","Kafkaesque Koffka","3.2.8","yes","5a7ce671e83246000deafe81","no","0","0","f","NA","NA","f","NA","NA","NA","NA","NA","NA","NA","space","f","NA","NA","NA","NA","NA","NA","NA","space","769","NA","NA","769","NA","NA","NA","NA","NA","NA","NA","6358","807","NA","NA","NA","NA","NA","NA","NA","13828","2","legacy","no","1024","2","48000","-16","EXP","20","even","no","yes","NA","12411","3320","3320","10237","12396","12396","NA","NA","44894","50783","36648","26255","38521","51288","50781","12411","44894","51288","52059","NA","NA","26255","38463","26274","36647","26274","26274","26255","NA","NA","NA","NA","NA","NA","NA","38523","37154","37154","37963","NA","NA","52559","NA","NA","NA","NA","NA","NA","NA","12413","Orientation_PSA2018","10","8495","10","yes","1024"
"F","7236","F","F","PP_LIST3.csv","nut.jpg","watch.jpg","100","100","840.181818182","840.181818182","#ffffff","yes","legacy","legacy","legacy","0","uniform","1","1","undefined","1","undefined","6","f","0","0","0","0","0","0","0","NA","4","0","4","5","0","0","4","4","0","0","4","4","4","4","0","5","0","5","0","0","0","0","0","0","0","0","0","0","0","5","5","5","5","5","4","0","0","0","0","0","0","0","0","11/25/19 12:58:50","no","Matching Tasks","yes","","no","OrientationCrossLanguages_2018PSA_PP_1.2.4.osexp","C:\Users\Lenovo_Lab501\Desktop\PSA002","no","chinese-japanese-korean","no","18","no","#0000ff","no","อักษรไทย","yes","768","no","legacy","4","4","1","5","C:/Users/Lenovo_Lab501/Desktop/PSA002/data/THA_001_PP_20","legacy","no","Kafkaesque Koffka","3.2.8","yes","5a7ce671e83246000deafe81","no","0","0","f","NA","NA","f","NA","NA","NA","NA","NA","NA","NA","space","f","NA","NA","NA","NA","NA","NA","NA","space","747","NA","NA","747","NA","NA","NA","NA","NA","NA","NA","6358","807","NA","NA","NA","NA","NA","NA","NA","13828","2","legacy","no","1024","2","48000","-16","EXP","20","even","no","yes","NA","12411","3320","3320","10237","12396","12396","NA","NA","44894","52717","36648","26255","38521","53222","52715","12411","44894","53222","53971","NA","NA","26255","38463","26274","36647","26274","26274","26255","NA","NA","NA","NA","NA","NA","NA","38523","37154","37154","37963","NA","NA","54471","NA","NA","NA","NA","NA","NA","NA","12413","Orientation_PSA2018","11","9242","11","yes","1024"
"N","7236","H","V","PP_LIST3.csv","bowlH.jpg","bowlV.jpg","100","100","834.166666667","834.166666667","#ffffff","yes","legacy","legacy","legacy","0","uniform","1","1","undefined","1","undefined","6","j","0","0","0","0","0","0","0","NA","5","0","5","5","0","0","5","5","0","0","5","5","5","5","0","5","0","5","0","0","0","0","0","0","0","0","0","0","0","5","5","5","5","5","5","0","0","0","0","0","0","0","0","11/25/19 12:58:50","no","Matching Tasks","yes","","no","OrientationCrossLanguages_2018PSA_PP_1.2.4.osexp","C:\Users\Lenovo_Lab501\Desktop\PSA002","no","chinese-japanese-korean","no","18","no","#0000ff","no","อักษรไทย","yes","768","no","legacy","5","5","1","5","C:/Users/Lenovo_Lab501/Desktop/PSA002/data/THA_001_PP_20","legacy","no","Kafkaesque Koffka","3.2.8","yes","5a7ce671e83246000deafe81","no","0","0","j","NA","NA","j","NA","NA","NA","NA","NA","NA","NA","space","f","NA","NA","NA","NA","NA","NA","NA","space","768","NA","NA","768","NA","NA","NA","NA","NA","NA","NA","6358","807","NA","NA","NA","NA","NA","NA","NA","13828","2","legacy","no","1024","2","48000","-16","EXP","20","even","no","yes","NA","12411","3320","3320","10237","12396","12396","NA","NA","44894","54687","36648","26255","38521","55193","54686","12411","44894","55193","55964","NA","NA","26255","38463","26274","36647","26274","26274","26255","NA","NA","NA","NA","NA","NA","NA","38523","37154","37154","37963","NA","NA","56464","NA","NA","NA","NA","NA","NA","NA","12413","Orientation_PSA2018","12","10010","12","yes","1024"
"Y","7236","H","H","PP_LIST3.csv","nailH.jpg","nailH.jpg","100","100","818.769230769","818.769230769","#ffffff","yes","legacy","legacy","legacy","0","uniform","1","1","undefined","1","undefined","6","j","0","0","0","0","0","0","0","NA","6","0","6","5","0","0","6","6","0","0","6","6","6","6","0","5","0","5","0","0","0","0","0","0","0","0","0","0","0","5","5","5","5","5","6","0","0","0","0","0","0","0","0","11/25/19 12:58:50","no","Matching Tasks","yes","","no","OrientationCrossLanguages_2018PSA_PP_1.2.4.osexp","C:\Users\Lenovo_Lab501\Desktop\PSA002","no","chinese-japanese-korean","no","18","no","#0000ff","no","อักษรไทย","yes","768","no","legacy","6","6","1","5","C:/Users/Lenovo_Lab501/Desktop/PSA002/data/THA_001_PP_20","legacy","no","Kafkaesque Koffka","3.2.8","yes","5a7ce671e83246000deafe81","no","0","0","j","NA","NA","j","NA","NA","NA","NA","NA","NA","NA","space","f","NA","NA","NA","NA","NA","NA","NA","space","634","NA","NA","634","NA","NA","NA","NA","NA","NA","NA","6358","807","NA","NA","NA","NA","NA","NA","NA","13828","2","legacy","no","1024","2","48000","-16","EXP","20","even","no","yes","NA","12411","3320","3320","10237","12396","12396","NA","NA","44894","56662","36648","26255","38521","57167","56660","12411","44894","57167","57803","NA","NA","26255","38463","26274","36647","26274","26274","26255","NA","NA","NA","NA","NA","NA","NA","38523","37154","37154","37963","NA","NA","58303","NA","NA","NA","NA","NA","NA","NA","12413","Orientation_PSA2018","13","10644","13","yes","1024"
"F","7236","F","F","PP_LIST3.csv","tiger.jpg","wndmil.jpg","100","100","806.285714286","806.285714286","#ffffff","yes","legacy","legacy","legacy","0","uniform","1","1","undefined","1","undefined","6","f","0","0","0","0","0","0","0","NA","7","0","7","5","0","0","7","7","0","0","7","7","7","7","0","5","0","5","0","0","0","0","0","0","0","0","0","0","0","5","5","5","5","5","7","0","0","0","0","0","0","0","0","11/25/19 12:58:50","no","Matching Tasks","yes","","no","OrientationCrossLanguages_2018PSA_PP_1.2.4.osexp","C:\Users\Lenovo_Lab501\Desktop\PSA002","no","chinese-japanese-korean","no","18","no","#0000ff","no","อักษรไทย","yes","768","no","legacy","7","7","1","5","C:/Users/Lenovo_Lab501/Desktop/PSA002/data/THA_001_PP_20","legacy","no","Kafkaesque Koffka","3.2.8","yes","5a7ce671e83246000deafe81","no","0","0","f","NA","NA","f","NA","NA","NA","NA","NA","NA","NA","space","f","NA","NA","NA","NA","NA","NA","NA","space","644","NA","NA","644","NA","NA","NA","NA","NA","NA","NA","6358","807","NA","NA","NA","NA","NA","NA","NA","13828","2","legacy","no","1024","2","48000","-16","EXP","20","even","no","yes","NA","12411","3320","3320","10237","12396","12396","NA","NA","44894","58467","36648","26255","38521","58973","58465","12411","44894","58973","59619","NA","NA","26255","38463","26274","36647","26274","26274","26255","NA","NA","NA","NA","NA","NA","NA","38523","37154","37154","37963","NA","NA","60119","NA","NA","NA","NA","NA","NA","NA","12413","Orientation_PSA2018","14","11288","14","yes","1024"
"F","7236","F","F","PP_LIST3.csv","tlphon.jpg","knife.jpg","100","100","802.666666667","802.666666667","#ffffff","yes","legacy","legacy","legacy","0","uniform","1","1","undefined","1","undefined","6","f","0","0","0","0","0","0","0","NA","8","0","8","5","0","0","8","8","0","0","8","8","8","8","0","5","0","5","0","0","0","0","0","0","0","0","0","0","0","5","5","5","5","5","8","0","0","0","0","0","0","0","0","11/25/19 12:58:50","no","Matching Tasks","yes","","no","OrientationCrossLanguages_2018PSA_PP_1.2.4.osexp","C:\Users\Lenovo_Lab501\Desktop\PSA002","no","chinese-japanese-korean","no","18","no","#0000ff","no","อักษรไทย","yes","768","no","legacy","8","8","1","5","C:/Users/Lenovo_Lab501/Desktop/PSA002/data/THA_001_PP_20","legacy","no","Kafkaesque Koffka","3.2.8","yes","5a7ce671e83246000deafe81","no","0","0","f","NA","NA","f","NA","NA","NA","NA","NA","NA","NA","space","f","NA","NA","NA","NA","NA","NA","NA","space","752","NA","NA","752","NA","NA","NA","NA","NA","NA","NA","6358","807","NA","NA","NA","NA","NA","NA","NA","13828","2","legacy","no","1024","2","48000","-16","EXP","20","even","no","yes","NA","12411","3320","3320","10237","12396","12396","NA","NA","44894","60272","36648","26255","38521","60777","60270","12411","44894","60777","61532","NA","NA","26255","38463","26274","36647","26274","26274","26255","NA","NA","NA","NA","NA","NA","NA","38523","37154","37154","37963","NA","NA","62032","NA","NA","NA","NA","NA","NA","NA","12413","Orientation_PSA2018","15","12040","15","yes","1024"
"F","7236","F","F","PP_LIST3.csv","wrench.jpg","piano.jpg","100","100","790.1875","790.1875","#ffffff","yes","legacy","legacy","legacy","0","uniform","1","1","undefined","1","undefined","6","f","0","0","0","0","0","0","0","NA","9","0","9","5","0","0","9","9","0","0","9","9","9","9","0","5","0","5","0","0","0","0","0","0","0","0","0","0","0","5","5","5","5","5","9","0","0","0","0","0","0","0","0","11/25/19 12:58:50","no","Matching Tasks","yes","","no","OrientationCrossLanguages_2018PSA_PP_1.2.4.osexp","C:\Users\Lenovo_Lab501\Desktop\PSA002","no","chinese-japanese-korean","no","18","no","#0000ff","no","อักษรไทย","yes","768","no","legacy","9","9","1","5","C:/Users/Lenovo_Lab501/Desktop/PSA002/data/THA_001_PP_20","legacy","no","Kafkaesque Koffka","3.2.8","yes","5a7ce671e83246000deafe81","no","0","0","f","NA","NA","f","NA","NA","NA","NA","NA","NA","NA","space","f","NA","NA","NA","NA","NA","NA","NA","space","603","NA","NA","603","NA","NA","NA","NA","NA","NA","NA","6358","807","NA","NA","NA","NA","NA","NA","NA","13828","2","legacy","no","1024","2","48000","-16","EXP","20","even","no","yes","NA","12411","3320","3320","10237","12396","12396","NA","NA","44894","62237","36648","26255","38521","62742","62235","12411","44894","62742","63348","NA","NA","26255","38463","26274","36647","26274","26274","26255","NA","NA","NA","NA","NA","NA","NA","38523","37154","37154","37963","NA","NA","63848","NA","NA","NA","NA","NA","NA","NA","12413","Orientation_PSA2018","16","12643","16","yes","1024"
"Y","7236","H","H","PP_LIST3.csv","ironH.jpg","ironH.jpg","100","100","779.882352941","779.882352941","#ffffff","yes","legacy","legacy","legacy","0","uniform","1","1","undefined","1","undefined","6","j","0","0","0","0","0","0","0","NA","10","0","10","5","0","0","10","10","0","0","10","10","10","10","0","5","0","5","0","0","0","0","0","0","0","0","0","0","0","5","5","5","5","5","10","0","0","0","0","0","0","0","0","11/25/19 12:58:50","no","Matching Tasks","yes","","no","OrientationCrossLanguages_2018PSA_PP_1.2.4.osexp","C:\Users\Lenovo_Lab501\Desktop\PSA002","no","chinese-japanese-korean","no","18","no","#0000ff","no","อักษรไทย","yes","768","no","legacy","10","10","1","5","C:/Users/Lenovo_Lab501/Desktop/PSA002/data/THA_001_PP_20","legacy","no","Kafkaesque Koffka","3.2.8","yes","5a7ce671e83246000deafe81","no","0","0","j","NA","NA","j","NA","NA","NA","NA","NA","NA","NA","space","f","NA","NA","NA","NA","NA","NA","NA","space","615","NA","NA","615","NA","NA","NA","NA","NA","NA","NA","6358","807","NA","NA","NA","NA","NA","NA","NA","13828","2","legacy","no","1024","2","48000","-16","EXP","20","even","no","yes","NA","12411","3320","3320","10237","12396","12396","NA","NA","44894","64049","36648","26255","38521","64554","64047","12411","44894","64554","65171","NA","NA","26255","38463","26274","36647","26274","26274","26255","NA","NA","NA","NA","NA","NA","NA","38523","37154","37154","37963","NA","NA","65671","NA","NA","NA","NA","NA","NA","NA","12413","Orientation_PSA2018","17","13258","17","yes","1024"
"Y","7236","V","V","PP_LIST3.csv","saltV.jpg","saltV.jpg","100","100","772.5","772.5","#ffffff","yes","legacy","legacy","legacy","0","uniform","1","1","undefined","1","undefined","6","j","0","0","0","0","0","0","0","NA","11","0","11","5","0","0","11","11","0","0","11","11","11","11","0","5","0","5","0","0","0","0","0","0","0","0","0","0","0","5","5","5","5","5","11","0","0","0","0","0","0","0","0","11/25/19 12:58:50","no","Matching Tasks","yes","","no","OrientationCrossLanguages_2018PSA_PP_1.2.4.osexp","C:\Users\Lenovo_Lab501\Desktop\PSA002","no","chinese-japanese-korean","no","18","no","#0000ff","no","อักษรไทย","yes","768","no","legacy","11","11","1","5","C:/Users/Lenovo_Lab501/Desktop/PSA002/data/THA_001_PP_20","legacy","no","Kafkaesque Koffka","3.2.8","yes","5a7ce671e83246000deafe81","no","0","0","j","NA","NA","j","NA","NA","NA","NA","NA","NA","NA","space","f","NA","NA","NA","NA","NA","NA","NA","space","647","NA","NA","647","NA","NA","NA","NA","NA","NA","NA","6358","807","NA","NA","NA","NA","NA","NA","NA","13828","2","legacy","no","1024","2","48000","-16","EXP","20","even","no","yes","NA","12411","3320","3320","10237","12396","12396","NA","NA","44894","65848","36648","26255","38521","66354","65847","12411","44894","66354","67004","NA","NA","26255","38463","26274","36647","26274","26274","26255","NA","NA","NA","NA","NA","NA","NA","38523","37154","37154","37963","NA","NA","67504","NA","NA","NA","NA","NA","NA","NA","12413","Orientation_PSA2018","18","13905","18","yes","1024"
"N","7236","V","H","PP_LIST3.csv","crayonV.jpg","crayonH.jpg","100","100","761.736842105","761.736842105","#ffffff","yes","legacy","legacy","legacy","0","uniform","1","1","undefined","1","undefined","6","j","0","0","0","0","0","0","0","NA","12","0","12","5","0","0","12","12","0","0","12","12","12","12","0","5","0","5","0","0","0","0","0","0","0","0","0","0","0","5","5","5","5","5","12","0","0","0","0","0","0","0","0","11/25/19 12:58:50","no","Matching Tasks","yes","","no","OrientationCrossLanguages_2018PSA_PP_1.2.4.osexp","C:\Users\Lenovo_Lab501\Desktop\PSA002","no","chinese-japanese-korean","no","18","no","#0000ff","no","อักษรไทย","yes","768","no","legacy","12","12","1","5","C:/Users/Lenovo_Lab501/Desktop/PSA002/data/THA_001_PP_20","legacy","no","Kafkaesque Koffka","3.2.8","yes","5a7ce671e83246000deafe81","no","0","0","j","NA","NA","j","NA","NA","NA","NA","NA","NA","NA","space","f","NA","NA","NA","NA","NA","NA","NA","space","568","NA","NA","568","NA","NA","NA","NA","NA","NA","NA","6358","807","NA","NA","NA","NA","NA","NA","NA","13828","2","legacy","no","1024","2","48000","-16","EXP","20","even","no","yes","NA","12411","3320","3320","10237","12396","12396","NA","NA","44894","67680","36648","26255","38521","68185","67678","12411","44894","68185","68755","NA","NA","26255","38463","26274","36647","26274","26274","26255","NA","NA","NA","NA","NA","NA","NA","38523","37154","37154","37963","NA","NA","69255","NA","NA","NA","NA","NA","NA","NA","12413","Orientation_PSA2018","19","14473","19","yes","1024"
"Y","7236","V","V","PP_LIST3.csv","plateV.jpg","plateV.jpg","100","100","754.25","754.25","#ffffff","yes","legacy","legacy","legacy","0","uniform","1","1","undefined","1","undefined","6","j","0","0","0","0","0","0","0","NA","13","0","13","5","0","0","13","13","0","0","13","13","13","13","0","5","0","5","0","0","0","0","0","0","0","0","0","0","0","5","5","5","5","5","13","0","0","0","0","0","0","0","0","11/25/19 12:58:50","no","Matching Tasks","yes","","no","OrientationCrossLanguages_2018PSA_PP_1.2.4.osexp","C:\Users\Lenovo_Lab501\Desktop\PSA002","no","chinese-japanese-korean","no","18","no","#0000ff","no","อักษรไทย","yes","768","no","legacy","13","13","1","5","C:/Users/Lenovo_Lab501/Desktop/PSA002/data/THA_001_PP_20","legacy","no","Kafkaesque Koffka","3.2.8","yes","5a7ce671e83246000deafe81","no","0","0","j","NA","NA","j","NA","NA","NA","NA","NA","NA","NA","space","f","NA","NA","NA","NA","NA","NA","NA","space","612","NA","NA","612","NA","NA","NA","NA","NA","NA","NA","6358","807","NA","NA","NA","NA","NA","NA","NA","13828","2","legacy","no","1024","2","48000","-16","EXP","20","even","no","yes","NA","12411","3320","3320","10237","12396","12396","NA","NA","44894","69452","36648","26255","38521","69957","69450","12411","44894","69957","70571","NA","NA","26255","38463","26274","36647","26274","26274","26255","NA","NA","NA","NA","NA","NA","NA","38523","37154","37154","37963","NA","NA","71071","NA","NA","NA","NA","NA","NA","NA","12413","Orientation_PSA2018","20","15085","20","yes","1024"
"F","7236","F","F","PP_LIST3.csv","piano.jpg","sutcse.jpg","100","100","751.238095238","751.238095238","#ffffff","yes","legacy","legacy","legacy","0","uniform","1","1","undefined","1","undefined","6","f","0","0","0","0","0","0","0","NA","14","0","14","5","0","0","14","14","0","0","14","14","14","14","0","5","0","5","0","0","0","0","0","0","0","0","0","0","0","5","5","5","5","5","14","0","0","0","0","0","0","0","0","11/25/19 12:58:50","no","Matching Tasks","yes","","no","OrientationCrossLanguages_2018PSA_PP_1.2.4.osexp","C:\Users\Lenovo_Lab501\Desktop\PSA002","no","chinese-japanese-korean","no","18","no","#0000ff","no","อักษรไทย","yes","768","no","legacy","14","14","1","5","C:/Users/Lenovo_Lab501/Desktop/PSA002/data/THA_001_PP_20","legacy","no","Kafkaesque Koffka","3.2.8","yes","5a7ce671e83246000deafe81","no","0","0","f","NA","NA","f","NA","NA","NA","NA","NA","NA","NA","space","f","NA","NA","NA","NA","NA","NA","NA","space","691","NA","NA","691","NA","NA","NA","NA","NA","NA","NA","6358","807","NA","NA","NA","NA","NA","NA","NA","13828","2","legacy","no","1024","2","48000","-16","EXP","20","even","no","yes","NA","12411","3320","3320","10237","12396","12396","NA","NA","44894","71271","36648","26255","38521","71774","71269","12411","44894","71774","72467","NA","NA","26255","38463","26274","36647","26274","26274","26255","NA","NA","NA","NA","NA","NA","NA","38523","37154","37154","37963","NA","NA","72967","NA","NA","NA","NA","NA","NA","NA","12413","Orientation_PSA2018","21","15776","21","yes","1024"
"F","7236","F","F","PP_LIST3.csv","wndmil.jpg","mitten.jpg","100","100","759.727272727","759.727272727","#ffffff","yes","legacy","legacy","legacy","0","uniform","1","1","undefined","1","undefined","6","f","0","0","0","0","0","0","0","NA","15","0","15","5","0","0","15","15","0","0","15","15","15","15","0","5","0","5","0","0","0","0","0","0","0","0","0","0","0","5","5","5","5","5","15","0","0","0","0","0","0","0","0","11/25/19 12:58:50","no","Matching Tasks","yes","","no","OrientationCrossLanguages_2018PSA_PP_1.2.4.osexp","C:\Users\Lenovo_Lab501\Desktop\PSA002","no","chinese-japanese-korean","no","18","no","#0000ff","no","อักษรไทย","yes","768","no","legacy","15","15","1","5","C:/Users/Lenovo_Lab501/Desktop/PSA002/data/THA_001_PP_20","legacy","no","Kafkaesque Koffka","3.2.8","yes","5a7ce671e83246000deafe81","no","0","0","f","NA","NA","f","NA","NA","NA","NA","NA","NA","NA","space","f","NA","NA","NA","NA","NA","NA","NA","space","938","NA","NA","938","NA","NA","NA","NA","NA","NA","NA","6358","807","NA","NA","NA","NA","NA","NA","NA","13828","2","legacy","no","1024","2","48000","-16","EXP","20","even","no","yes","NA","12411","3320","3320","10237","12396","12396","NA","NA","44894","73166","36648","26255","38521","73671","73164","12411","44894","73671","74611","NA","NA","26255","38463","26274","36647","26274","26274","26255","NA","NA","NA","NA","NA","NA","NA","38523","37154","37154","37963","NA","NA","75111","NA","NA","NA","NA","NA","NA","NA","12413","Orientation_PSA2018","22","16714","22","yes","1024"
"F","7236","F","F","PP_LIST3.csv","couch.jpg","spider.jpg","100","100","754.217391304","754.217391304","#ffffff","yes","legacy","legacy","legacy","0","uniform","1","1","undefined","1","undefined","6","f","0","0","0","0","0","0","0","NA","16","0","16","5","0","0","16","16","0","0","16","16","16","16","0","5","0","5","0","0","0","0","0","0","0","0","0","0","0","5","5","5","5","5","16","0","0","0","0","0","0","0","0","11/25/19 12:58:50","no","Matching Tasks","yes","","no","OrientationCrossLanguages_2018PSA_PP_1.2.4.osexp","C:\Users\Lenovo_Lab501\Desktop\PSA002","no","chinese-japanese-korean","no","18","no","#0000ff","no","อักษรไทย","yes","768","no","legacy","16","16","1","5","C:/Users/Lenovo_Lab501/Desktop/PSA002/data/THA_001_PP_20","legacy","no","Kafkaesque Koffka","3.2.8","yes","5a7ce671e83246000deafe81","no","0","0","f","NA","NA","f","NA","NA","NA","NA","NA","NA","NA","space","f","NA","NA","NA","NA","NA","NA","NA","space","633","NA","NA","633","NA","NA","NA","NA","NA","NA","NA","6358","807","NA","NA","NA","NA","NA","NA","NA","13828","2","legacy","no","1024","2","48000","-16","EXP","20","even","no","yes","NA","12411","3320","3320","10237","12396","12396","NA","NA","44894","75319","36648","26255","38521","75824","75317","12411","44894","75824","76459","NA","NA","26255","38463","26274","36647","26274","26274","26255","NA","NA","NA","NA","NA","NA","NA","38523","37154","37154","37963","NA","NA","76959","NA","NA","NA","NA","NA","NA","NA","12413","Orientation_PSA2018","23","17347","23","yes","1024"
"F","7236","F","F","PP_LIST3.csv","sutcse.jpg","pumpkin.jpg","100","100","748.416666667","748.416666667","#ffffff","yes","legacy","legacy","legacy","0","uniform","1","1","undefined","1","undefined","6","f","0","0","0","0","0","0","0","NA","17","0","17","5","0","0","17","17","0","0","17","17","17","17","0","5","0","5","0","0","0","0","0","0","0","0","0","0","0","5","5","5","5","5","17","0","0","0","0","0","0","0","0","11/25/19 12:58:50","no","Matching Tasks","yes","","no","OrientationCrossLanguages_2018PSA_PP_1.2.4.osexp","C:\Users\Lenovo_Lab501\Desktop\PSA002","no","chinese-japanese-korean","no","18","no","#0000ff","no","อักษรไทย","yes","768","no","legacy","17","17","1","5","C:/Users/Lenovo_Lab501/Desktop/PSA002/data/THA_001_PP_20","legacy","no","Kafkaesque Koffka","3.2.8","yes","5a7ce671e83246000deafe81","no","0","0","f","NA","NA","f","NA","NA","NA","NA","NA","NA","NA","space","f","NA","NA","NA","NA","NA","NA","NA","space","615","NA","NA","615","NA","NA","NA","NA","NA","NA","NA","6358","807","NA","NA","NA","NA","NA","NA","NA","13828","2","legacy","no","1024","2","48000","-16","EXP","20","even","no","yes","NA","12411","3320","3320","10237","12396","12396","NA","NA","44894","77129","36648","26255","38521","77634","77127","12411","44894","77634","78251","NA","NA","26255","38463","26274","36647","26274","26274","26255","NA","NA","NA","NA","NA","NA","NA","38523","37154","37154","37963","NA","NA","78751","NA","NA","NA","NA","NA","NA","NA","12413","Orientation_PSA2018","24","17962","24","yes","1024"
"F","7236","F","F","PP_LIST3.csv","buggy.jpg","glass.jpg","100","100","740.56","740.56","#ffffff","yes","legacy","legacy","legacy","0","uniform","1","1","undefined","1","undefined","6","f","0","0","0","0","0","0","0","NA","18","0","18","5","0","0","18","18","0","0","18","18","18","18","0","5","0","5","0","0","0","0","0","0","0","0","0","0","0","5","5","5","5","5","18","0","0","0","0","0","0","0","0","11/25/19 12:58:50","no","Matching Tasks","yes","","no","OrientationCrossLanguages_2018PSA_PP_1.2.4.osexp","C:\Users\Lenovo_Lab501\Desktop\PSA002","no","chinese-japanese-korean","no","18","no","#0000ff","no","อักษรไทย","yes","768","no","legacy","18","18","1","5","C:/Users/Lenovo_Lab501/Desktop/PSA002/data/THA_001_PP_20","legacy","no","Kafkaesque Koffka","3.2.8","yes","5a7ce671e83246000deafe81","no","0","0","f","NA","NA","f","NA","NA","NA","NA","NA","NA","NA","space","f","NA","NA","NA","NA","NA","NA","NA","space","552","NA","NA","552","NA","NA","NA","NA","NA","NA","NA","6358","807","NA","NA","NA","NA","NA","NA","NA","13828","2","legacy","no","1024","2","48000","-16","EXP","20","even","no","yes","NA","12411","3320","3320","10237","12396","12396","NA","NA","44894","78927","36648","26255","38521","79432","78925","12411","44894","79432","79987","NA","NA","26255","38463","26274","36647","26274","26274","26255","NA","NA","NA","NA","NA","NA","NA","38523","37154","37154","37963","NA","NA","80487","NA","NA","NA","NA","NA","NA","NA","12413","Orientation_PSA2018","25","18514","25","yes","1024"
"Y","7236","V","V","PP_LIST3.csv","screwV.jpg","screwV.jpg","100","100","730.807692308","730.807692308","#ffffff","yes","legacy","legacy","legacy","0","uniform","1","1","undefined","1","undefined","6","j","0","0","0","0","0","0","0","NA","19","0","19","5","0","0","19","19","0","0","19","19","19","19","0","5","0","5","0","0","0","0","0","0","0","0","0","0","0","5","5","5","5","5","19","0","0","0","0","0","0","0","0","11/25/19 12:58:50","no","Matching Tasks","yes","","no","OrientationCrossLanguages_2018PSA_PP_1.2.4.osexp","C:\Users\Lenovo_Lab501\Desktop\PSA002","no","chinese-japanese-korean","no","18","no","#0000ff","no","อักษรไทย","yes","768","no","legacy","19","19","1","5","C:/Users/Lenovo_Lab501/Desktop/PSA002/data/THA_001_PP_20","legacy","no","Kafkaesque Koffka","3.2.8","yes","5a7ce671e83246000deafe81","no","0","0","j","NA","NA","j","NA","NA","NA","NA","NA","NA","NA","space","f","NA","NA","NA","NA","NA","NA","NA","space","487","NA","NA","487","NA","NA","NA","NA","NA","NA","NA","6358","807","NA","NA","NA","NA","NA","NA","NA","13828","2","legacy","no","1024","2","48000","-16","EXP","20","even","no","yes","NA","12411","3320","3320","10237","12396","12396","NA","NA","44894","80681","36648","26255","38521","81186","80679","12411","44894","81186","81675","NA","NA","26255","38463","26274","36647","26274","26274","26255","NA","NA","NA","NA","NA","NA","NA","38523","37154","37154","37963","NA","NA","82175","NA","NA","NA","NA","NA","NA","NA","12413","Orientation_PSA2018","26","19001","26","yes","1024"
"F","7236","F","F","PP_LIST3.csv","house.jpg","ring.jpg","100","100","731","731","#ffffff","yes","legacy","legacy","legacy","0","uniform","1","1","undefined","1","undefined","6","f","0","0","0","0","0","0","0","NA","20","0","20","5","0","0","20","20","0","0","20","20","20","20","0","5","0","5","0","0","0","0","0","0","0","0","0","0","0","5","5","5","5","5","20","0","0","0","0","0","0","0","0","11/25/19 12:58:50","no","Matching Tasks","yes","","no","OrientationCrossLanguages_2018PSA_PP_1.2.4.osexp","C:\Users\Lenovo_Lab501\Desktop\PSA002","no","chinese-japanese-korean","no","18","no","#0000ff","no","อักษรไทย","yes","768","no","legacy","20","20","1","5","C:/Users/Lenovo_Lab501/Desktop/PSA002/data/THA_001_PP_20","legacy","no","Kafkaesque Koffka","3.2.8","yes","5a7ce671e83246000deafe81","no","0","0","f","NA","NA","f","NA","NA","NA","NA","NA","NA","NA","space","f","NA","NA","NA","NA","NA","NA","NA","space","736","NA","NA","736","NA","NA","NA","NA","NA","NA","NA","6358","807","NA","NA","NA","NA","NA","NA","NA","13828","2","legacy","no","1024","2","48000","-16","EXP","20","even","no","yes","NA","12411","3320","3320","10237","12396","12396","NA","NA","44894","82328","36648","26255","38521","82833","82326","12411","44894","82833","83572","NA","NA","26255","38463","26274","36647","26274","26274","26255","NA","NA","NA","NA","NA","NA","NA","38523","37154","37154","37963","NA","NA","84072","NA","NA","NA","NA","NA","NA","NA","12413","Orientation_PSA2018","27","19737","27","yes","1024"
"N","7236","V","H","PP_LIST3.csv","brushV.jpg","brushH.jpg","100","100","731.75","731.75","#ffffff","yes","legacy","legacy","legacy","0","uniform","1","1","undefined","1","undefined","6","j","0","0","0","0","0","0","0","NA","21","0","21","5","0","0","21","21","0","0","21","21","21","21","0","5","0","5","0","0","0","0","0","0","0","0","0","0","0","5","5","5","5","5","21","0","0","0","0","0","0","0","0","11/25/19 12:58:50","no","Matching Tasks","yes","","no","OrientationCrossLanguages_2018PSA_PP_1.2.4.osexp","C:\Users\Lenovo_Lab501\Desktop\PSA002","no","chinese-japanese-korean","no","18","no","#0000ff","no","อักษรไทย","yes","768","no","legacy","21","21","1","5","C:/Users/Lenovo_Lab501/Desktop/PSA002/data/THA_001_PP_20","legacy","no","Kafkaesque Koffka","3.2.8","yes","5a7ce671e83246000deafe81","no","0","0","j","NA","NA","j","NA","NA","NA","NA","NA","NA","NA","space","f","NA","NA","NA","NA","NA","NA","NA","space","752","NA","NA","752","NA","NA","NA","NA","NA","NA","NA","6358","807","NA","NA","NA","NA","NA","NA","NA","13828","2","legacy","no","1024","2","48000","-16","EXP","20","even","no","yes","NA","12411","3320","3320","10237","12396","12396","NA","NA","44894","84240","36648","26255","38521","84745","84238","12411","44894","84745","85499","NA","NA","26255","38463","26274","36647","26274","26274","26255","NA","NA","NA","NA","NA","NA","NA","38523","37154","37154","37963","NA","NA","85999","NA","NA","NA","NA","NA","NA","NA","12413","Orientation_PSA2018","28","20489","28","yes","1024"
"F","7236","F","F","PP_LIST3.csv","stove.jpg","ftball.jpg","100","100","740.068965517","740.068965517","#ffffff","yes","legacy","legacy","legacy","0","uniform","1","1","undefined","1","undefined","6","f","0","0","0","0","0","0","0","NA","22","0","22","5","0","0","22","22","0","0","22","22","22","22","0","5","0","5","0","0","0","0","0","0","0","0","0","0","0","5","5","5","5","5","22","0","0","0","0","0","0","0","0","11/25/19 12:58:50","no","Matching Tasks","yes","","no","OrientationCrossLanguages_2018PSA_PP_1.2.4.osexp","C:\Users\Lenovo_Lab501\Desktop\PSA002","no","chinese-japanese-korean","no","18","no","#0000ff","no","อักษรไทย","yes","768","no","legacy","22","22","1","5","C:/Users/Lenovo_Lab501/Desktop/PSA002/data/THA_001_PP_20","legacy","no","Kafkaesque Koffka","3.2.8","yes","5a7ce671e83246000deafe81","no","0","0","f","NA","NA","f","NA","NA","NA","NA","NA","NA","NA","space","f","NA","NA","NA","NA","NA","NA","NA","space","973","NA","NA","973","NA","NA","NA","NA","NA","NA","NA","6358","807","NA","NA","NA","NA","NA","NA","NA","13828","2","legacy","no","1024","2","48000","-16","EXP","20","even","no","yes","NA","12411","3320","3320","10237","12396","12396","NA","NA","44894","86155","36648","26255","38521","86659","86153","12411","44894","86660","87635","NA","NA","26255","38463","26274","36647","26274","26274","26255","NA","NA","NA","NA","NA","NA","NA","38523","37154","37154","37963","NA","NA","88135","NA","NA","NA","NA","NA","NA","NA","12413","Orientation_PSA2018","29","21462","29","yes","1024"
"F","7236","F","F","PP_LIST3.csv","ring.jpg","stove.jpg","100","100","740.266666667","740.266666667","#ffffff","yes","legacy","legacy","legacy","0","uniform","1","1","undefined","1","undefined","6","f","0","0","0","0","0","0","0","NA","23","0","23","5","0","0","23","23","0","0","23","23","23","23","0","5","0","5","0","0","0","0","0","0","0","0","0","0","0","5","5","5","5","5","23","0","0","0","0","0","0","0","0","11/25/19 12:58:50","no","Matching Tasks","yes","","no","OrientationCrossLanguages_2018PSA_PP_1.2.4.osexp","C:\Users\Lenovo_Lab501\Desktop\PSA002","no","chinese-japanese-korean","no","18","no","#0000ff","no","อักษรไทย","yes","768","no","legacy","23","23","1","5","C:/Users/Lenovo_Lab501/Desktop/PSA002/data/THA_001_PP_20","legacy","no","Kafkaesque Koffka","3.2.8","yes","5a7ce671e83246000deafe81","no","0","0","f","NA","NA","f","NA","NA","NA","NA","NA","NA","NA","space","f","NA","NA","NA","NA","NA","NA","NA","space","746","NA","NA","746","NA","NA","NA","NA","NA","NA","NA","6358","807","NA","NA","NA","NA","NA","NA","NA","13828","2","legacy","no","1024","2","48000","-16","EXP","20","even","no","yes","NA","12411","3320","3320","10237","12396","12396","NA","NA","44894","88326","36648","26255","38521","88831","88324","12411","44894","88831","89580","NA","NA","26255","38463","26274","36647","26274","26274","26255","NA","NA","NA","NA","NA","NA","NA","38523","37154","37154","37963","NA","NA","90080","NA","NA","NA","NA","NA","NA","NA","12413","Orientation_PSA2018","30","22208","30","yes","1024"
"Y","7236","V","V","PP_LIST3.csv","tireV.jpg","tireV.jpg","100","100","750","750","#ffffff","yes","legacy","legacy","legacy","0","uniform","1","1","undefined","1","undefined","6","j","0","0","0","0","0","0","0","0","24","0","24","5","0","0","24","24","0","0","24","24","24","24","0","5","0","5","0","0","0","0","0","0","0","0","0","0","0","5","5","5","5","5","24","0","0","0","0","0","0","0","0","11/25/19 12:58:50","no","Matching Tasks","yes","","no","OrientationCrossLanguages_2018PSA_PP_1.2.4.osexp","C:\Users\Lenovo_Lab501\Desktop\PSA002","no","chinese-japanese-korean","no","18","no","#0000ff","no","อักษรไทย","yes","768","no","legacy","24","24","1","5","C:/Users/Lenovo_Lab501/Desktop/PSA002/data/THA_001_PP_20","legacy","no","Kafkaesque Koffka","3.2.8","yes","5a7ce671e83246000deafe81","no","0","0","j","space","NA","j","NA","NA","NA","NA","NA","NA","NA","space","f","NA","NA","NA","NA","NA","NA","NA","space","750","4050","NA","750","NA","NA","NA","NA","NA","NA","NA","6358","807","NA","NA","NA","NA","NA","NA","NA","13828","2","legacy","no","1024","2","48000","-16","EXP","20","even","no","yes","NA","12411","3320","3320","10237","12396","12396","90159","NA","44894","94338","36648","26255","38521","94843","94336","12411","44894","94843","95595","NA","NA","26255","38463","26274","36647","26274","26274","26255","NA","NA","NA","NA","NA","NA","NA","38523","37154","37154","37963","NA","NA","96096","NA","NA","NA","NA","NA","NA","NA","12413","Orientation_PSA2018","1","750","1","yes","1024"
"F","7236","F","F","PP_LIST3.csv","skirt.jpg","tlphon.jpg","100","100","698.5","698.5","#ffffff","yes","legacy","legacy","legacy","0","uniform","1","1","undefined","1","undefined","6","f","0","0","0","0","0","0","0","0","25","0","25","5","0","0","25","25","0","0","25","25","25","25","0","5","0","5","0","0","0","0","0","0","0","0","0","0","0","5","5","5","5","5","25","0","0","0","0","0","0","0","0","11/25/19 12:58:50","no","Matching Tasks","yes","","no","OrientationCrossLanguages_2018PSA_PP_1.2.4.osexp","C:\Users\Lenovo_Lab501\Desktop\PSA002","no","chinese-japanese-korean","no","18","no","#0000ff","no","อักษรไทย","yes","768","no","legacy","25","25","1","5","C:/Users/Lenovo_Lab501/Desktop/PSA002/data/THA_001_PP_20","legacy","no","Kafkaesque Koffka","3.2.8","yes","5a7ce671e83246000deafe81","no","0","0","f","space","NA","f","NA","NA","NA","NA","NA","NA","NA","space","f","NA","NA","NA","NA","NA","NA","NA","space","647","4050","NA","647","NA","NA","NA","NA","NA","NA","NA","6358","807","NA","NA","NA","NA","NA","NA","NA","13828","2","legacy","no","1024","2","48000","-16","EXP","20","even","no","yes","NA","12411","3320","3320","10237","12396","12396","90159","NA","44894","96265","36648","26255","38521","96770","96263","12411","44894","96770","97419","NA","NA","26255","38463","26274","36647","26274","26274","26255","NA","NA","NA","NA","NA","NA","NA","38523","37154","37154","37963","NA","NA","97919","NA","NA","NA","NA","NA","NA","NA","12413","Orientation_PSA2018","2","1397","2","yes","1024"
"F","7236","F","F","PP_LIST3.csv","mitten.jpg","needle.jpg","100","100","696","696","#ffffff","yes","legacy","legacy","legacy","0","uniform","1","1","undefined","1","undefined","6","f","0","0","0","0","0","0","0","0","26","0","26","5","0","0","26","26","0","0","26","26","26","26","0","5","0","5","0","0","0","0","0","0","0","0","0","0","0","5","5","5","5","5","26","0","0","0","0","0","0","0","0","11/25/19 12:58:50","no","Matching Tasks","yes","","no","OrientationCrossLanguages_2018PSA_PP_1.2.4.osexp","C:\Users\Lenovo_Lab501\Desktop\PSA002","no","chinese-japanese-korean","no","18","no","#0000ff","no","อักษรไทย","yes","768","no","legacy","26","26","1","5","C:/Users/Lenovo_Lab501/Desktop/PSA002/data/THA_001_PP_20","legacy","no","Kafkaesque Koffka","3.2.8","yes","5a7ce671e83246000deafe81","no","0","0","f","space","NA","f","NA","NA","NA","NA","NA","NA","NA","space","f","NA","NA","NA","NA","NA","NA","NA","space","691","4050","NA","691","NA","NA","NA","NA","NA","NA","NA","6358","807","NA","NA","NA","NA","NA","NA","NA","13828","2","legacy","no","1024","2","48000","-16","EXP","20","even","no","yes","NA","12411","3320","3320","10237","12396","12396","90159","NA","44894","98068","36648","26255","38521","98574","98067","12411","44894","98574","99267","NA","NA","26255","38463","26274","36647","26274","26274","26255","NA","NA","NA","NA","NA","NA","NA","38523","37154","37154","37963","NA","NA","99767","NA","NA","NA","NA","NA","NA","NA","12413","Orientation_PSA2018","3","2088","3","yes","1024"
"N","7236","H","V","PP_LIST3.csv","broomH.jpg","broomV.jpg","100","100","729","729","#ffffff","yes","legacy","legacy","legacy","0","uniform","1","1","undefined","1","undefined","6","j","0","0","0","0","0","0","0","0","27","0","27","5","0","0","27","27","0","0","27","27","27","27","0","5","0","5","0","0","0","0","0","0","0","0","0","0","0","5","5","5","5","5","27","0","0","0","0","0","0","0","0","11/25/19 12:58:50","no","Matching Tasks","yes","","no","OrientationCrossLanguages_2018PSA_PP_1.2.4.osexp","C:\Users\Lenovo_Lab501\Desktop\PSA002","no","chinese-japanese-korean","no","18","no","#0000ff","no","อักษรไทย","yes","768","no","legacy","27","27","1","5","C:/Users/Lenovo_Lab501/Desktop/PSA002/data/THA_001_PP_20","legacy","no","Kafkaesque Koffka","3.2.8","yes","5a7ce671e83246000deafe81","no","0","0","j","space","NA","j","NA","NA","NA","NA","NA","NA","NA","space","f","NA","NA","NA","NA","NA","NA","NA","space","828","4050","NA","828","NA","NA","NA","NA","NA","NA","NA","6358","807","NA","NA","NA","NA","NA","NA","NA","13828","2","legacy","no","1024","2","48000","-16","EXP","20","even","no","yes","NA","12411","3320","3320","10237","12396","12396","90159","NA","44894","99931","36648","26255","38521","100436","99929","12411","44894","100436","101267","NA","NA","26255","38463","26274","36647","26274","26274","26255","NA","NA","NA","NA","NA","NA","NA","38523","37154","37154","37963","NA","NA","101767","NA","NA","NA","NA","NA","NA","NA","12413","Orientation_PSA2018","4","2916","4","yes","1024"
"F","7236","F","F","PP_LIST3.csv","ladder.jpg","house.jpg","100","100","708.4","708.4","#ffffff","yes","legacy","legacy","legacy","0","uniform","1","1","undefined","1","undefined","6","f","0","0","0","0","0","0","0","0","28","0","28","5","0","0","28","28","0","0","28","28","28","28","0","5","0","5","0","0","0","0","0","0","0","0","0","0","0","5","5","5","5","5","28","0","0","0","0","0","0","0","0","11/25/19 12:58:50","no","Matching Tasks","yes","","no","OrientationCrossLanguages_2018PSA_PP_1.2.4.osexp","C:\Users\Lenovo_Lab501\Desktop\PSA002","no","chinese-japanese-korean","no","18","no","#0000ff","no","อักษรไทย","yes","768","no","legacy","28","28","1","5","C:/Users/Lenovo_Lab501/Desktop/PSA002/data/THA_001_PP_20","legacy","no","Kafkaesque Koffka","3.2.8","yes","5a7ce671e83246000deafe81","no","0","0","f","space","NA","f","NA","NA","NA","NA","NA","NA","NA","space","f","NA","NA","NA","NA","NA","NA","NA","space","626","4050","NA","626","NA","NA","NA","NA","NA","NA","NA","6358","807","NA","NA","NA","NA","NA","NA","NA","13828","2","legacy","no","1024","2","48000","-16","EXP","20","even","no","yes","NA","12411","3320","3320","10237","12396","12396","90159","NA","44894","101926","36648","26255","38521","102431","101924","12411","44894","102431","103059","NA","NA","26255","38463","26274","36647","26274","26274","26255","NA","NA","NA","NA","NA","NA","NA","38523","37154","37154","37963","NA","NA","103559","NA","NA","NA","NA","NA","NA","NA","12413","Orientation_PSA2018","5","3542","5","yes","1024"
"Y","7236","H","H","PP_LIST3.csv","guitarH.jpg","guitarH.jpg","100","100","688.666666667","688.666666667","#ffffff","yes","legacy","legacy","legacy","0","uniform","1","1","undefined","1","undefined","6","j","0","0","0","0","0","0","0","0","29","0","29","5","0","0","29","29","0","0","29","29","29","29","0","5","0","5","0","0","0","0","0","0","0","0","0","0","0","5","5","5","5","5","29","0","0","0","0","0","0","0","0","11/25/19 12:58:50","no","Matching Tasks","yes","","no","OrientationCrossLanguages_2018PSA_PP_1.2.4.osexp","C:\Users\Lenovo_Lab501\Desktop\PSA002","no","chinese-japanese-korean","no","18","no","#0000ff","no","อักษรไทย","yes","768","no","legacy","29","29","1","5","C:/Users/Lenovo_Lab501/Desktop/PSA002/data/THA_001_PP_20","legacy","no","Kafkaesque Koffka","3.2.8","yes","5a7ce671e83246000deafe81","no","0","0","j","space","NA","j","NA","NA","NA","NA","NA","NA","NA","space","f","NA","NA","NA","NA","NA","NA","NA","space","590","4050","NA","590","NA","NA","NA","NA","NA","NA","NA","6358","807","NA","NA","NA","NA","NA","NA","NA","13828","2","legacy","no","1024","2","48000","-16","EXP","20","even","no","yes","NA","12411","3320","3320","10237","12396","12396","90159","NA","44894","103714","36648","26255","38521","104219","103712","12411","44894","104219","104811","NA","NA","26255","38463","26274","36647","26274","26274","26255","NA","NA","NA","NA","NA","NA","NA","38523","37154","37154","37963","NA","NA","105311","NA","NA","NA","NA","NA","NA","NA","12413","Orientation_PSA2018","6","4132","6","yes","1024"
"F","7236","F","F","PP_LIST3.csv","needle.jpg","tiger.jpg","100","100","664.714285714","664.714285714","#ffffff","yes","legacy","legacy","legacy","0","uniform","1","1","undefined","1","undefined","6","f","0","0","0","0","0","0","0","0","30","0","30","5","0","0","30","30","0","0","30","30","30","30","0","5","0","5","0","0","0","0","0","0","0","0","0","0","0","5","5","5","5","5","30","0","0","0","0","0","0","0","0","11/25/19 12:58:50","no","Matching Tasks","yes","","no","OrientationCrossLanguages_2018PSA_PP_1.2.4.osexp","C:\Users\Lenovo_Lab501\Desktop\PSA002","no","chinese-japanese-korean","no","18","no","#0000ff","no","อักษรไทย","yes","768","no","legacy","30","30","1","5","C:/Users/Lenovo_Lab501/Desktop/PSA002/data/THA_001_PP_20","legacy","no","Kafkaesque Koffka","3.2.8","yes","5a7ce671e83246000deafe81","no","0","0","f","space","NA","f","NA","NA","NA","NA","NA","NA","NA","space","f","NA","NA","NA","NA","NA","NA","NA","space","521","4050","NA","521","NA","NA","NA","NA","NA","NA","NA","6358","807","NA","NA","NA","NA","NA","NA","NA","13828","2","legacy","no","1024","2","48000","-16","EXP","20","even","no","yes","NA","12411","3320","3320","10237","12396","12396","90159","NA","44894","105470","36648","26255","38521","105975","105468","12411","44894","105976","106499","NA","NA","26255","38463","26274","36647","26274","26274","26255","NA","NA","NA","NA","NA","NA","NA","38523","37154","37154","37963","NA","NA","106999","NA","NA","NA","NA","NA","NA","NA","12413","Orientation_PSA2018","7","4653","7","yes","1024"
"F","7236","F","F","PP_LIST3.csv","tapedispenser.jpg","wrench.jpg","100","100","663.125","663.125","#ffffff","yes","legacy","legacy","legacy","0","uniform","1","1","undefined","1","undefined","6","f","0","0","0","0","0","0","0","0","31","0","31","5","0","0","31","31","0","0","31","31","31","31","0","5","0","5","0","0","0","0","0","0","0","0","0","0","0","5","5","5","5","5","31","0","0","0","0","0","0","0","0","11/25/19 12:58:50","no","Matching Tasks","yes","","no","OrientationCrossLanguages_2018PSA_PP_1.2.4.osexp","C:\Users\Lenovo_Lab501\Desktop\PSA002","no","chinese-japanese-korean","no","18","no","#0000ff","no","อักษรไทย","yes","768","no","legacy","31","31","1","5","C:/Users/Lenovo_Lab501/Desktop/PSA002/data/THA_001_PP_20","legacy","no","Kafkaesque Koffka","3.2.8","yes","5a7ce671e83246000deafe81","no","0","0","f","space","NA","f","NA","NA","NA","NA","NA","NA","NA","space","f","NA","NA","NA","NA","NA","NA","NA","space","652","4050","NA","652","NA","NA","NA","NA","NA","NA","NA","6358","807","NA","NA","NA","NA","NA","NA","NA","13828","2","legacy","no","1024","2","48000","-16","EXP","20","even","no","yes","NA","12411","3320","3320","10237","12396","12396","90159","NA","44894","107196","36648","26255","38521","107701","107194","12411","44894","107701","108355","NA","NA","26255","38463","26274","36647","26274","26274","26255","NA","NA","NA","NA","NA","NA","NA","38523","37154","37154","37963","NA","NA","108855","NA","NA","NA","NA","NA","NA","NA","12413","Orientation_PSA2018","8","5305","8","yes","1024"
"N","7236","V","H","PP_LIST3.csv","fire_extinguisherV.jpg","fire_extinguisherH.jpg","100","100","664.666666667","664.666666667","#ffffff","yes","legacy","legacy","legacy","0","uniform","1","1","undefined","1","undefined","6","j","0","0","0","0","0","0","0","0","32","0","32","5","0","0","32","32","0","0","32","32","32","32","0","5","0","5","0","0","0","0","0","0","0","0","0","0","0","5","5","5","5","5","32","0","0","0","0","0","0","0","0","11/25/19 12:58:50","no","Matching Tasks","yes","","no","OrientationCrossLanguages_2018PSA_PP_1.2.4.osexp","C:\Users\Lenovo_Lab501\Desktop\PSA002","no","chinese-japanese-korean","no","18","no","#0000ff","no","อักษรไทย","yes","768","no","legacy","32","32","1","5","C:/Users/Lenovo_Lab501/Desktop/PSA002/data/THA_001_PP_20","legacy","no","Kafkaesque Koffka","3.2.8","yes","5a7ce671e83246000deafe81","no","0","0","j","space","NA","j","NA","NA","NA","NA","NA","NA","NA","space","f","NA","NA","NA","NA","NA","NA","NA","space","677","4050","NA","677","NA","NA","NA","NA","NA","NA","NA","6358","807","NA","NA","NA","NA","NA","NA","NA","13828","2","legacy","no","1024","2","48000","-16","EXP","20","even","no","yes","NA","12411","3320","3320","10237","12396","12396","90159","NA","44894","109058","36648","26255","38521","109563","109056","12411","44894","109563","110243","NA","NA","26255","38463","26274","36647","26274","26274","26255","NA","NA","NA","NA","NA","NA","NA","38523","37154","37154","37963","NA","NA","110743","NA","NA","NA","NA","NA","NA","NA","12413","Orientation_PSA2018","9","5982","9","yes","1024"
"F","7236","F","F","PP_LIST3.csv","trmpet.jpg","tapedispenser.jpg","100","100","658.3","658.3","#ffffff","yes","legacy","legacy","legacy","0","uniform","1","1","undefined","1","undefined","6","f","0","0","0","0","0","0","0","0","33","0","33","5","0","0","33","33","0","0","33","33","33","33","0","5","0","5","0","0","0","0","0","0","0","0","0","0","0","5","5","5","5","5","33","0","0","0","0","0","0","0","0","11/25/19 12:58:50","no","Matching Tasks","yes","","no","OrientationCrossLanguages_2018PSA_PP_1.2.4.osexp","C:\Users\Lenovo_Lab501\Desktop\PSA002","no","chinese-japanese-korean","no","18","no","#0000ff","no","อักษรไทย","yes","768","no","legacy","33","33","1","5","C:/Users/Lenovo_Lab501/Desktop/PSA002/data/THA_001_PP_20","legacy","no","Kafkaesque Koffka","3.2.8","yes","5a7ce671e83246000deafe81","no","0","0","f","space","NA","f","NA","NA","NA","NA","NA","NA","NA","space","f","NA","NA","NA","NA","NA","NA","NA","space","601","4050","NA","601","NA","NA","NA","NA","NA","NA","NA","6358","807","NA","NA","NA","NA","NA","NA","NA","13828","2","legacy","no","1024","2","48000","-16","EXP","20","even","no","yes","NA","12411","3320","3320","10237","12396","12396","90159","NA","44894","110919","36648","26255","38521","111424","110917","12411","44894","111424","112027","NA","NA","26255","38463","26274","36647","26274","26274","26255","NA","NA","NA","NA","NA","NA","NA","38523","37154","37154","37963","NA","NA","112527","NA","NA","NA","NA","NA","NA","NA","12413","Orientation_PSA2018","10","6583","10","yes","1024"
"Y","7236","H","H","PP_LIST3.csv","pencilH.jpg","pencilH.jpg","100","100","666.545454545","666.545454545","#ffffff","yes","legacy","legacy","legacy","0","uniform","1","1","undefined","1","undefined","6","j","0","0","0","0","0","0","0","0","34","0","34","5","0","0","34","34","0","0","34","34","34","34","0","5","0","5","0","0","0","0","0","0","0","0","0","0","0","5","5","5","5","5","34","0","0","0","0","0","0","0","0","11/25/19 12:58:50","no","Matching Tasks","yes","","no","OrientationCrossLanguages_2018PSA_PP_1.2.4.osexp","C:\Users\Lenovo_Lab501\Desktop\PSA002","no","chinese-japanese-korean","no","18","no","#0000ff","no","อักษรไทย","yes","768","no","legacy","34","34","1","5","C:/Users/Lenovo_Lab501/Desktop/PSA002/data/THA_001_PP_20","legacy","no","Kafkaesque Koffka","3.2.8","yes","5a7ce671e83246000deafe81","no","0","0","j","space","NA","j","NA","NA","NA","NA","NA","NA","NA","space","f","NA","NA","NA","NA","NA","NA","NA","space","749","4050","NA","749","NA","NA","NA","NA","NA","NA","NA","6358","807","NA","NA","NA","NA","NA","NA","NA","13828","2","legacy","no","1024","2","48000","-16","EXP","20","even","no","yes","NA","12411","3320","3320","10237","12396","12396","90159","NA","44894","112699","36648","26255","38521","113204","112697","12411","44894","113204","113955","NA","NA","26255","38463","26274","36647","26274","26274","26255","NA","NA","NA","NA","NA","NA","NA","38523","37154","37154","37963","NA","NA","114455","NA","NA","NA","NA","NA","NA","NA","12413","Orientation_PSA2018","11","7332","11","yes","1024"
"F","7236","F","F","PP_LIST3.csv","spider.jpg","couch.jpg","100","100","665","665","#ffffff","yes","legacy","legacy","legacy","0","uniform","1","1","undefined","1","undefined","6","f","0","0","0","0","0","0","0","0","35","0","35","5","0","0","35","35","0","0","35","35","35","35","0","5","0","5","0","0","0","0","0","0","0","0","0","0","0","5","5","5","5","5","35","0","0","0","0","0","0","0","0","11/25/19 12:58:50","no","Matching Tasks","yes","","no","OrientationCrossLanguages_2018PSA_PP_1.2.4.osexp","C:\Users\Lenovo_Lab501\Desktop\PSA002","no","chinese-japanese-korean","no","18","no","#0000ff","no","อักษรไทย","yes","768","no","legacy","35","35","1","5","C:/Users/Lenovo_Lab501/Desktop/PSA002/data/THA_001_PP_20","legacy","no","Kafkaesque Koffka","3.2.8","yes","5a7ce671e83246000deafe81","no","0","0","f","space","NA","f","NA","NA","NA","NA","NA","NA","NA","space","f","NA","NA","NA","NA","NA","NA","NA","space","648","4050","NA","648","NA","NA","NA","NA","NA","NA","NA","6358","807","NA","NA","NA","NA","NA","NA","NA","13828","2","legacy","no","1024","2","48000","-16","EXP","20","even","no","yes","NA","12411","3320","3320","10237","12396","12396","90159","NA","44894","114615","36648","26255","38521","115120","114613","12411","44894","115120","115770","NA","NA","26255","38463","26274","36647","26274","26274","26255","NA","NA","NA","NA","NA","NA","NA","38523","37154","37154","37963","NA","NA","116271","NA","NA","NA","NA","NA","NA","NA","12413","Orientation_PSA2018","12","7980","12","yes","1024"
"Y","7236","V","V","PP_LIST3.csv","penV.jpg","penV.jpg","100","100","660.461538462","660.461538462","#ffffff","yes","legacy","legacy","legacy","0","uniform","1","1","undefined","1","undefined","6","j","0","0","0","0","0","0","0","0","36","0","36","5","0","0","36","36","0","0","36","36","36","36","0","5","0","5","0","0","0","0","0","0","0","0","0","0","0","5","5","5","5","5","36","0","0","0","0","0","0","0","0","11/25/19 12:58:50","no","Matching Tasks","yes","","no","OrientationCrossLanguages_2018PSA_PP_1.2.4.osexp","C:\Users\Lenovo_Lab501\Desktop\PSA002","no","chinese-japanese-korean","no","18","no","#0000ff","no","อักษรไทย","yes","768","no","legacy","36","36","1","5","C:/Users/Lenovo_Lab501/Desktop/PSA002/data/THA_001_PP_20","legacy","no","Kafkaesque Koffka","3.2.8","yes","5a7ce671e83246000deafe81","no","0","0","j","space","NA","j","NA","NA","NA","NA","NA","NA","NA","space","f","NA","NA","NA","NA","NA","NA","NA","space","606","4050","NA","606","NA","NA","NA","NA","NA","NA","NA","6358","807","NA","NA","NA","NA","NA","NA","NA","13828","2","legacy","no","1024","2","48000","-16","EXP","20","even","no","yes","NA","12411","3320","3320","10237","12396","12396","90159","NA","44894","116441","36648","26255","38521","116947","116440","12411","44894","116947","117555","NA","NA","26255","38463","26274","36647","26274","26274","26255","NA","NA","NA","NA","NA","NA","NA","38523","37154","37154","37963","NA","NA","118055","NA","NA","NA","NA","NA","NA","NA","12413","Orientation_PSA2018","13","8586","13","yes","1024"
"N","7236","V","H","PP_LIST3.csv","caterpillarV.jpg","caterpillarH.jpg","100","100","658.857142857","658.857142857","#ffffff","yes","legacy","legacy","legacy","0","uniform","1","1","undefined","1","undefined","6","j","0","0","0","0","0","0","0","0","37","0","37","5","0","0","37","37","0","0","37","37","37","37","0","5","0","5","0","0","0","0","0","0","0","0","0","0","0","5","5","5","5","5","37","0","0","0","0","0","0","0","0","11/25/19 12:58:50","no","Matching Tasks","yes","","no","OrientationCrossLanguages_2018PSA_PP_1.2.4.osexp","C:\Users\Lenovo_Lab501\Desktop\PSA002","no","chinese-japanese-korean","no","18","no","#0000ff","no","อักษรไทย","yes","768","no","legacy","37","37","1","5","C:/Users/Lenovo_Lab501/Desktop/PSA002/data/THA_001_PP_20","legacy","no","Kafkaesque Koffka","3.2.8","yes","5a7ce671e83246000deafe81","no","0","0","j","space","NA","j","NA","NA","NA","NA","NA","NA","NA","space","f","NA","NA","NA","NA","NA","NA","NA","space","638","4050","NA","638","NA","NA","NA","NA","NA","NA","NA","6358","807","NA","NA","NA","NA","NA","NA","NA","13828","2","legacy","no","1024","2","48000","-16","EXP","20","even","no","yes","NA","12411","3320","3320","10237","12396","12396","90159","NA","44894","118218","36648","26255","38521","118723","118216","12411","44894","118723","119363","NA","NA","26255","38463","26274","36647","26274","26274","26255","NA","NA","NA","NA","NA","NA","NA","38523","37154","37154","37963","NA","NA","119863","NA","NA","NA","NA","NA","NA","NA","12413","Orientation_PSA2018","14","9224","14","yes","1024"
"N","7236","H","V","PP_LIST3.csv","batH.jpg","batV.jpg","100","100","661.666666667","661.666666667","#ffffff","yes","legacy","legacy","legacy","0","uniform","1","1","undefined","1","undefined","6","j","0","0","0","0","0","0","0","0","38","0","38","5","0","0","38","38","0","0","38","38","38","38","0","5","0","5","0","0","0","0","0","0","0","0","0","0","0","5","5","5","5","5","38","0","0","0","0","0","0","0","0","11/25/19 12:58:50","no","Matching Tasks","yes","","no","OrientationCrossLanguages_2018PSA_PP_1.2.4.osexp","C:\Users\Lenovo_Lab501\Desktop\PSA002","no","chinese-japanese-korean","no","18","no","#0000ff","no","อักษรไทย","yes","768","no","legacy","38","38","1","5","C:/Users/Lenovo_Lab501/Desktop/PSA002/data/THA_001_PP_20","legacy","no","Kafkaesque Koffka","3.2.8","yes","5a7ce671e83246000deafe81","no","0","0","j","space","NA","j","NA","NA","NA","NA","NA","NA","NA","space","f","NA","NA","NA","NA","NA","NA","NA","space","701","4050","NA","701","NA","NA","NA","NA","NA","NA","NA","6358","807","NA","NA","NA","NA","NA","NA","NA","13828","2","legacy","no","1024","2","48000","-16","EXP","20","even","no","yes","NA","12411","3320","3320","10237","12396","12396","90159","NA","44894","120035","36648","26255","38521","120540","120033","12411","44894","120540","121243","NA","NA","26255","38463","26274","36647","26274","26274","26255","NA","NA","NA","NA","NA","NA","NA","38523","37154","37154","37963","NA","NA","121743","NA","NA","NA","NA","NA","NA","NA","12413","Orientation_PSA2018","15","9925","15","yes","1024"
"F","7236","F","F","PP_LIST3.csv","ftball.jpg","nut.jpg","100","100","660.875","660.875","#ffffff","yes","legacy","legacy","legacy","0","uniform","1","1","undefined","1","undefined","6","f","0","0","0","0","0","0","0","0","39","0","39","5","0","0","39","39","0","0","39","39","39","39","0","5","0","5","0","0","0","0","0","0","0","0","0","0","0","5","5","5","5","5","39","0","0","0","0","0","0","0","0","11/25/19 12:58:50","no","Matching Tasks","yes","","no","OrientationCrossLanguages_2018PSA_PP_1.2.4.osexp","C:\Users\Lenovo_Lab501\Desktop\PSA002","no","chinese-japanese-korean","no","18","no","#0000ff","no","อักษรไทย","yes","768","no","legacy","39","39","1","5","C:/Users/Lenovo_Lab501/Desktop/PSA002/data/THA_001_PP_20","legacy","no","Kafkaesque Koffka","3.2.8","yes","5a7ce671e83246000deafe81","no","0","0","f","space","NA","f","NA","NA","NA","NA","NA","NA","NA","space","f","NA","NA","NA","NA","NA","NA","NA","space","649","4050","NA","649","NA","NA","NA","NA","NA","NA","NA","6358","807","NA","NA","NA","NA","NA","NA","NA","13828","2","legacy","no","1024","2","48000","-16","EXP","20","even","no","yes","NA","12411","3320","3320","10237","12396","12396","90159","NA","44894","121919","36648","26255","38521","122424","121917","12411","44894","122424","123075","NA","NA","26255","38463","26274","36647","26274","26274","26255","NA","NA","NA","NA","NA","NA","NA","38523","37154","37154","37963","NA","NA","123575","NA","NA","NA","NA","NA","NA","NA","12413","Orientation_PSA2018","16","10574","16","yes","1024"
"Y","7236","V","V","PP_LIST3.csv","scssorV.jpg","scssorV.jpg","100","100","659.647058824","659.647058824","#ffffff","yes","legacy","legacy","legacy","0","uniform","1","1","undefined","1","undefined","6","j","0","0","0","0","0","0","0","0","40","0","40","5","0","0","40","40","0","0","40","40","40","40","0","5","0","5","0","0","0","0","0","0","0","0","0","0","0","5","5","5","5","5","40","0","0","0","0","0","0","0","0","11/25/19 12:58:50","no","Matching Tasks","yes","","no","OrientationCrossLanguages_2018PSA_PP_1.2.4.osexp","C:\Users\Lenovo_Lab501\Desktop\PSA002","no","chinese-japanese-korean","no","18","no","#0000ff","no","อักษรไทย","yes","768","no","legacy","40","40","1","5","C:/Users/Lenovo_Lab501/Desktop/PSA002/data/THA_001_PP_20","legacy","no","Kafkaesque Koffka","3.2.8","yes","5a7ce671e83246000deafe81","no","0","0","j","space","NA","j","NA","NA","NA","NA","NA","NA","NA","space","f","NA","NA","NA","NA","NA","NA","NA","space","640","4050","NA","640","NA","NA","NA","NA","NA","NA","NA","6358","807","NA","NA","NA","NA","NA","NA","NA","13828","2","legacy","no","1024","2","48000","-16","EXP","20","even","no","yes","NA","12411","3320","3320","10237","12396","12396","90159","NA","44894","123736","36648","26255","38521","124241","123734","12411","44894","124241","124883","NA","NA","26255","38463","26274","36647","26274","26274","26255","NA","NA","NA","NA","NA","NA","NA","38523","37154","37154","37963","NA","NA","125383","NA","NA","NA","NA","NA","NA","NA","12413","Orientation_PSA2018","17","11214","17","yes","1024"
"Y","7236","H","H","PP_LIST3.csv","glassH.jpg","glassH.jpg","100","100","654.666666667","654.666666667","#ffffff","yes","legacy","legacy","legacy","0","uniform","1","1","undefined","1","undefined","6","j","0","0","0","0","0","0","0","0","41","0","41","5","0","0","41","41","0","0","41","41","41","41","0","5","0","5","0","0","0","0","0","0","0","0","0","0","0","5","5","5","5","5","41","0","0","0","0","0","0","0","0","11/25/19 12:58:50","no","Matching Tasks","yes","","no","OrientationCrossLanguages_2018PSA_PP_1.2.4.osexp","C:\Users\Lenovo_Lab501\Desktop\PSA002","no","chinese-japanese-korean","no","18","no","#0000ff","no","อักษรไทย","yes","768","no","legacy","41","41","1","5","C:/Users/Lenovo_Lab501/Desktop/PSA002/data/THA_001_PP_20","legacy","no","Kafkaesque Koffka","3.2.8","yes","5a7ce671e83246000deafe81","no","0","0","j","space","NA","j","NA","NA","NA","NA","NA","NA","NA","space","f","NA","NA","NA","NA","NA","NA","NA","space","570","4050","NA","570","NA","NA","NA","NA","NA","NA","NA","6358","807","NA","NA","NA","NA","NA","NA","NA","13828","2","legacy","no","1024","2","48000","-16","EXP","20","even","no","yes","NA","12411","3320","3320","10237","12396","12396","90159","NA","44894","125541","36648","26255","38521","126046","125539","12411","44894","126046","126619","NA","NA","26255","38463","26274","36647","26274","26274","26255","NA","NA","NA","NA","NA","NA","NA","38523","37154","37154","37963","NA","NA","127119","NA","NA","NA","NA","NA","NA","NA","12413","Orientation_PSA2018","18","11784","18","yes","1024"
"N","7236","V","H","PP_LIST3.csv","clothespinV.jpg","clothespinH.jpg","100","100","649.263157895","649.263157895","#ffffff","yes","legacy","legacy","legacy","0","uniform","1","1","undefined","1","undefined","6","j","0","0","0","0","0","0","0","0","42","0","42","5","0","0","42","42","0","0","42","42","42","42","0","5","0","5","0","0","0","0","0","0","0","0","0","0","0","5","5","5","5","5","42","0","0","0","0","0","0","0","0","11/25/19 12:58:50","no","Matching Tasks","yes","","no","OrientationCrossLanguages_2018PSA_PP_1.2.4.osexp","C:\Users\Lenovo_Lab501\Desktop\PSA002","no","chinese-japanese-korean","no","18","no","#0000ff","no","อักษรไทย","yes","768","no","legacy","42","42","1","5","C:/Users/Lenovo_Lab501/Desktop/PSA002/data/THA_001_PP_20","legacy","no","Kafkaesque Koffka","3.2.8","yes","5a7ce671e83246000deafe81","no","0","0","j","space","NA","j","NA","NA","NA","NA","NA","NA","NA","space","f","NA","NA","NA","NA","NA","NA","NA","space","552","4050","NA","552","NA","NA","NA","NA","NA","NA","NA","6358","807","NA","NA","NA","NA","NA","NA","NA","13828","2","legacy","no","1024","2","48000","-16","EXP","20","even","no","yes","NA","12411","3320","3320","10237","12396","12396","90159","NA","44894","127280","36648","26255","38521","127785","127278","12411","44894","127785","128339","NA","NA","26255","38463","26274","36647","26274","26274","26255","NA","NA","NA","NA","NA","NA","NA","38523","37154","37154","37963","NA","NA","128839","NA","NA","NA","NA","NA","NA","NA","12413","Orientation_PSA2018","19","12336","19","yes","1024"
"F","7236","F","F","PP_LIST3.csv","knife.jpg","ladder.jpg","100","100","650.1","650.1","#ffffff","yes","legacy","legacy","legacy","0","uniform","1","1","undefined","1","undefined","6","f","0","0","0","0","0","0","0","0","43","0","43","5","0","0","43","43","0","0","43","43","43","43","0","5","0","5","0","0","0","0","0","0","0","0","0","0","0","5","5","5","5","5","43","0","0","0","0","0","0","0","0","11/25/19 12:58:50","no","Matching Tasks","yes","","no","OrientationCrossLanguages_2018PSA_PP_1.2.4.osexp","C:\Users\Lenovo_Lab501\Desktop\PSA002","no","chinese-japanese-korean","no","18","no","#0000ff","no","อักษรไทย","yes","768","no","legacy","43","43","1","5","C:/Users/Lenovo_Lab501/Desktop/PSA002/data/THA_001_PP_20","legacy","no","Kafkaesque Koffka","3.2.8","yes","5a7ce671e83246000deafe81","no","0","0","f","space","NA","f","NA","NA","NA","NA","NA","NA","NA","space","f","NA","NA","NA","NA","NA","NA","NA","space","666","4050","NA","666","NA","NA","NA","NA","NA","NA","NA","6358","807","NA","NA","NA","NA","NA","NA","NA","13828","2","legacy","no","1024","2","48000","-16","EXP","20","even","no","yes","NA","12411","3320","3320","10237","12396","12396","90159","NA","44894","128998","36648","26255","38521","129503","128996","12411","44894","129503","130171","NA","NA","26255","38463","26274","36647","26274","26274","26255","NA","NA","NA","NA","NA","NA","NA","38523","37154","37154","37963","NA","NA","130671","NA","NA","NA","NA","NA","NA","NA","12413","Orientation_PSA2018","20","13002","20","yes","1024"
"F","7236","F","F","PP_LIST3.csv","umberella.jpg","flower.jpg","100","100","679.476190476","679.476190476","#ffffff","yes","legacy","legacy","legacy","0","uniform","1","1","undefined","1","undefined","6","f","0","0","0","0","0","0","0","0","44","0","44","5","0","0","44","44","0","0","44","44","44","44","0","5","0","5","0","0","0","0","0","0","0","0","0","0","0","5","5","5","5","5","44","0","0","0","0","0","0","0","0","11/25/19 12:58:50","no","Matching Tasks","yes","","no","OrientationCrossLanguages_2018PSA_PP_1.2.4.osexp","C:\Users\Lenovo_Lab501\Desktop\PSA002","no","chinese-japanese-korean","no","18","no","#0000ff","no","อักษรไทย","yes","768","no","legacy","44","44","1","5","C:/Users/Lenovo_Lab501/Desktop/PSA002/data/THA_001_PP_20","legacy","no","Kafkaesque Koffka","3.2.8","yes","5a7ce671e83246000deafe81","no","0","0","f","space","NA","f","NA","NA","NA","NA","NA","NA","NA","space","f","NA","NA","NA","NA","NA","NA","NA","space","1267","4050","NA","1267","NA","NA","NA","NA","NA","NA","NA","6358","807","NA","NA","NA","NA","NA","NA","NA","13828","2","legacy","no","1024","2","48000","-16","EXP","20","even","no","yes","NA","12411","3320","3320","10237","12396","12396","90159","NA","44894","130877","36648","26255","38521","131382","130875","12411","44894","131382","132651","NA","NA","26255","38463","26274","36647","26274","26274","26255","NA","NA","NA","NA","NA","NA","NA","38523","37154","37154","37963","NA","NA","133151","NA","NA","NA","NA","NA","NA","NA","12413","Orientation_PSA2018","21","14269","21","yes","1024"
"N","7236","H","V","PP_LIST3.csv","bookH.jpg","bookV.jpg","100","100","683.590909091","683.590909091","#ffffff","yes","legacy","legacy","legacy","0","uniform","1","1","undefined","1","undefined","6","j","0","0","0","0","0","0","0","0","45","0","45","5","0","0","45","45","0","0","45","45","45","45","0","5","0","5","0","0","0","0","0","0","0","0","0","0","0","5","5","5","5","5","45","0","0","0","0","0","0","0","0","11/25/19 12:58:50","no","Matching Tasks","yes","","no","OrientationCrossLanguages_2018PSA_PP_1.2.4.osexp","C:\Users\Lenovo_Lab501\Desktop\PSA002","no","chinese-japanese-korean","no","18","no","#0000ff","no","อักษรไทย","yes","768","no","legacy","45","45","1","5","C:/Users/Lenovo_Lab501/Desktop/PSA002/data/THA_001_PP_20","legacy","no","Kafkaesque Koffka","3.2.8","yes","5a7ce671e83246000deafe81","no","0","0","j","space","NA","j","NA","NA","NA","NA","NA","NA","NA","space","f","NA","NA","NA","NA","NA","NA","NA","space","770","4050","NA","770","NA","NA","NA","NA","NA","NA","NA","6358","807","NA","NA","NA","NA","NA","NA","NA","13828","2","legacy","no","1024","2","48000","-16","EXP","20","even","no","yes","NA","12411","3320","3320","10237","12396","12396","90159","NA","44894","133302","36648","26255","38521","133807","133300","12411","44894","133807","134579","NA","NA","26255","38463","26274","36647","26274","26274","26255","NA","NA","NA","NA","NA","NA","NA","38523","37154","37154","37963","NA","NA","135079","NA","NA","NA","NA","NA","NA","NA","12413","Orientation_PSA2018","22","15039","22","yes","1024"
"Y","7236","H","H","PP_LIST3.csv","keyH.jpg","keyH.jpg","100","100","682.956521739","682.956521739","#ffffff","yes","legacy","legacy","legacy","0","uniform","1","1","undefined","1","undefined","6","j","0","0","0","0","0","0","0","0","46","0","46","5","0","0","46","46","0","0","46","46","46","46","0","5","0","5","0","0","0","0","0","0","0","0","0","0","0","5","5","5","5","5","46","0","0","0","0","0","0","0","0","11/25/19 12:58:50","no","Matching Tasks","yes","","no","OrientationCrossLanguages_2018PSA_PP_1.2.4.osexp","C:\Users\Lenovo_Lab501\Desktop\PSA002","no","chinese-japanese-korean","no","18","no","#0000ff","no","อักษรไทย","yes","768","no","legacy","46","46","1","5","C:/Users/Lenovo_Lab501/Desktop/PSA002/data/THA_001_PP_20","legacy","no","Kafkaesque Koffka","3.2.8","yes","5a7ce671e83246000deafe81","no","0","0","j","space","NA","j","NA","NA","NA","NA","NA","NA","NA","space","f","NA","NA","NA","NA","NA","NA","NA","space","669","4050","NA","669","NA","NA","NA","NA","NA","NA","NA","6358","807","NA","NA","NA","NA","NA","NA","NA","13828","2","legacy","no","1024","2","48000","-16","EXP","20","even","no","yes","NA","12411","3320","3320","10237","12396","12396","90159","NA","44894","135235","36648","26255","38521","135740","135233","12411","44894","135740","136411","NA","NA","26255","38463","26274","36647","26274","26274","26255","NA","NA","NA","NA","NA","NA","NA","38523","37154","37154","37963","NA","NA","136911","NA","NA","NA","NA","NA","NA","NA","12413","Orientation_PSA2018","23","15708","23","yes","1024"
"N","7236","H","V","PP_LIST3.csv","axeH.jpg","axeV.jpg","100","100","695.666666667","695.666666667","#ffffff","yes","legacy","legacy","legacy","0","uniform","1","1","undefined","1","undefined","6","j","0","0","0","0","0","0","0","0","47","0","47","5","0","0","47","47","0","0","47","47","47","47","0","5","0","5","0","0","0","0","0","0","0","0","0","0","0","5","5","5","5","5","47","0","0","0","0","0","0","0","0","11/25/19 12:58:50","no","Matching Tasks","yes","","no","OrientationCrossLanguages_2018PSA_PP_1.2.4.osexp","C:\Users\Lenovo_Lab501\Desktop\PSA002","no","chinese-japanese-korean","no","18","no","#0000ff","no","อักษรไทย","yes","768","no","legacy","47","47","1","5","C:/Users/Lenovo_Lab501/Desktop/PSA002/data/THA_001_PP_20","legacy","no","Kafkaesque Koffka","3.2.8","yes","5a7ce671e83246000deafe81","no","0","0","j","space","NA","j","NA","NA","NA","NA","NA","NA","NA","space","f","NA","NA","NA","NA","NA","NA","NA","space","988","4050","NA","988","NA","NA","NA","NA","NA","NA","NA","6358","807","NA","NA","NA","NA","NA","NA","NA","13828","2","legacy","no","1024","2","48000","-16","EXP","20","even","no","yes","NA","12411","3320","3320","10237","12396","12396","90159","NA","44894","137091","36648","26255","38521","137596","137089","12411","44894","137596","138587","NA","NA","26255","38463","26274","36647","26274","26274","26255","NA","NA","NA","NA","NA","NA","NA","38523","37154","37154","37963","NA","NA","139087","NA","NA","NA","NA","NA","NA","NA","12413","Orientation_PSA2018","24","16696","24","yes","1024"
