SEED,SUBJID,Sequence,DATE,Experimenter,Round,note
7236,1,002_SP -> 002_PP -> 003,19/11/2019,Harry Manley,1,
7236,2,003 -> 002_SP -> 002_PP,19/11/2019,Harry Manley,1,
7236,3,002_SP -> 002_PP -> 003,19/11/2019,Harry Manley,1,
7236,4,003 -> 002_SP -> 002_PP,19/11/2019,Harry Manley,1,
7236,5,003 -> 002_SP -> 002_PP,19/11/2019,Harry Manley,1,
7236,6,002_SP -> 002_PP -> 003,20/11/2019,Harry Manley,1,revise subject id
7236,7,003 -> 002_SP -> 002_PP,20/11/2019,Harry Manley,1,
7236,8,002_SP -> 002_PP -> 003,20/11/2019,Harry Manley,1,
7236,9,003 -> 002_SP -> 002_PP,20/11/2019,Harry Manley,1,
7236,10,002_SP -> 002_PP -> 003,20/11/2019,Harry Manley,1,false id
7236,11,003 -> 002_SP -> 002_PP,20/11/2019,Harry Manley,1,
7236,12,003 -> 002_SP -> 002_PP,21/11/2019,Panita Suavansri,1,
7236,13,002_SP -> 002_PP -> 003,21/11/2019,Harry Manley,1,
7236,14,002_SP -> 002_PP -> 003,22/11/2019,Harry Manley,1,
7236,15,003 -> 002_SP -> 002_PP,22/11/2019,Harry Manley,1,
7236,16,003 -> 002_SP -> 002_PP,25/11/2019,Harry Manley,1,
7236,17,002_SP -> 002_PP -> 003,25/11/2019,Harry Manley,1,
7236,18,002_SP -> 002_PP -> 003,25/11/2019,Harry Manley,1,
7236,19,002_SP -> 002_PP -> 003,25/11/2019,Harry Manley,1,
7236,20,003 -> 002_SP -> 002_PP,25/11/2019,Panita Suavansri,1,
7236,21,002_SP -> 002_PP -> 003,25/11/2019,Panita Suavansri,1,
7236,22,003 -> 002_SP -> 002_PP,25/11/2019,Panita Suavansri,1,
7236,23,003 -> 002_SP -> 002_PP,25/11/2019,Panita Suavansri,1,
7236,24,003 -> 002_SP -> 002_PP,26/11/2019,Harry Manley,1,
7236,25,003 -> 002_SP -> 002_PP,26/11/2019,Harry Manley,1,
7236,26,003 -> 002_SP -> 002_PP,26/11/2019,Harry Manley,1,
7236,27,002_SP -> 002_PP -> 003,27/11/2019,Harry Manley,1,revise date
7236,28,003 -> 002_SP -> 002_PP,27/11/2019,Harry Manley,1,revise date
7236,29,002_SP -> 002_PP -> 003,28/11/2019,Panita Suavansri,1,revise date
7236,30,002_SP -> 002_PP -> 003,28/11/2019,Panita Suavansri,1,revise date
7236,31,002_SP -> 002_PP -> 003,28/11/2019,Panita Suavansri,1,revise date
7236,32,003 -> 002_SP -> 002_PP,28/11/2019,Panita Suavansri,1,revise date
7236,33,003 -> 002_SP -> 002_PP,28/11/2019,Panita Suavansri,1,revise date
7236,34,002_SP -> 002_PP -> 003,28/11/2019,Harry Manley,1,revise date
7236,35,002_SP -> 002_PP -> 003,28/11/2019,Harry Manley,1,
7236,36,002_SP -> 002_PP -> 003,28/11/2019,Harry Manley,1,
7236,37,003 -> 002_SP -> 002_PP,28/11/2019,Harry Manley,1,
7236,38,002_SP -> 002_PP -> 003,28/11/2019,Harry Manley,1,
7236,39,002_SP -> 002_PP -> 003,29/11/2019,Panita Suavansri,1,
7236,40,002_SP -> 002_PP -> 003,29/11/2019,Panita Suavansri,1,
7236,41,003 -> 002_SP -> 002_PP,29/11/2019,Panita Suavansri,1,
7236,42,002_SP -> 002_PP -> 003,29/11/2019,Panita Suavansri,1,
7236,43,003 -> 002_SP -> 002_PP,29/11/2019,Panita Suavansri,1,
7236,44,002_SP -> 002_PP -> 003,29/11/2019,Panita Suavansri,1,
7236,45,002_SP -> 002_PP -> 003,29/11/2019,Panita Suavansri,1,
7236,46,002_SP -> 002_PP -> 003,2/12/2019,Panita Suavansri,1,
7236,47,003 -> 002_SP -> 002_PP,2/12/2019,Panita Suavansri,1,
7236,48,003 -> 002_SP -> 002_PP,2/12/2019,Panita Suavansri,1,
7236,49,003 -> 002_SP -> 002_PP,2/12/2019,Panita Suavansri,1,
7236,50,003 -> 002_SP -> 002_PP,4/12/2019,Harry Manley,1,revise date
