Identical,LAB_SEED,Orientation1,Orientation2,PPList,Picture1,Picture2,acc,accuracy,average_response_time,avg_rt,background,bidi,canvas_backend,clock_backend,color_backend,compensation,coordinates,correct,correct_Pictures_response,correct_Start_SPA,correct_Target_response_Prac,correct_Welcome_PP_SPA,correct_count,correct_response,count_Check_This,count_Disable_Mouse,count_EXP,count_LAB_SEED,count_Language_Selection,count_List_Select,count_List_Selection,count_Pictures_Break,count_Pictures_End,count_Pictures_Exp,count_Pictures_Fixation,count_Pictures_Fixation_Prac,count_Pictures_Prac,count_Pictures_Start,count_Pictures_Target,count_Pictures_Trial,count_Pictures_Welcome,count_Pictures_loop,count_Pictures_response,count_Pictures_response_correct,count_Pictures_response_noans,count_Pictures_response_wrong,count_Prac,count_Prac_Count,count_Prac_Reset,count_Prac_Trial,count_Prac_loop,count_Prac_seq,count_Prac_setup,count_Start_DE,count_Start_E,count_Start_ELL,count_Start_HEB,count_Start_HIN,count_Start_HUN,count_Start_NOR,count_Start_PL,count_Start_POR,count_Start_SC,count_Start_SLK,count_Start_SPA,count_Start_TC,count_Start_THAI,count_Start_TUR,count_Target_Prac,count_Target_response_Prac,count_Target_response_correct_Prac,count_Target_response_noans_Prac,count_Target_response_wrong_Prac,count_Trial_logger,count_Welcome_PP_DE,count_Welcome_PP_E,count_Welcome_PP_ELL,count_Welcome_PP_HEB,count_Welcome_PP_HIN,count_Welcome_PP_HUN,count_Welcome_PP_NOR,count_Welcome_PP_PL,count_Welcome_PP_POR,count_Welcome_PP_SC,count_Welcome_PP_SLK,count_Welcome_PP_SPA,count_Welcome_PP_TC,count_Welcome_PP_THAI,count_Welcome_PP_TUR,datetime,de,description,disable_garbage_collection,ell,empty_column,en,experiment_file,experiment_path,font_bold,font_family,font_italic,font_size,font_underline,foreground,form_clicks,form_response,fullscreen,heb,height,hin,hun,keyboard_backend,live_row,live_row_Pictures_loop,live_row_Prac,live_row_Prac_loop,logfile,mouse_backend,nor,opensesame_codename,opensesame_version,osf_always_upload_experiment,osf_id,pol,por,repeat_cycle,reset_loop,response,response_Pictures_Break,response_Pictures_End,response_Pictures_response,response_Start_DE,response_Start_E,response_Start_ELL,response_Start_HEB,response_Start_HIN,response_Start_HUN,response_Start_NOR,response_Start_PL,response_Start_POR,response_Start_SC,response_Start_SLK,response_Start_SPA,response_Start_TC,response_Start_THAI,response_Start_TUR,response_Target_response_Prac,response_Welcome_PP_DE,response_Welcome_PP_E,response_Welcome_PP_ELL,response_Welcome_PP_HEB,response_Welcome_PP_HIN,response_Welcome_PP_HUN,response_Welcome_PP_NOR,response_Welcome_PP_PL,response_Welcome_PP_POR,response_Welcome_PP_SC,response_Welcome_PP_SLK,response_Welcome_PP_SPA,response_Welcome_PP_TC,response_Welcome_PP_THAI,response_Welcome_PP_TUR,response_time,response_time_Pictures_Break,response_time_Pictures_End,response_time_Pictures_response,response_time_Start_DE,response_time_Start_E,response_time_Start_ELL,response_time_Start_HEB,response_time_Start_HIN,response_time_Start_HUN,response_time_Start_NOR,response_time_Start_PL,response_time_Start_POR,response_time_Start_SC,response_time_Start_SLK,response_time_Start_SPA,response_time_Start_TC,response_time_Start_THAI,response_time_Start_TUR,response_time_Target_response_Prac,response_time_Welcome_PP_DE,response_time_Welcome_PP_E,response_time_Welcome_PP_ELL,response_time_Welcome_PP_HEB,response_time_Welcome_PP_HIN,response_time_Welcome_PP_HUN,response_time_Welcome_PP_NOR,response_time_Welcome_PP_PL,response_time_Welcome_PP_POR,response_time_Welcome_PP_SC,response_time_Welcome_PP_SLK,response_time_Welcome_PP_SPA,response_time_Welcome_PP_TC,response_time_Welcome_PP_THAI,response_time_Welcome_PP_TUR,round_decimals,sampler_backend,sc,slk,sound_buf_size,sound_channels,sound_freq,sound_sample_size,spa,start,subject_nr,subject_parity,tc,thai,time_Check_This,time_Disable_Mouse,time_EXP,time_LAB_SEED,time_Language_Selection,time_List_Select,time_List_Selection,time_Pictures_Break,time_Pictures_End,time_Pictures_Exp,time_Pictures_Fixation,time_Pictures_Fixation_Prac,time_Pictures_Prac,time_Pictures_Start,time_Pictures_Target,time_Pictures_Trial,time_Pictures_Welcome,time_Pictures_loop,time_Pictures_response,time_Pictures_response_correct,time_Pictures_response_noans,time_Pictures_response_wrong,time_Prac,time_Prac_Count,time_Prac_Reset,time_Prac_Trial,time_Prac_loop,time_Prac_seq,time_Prac_setup,time_Start_DE,time_Start_E,time_Start_ELL,time_Start_HEB,time_Start_HIN,time_Start_HUN,time_Start_NOR,time_Start_PL,time_Start_POR,time_Start_SC,time_Start_SLK,time_Start_SPA,time_Start_TC,time_Start_THAI,time_Start_TUR,time_Target_Prac,time_Target_response_Prac,time_Target_response_correct_Prac,time_Target_response_noans_Prac,time_Target_response_wrong_Prac,time_Trial_logger,time_Welcome_PP_DE,time_Welcome_PP_E,time_Welcome_PP_ELL,time_Welcome_PP_HEB,time_Welcome_PP_HIN,time_Welcome_PP_HUN,time_Welcome_PP_NOR,time_Welcome_PP_PL,time_Welcome_PP_POR,time_Welcome_PP_SC,time_Welcome_PP_SLK,time_Welcome_PP_SPA,time_Welcome_PP_TC,time_Welcome_PP_THAI,time_Welcome_PP_TUR,title,total_correct,total_response_time,total_responses,tur,uniform_coordinates,width
Y,8016,H,H,PP_LIST4.csv,crayonH.jpg,crayonH.jpg,91.6666666667,91.6666666667,642.5,642.5,#ffffff,yes,legacy,legacy,legacy,0,uniform,1,1,undefined,1,undefined,6,j,0,0,0,0,0,0,0,NA,0,0,0,10,0,0,0,0,0,0,0,0,0,0,0,10,1,10,1,1,0,0,0,0,0,0,0,0,0,0,0,0,0,0,0,0,10,10,10,10,10,0,0,0,0,0,0,0,0,0,0,0,0,0,0,0,0,12/02/19 22:07:25,no,Matching Tasks,yes,no,,no,OrientationCrossLanguages_2018PSA_PP_1.2.4.osexp,D:/PSA,no,mono,no,18,no,#0000ff,no,Español,yes,no,768,no,no,legacy,0,0,2,5,D:/PSA/raw_data/ECU_001_PP_009.csv,legacy,no,Kafkaesque Koffka,3.2.8,yes,5a7ce671e83246000deafe81,no,no,0,0,J,NA,NA,J,NA,NA,NA,NA,NA,NA,NA,NA,NA,NA,NA,V,NA,NA,NA,F,NA,NA,NA,NA,NA,NA,NA,NA,NA,NA,NA,space,NA,NA,NA,788,NA,NA,788,NA,NA,NA,NA,NA,NA,NA,NA,NA,NA,NA,1168,NA,NA,NA,533,NA,NA,NA,NA,NA,NA,NA,NA,NA,NA,NA,22595,NA,NA,NA,2,legacy,no,no,1024,2,48000,-16,yes,EXP,42,even,no,no,NA,8941,4324,4325,7360,8928,8928,NA,NA,51671,51821,48909,31550,50484,52322,51819,8941,51671,52323,53113,NA,NA,31550,50445,40633,48907,40633,40632,31550,NA,NA,NA,NA,NA,NA,NA,NA,NA,NA,NA,50487,NA,NA,NA,49409,49409,49944,NA,40104,53613,NA,NA,NA,NA,NA,NA,NA,NA,NA,NA,NA,8943,NA,NA,NA,Orientation_PSA2018,11,7710,12,no,yes,1024
N,8016,H,V,PP_LIST4.csv,penH.jpg,penV.jpg,92.3076923077,92.3076923077,675.384615385,675.384615385,#ffffff,yes,legacy,legacy,legacy,0,uniform,1,1,undefined,1,undefined,6,j,0,0,0,0,0,0,0,NA,1,0,1,10,0,0,1,1,0,0,1,1,1,1,0,10,1,10,1,1,0,0,0,0,0,0,0,0,0,0,0,0,0,0,0,0,10,10,10,10,10,1,0,0,0,0,0,0,0,0,0,0,0,0,0,0,0,12/02/19 22:07:25,no,Matching Tasks,yes,no,,no,OrientationCrossLanguages_2018PSA_PP_1.2.4.osexp,D:/PSA,no,mono,no,18,no,#0000ff,no,Español,yes,no,768,no,no,legacy,1,1,2,5,D:/PSA/raw_data/ECU_001_PP_009.csv,legacy,no,Kafkaesque Koffka,3.2.8,yes,5a7ce671e83246000deafe81,no,no,0,0,J,NA,NA,J,NA,NA,NA,NA,NA,NA,NA,NA,NA,NA,NA,V,NA,NA,NA,F,NA,NA,NA,NA,NA,NA,NA,NA,NA,NA,NA,space,NA,NA,NA,1070,NA,NA,1070,NA,NA,NA,NA,NA,NA,NA,NA,NA,NA,NA,1168,NA,NA,NA,533,NA,NA,NA,NA,NA,NA,NA,NA,NA,NA,NA,22595,NA,NA,NA,2,legacy,no,no,1024,2,48000,-16,yes,EXP,42,even,no,no,NA,8941,4324,4325,7360,8928,8928,NA,NA,51671,53795,48909,31550,50484,54296,53793,8941,51671,54296,55368,NA,NA,31550,50445,40633,48907,40633,40632,31550,NA,NA,NA,NA,NA,NA,NA,NA,NA,NA,NA,50487,NA,NA,NA,49409,49409,49944,NA,40104,55868,NA,NA,NA,NA,NA,NA,NA,NA,NA,NA,NA,8943,NA,NA,NA,Orientation_PSA2018,12,8780,13,no,yes,1024
F,8016,F,F,PP_LIST4.csv,piano.jpg,sutcse.jpg,92.8571428571,92.8571428571,666.642857143,666.642857143,#ffffff,yes,legacy,legacy,legacy,0,uniform,1,1,undefined,1,undefined,6,f,0,0,0,0,0,0,0,NA,2,0,2,10,0,0,2,2,0,0,2,2,2,2,0,10,1,10,1,1,0,0,0,0,0,0,0,0,0,0,0,0,0,0,0,0,10,10,10,10,10,2,0,0,0,0,0,0,0,0,0,0,0,0,0,0,0,12/02/19 22:07:25,no,Matching Tasks,yes,no,,no,OrientationCrossLanguages_2018PSA_PP_1.2.4.osexp,D:/PSA,no,mono,no,18,no,#0000ff,no,Español,yes,no,768,no,no,legacy,2,2,2,5,D:/PSA/raw_data/ECU_001_PP_009.csv,legacy,no,Kafkaesque Koffka,3.2.8,yes,5a7ce671e83246000deafe81,no,no,0,0,F,NA,NA,F,NA,NA,NA,NA,NA,NA,NA,NA,NA,NA,NA,V,NA,NA,NA,F,NA,NA,NA,NA,NA,NA,NA,NA,NA,NA,NA,space,NA,NA,NA,553,NA,NA,553,NA,NA,NA,NA,NA,NA,NA,NA,NA,NA,NA,1168,NA,NA,NA,533,NA,NA,NA,NA,NA,NA,NA,NA,NA,NA,NA,22595,NA,NA,NA,2,legacy,no,no,1024,2,48000,-16,yes,EXP,42,even,no,no,NA,8941,4324,4325,7360,8928,8928,NA,NA,51671,56034,48909,31550,50484,56535,56032,8941,51671,56535,57089,NA,NA,31550,50445,40633,48907,40633,40632,31550,NA,NA,NA,NA,NA,NA,NA,NA,NA,NA,NA,50487,NA,NA,NA,49409,49409,49944,NA,40104,57590,NA,NA,NA,NA,NA,NA,NA,NA,NA,NA,NA,8943,NA,NA,NA,Orientation_PSA2018,13,9333,14,no,yes,1024
Y,8016,V,V,PP_LIST4.csv,glassV.jpg,glassV.jpg,93.3333333333,93.3333333333,660.666666667,660.666666667,#ffffff,yes,legacy,legacy,legacy,0,uniform,1,1,undefined,1,undefined,6,j,0,0,0,0,0,0,0,NA,3,0,3,10,0,0,3,3,0,0,3,3,3,3,0,10,1,10,1,1,0,0,0,0,0,0,0,0,0,0,0,0,0,0,0,0,10,10,10,10,10,3,0,0,0,0,0,0,0,0,0,0,0,0,0,0,0,12/02/19 22:07:25,no,Matching Tasks,yes,no,,no,OrientationCrossLanguages_2018PSA_PP_1.2.4.osexp,D:/PSA,no,mono,no,18,no,#0000ff,no,Español,yes,no,768,no,no,legacy,3,3,2,5,D:/PSA/raw_data/ECU_001_PP_009.csv,legacy,no,Kafkaesque Koffka,3.2.8,yes,5a7ce671e83246000deafe81,no,no,0,0,J,NA,NA,J,NA,NA,NA,NA,NA,NA,NA,NA,NA,NA,NA,V,NA,NA,NA,F,NA,NA,NA,NA,NA,NA,NA,NA,NA,NA,NA,space,NA,NA,NA,577,NA,NA,577,NA,NA,NA,NA,NA,NA,NA,NA,NA,NA,NA,1168,NA,NA,NA,533,NA,NA,NA,NA,NA,NA,NA,NA,NA,NA,NA,22595,NA,NA,NA,2,legacy,no,no,1024,2,48000,-16,yes,EXP,42,even,no,no,NA,8941,4324,4325,7360,8928,8928,NA,NA,51671,57754,48909,31550,50484,58255,57752,8941,51671,58255,58834,NA,NA,31550,50445,40633,48907,40633,40632,31550,NA,NA,NA,NA,NA,NA,NA,NA,NA,NA,NA,50487,NA,NA,NA,49409,49409,49944,NA,40104,59334,NA,NA,NA,NA,NA,NA,NA,NA,NA,NA,NA,8943,NA,NA,NA,Orientation_PSA2018,14,9910,15,no,yes,1024
F,8016,F,F,PP_LIST4.csv,tapedispenser.jpg,wrench.jpg,93.75,93.75,658.25,658.25,#ffffff,yes,legacy,legacy,legacy,0,uniform,1,1,undefined,1,undefined,6,f,0,0,0,0,0,0,0,NA,4,0,4,10,0,0,4,4,0,0,4,4,4,4,0,10,1,10,1,1,0,0,0,0,0,0,0,0,0,0,0,0,0,0,0,0,10,10,10,10,10,4,0,0,0,0,0,0,0,0,0,0,0,0,0,0,0,12/02/19 22:07:25,no,Matching Tasks,yes,no,,no,OrientationCrossLanguages_2018PSA_PP_1.2.4.osexp,D:/PSA,no,mono,no,18,no,#0000ff,no,Español,yes,no,768,no,no,legacy,4,4,2,5,D:/PSA/raw_data/ECU_001_PP_009.csv,legacy,no,Kafkaesque Koffka,3.2.8,yes,5a7ce671e83246000deafe81,no,no,0,0,F,NA,NA,F,NA,NA,NA,NA,NA,NA,NA,NA,NA,NA,NA,V,NA,NA,NA,F,NA,NA,NA,NA,NA,NA,NA,NA,NA,NA,NA,space,NA,NA,NA,622,NA,NA,622,NA,NA,NA,NA,NA,NA,NA,NA,NA,NA,NA,1168,NA,NA,NA,533,NA,NA,NA,NA,NA,NA,NA,NA,NA,NA,NA,22595,NA,NA,NA,2,legacy,no,no,1024,2,48000,-16,yes,EXP,42,even,no,no,NA,8941,4324,4325,7360,8928,8928,NA,NA,51671,59479,48909,31550,50484,59980,59478,8941,51671,59980,60604,NA,NA,31550,50445,40633,48907,40633,40632,31550,NA,NA,NA,NA,NA,NA,NA,NA,NA,NA,NA,50487,NA,NA,NA,49409,49409,49944,NA,40104,61104,NA,NA,NA,NA,NA,NA,NA,NA,NA,NA,NA,8943,NA,NA,NA,Orientation_PSA2018,15,10532,16,no,yes,1024
F,8016,F,F,PP_LIST4.csv,skirt.jpg,tlphon.jpg,94.1176470588,94.1176470588,658.294117647,658.294117647,#ffffff,yes,legacy,legacy,legacy,0,uniform,1,1,undefined,1,undefined,6,f,0,0,0,0,0,0,0,NA,5,0,5,10,0,0,5,5,0,0,5,5,5,5,0,10,1,10,1,1,0,0,0,0,0,0,0,0,0,0,0,0,0,0,0,0,10,10,10,10,10,5,0,0,0,0,0,0,0,0,0,0,0,0,0,0,0,12/02/19 22:07:25,no,Matching Tasks,yes,no,,no,OrientationCrossLanguages_2018PSA_PP_1.2.4.osexp,D:/PSA,no,mono,no,18,no,#0000ff,no,Español,yes,no,768,no,no,legacy,5,5,2,5,D:/PSA/raw_data/ECU_001_PP_009.csv,legacy,no,Kafkaesque Koffka,3.2.8,yes,5a7ce671e83246000deafe81,no,no,0,0,F,NA,NA,F,NA,NA,NA,NA,NA,NA,NA,NA,NA,NA,NA,V,NA,NA,NA,F,NA,NA,NA,NA,NA,NA,NA,NA,NA,NA,NA,space,NA,NA,NA,659,NA,NA,659,NA,NA,NA,NA,NA,NA,NA,NA,NA,NA,NA,1168,NA,NA,NA,533,NA,NA,NA,NA,NA,NA,NA,NA,NA,NA,NA,22595,NA,NA,NA,2,legacy,no,no,1024,2,48000,-16,yes,EXP,42,even,no,no,NA,8941,4324,4325,7360,8928,8928,NA,NA,51671,61257,48909,31550,50484,61758,61255,8941,51671,61758,62419,NA,NA,31550,50445,40633,48907,40633,40632,31550,NA,NA,NA,NA,NA,NA,NA,NA,NA,NA,NA,50487,NA,NA,NA,49409,49409,49944,NA,40104,62919,NA,NA,NA,NA,NA,NA,NA,NA,NA,NA,NA,8943,NA,NA,NA,Orientation_PSA2018,16,11191,17,no,yes,1024
Y,8016,H,H,PP_LIST4.csv,brushH.jpg,brushH.jpg,94.4444444444,94.4444444444,652.777777778,652.777777778,#ffffff,yes,legacy,legacy,legacy,0,uniform,1,1,undefined,1,undefined,6,j,0,0,0,0,0,0,0,NA,6,0,6,10,0,0,6,6,0,0,6,6,6,6,0,10,1,10,1,1,0,0,0,0,0,0,0,0,0,0,0,0,0,0,0,0,10,10,10,10,10,6,0,0,0,0,0,0,0,0,0,0,0,0,0,0,0,12/02/19 22:07:25,no,Matching Tasks,yes,no,,no,OrientationCrossLanguages_2018PSA_PP_1.2.4.osexp,D:/PSA,no,mono,no,18,no,#0000ff,no,Español,yes,no,768,no,no,legacy,6,6,2,5,D:/PSA/raw_data/ECU_001_PP_009.csv,legacy,no,Kafkaesque Koffka,3.2.8,yes,5a7ce671e83246000deafe81,no,no,0,0,J,NA,NA,J,NA,NA,NA,NA,NA,NA,NA,NA,NA,NA,NA,V,NA,NA,NA,F,NA,NA,NA,NA,NA,NA,NA,NA,NA,NA,NA,space,NA,NA,NA,559,NA,NA,559,NA,NA,NA,NA,NA,NA,NA,NA,NA,NA,NA,1168,NA,NA,NA,533,NA,NA,NA,NA,NA,NA,NA,NA,NA,NA,NA,22595,NA,NA,NA,2,legacy,no,no,1024,2,48000,-16,yes,EXP,42,even,no,no,NA,8941,4324,4325,7360,8928,8928,NA,NA,51671,63078,48909,31550,50484,63579,63077,8941,51671,63579,64139,NA,NA,31550,50445,40633,48907,40633,40632,31550,NA,NA,NA,NA,NA,NA,NA,NA,NA,NA,NA,50487,NA,NA,NA,49409,49409,49944,NA,40104,64640,NA,NA,NA,NA,NA,NA,NA,NA,NA,NA,NA,8943,NA,NA,NA,Orientation_PSA2018,17,11750,18,no,yes,1024
Y,8016,H,H,PP_LIST4.csv,flashH.jpg,flashH.jpg,94.7368421053,94.7368421053,644.421052632,644.421052632,#ffffff,yes,legacy,legacy,legacy,0,uniform,1,1,undefined,1,undefined,6,j,0,0,0,0,0,0,0,NA,7,0,7,10,0,0,7,7,0,0,7,7,7,7,0,10,1,10,1,1,0,0,0,0,0,0,0,0,0,0,0,0,0,0,0,0,10,10,10,10,10,7,0,0,0,0,0,0,0,0,0,0,0,0,0,0,0,12/02/19 22:07:25,no,Matching Tasks,yes,no,,no,OrientationCrossLanguages_2018PSA_PP_1.2.4.osexp,D:/PSA,no,mono,no,18,no,#0000ff,no,Español,yes,no,768,no,no,legacy,7,7,2,5,D:/PSA/raw_data/ECU_001_PP_009.csv,legacy,no,Kafkaesque Koffka,3.2.8,yes,5a7ce671e83246000deafe81,no,no,0,0,J,NA,NA,J,NA,NA,NA,NA,NA,NA,NA,NA,NA,NA,NA,V,NA,NA,NA,F,NA,NA,NA,NA,NA,NA,NA,NA,NA,NA,NA,space,NA,NA,NA,494,NA,NA,494,NA,NA,NA,NA,NA,NA,NA,NA,NA,NA,NA,1168,NA,NA,NA,533,NA,NA,NA,NA,NA,NA,NA,NA,NA,NA,NA,22595,NA,NA,NA,2,legacy,no,no,1024,2,48000,-16,yes,EXP,42,even,no,no,NA,8941,4324,4325,7360,8928,8928,NA,NA,51671,64809,48909,31550,50484,65310,64807,8941,51671,65310,65806,NA,NA,31550,50445,40633,48907,40633,40632,31550,NA,NA,NA,NA,NA,NA,NA,NA,NA,NA,NA,50487,NA,NA,NA,49409,49409,49944,NA,40104,66306,NA,NA,NA,NA,NA,NA,NA,NA,NA,NA,NA,8943,NA,NA,NA,Orientation_PSA2018,18,12244,19,no,yes,1024
N,8016,V,H,PP_LIST4.csv,batV.jpg,batH.jpg,90,90,636.5,636.5,#ffffff,yes,legacy,legacy,legacy,0,uniform,0,0,undefined,1,undefined,6,j,0,0,0,0,0,0,0,NA,8,0,8,10,0,0,8,8,0,0,8,8,8,8,0,10,1,10,1,1,0,0,0,0,0,0,0,0,0,0,0,0,0,0,0,0,10,10,10,10,10,8,0,0,0,0,0,0,0,0,0,0,0,0,0,0,0,12/02/19 22:07:25,no,Matching Tasks,yes,no,,no,OrientationCrossLanguages_2018PSA_PP_1.2.4.osexp,D:/PSA,no,mono,no,18,no,#0000ff,no,Español,yes,no,768,no,no,legacy,8,8,2,5,D:/PSA/raw_data/ECU_001_PP_009.csv,legacy,no,Kafkaesque Koffka,3.2.8,yes,5a7ce671e83246000deafe81,no,no,0,0,F,NA,NA,F,NA,NA,NA,NA,NA,NA,NA,NA,NA,NA,NA,V,NA,NA,NA,F,NA,NA,NA,NA,NA,NA,NA,NA,NA,NA,NA,space,NA,NA,NA,486,NA,NA,486,NA,NA,NA,NA,NA,NA,NA,NA,NA,NA,NA,1168,NA,NA,NA,533,NA,NA,NA,NA,NA,NA,NA,NA,NA,NA,NA,22595,NA,NA,NA,2,legacy,no,no,1024,2,48000,-16,yes,EXP,42,even,no,no,NA,8941,4324,4325,7360,8928,8928,NA,NA,51671,66466,48909,31550,50484,66967,66464,8941,51671,66967,65806,NA,67455,31550,50445,40633,48907,40633,40632,31550,NA,NA,NA,NA,NA,NA,NA,NA,NA,NA,NA,50487,NA,NA,NA,49409,49409,49944,NA,40104,67956,NA,NA,NA,NA,NA,NA,NA,NA,NA,NA,NA,8943,NA,NA,NA,Orientation_PSA2018,18,12730,20,no,yes,1024
N,8016,V,H,PP_LIST4.csv,bookV.jpg,bookH.jpg,90.4761904762,90.4761904762,639.238095238,639.238095238,#ffffff,yes,legacy,legacy,legacy,0,uniform,1,1,undefined,1,undefined,6,j,0,0,0,0,0,0,0,NA,9,0,9,10,0,0,9,9,0,0,9,9,9,9,0,10,1,10,1,1,0,0,0,0,0,0,0,0,0,0,0,0,0,0,0,0,10,10,10,10,10,9,0,0,0,0,0,0,0,0,0,0,0,0,0,0,0,12/02/19 22:07:25,no,Matching Tasks,yes,no,,no,OrientationCrossLanguages_2018PSA_PP_1.2.4.osexp,D:/PSA,no,mono,no,18,no,#0000ff,no,Español,yes,no,768,no,no,legacy,9,9,2,5,D:/PSA/raw_data/ECU_001_PP_009.csv,legacy,no,Kafkaesque Koffka,3.2.8,yes,5a7ce671e83246000deafe81,no,no,0,0,J,NA,NA,J,NA,NA,NA,NA,NA,NA,NA,NA,NA,NA,NA,V,NA,NA,NA,F,NA,NA,NA,NA,NA,NA,NA,NA,NA,NA,NA,space,NA,NA,NA,694,NA,NA,694,NA,NA,NA,NA,NA,NA,NA,NA,NA,NA,NA,1168,NA,NA,NA,533,NA,NA,NA,NA,NA,NA,NA,NA,NA,NA,NA,22595,NA,NA,NA,2,legacy,no,no,1024,2,48000,-16,yes,EXP,42,even,no,no,NA,8941,4324,4325,7360,8928,8928,NA,NA,51671,68111,48909,31550,50484,68612,68109,8941,51671,68612,69308,NA,67455,31550,50445,40633,48907,40633,40632,31550,NA,NA,NA,NA,NA,NA,NA,NA,NA,NA,NA,50487,NA,NA,NA,49409,49409,49944,NA,40104,69808,NA,NA,NA,NA,NA,NA,NA,NA,NA,NA,NA,8943,NA,NA,NA,Orientation_PSA2018,19,13424,21,no,yes,1024
Y,8016,V,V,PP_LIST4.csv,nailV.jpg,nailV.jpg,90.9090909091,90.9090909091,632.272727273,632.272727273,#ffffff,yes,legacy,legacy,legacy,0,uniform,1,1,undefined,1,undefined,6,j,0,0,0,0,0,0,0,NA,10,0,10,10,0,0,10,10,0,0,10,10,10,10,0,10,1,10,1,1,0,0,0,0,0,0,0,0,0,0,0,0,0,0,0,0,10,10,10,10,10,10,0,0,0,0,0,0,0,0,0,0,0,0,0,0,0,12/02/19 22:07:25,no,Matching Tasks,yes,no,,no,OrientationCrossLanguages_2018PSA_PP_1.2.4.osexp,D:/PSA,no,mono,no,18,no,#0000ff,no,Español,yes,no,768,no,no,legacy,10,10,2,5,D:/PSA/raw_data/ECU_001_PP_009.csv,legacy,no,Kafkaesque Koffka,3.2.8,yes,5a7ce671e83246000deafe81,no,no,0,0,J,NA,NA,J,NA,NA,NA,NA,NA,NA,NA,NA,NA,NA,NA,V,NA,NA,NA,F,NA,NA,NA,NA,NA,NA,NA,NA,NA,NA,NA,space,NA,NA,NA,486,NA,NA,486,NA,NA,NA,NA,NA,NA,NA,NA,NA,NA,NA,1168,NA,NA,NA,533,NA,NA,NA,NA,NA,NA,NA,NA,NA,NA,NA,22595,NA,NA,NA,2,legacy,no,no,1024,2,48000,-16,yes,EXP,42,even,no,no,NA,8941,4324,4325,7360,8928,8928,NA,NA,51671,69957,48909,31550,50484,70459,69955,8941,51671,70459,70947,NA,67455,31550,50445,40633,48907,40633,40632,31550,NA,NA,NA,NA,NA,NA,NA,NA,NA,NA,NA,50487,NA,NA,NA,49409,49409,49944,NA,40104,71447,NA,NA,NA,NA,NA,NA,NA,NA,NA,NA,NA,8943,NA,NA,NA,Orientation_PSA2018,20,13910,22,no,yes,1024
F,8016,F,F,PP_LIST4.csv,knife.jpg,ladder.jpg,91.3043478261,91.3043478261,628.173913043,628.173913043,#ffffff,yes,legacy,legacy,legacy,0,uniform,1,1,undefined,1,undefined,6,f,0,0,0,0,0,0,0,NA,11,0,11,10,0,0,11,11,0,0,11,11,11,11,0,10,1,10,1,1,0,0,0,0,0,0,0,0,0,0,0,0,0,0,0,0,10,10,10,10,10,11,0,0,0,0,0,0,0,0,0,0,0,0,0,0,0,12/02/19 22:07:25,no,Matching Tasks,yes,no,,no,OrientationCrossLanguages_2018PSA_PP_1.2.4.osexp,D:/PSA,no,mono,no,18,no,#0000ff,no,Español,yes,no,768,no,no,legacy,11,11,2,5,D:/PSA/raw_data/ECU_001_PP_009.csv,legacy,no,Kafkaesque Koffka,3.2.8,yes,5a7ce671e83246000deafe81,no,no,0,0,F,NA,NA,F,NA,NA,NA,NA,NA,NA,NA,NA,NA,NA,NA,V,NA,NA,NA,F,NA,NA,NA,NA,NA,NA,NA,NA,NA,NA,NA,space,NA,NA,NA,538,NA,NA,538,NA,NA,NA,NA,NA,NA,NA,NA,NA,NA,NA,1168,NA,NA,NA,533,NA,NA,NA,NA,NA,NA,NA,NA,NA,NA,NA,22595,NA,NA,NA,2,legacy,no,no,1024,2,48000,-16,yes,EXP,42,even,no,no,NA,8941,4324,4325,7360,8928,8928,NA,NA,51671,71593,48909,31550,50484,72094,71591,8941,51671,72094,72633,NA,67455,31550,50445,40633,48907,40633,40632,31550,NA,NA,NA,NA,NA,NA,NA,NA,NA,NA,NA,50487,NA,NA,NA,49409,49409,49944,NA,40104,73134,NA,NA,NA,NA,NA,NA,NA,NA,NA,NA,NA,8943,NA,NA,NA,Orientation_PSA2018,21,14448,23,no,yes,1024
F,8016,F,F,PP_LIST4.csv,tlphon.jpg,knife.jpg,91.6666666667,91.6666666667,635.833333333,635.833333333,#ffffff,yes,legacy,legacy,legacy,0,uniform,1,1,undefined,1,undefined,6,f,0,0,0,0,0,0,0,NA,12,0,12,10,0,0,12,12,0,0,12,12,12,12,0,10,1,10,1,1,0,0,0,0,0,0,0,0,0,0,0,0,0,0,0,0,10,10,10,10,10,12,0,0,0,0,0,0,0,0,0,0,0,0,0,0,0,12/02/19 22:07:25,no,Matching Tasks,yes,no,,no,OrientationCrossLanguages_2018PSA_PP_1.2.4.osexp,D:/PSA,no,mono,no,18,no,#0000ff,no,Español,yes,no,768,no,no,legacy,12,12,2,5,D:/PSA/raw_data/ECU_001_PP_009.csv,legacy,no,Kafkaesque Koffka,3.2.8,yes,5a7ce671e83246000deafe81,no,no,0,0,F,NA,NA,F,NA,NA,NA,NA,NA,NA,NA,NA,NA,NA,NA,V,NA,NA,NA,F,NA,NA,NA,NA,NA,NA,NA,NA,NA,NA,NA,space,NA,NA,NA,812,NA,NA,812,NA,NA,NA,NA,NA,NA,NA,NA,NA,NA,NA,1168,NA,NA,NA,533,NA,NA,NA,NA,NA,NA,NA,NA,NA,NA,NA,22595,NA,NA,NA,2,legacy,no,no,1024,2,48000,-16,yes,EXP,42,even,no,no,NA,8941,4324,4325,7360,8928,8928,NA,NA,51671,73287,48909,31550,50484,73788,73285,8941,51671,73788,74602,NA,67455,31550,50445,40633,48907,40633,40632,31550,NA,NA,NA,NA,NA,NA,NA,NA,NA,NA,NA,50487,NA,NA,NA,49409,49409,49944,NA,40104,75102,NA,NA,NA,NA,NA,NA,NA,NA,NA,NA,NA,8943,NA,NA,NA,Orientation_PSA2018,22,15260,24,no,yes,1024
F,8016,F,F,PP_LIST4.csv,house.jpg,ring.jpg,92,92,628.76,628.76,#ffffff,yes,legacy,legacy,legacy,0,uniform,1,1,undefined,1,undefined,6,f,0,0,0,0,0,0,0,NA,13,0,13,10,0,0,13,13,0,0,13,13,13,13,0,10,1,10,1,1,0,0,0,0,0,0,0,0,0,0,0,0,0,0,0,0,10,10,10,10,10,13,0,0,0,0,0,0,0,0,0,0,0,0,0,0,0,12/02/19 22:07:25,no,Matching Tasks,yes,no,,no,OrientationCrossLanguages_2018PSA_PP_1.2.4.osexp,D:/PSA,no,mono,no,18,no,#0000ff,no,Español,yes,no,768,no,no,legacy,13,13,2,5,D:/PSA/raw_data/ECU_001_PP_009.csv,legacy,no,Kafkaesque Koffka,3.2.8,yes,5a7ce671e83246000deafe81,no,no,0,0,F,NA,NA,F,NA,NA,NA,NA,NA,NA,NA,NA,NA,NA,NA,V,NA,NA,NA,F,NA,NA,NA,NA,NA,NA,NA,NA,NA,NA,NA,space,NA,NA,NA,459,NA,NA,459,NA,NA,NA,NA,NA,NA,NA,NA,NA,NA,NA,1168,NA,NA,NA,533,NA,NA,NA,NA,NA,NA,NA,NA,NA,NA,NA,22595,NA,NA,NA,2,legacy,no,no,1024,2,48000,-16,yes,EXP,42,even,no,no,NA,8941,4324,4325,7360,8928,8928,NA,NA,51671,75253,48909,31550,50484,75754,75252,8941,51671,75754,76215,NA,67455,31550,50445,40633,48907,40633,40632,31550,NA,NA,NA,NA,NA,NA,NA,NA,NA,NA,NA,50487,NA,NA,NA,49409,49409,49944,NA,40104,76715,NA,NA,NA,NA,NA,NA,NA,NA,NA,NA,NA,8943,NA,NA,NA,Orientation_PSA2018,23,15719,25,no,yes,1024
F,8016,F,F,PP_LIST4.csv,couch.jpg,spider.jpg,92.3076923077,92.3076923077,626.576923077,626.576923077,#ffffff,yes,legacy,legacy,legacy,0,uniform,1,1,undefined,1,undefined,6,f,0,0,0,0,0,0,0,NA,14,0,14,10,0,0,14,14,0,0,14,14,14,14,0,10,1,10,1,1,0,0,0,0,0,0,0,0,0,0,0,0,0,0,0,0,10,10,10,10,10,14,0,0,0,0,0,0,0,0,0,0,0,0,0,0,0,12/02/19 22:07:25,no,Matching Tasks,yes,no,,no,OrientationCrossLanguages_2018PSA_PP_1.2.4.osexp,D:/PSA,no,mono,no,18,no,#0000ff,no,Español,yes,no,768,no,no,legacy,14,14,2,5,D:/PSA/raw_data/ECU_001_PP_009.csv,legacy,no,Kafkaesque Koffka,3.2.8,yes,5a7ce671e83246000deafe81,no,no,0,0,F,NA,NA,F,NA,NA,NA,NA,NA,NA,NA,NA,NA,NA,NA,V,NA,NA,NA,F,NA,NA,NA,NA,NA,NA,NA,NA,NA,NA,NA,space,NA,NA,NA,572,NA,NA,572,NA,NA,NA,NA,NA,NA,NA,NA,NA,NA,NA,1168,NA,NA,NA,533,NA,NA,NA,NA,NA,NA,NA,NA,NA,NA,NA,22595,NA,NA,NA,2,legacy,no,no,1024,2,48000,-16,yes,EXP,42,even,no,no,NA,8941,4324,4325,7360,8928,8928,NA,NA,51671,76877,48909,31550,50484,77378,76875,8941,51671,77378,77952,NA,67455,31550,50445,40633,48907,40633,40632,31550,NA,NA,NA,NA,NA,NA,NA,NA,NA,NA,NA,50487,NA,NA,NA,49409,49409,49944,NA,40104,78452,NA,NA,NA,NA,NA,NA,NA,NA,NA,NA,NA,8943,NA,NA,NA,Orientation_PSA2018,24,16291,26,no,yes,1024
F,8016,F,F,PP_LIST4.csv,ladder.jpg,house.jpg,92.5925925926,92.5925925926,619.925925926,619.925925926,#ffffff,yes,legacy,legacy,legacy,0,uniform,1,1,undefined,1,undefined,6,f,0,0,0,0,0,0,0,NA,15,0,15,10,0,0,15,15,0,0,15,15,15,15,0,10,1,10,1,1,0,0,0,0,0,0,0,0,0,0,0,0,0,0,0,0,10,10,10,10,10,15,0,0,0,0,0,0,0,0,0,0,0,0,0,0,0,12/02/19 22:07:25,no,Matching Tasks,yes,no,,no,OrientationCrossLanguages_2018PSA_PP_1.2.4.osexp,D:/PSA,no,mono,no,18,no,#0000ff,no,Español,yes,no,768,no,no,legacy,15,15,2,5,D:/PSA/raw_data/ECU_001_PP_009.csv,legacy,no,Kafkaesque Koffka,3.2.8,yes,5a7ce671e83246000deafe81,no,no,0,0,F,NA,NA,F,NA,NA,NA,NA,NA,NA,NA,NA,NA,NA,NA,V,NA,NA,NA,F,NA,NA,NA,NA,NA,NA,NA,NA,NA,NA,NA,space,NA,NA,NA,447,NA,NA,447,NA,NA,NA,NA,NA,NA,NA,NA,NA,NA,NA,1168,NA,NA,NA,533,NA,NA,NA,NA,NA,NA,NA,NA,NA,NA,NA,22595,NA,NA,NA,2,legacy,no,no,1024,2,48000,-16,yes,EXP,42,even,no,no,NA,8941,4324,4325,7360,8928,8928,NA,NA,51671,78608,48909,31550,50484,79109,78606,8941,51671,79109,79558,NA,67455,31550,50445,40633,48907,40633,40632,31550,NA,NA,NA,NA,NA,NA,NA,NA,NA,NA,NA,50487,NA,NA,NA,49409,49409,49944,NA,40104,80058,NA,NA,NA,NA,NA,NA,NA,NA,NA,NA,NA,8943,NA,NA,NA,Orientation_PSA2018,25,16738,27,no,yes,1024
F,8016,F,F,PP_LIST4.csv,wrench.jpg,piano.jpg,92.8571428571,92.8571428571,619.571428571,619.571428571,#ffffff,yes,legacy,legacy,legacy,0,uniform,1,1,undefined,1,undefined,6,f,0,0,0,0,0,0,0,NA,16,0,16,10,0,0,16,16,0,0,16,16,16,16,0,10,1,10,1,1,0,0,0,0,0,0,0,0,0,0,0,0,0,0,0,0,10,10,10,10,10,16,0,0,0,0,0,0,0,0,0,0,0,0,0,0,0,12/02/19 22:07:25,no,Matching Tasks,yes,no,,no,OrientationCrossLanguages_2018PSA_PP_1.2.4.osexp,D:/PSA,no,mono,no,18,no,#0000ff,no,Español,yes,no,768,no,no,legacy,16,16,2,5,D:/PSA/raw_data/ECU_001_PP_009.csv,legacy,no,Kafkaesque Koffka,3.2.8,yes,5a7ce671e83246000deafe81,no,no,0,0,F,NA,NA,F,NA,NA,NA,NA,NA,NA,NA,NA,NA,NA,NA,V,NA,NA,NA,F,NA,NA,NA,NA,NA,NA,NA,NA,NA,NA,NA,space,NA,NA,NA,610,NA,NA,610,NA,NA,NA,NA,NA,NA,NA,NA,NA,NA,NA,1168,NA,NA,NA,533,NA,NA,NA,NA,NA,NA,NA,NA,NA,NA,NA,22595,NA,NA,NA,2,legacy,no,no,1024,2,48000,-16,yes,EXP,42,even,no,no,NA,8941,4324,4325,7360,8928,8928,NA,NA,51671,80223,48909,31550,50484,80724,80221,8941,51671,80724,81336,NA,67455,31550,50445,40633,48907,40633,40632,31550,NA,NA,NA,NA,NA,NA,NA,NA,NA,NA,NA,50487,NA,NA,NA,49409,49409,49944,NA,40104,81836,NA,NA,NA,NA,NA,NA,NA,NA,NA,NA,NA,8943,NA,NA,NA,Orientation_PSA2018,26,17348,28,no,yes,1024
F,8016,F,F,PP_LIST4.csv,tiger.jpg,wndmil.jpg,93.1034482759,93.1034482759,613.310344828,613.310344828,#ffffff,yes,legacy,legacy,legacy,0,uniform,1,1,undefined,1,undefined,6,f,0,0,0,0,0,0,0,NA,17,0,17,10,0,0,17,17,0,0,17,17,17,17,0,10,1,10,1,1,0,0,0,0,0,0,0,0,0,0,0,0,0,0,0,0,10,10,10,10,10,17,0,0,0,0,0,0,0,0,0,0,0,0,0,0,0,12/02/19 22:07:25,no,Matching Tasks,yes,no,,no,OrientationCrossLanguages_2018PSA_PP_1.2.4.osexp,D:/PSA,no,mono,no,18,no,#0000ff,no,Español,yes,no,768,no,no,legacy,17,17,2,5,D:/PSA/raw_data/ECU_001_PP_009.csv,legacy,no,Kafkaesque Koffka,3.2.8,yes,5a7ce671e83246000deafe81,no,no,0,0,F,NA,NA,F,NA,NA,NA,NA,NA,NA,NA,NA,NA,NA,NA,V,NA,NA,NA,F,NA,NA,NA,NA,NA,NA,NA,NA,NA,NA,NA,space,NA,NA,NA,438,NA,NA,438,NA,NA,NA,NA,NA,NA,NA,NA,NA,NA,NA,1168,NA,NA,NA,533,NA,NA,NA,NA,NA,NA,NA,NA,NA,NA,NA,22595,NA,NA,NA,2,legacy,no,no,1024,2,48000,-16,yes,EXP,42,even,no,no,NA,8941,4324,4325,7360,8928,8928,NA,NA,51671,82046,48909,31550,50484,82547,82044,8941,51671,82547,82987,NA,67455,31550,50445,40633,48907,40633,40632,31550,NA,NA,NA,NA,NA,NA,NA,NA,NA,NA,NA,50487,NA,NA,NA,49409,49409,49944,NA,40104,83487,NA,NA,NA,NA,NA,NA,NA,NA,NA,NA,NA,8943,NA,NA,NA,Orientation_PSA2018,27,17786,29,no,yes,1024
N,8016,H,V,PP_LIST4.csv,screwH.jpg,screwV.jpg,90,90,607.3,607.3,#ffffff,yes,legacy,legacy,legacy,0,uniform,0,0,undefined,1,undefined,6,j,0,0,0,0,0,0,0,NA,18,0,18,10,0,0,18,18,0,0,18,18,18,18,0,10,1,10,1,1,0,0,0,0,0,0,0,0,0,0,0,0,0,0,0,0,10,10,10,10,10,18,0,0,0,0,0,0,0,0,0,0,0,0,0,0,0,12/02/19 22:07:25,no,Matching Tasks,yes,no,,no,OrientationCrossLanguages_2018PSA_PP_1.2.4.osexp,D:/PSA,no,mono,no,18,no,#0000ff,no,Español,yes,no,768,no,no,legacy,18,18,2,5,D:/PSA/raw_data/ECU_001_PP_009.csv,legacy,no,Kafkaesque Koffka,3.2.8,yes,5a7ce671e83246000deafe81,no,no,0,0,F,NA,NA,F,NA,NA,NA,NA,NA,NA,NA,NA,NA,NA,NA,V,NA,NA,NA,F,NA,NA,NA,NA,NA,NA,NA,NA,NA,NA,NA,space,NA,NA,NA,433,NA,NA,433,NA,NA,NA,NA,NA,NA,NA,NA,NA,NA,NA,1168,NA,NA,NA,533,NA,NA,NA,NA,NA,NA,NA,NA,NA,NA,NA,22595,NA,NA,NA,2,legacy,no,no,1024,2,48000,-16,yes,EXP,42,even,no,no,NA,8941,4324,4325,7360,8928,8928,NA,NA,51671,83650,48909,31550,50484,84151,83649,8941,51671,84151,82987,NA,84586,31550,50445,40633,48907,40633,40632,31550,NA,NA,NA,NA,NA,NA,NA,NA,NA,NA,NA,50487,NA,NA,NA,49409,49409,49944,NA,40104,85086,NA,NA,NA,NA,NA,NA,NA,NA,NA,NA,NA,8943,NA,NA,NA,Orientation_PSA2018,27,18219,30,no,yes,1024
F,8016,F,F,PP_LIST4.csv,stove.jpg,ftball.jpg,90.3225806452,90.3225806452,603.516129032,603.516129032,#ffffff,yes,legacy,legacy,legacy,0,uniform,1,1,undefined,1,undefined,6,f,0,0,0,0,0,0,0,NA,19,0,19,10,0,0,19,19,0,0,19,19,19,19,0,10,1,10,1,1,0,0,0,0,0,0,0,0,0,0,0,0,0,0,0,0,10,10,10,10,10,19,0,0,0,0,0,0,0,0,0,0,0,0,0,0,0,12/02/19 22:07:25,no,Matching Tasks,yes,no,,no,OrientationCrossLanguages_2018PSA_PP_1.2.4.osexp,D:/PSA,no,mono,no,18,no,#0000ff,no,Español,yes,no,768,no,no,legacy,19,19,2,5,D:/PSA/raw_data/ECU_001_PP_009.csv,legacy,no,Kafkaesque Koffka,3.2.8,yes,5a7ce671e83246000deafe81,no,no,0,0,F,NA,NA,F,NA,NA,NA,NA,NA,NA,NA,NA,NA,NA,NA,V,NA,NA,NA,F,NA,NA,NA,NA,NA,NA,NA,NA,NA,NA,NA,space,NA,NA,NA,490,NA,NA,490,NA,NA,NA,NA,NA,NA,NA,NA,NA,NA,NA,1168,NA,NA,NA,533,NA,NA,NA,NA,NA,NA,NA,NA,NA,NA,NA,22595,NA,NA,NA,2,legacy,no,no,1024,2,48000,-16,yes,EXP,42,even,no,no,NA,8941,4324,4325,7360,8928,8928,NA,NA,51671,85270,48909,31550,50484,85771,85268,8941,51671,85771,86263,NA,84586,31550,50445,40633,48907,40633,40632,31550,NA,NA,NA,NA,NA,NA,NA,NA,NA,NA,NA,50487,NA,NA,NA,49409,49409,49944,NA,40104,86763,NA,NA,NA,NA,NA,NA,NA,NA,NA,NA,NA,8943,NA,NA,NA,Orientation_PSA2018,28,18709,31,no,yes,1024
F,8016,F,F,PP_LIST4.csv,wndmil.jpg,mitten.jpg,90.625,90.625,599.96875,599.96875,#ffffff,yes,legacy,legacy,legacy,0,uniform,1,1,undefined,1,undefined,6,f,0,0,0,0,0,0,0,NA,20,0,20,10,0,0,20,20,0,0,20,20,20,20,0,10,1,10,1,1,0,0,0,0,0,0,0,0,0,0,0,0,0,0,0,0,10,10,10,10,10,20,0,0,0,0,0,0,0,0,0,0,0,0,0,0,0,12/02/19 22:07:25,no,Matching Tasks,yes,no,,no,OrientationCrossLanguages_2018PSA_PP_1.2.4.osexp,D:/PSA,no,mono,no,18,no,#0000ff,no,Español,yes,no,768,no,no,legacy,20,20,2,5,D:/PSA/raw_data/ECU_001_PP_009.csv,legacy,no,Kafkaesque Koffka,3.2.8,yes,5a7ce671e83246000deafe81,no,no,0,0,F,NA,NA,F,NA,NA,NA,NA,NA,NA,NA,NA,NA,NA,NA,V,NA,NA,NA,F,NA,NA,NA,NA,NA,NA,NA,NA,NA,NA,NA,space,NA,NA,NA,490,NA,NA,490,NA,NA,NA,NA,NA,NA,NA,NA,NA,NA,NA,1168,NA,NA,NA,533,NA,NA,NA,NA,NA,NA,NA,NA,NA,NA,NA,22595,NA,NA,NA,2,legacy,no,no,1024,2,48000,-16,yes,EXP,42,even,no,no,NA,8941,4324,4325,7360,8928,8928,NA,NA,51671,86919,48909,31550,50484,87421,86918,8941,51671,87421,87913,NA,84586,31550,50445,40633,48907,40633,40632,31550,NA,NA,NA,NA,NA,NA,NA,NA,NA,NA,NA,50487,NA,NA,NA,49409,49409,49944,NA,40104,88413,NA,NA,NA,NA,NA,NA,NA,NA,NA,NA,NA,8943,NA,NA,NA,Orientation_PSA2018,29,19199,32,no,yes,1024
Y,8016,H,H,PP_LIST4.csv,fire_extinguisherH.jpg,fire_extinguisherH.jpg,90.9090909091,90.9090909091,599.060606061,599.060606061,#ffffff,yes,legacy,legacy,legacy,0,uniform,1,1,undefined,1,undefined,6,j,0,0,0,0,0,0,0,NA,21,0,21,10,0,0,21,21,0,0,21,21,21,21,0,10,1,10,1,1,0,0,0,0,0,0,0,0,0,0,0,0,0,0,0,0,10,10,10,10,10,21,0,0,0,0,0,0,0,0,0,0,0,0,0,0,0,12/02/19 22:07:25,no,Matching Tasks,yes,no,,no,OrientationCrossLanguages_2018PSA_PP_1.2.4.osexp,D:/PSA,no,mono,no,18,no,#0000ff,no,Español,yes,no,768,no,no,legacy,21,21,2,5,D:/PSA/raw_data/ECU_001_PP_009.csv,legacy,no,Kafkaesque Koffka,3.2.8,yes,5a7ce671e83246000deafe81,no,no,0,0,J,NA,NA,J,NA,NA,NA,NA,NA,NA,NA,NA,NA,NA,NA,V,NA,NA,NA,F,NA,NA,NA,NA,NA,NA,NA,NA,NA,NA,NA,space,NA,NA,NA,570,NA,NA,570,NA,NA,NA,NA,NA,NA,NA,NA,NA,NA,NA,1168,NA,NA,NA,533,NA,NA,NA,NA,NA,NA,NA,NA,NA,NA,NA,22595,NA,NA,NA,2,legacy,no,no,1024,2,48000,-16,yes,EXP,42,even,no,no,NA,8941,4324,4325,7360,8928,8928,NA,NA,51671,88586,48909,31550,50484,89087,88584,8941,51671,89087,89659,NA,84586,31550,50445,40633,48907,40633,40632,31550,NA,NA,NA,NA,NA,NA,NA,NA,NA,NA,NA,50487,NA,NA,NA,49409,49409,49944,NA,40104,90159,NA,NA,NA,NA,NA,NA,NA,NA,NA,NA,NA,8943,NA,NA,NA,Orientation_PSA2018,30,19769,33,no,yes,1024
Y,8016,V,V,PP_LIST4.csv,guitarV.jpg,guitarV.jpg,91.1764705882,91.1764705882,595.794117647,595.794117647,#ffffff,yes,legacy,legacy,legacy,0,uniform,1,1,undefined,1,undefined,6,j,0,0,0,0,0,0,0,NA,22,0,22,10,0,0,22,22,0,0,22,22,22,22,0,10,1,10,1,1,0,0,0,0,0,0,0,0,0,0,0,0,0,0,0,0,10,10,10,10,10,22,0,0,0,0,0,0,0,0,0,0,0,0,0,0,0,12/02/19 22:07:25,no,Matching Tasks,yes,no,,no,OrientationCrossLanguages_2018PSA_PP_1.2.4.osexp,D:/PSA,no,mono,no,18,no,#0000ff,no,Español,yes,no,768,no,no,legacy,22,22,2,5,D:/PSA/raw_data/ECU_001_PP_009.csv,legacy,no,Kafkaesque Koffka,3.2.8,yes,5a7ce671e83246000deafe81,no,no,0,0,J,NA,NA,J,NA,NA,NA,NA,NA,NA,NA,NA,NA,NA,NA,V,NA,NA,NA,F,NA,NA,NA,NA,NA,NA,NA,NA,NA,NA,NA,space,NA,NA,NA,488,NA,NA,488,NA,NA,NA,NA,NA,NA,NA,NA,NA,NA,NA,1168,NA,NA,NA,533,NA,NA,NA,NA,NA,NA,NA,NA,NA,NA,NA,22595,NA,NA,NA,2,legacy,no,no,1024,2,48000,-16,yes,EXP,42,even,no,no,NA,8941,4324,4325,7360,8928,8928,NA,NA,51671,90314,48909,31550,50484,90815,90313,8941,51671,90815,91305,NA,84586,31550,50445,40633,48907,40633,40632,31550,NA,NA,NA,NA,NA,NA,NA,NA,NA,NA,NA,50487,NA,NA,NA,49409,49409,49944,NA,40104,91805,NA,NA,NA,NA,NA,NA,NA,NA,NA,NA,NA,8943,NA,NA,NA,Orientation_PSA2018,31,20257,34,no,yes,1024
F,8016,F,F,PP_LIST4.csv,buggy.jpg,glass.jpg,91.4285714286,91.4285714286,592.771428571,592.771428571,#ffffff,yes,legacy,legacy,legacy,0,uniform,1,1,undefined,1,undefined,6,f,0,0,0,0,0,0,0,NA,23,0,23,10,0,0,23,23,0,0,23,23,23,23,0,10,1,10,1,1,0,0,0,0,0,0,0,0,0,0,0,0,0,0,0,0,10,10,10,10,10,23,0,0,0,0,0,0,0,0,0,0,0,0,0,0,0,12/02/19 22:07:25,no,Matching Tasks,yes,no,,no,OrientationCrossLanguages_2018PSA_PP_1.2.4.osexp,D:/PSA,no,mono,no,18,no,#0000ff,no,Español,yes,no,768,no,no,legacy,23,23,2,5,D:/PSA/raw_data/ECU_001_PP_009.csv,legacy,no,Kafkaesque Koffka,3.2.8,yes,5a7ce671e83246000deafe81,no,no,0,0,F,NA,NA,F,NA,NA,NA,NA,NA,NA,NA,NA,NA,NA,NA,V,NA,NA,NA,F,NA,NA,NA,NA,NA,NA,NA,NA,NA,NA,NA,space,NA,NA,NA,490,NA,NA,490,NA,NA,NA,NA,NA,NA,NA,NA,NA,NA,NA,1168,NA,NA,NA,533,NA,NA,NA,NA,NA,NA,NA,NA,NA,NA,NA,22595,NA,NA,NA,2,legacy,no,no,1024,2,48000,-16,yes,EXP,42,even,no,no,NA,8941,4324,4325,7360,8928,8928,NA,NA,51671,91951,48909,31550,50484,92452,91949,8941,51671,92452,92944,NA,84586,31550,50445,40633,48907,40633,40632,31550,NA,NA,NA,NA,NA,NA,NA,NA,NA,NA,NA,50487,NA,NA,NA,49409,49409,49944,NA,40104,93444,NA,NA,NA,NA,NA,NA,NA,NA,NA,NA,NA,8943,NA,NA,NA,Orientation_PSA2018,32,20747,35,no,yes,1024
N,8016,V,H,PP_LIST4.csv,broomV.jpg,broomH.jpg,100,100,712,712,#ffffff,yes,legacy,legacy,legacy,0,uniform,1,1,undefined,1,undefined,6,j,0,0,0,0,0,0,0,0,24,0,24,10,0,0,24,24,0,0,24,24,24,24,0,10,1,10,1,1,0,0,0,0,0,0,0,0,0,0,0,0,0,0,0,0,10,10,10,10,10,24,0,0,0,0,0,0,0,0,0,0,0,0,0,0,0,12/02/19 22:07:25,no,Matching Tasks,yes,no,,no,OrientationCrossLanguages_2018PSA_PP_1.2.4.osexp,D:/PSA,no,mono,no,18,no,#0000ff,no,Español,yes,no,768,no,no,legacy,24,24,2,5,D:/PSA/raw_data/ECU_001_PP_009.csv,legacy,no,Kafkaesque Koffka,3.2.8,yes,5a7ce671e83246000deafe81,no,no,0,0,J,space,NA,J,NA,NA,NA,NA,NA,NA,NA,NA,NA,NA,NA,V,NA,NA,NA,F,NA,NA,NA,NA,NA,NA,NA,NA,NA,NA,NA,space,NA,NA,NA,712,2198,NA,712,NA,NA,NA,NA,NA,NA,NA,NA,NA,NA,NA,1168,NA,NA,NA,533,NA,NA,NA,NA,NA,NA,NA,NA,NA,NA,NA,22595,NA,NA,NA,2,legacy,no,no,1024,2,48000,-16,yes,EXP,42,even,no,no,NA,8941,4324,4325,7360,8928,8928,93534,NA,51671,95845,48909,31550,50484,96346,95844,8941,51671,96346,97060,NA,84586,31550,50445,40633,48907,40633,40632,31550,NA,NA,NA,NA,NA,NA,NA,NA,NA,NA,NA,50487,NA,NA,NA,49409,49409,49944,NA,40104,97560,NA,NA,NA,NA,NA,NA,NA,NA,NA,NA,NA,8943,NA,NA,NA,Orientation_PSA2018,1,712,1,no,yes,1024
N,8016,H,V,PP_LIST4.csv,scssorH.jpg,scssorV.jpg,100,100,612.5,612.5,#ffffff,yes,legacy,legacy,legacy,0,uniform,1,1,undefined,1,undefined,6,j,0,0,0,0,0,0,0,0,25,0,25,10,0,0,25,25,0,0,25,25,25,25,0,10,1,10,1,1,0,0,0,0,0,0,0,0,0,0,0,0,0,0,0,0,10,10,10,10,10,25,0,0,0,0,0,0,0,0,0,0,0,0,0,0,0,12/02/19 22:07:25,no,Matching Tasks,yes,no,,no,OrientationCrossLanguages_2018PSA_PP_1.2.4.osexp,D:/PSA,no,mono,no,18,no,#0000ff,no,Español,yes,no,768,no,no,legacy,25,25,2,5,D:/PSA/raw_data/ECU_001_PP_009.csv,legacy,no,Kafkaesque Koffka,3.2.8,yes,5a7ce671e83246000deafe81,no,no,0,0,J,space,NA,J,NA,NA,NA,NA,NA,NA,NA,NA,NA,NA,NA,V,NA,NA,NA,F,NA,NA,NA,NA,NA,NA,NA,NA,NA,NA,NA,space,NA,NA,NA,513,2198,NA,513,NA,NA,NA,NA,NA,NA,NA,NA,NA,NA,NA,1168,NA,NA,NA,533,NA,NA,NA,NA,NA,NA,NA,NA,NA,NA,NA,22595,NA,NA,NA,2,legacy,no,no,1024,2,48000,-16,yes,EXP,42,even,no,no,NA,8941,4324,4325,7360,8928,8928,93534,NA,51671,97712,48909,31550,50484,98213,97710,8941,51671,98213,98728,NA,84586,31550,50445,40633,48907,40633,40632,31550,NA,NA,NA,NA,NA,NA,NA,NA,NA,NA,NA,50487,NA,NA,NA,49409,49409,49944,NA,40104,99228,NA,NA,NA,NA,NA,NA,NA,NA,NA,NA,NA,8943,NA,NA,NA,Orientation_PSA2018,2,1225,2,no,yes,1024
F,8016,F,F,PP_LIST4.csv,sutcse.jpg,pumpkin.jpg,100,100,578.333333333,578.333333333,#ffffff,yes,legacy,legacy,legacy,0,uniform,1,1,undefined,1,undefined,6,f,0,0,0,0,0,0,0,0,26,0,26,10,0,0,26,26,0,0,26,26,26,26,0,10,1,10,1,1,0,0,0,0,0,0,0,0,0,0,0,0,0,0,0,0,10,10,10,10,10,26,0,0,0,0,0,0,0,0,0,0,0,0,0,0,0,12/02/19 22:07:25,no,Matching Tasks,yes,no,,no,OrientationCrossLanguages_2018PSA_PP_1.2.4.osexp,D:/PSA,no,mono,no,18,no,#0000ff,no,Español,yes,no,768,no,no,legacy,26,26,2,5,D:/PSA/raw_data/ECU_001_PP_009.csv,legacy,no,Kafkaesque Koffka,3.2.8,yes,5a7ce671e83246000deafe81,no,no,0,0,F,space,NA,F,NA,NA,NA,NA,NA,NA,NA,NA,NA,NA,NA,V,NA,NA,NA,F,NA,NA,NA,NA,NA,NA,NA,NA,NA,NA,NA,space,NA,NA,NA,510,2198,NA,510,NA,NA,NA,NA,NA,NA,NA,NA,NA,NA,NA,1168,NA,NA,NA,533,NA,NA,NA,NA,NA,NA,NA,NA,NA,NA,NA,22595,NA,NA,NA,2,legacy,no,no,1024,2,48000,-16,yes,EXP,42,even,no,no,NA,8941,4324,4325,7360,8928,8928,93534,NA,51671,99383,48909,31550,50484,99884,99381,8941,51671,99884,100396,NA,84586,31550,50445,40633,48907,40633,40632,31550,NA,NA,NA,NA,NA,NA,NA,NA,NA,NA,NA,50487,NA,NA,NA,49409,49409,49944,NA,40104,100896,NA,NA,NA,NA,NA,NA,NA,NA,NA,NA,NA,8943,NA,NA,NA,Orientation_PSA2018,3,1735,3,no,yes,1024
F,8016,F,F,PP_LIST4.csv,umberella.jpg,flower.jpg,100,100,563,563,#ffffff,yes,legacy,legacy,legacy,0,uniform,1,1,undefined,1,undefined,6,f,0,0,0,0,0,0,0,0,27,0,27,10,0,0,27,27,0,0,27,27,27,27,0,10,1,10,1,1,0,0,0,0,0,0,0,0,0,0,0,0,0,0,0,0,10,10,10,10,10,27,0,0,0,0,0,0,0,0,0,0,0,0,0,0,0,12/02/19 22:07:25,no,Matching Tasks,yes,no,,no,OrientationCrossLanguages_2018PSA_PP_1.2.4.osexp,D:/PSA,no,mono,no,18,no,#0000ff,no,Español,yes,no,768,no,no,legacy,27,27,2,5,D:/PSA/raw_data/ECU_001_PP_009.csv,legacy,no,Kafkaesque Koffka,3.2.8,yes,5a7ce671e83246000deafe81,no,no,0,0,F,space,NA,F,NA,NA,NA,NA,NA,NA,NA,NA,NA,NA,NA,V,NA,NA,NA,F,NA,NA,NA,NA,NA,NA,NA,NA,NA,NA,NA,space,NA,NA,NA,517,2198,NA,517,NA,NA,NA,NA,NA,NA,NA,NA,NA,NA,NA,1168,NA,NA,NA,533,NA,NA,NA,NA,NA,NA,NA,NA,NA,NA,NA,22595,NA,NA,NA,2,legacy,no,no,1024,2,48000,-16,yes,EXP,42,even,no,no,NA,8941,4324,4325,7360,8928,8928,93534,NA,51671,101057,48909,31550,50484,101558,101056,8941,51671,101558,102077,NA,84586,31550,50445,40633,48907,40633,40632,31550,NA,NA,NA,NA,NA,NA,NA,NA,NA,NA,NA,50487,NA,NA,NA,49409,49409,49944,NA,40104,102577,NA,NA,NA,NA,NA,NA,NA,NA,NA,NA,NA,8943,NA,NA,NA,Orientation_PSA2018,4,2252,4,no,yes,1024
N,8016,H,V,PP_LIST4.csv,saltH.jpg,saltV.jpg,100,100,566.2,566.2,#ffffff,yes,legacy,legacy,legacy,0,uniform,1,1,undefined,1,undefined,6,j,0,0,0,0,0,0,0,0,28,0,28,10,0,0,28,28,0,0,28,28,28,28,0,10,1,10,1,1,0,0,0,0,0,0,0,0,0,0,0,0,0,0,0,0,10,10,10,10,10,28,0,0,0,0,0,0,0,0,0,0,0,0,0,0,0,12/02/19 22:07:25,no,Matching Tasks,yes,no,,no,OrientationCrossLanguages_2018PSA_PP_1.2.4.osexp,D:/PSA,no,mono,no,18,no,#0000ff,no,Español,yes,no,768,no,no,legacy,28,28,2,5,D:/PSA/raw_data/ECU_001_PP_009.csv,legacy,no,Kafkaesque Koffka,3.2.8,yes,5a7ce671e83246000deafe81,no,no,0,0,J,space,NA,J,NA,NA,NA,NA,NA,NA,NA,NA,NA,NA,NA,V,NA,NA,NA,F,NA,NA,NA,NA,NA,NA,NA,NA,NA,NA,NA,space,NA,NA,NA,579,2198,NA,579,NA,NA,NA,NA,NA,NA,NA,NA,NA,NA,NA,1168,NA,NA,NA,533,NA,NA,NA,NA,NA,NA,NA,NA,NA,NA,NA,22595,NA,NA,NA,2,legacy,no,no,1024,2,48000,-16,yes,EXP,42,even,no,no,NA,8941,4324,4325,7360,8928,8928,93534,NA,51671,102726,48909,31550,50484,103227,102724,8941,51671,103227,103808,NA,84586,31550,50445,40633,48907,40633,40632,31550,NA,NA,NA,NA,NA,NA,NA,NA,NA,NA,NA,50487,NA,NA,NA,49409,49409,49944,NA,40104,104308,NA,NA,NA,NA,NA,NA,NA,NA,NA,NA,NA,8943,NA,NA,NA,Orientation_PSA2018,5,2831,5,no,yes,1024
Y,8016,V,V,PP_LIST4.csv,pencilV.jpg,pencilV.jpg,100,100,548.166666667,548.166666667,#ffffff,yes,legacy,legacy,legacy,0,uniform,1,1,undefined,1,undefined,6,j,0,0,0,0,0,0,0,0,29,0,29,10,0,0,29,29,0,0,29,29,29,29,0,10,1,10,1,1,0,0,0,0,0,0,0,0,0,0,0,0,0,0,0,0,10,10,10,10,10,29,0,0,0,0,0,0,0,0,0,0,0,0,0,0,0,12/02/19 22:07:25,no,Matching Tasks,yes,no,,no,OrientationCrossLanguages_2018PSA_PP_1.2.4.osexp,D:/PSA,no,mono,no,18,no,#0000ff,no,Español,yes,no,768,no,no,legacy,29,29,2,5,D:/PSA/raw_data/ECU_001_PP_009.csv,legacy,no,Kafkaesque Koffka,3.2.8,yes,5a7ce671e83246000deafe81,no,no,0,0,J,space,NA,J,NA,NA,NA,NA,NA,NA,NA,NA,NA,NA,NA,V,NA,NA,NA,F,NA,NA,NA,NA,NA,NA,NA,NA,NA,NA,NA,space,NA,NA,NA,458,2198,NA,458,NA,NA,NA,NA,NA,NA,NA,NA,NA,NA,NA,1168,NA,NA,NA,533,NA,NA,NA,NA,NA,NA,NA,NA,NA,NA,NA,22595,NA,NA,NA,2,legacy,no,no,1024,2,48000,-16,yes,EXP,42,even,no,no,NA,8941,4324,4325,7360,8928,8928,93534,NA,51671,104468,48909,31550,50484,104969,104466,8941,51671,104969,105429,NA,84586,31550,50445,40633,48907,40633,40632,31550,NA,NA,NA,NA,NA,NA,NA,NA,NA,NA,NA,50487,NA,NA,NA,49409,49409,49944,NA,40104,105929,NA,NA,NA,NA,NA,NA,NA,NA,NA,NA,NA,8943,NA,NA,NA,Orientation_PSA2018,6,3289,6,no,yes,1024
F,8016,F,F,PP_LIST4.csv,nut.jpg,watch.jpg,100,100,539.571428571,539.571428571,#ffffff,yes,legacy,legacy,legacy,0,uniform,1,1,undefined,1,undefined,6,f,0,0,0,0,0,0,0,0,30,0,30,10,0,0,30,30,0,0,30,30,30,30,0,10,1,10,1,1,0,0,0,0,0,0,0,0,0,0,0,0,0,0,0,0,10,10,10,10,10,30,0,0,0,0,0,0,0,0,0,0,0,0,0,0,0,12/02/19 22:07:25,no,Matching Tasks,yes,no,,no,OrientationCrossLanguages_2018PSA_PP_1.2.4.osexp,D:/PSA,no,mono,no,18,no,#0000ff,no,Español,yes,no,768,no,no,legacy,30,30,2,5,D:/PSA/raw_data/ECU_001_PP_009.csv,legacy,no,Kafkaesque Koffka,3.2.8,yes,5a7ce671e83246000deafe81,no,no,0,0,F,space,NA,F,NA,NA,NA,NA,NA,NA,NA,NA,NA,NA,NA,V,NA,NA,NA,F,NA,NA,NA,NA,NA,NA,NA,NA,NA,NA,NA,space,NA,NA,NA,488,2198,NA,488,NA,NA,NA,NA,NA,NA,NA,NA,NA,NA,NA,1168,NA,NA,NA,533,NA,NA,NA,NA,NA,NA,NA,NA,NA,NA,NA,22595,NA,NA,NA,2,legacy,no,no,1024,2,48000,-16,yes,EXP,42,even,no,no,NA,8941,4324,4325,7360,8928,8928,93534,NA,51671,106090,48909,31550,50484,106591,106088,8941,51671,106591,107081,NA,84586,31550,50445,40633,48907,40633,40632,31550,NA,NA,NA,NA,NA,NA,NA,NA,NA,NA,NA,50487,NA,NA,NA,49409,49409,49944,NA,40104,107581,NA,NA,NA,NA,NA,NA,NA,NA,NA,NA,NA,8943,NA,NA,NA,Orientation_PSA2018,7,3777,7,no,yes,1024
Y,8016,H,H,PP_LIST4.csv,caterpillarH.jpg,caterpillarH.jpg,100,100,560.25,560.25,#ffffff,yes,legacy,legacy,legacy,0,uniform,1,1,undefined,1,undefined,6,j,0,0,0,0,0,0,0,0,31,0,31,10,0,0,31,31,0,0,31,31,31,31,0,10,1,10,1,1,0,0,0,0,0,0,0,0,0,0,0,0,0,0,0,0,10,10,10,10,10,31,0,0,0,0,0,0,0,0,0,0,0,0,0,0,0,12/02/19 22:07:25,no,Matching Tasks,yes,no,,no,OrientationCrossLanguages_2018PSA_PP_1.2.4.osexp,D:/PSA,no,mono,no,18,no,#0000ff,no,Español,yes,no,768,no,no,legacy,31,31,2,5,D:/PSA/raw_data/ECU_001_PP_009.csv,legacy,no,Kafkaesque Koffka,3.2.8,yes,5a7ce671e83246000deafe81,no,no,0,0,J,space,NA,J,NA,NA,NA,NA,NA,NA,NA,NA,NA,NA,NA,V,NA,NA,NA,F,NA,NA,NA,NA,NA,NA,NA,NA,NA,NA,NA,space,NA,NA,NA,705,2198,NA,705,NA,NA,NA,NA,NA,NA,NA,NA,NA,NA,NA,1168,NA,NA,NA,533,NA,NA,NA,NA,NA,NA,NA,NA,NA,NA,NA,22595,NA,NA,NA,2,legacy,no,no,1024,2,48000,-16,yes,EXP,42,even,no,no,NA,8941,4324,4325,7360,8928,8928,93534,NA,51671,107750,48909,31550,50484,108251,107748,8941,51671,108251,108958,NA,84586,31550,50445,40633,48907,40633,40632,31550,NA,NA,NA,NA,NA,NA,NA,NA,NA,NA,NA,50487,NA,NA,NA,49409,49409,49944,NA,40104,109458,NA,NA,NA,NA,NA,NA,NA,NA,NA,NA,NA,8943,NA,NA,NA,Orientation_PSA2018,8,4482,8,no,yes,1024
Y,8016,H,H,PP_LIST4.csv,clothespinH.jpg,clothespinH.jpg,100,100,552.888888889,552.888888889,#ffffff,yes,legacy,legacy,legacy,0,uniform,1,1,undefined,1,undefined,6,j,0,0,0,0,0,0,0,0,32,0,32,10,0,0,32,32,0,0,32,32,32,32,0,10,1,10,1,1,0,0,0,0,0,0,0,0,0,0,0,0,0,0,0,0,10,10,10,10,10,32,0,0,0,0,0,0,0,0,0,0,0,0,0,0,0,12/02/19 22:07:25,no,Matching Tasks,yes,no,,no,OrientationCrossLanguages_2018PSA_PP_1.2.4.osexp,D:/PSA,no,mono,no,18,no,#0000ff,no,Español,yes,no,768,no,no,legacy,32,32,2,5,D:/PSA/raw_data/ECU_001_PP_009.csv,legacy,no,Kafkaesque Koffka,3.2.8,yes,5a7ce671e83246000deafe81,no,no,0,0,J,space,NA,J,NA,NA,NA,NA,NA,NA,NA,NA,NA,NA,NA,V,NA,NA,NA,F,NA,NA,NA,NA,NA,NA,NA,NA,NA,NA,NA,space,NA,NA,NA,494,2198,NA,494,NA,NA,NA,NA,NA,NA,NA,NA,NA,NA,NA,1168,NA,NA,NA,533,NA,NA,NA,NA,NA,NA,NA,NA,NA,NA,NA,22595,NA,NA,NA,2,legacy,no,no,1024,2,48000,-16,yes,EXP,42,even,no,no,NA,8941,4324,4325,7360,8928,8928,93534,NA,51671,109623,48909,31550,50484,110124,109621,8941,51671,110124,110620,NA,84586,31550,50445,40633,48907,40633,40632,31550,NA,NA,NA,NA,NA,NA,NA,NA,NA,NA,NA,50487,NA,NA,NA,49409,49409,49944,NA,40104,111120,NA,NA,NA,NA,NA,NA,NA,NA,NA,NA,NA,8943,NA,NA,NA,Orientation_PSA2018,9,4976,9,no,yes,1024
F,8016,F,F,PP_LIST4.csv,needle.jpg,tiger.jpg,100,100,555.9,555.9,#ffffff,yes,legacy,legacy,legacy,0,uniform,1,1,undefined,1,undefined,6,f,0,0,0,0,0,0,0,0,33,0,33,10,0,0,33,33,0,0,33,33,33,33,0,10,1,10,1,1,0,0,0,0,0,0,0,0,0,0,0,0,0,0,0,0,10,10,10,10,10,33,0,0,0,0,0,0,0,0,0,0,0,0,0,0,0,12/02/19 22:07:25,no,Matching Tasks,yes,no,,no,OrientationCrossLanguages_2018PSA_PP_1.2.4.osexp,D:/PSA,no,mono,no,18,no,#0000ff,no,Español,yes,no,768,no,no,legacy,33,33,2,5,D:/PSA/raw_data/ECU_001_PP_009.csv,legacy,no,Kafkaesque Koffka,3.2.8,yes,5a7ce671e83246000deafe81,no,no,0,0,F,space,NA,F,NA,NA,NA,NA,NA,NA,NA,NA,NA,NA,NA,V,NA,NA,NA,F,NA,NA,NA,NA,NA,NA,NA,NA,NA,NA,NA,space,NA,NA,NA,583,2198,NA,583,NA,NA,NA,NA,NA,NA,NA,NA,NA,NA,NA,1168,NA,NA,NA,533,NA,NA,NA,NA,NA,NA,NA,NA,NA,NA,NA,22595,NA,NA,NA,2,legacy,no,no,1024,2,48000,-16,yes,EXP,42,even,no,no,NA,8941,4324,4325,7360,8928,8928,93534,NA,51671,111274,48909,31550,50484,111775,111272,8941,51671,111775,112360,NA,84586,31550,50445,40633,48907,40633,40632,31550,NA,NA,NA,NA,NA,NA,NA,NA,NA,NA,NA,50487,NA,NA,NA,49409,49409,49944,NA,40104,112860,NA,NA,NA,NA,NA,NA,NA,NA,NA,NA,NA,8943,NA,NA,NA,Orientation_PSA2018,10,5559,10,no,yes,1024
F,8016,F,F,PP_LIST4.csv,mitten.jpg,needle.jpg,90.9090909091,90.9090909091,548.636363636,548.636363636,#ffffff,yes,legacy,legacy,legacy,0,uniform,0,0,undefined,1,undefined,6,f,0,0,0,0,0,0,0,0,34,0,34,10,0,0,34,34,0,0,34,34,34,34,0,10,1,10,1,1,0,0,0,0,0,0,0,0,0,0,0,0,0,0,0,0,10,10,10,10,10,34,0,0,0,0,0,0,0,0,0,0,0,0,0,0,0,12/02/19 22:07:25,no,Matching Tasks,yes,no,,no,OrientationCrossLanguages_2018PSA_PP_1.2.4.osexp,D:/PSA,no,mono,no,18,no,#0000ff,no,Español,yes,no,768,no,no,legacy,34,34,2,5,D:/PSA/raw_data/ECU_001_PP_009.csv,legacy,no,Kafkaesque Koffka,3.2.8,yes,5a7ce671e83246000deafe81,no,no,0,0,J,space,NA,J,NA,NA,NA,NA,NA,NA,NA,NA,NA,NA,NA,V,NA,NA,NA,F,NA,NA,NA,NA,NA,NA,NA,NA,NA,NA,NA,space,NA,NA,NA,476,2198,NA,476,NA,NA,NA,NA,NA,NA,NA,NA,NA,NA,NA,1168,NA,NA,NA,533,NA,NA,NA,NA,NA,NA,NA,NA,NA,NA,NA,22595,NA,NA,NA,2,legacy,no,no,1024,2,48000,-16,yes,EXP,42,even,no,no,NA,8941,4324,4325,7360,8928,8928,93534,NA,51671,113024,48909,31550,50484,113526,113023,8941,51671,113526,112360,NA,114004,31550,50445,40633,48907,40633,40632,31550,NA,NA,NA,NA,NA,NA,NA,NA,NA,NA,NA,50487,NA,NA,NA,49409,49409,49944,NA,40104,114504,NA,NA,NA,NA,NA,NA,NA,NA,NA,NA,NA,8943,NA,NA,NA,Orientation_PSA2018,10,6035,11,no,yes,1024
F,8016,F,F,PP_LIST4.csv,spider.jpg,couch.jpg,91.6666666667,91.6666666667,571.166666667,571.166666667,#ffffff,yes,legacy,legacy,legacy,0,uniform,1,1,undefined,1,undefined,6,f,0,0,0,0,0,0,0,0,35,0,35,10,0,0,35,35,0,0,35,35,35,35,0,10,1,10,1,1,0,0,0,0,0,0,0,0,0,0,0,0,0,0,0,0,10,10,10,10,10,35,0,0,0,0,0,0,0,0,0,0,0,0,0,0,0,12/02/19 22:07:25,no,Matching Tasks,yes,no,,no,OrientationCrossLanguages_2018PSA_PP_1.2.4.osexp,D:/PSA,no,mono,no,18,no,#0000ff,no,Español,yes,no,768,no,no,legacy,35,35,2,5,D:/PSA/raw_data/ECU_001_PP_009.csv,legacy,no,Kafkaesque Koffka,3.2.8,yes,5a7ce671e83246000deafe81,no,no,0,0,F,space,NA,F,NA,NA,NA,NA,NA,NA,NA,NA,NA,NA,NA,V,NA,NA,NA,F,NA,NA,NA,NA,NA,NA,NA,NA,NA,NA,NA,space,NA,NA,NA,819,2198,NA,819,NA,NA,NA,NA,NA,NA,NA,NA,NA,NA,NA,1168,NA,NA,NA,533,NA,NA,NA,NA,NA,NA,NA,NA,NA,NA,NA,22595,NA,NA,NA,2,legacy,no,no,1024,2,48000,-16,yes,EXP,42,even,no,no,NA,8941,4324,4325,7360,8928,8928,93534,NA,51671,114660,48909,31550,50484,115161,114658,8941,51671,115161,115982,NA,114004,31550,50445,40633,48907,40633,40632,31550,NA,NA,NA,NA,NA,NA,NA,NA,NA,NA,NA,50487,NA,NA,NA,49409,49409,49944,NA,40104,116482,NA,NA,NA,NA,NA,NA,NA,NA,NA,NA,NA,8943,NA,NA,NA,Orientation_PSA2018,11,6854,12,no,yes,1024
F,8016,F,F,PP_LIST4.csv,pumpkin.jpg,trmpet.jpg,92.3076923077,92.3076923077,563.461538462,563.461538462,#ffffff,yes,legacy,legacy,legacy,0,uniform,1,1,undefined,1,undefined,6,f,0,0,0,0,0,0,0,0,36,0,36,10,0,0,36,36,0,0,36,36,36,36,0,10,1,10,1,1,0,0,0,0,0,0,0,0,0,0,0,0,0,0,0,0,10,10,10,10,10,36,0,0,0,0,0,0,0,0,0,0,0,0,0,0,0,12/02/19 22:07:25,no,Matching Tasks,yes,no,,no,OrientationCrossLanguages_2018PSA_PP_1.2.4.osexp,D:/PSA,no,mono,no,18,no,#0000ff,no,Español,yes,no,768,no,no,legacy,36,36,2,5,D:/PSA/raw_data/ECU_001_PP_009.csv,legacy,no,Kafkaesque Koffka,3.2.8,yes,5a7ce671e83246000deafe81,no,no,0,0,F,space,NA,F,NA,NA,NA,NA,NA,NA,NA,NA,NA,NA,NA,V,NA,NA,NA,F,NA,NA,NA,NA,NA,NA,NA,NA,NA,NA,NA,space,NA,NA,NA,471,2198,NA,471,NA,NA,NA,NA,NA,NA,NA,NA,NA,NA,NA,1168,NA,NA,NA,533,NA,NA,NA,NA,NA,NA,NA,NA,NA,NA,NA,22595,NA,NA,NA,2,legacy,no,no,1024,2,48000,-16,yes,EXP,42,even,no,no,NA,8941,4324,4325,7360,8928,8928,93534,NA,51671,116641,48909,31550,50484,117142,116639,8941,51671,117142,117615,NA,114004,31550,50445,40633,48907,40633,40632,31550,NA,NA,NA,NA,NA,NA,NA,NA,NA,NA,NA,50487,NA,NA,NA,49409,49409,49944,NA,40104,118115,NA,NA,NA,NA,NA,NA,NA,NA,NA,NA,NA,8943,NA,NA,NA,Orientation_PSA2018,12,7325,13,no,yes,1024
F,8016,F,F,PP_LIST4.csv,trmpet.jpg,tapedispenser.jpg,92.8571428571,92.8571428571,559.071428571,559.071428571,#ffffff,yes,legacy,legacy,legacy,0,uniform,1,1,undefined,1,undefined,6,f,0,0,0,0,0,0,0,0,37,0,37,10,0,0,37,37,0,0,37,37,37,37,0,10,1,10,1,1,0,0,0,0,0,0,0,0,0,0,0,0,0,0,0,0,10,10,10,10,10,37,0,0,0,0,0,0,0,0,0,0,0,0,0,0,0,12/02/19 22:07:25,no,Matching Tasks,yes,no,,no,OrientationCrossLanguages_2018PSA_PP_1.2.4.osexp,D:/PSA,no,mono,no,18,no,#0000ff,no,Español,yes,no,768,no,no,legacy,37,37,2,5,D:/PSA/raw_data/ECU_001_PP_009.csv,legacy,no,Kafkaesque Koffka,3.2.8,yes,5a7ce671e83246000deafe81,no,no,0,0,F,space,NA,F,NA,NA,NA,NA,NA,NA,NA,NA,NA,NA,NA,V,NA,NA,NA,F,NA,NA,NA,NA,NA,NA,NA,NA,NA,NA,NA,space,NA,NA,NA,502,2198,NA,502,NA,NA,NA,NA,NA,NA,NA,NA,NA,NA,NA,1168,NA,NA,NA,533,NA,NA,NA,NA,NA,NA,NA,NA,NA,NA,NA,22595,NA,NA,NA,2,legacy,no,no,1024,2,48000,-16,yes,EXP,42,even,no,no,NA,8941,4324,4325,7360,8928,8928,93534,NA,51671,118268,48909,31550,50484,118770,118267,8941,51671,118770,119274,NA,114004,31550,50445,40633,48907,40633,40632,31550,NA,NA,NA,NA,NA,NA,NA,NA,NA,NA,NA,50487,NA,NA,NA,49409,49409,49944,NA,40104,119774,NA,NA,NA,NA,NA,NA,NA,NA,NA,NA,NA,8943,NA,NA,NA,Orientation_PSA2018,13,7827,14,no,yes,1024
N,8016,V,H,PP_LIST4.csv,axeV.jpg,axeH.jpg,86.6666666667,86.6666666667,552.933333333,552.933333333,#ffffff,yes,legacy,legacy,legacy,0,uniform,0,0,undefined,1,undefined,6,j,0,0,0,0,0,0,0,0,38,0,38,10,0,0,38,38,0,0,38,38,38,38,0,10,1,10,1,1,0,0,0,0,0,0,0,0,0,0,0,0,0,0,0,0,10,10,10,10,10,38,0,0,0,0,0,0,0,0,0,0,0,0,0,0,0,12/02/19 22:07:25,no,Matching Tasks,yes,no,,no,OrientationCrossLanguages_2018PSA_PP_1.2.4.osexp,D:/PSA,no,mono,no,18,no,#0000ff,no,Español,yes,no,768,no,no,legacy,38,38,2,5,D:/PSA/raw_data/ECU_001_PP_009.csv,legacy,no,Kafkaesque Koffka,3.2.8,yes,5a7ce671e83246000deafe81,no,no,0,0,F,space,NA,F,NA,NA,NA,NA,NA,NA,NA,NA,NA,NA,NA,V,NA,NA,NA,F,NA,NA,NA,NA,NA,NA,NA,NA,NA,NA,NA,space,NA,NA,NA,467,2198,NA,467,NA,NA,NA,NA,NA,NA,NA,NA,NA,NA,NA,1168,NA,NA,NA,533,NA,NA,NA,NA,NA,NA,NA,NA,NA,NA,NA,22595,NA,NA,NA,2,legacy,no,no,1024,2,48000,-16,yes,EXP,42,even,no,no,NA,8941,4324,4325,7360,8928,8928,93534,NA,51671,119936,48909,31550,50484,120437,119935,8941,51671,120437,119274,NA,120906,31550,50445,40633,48907,40633,40632,31550,NA,NA,NA,NA,NA,NA,NA,NA,NA,NA,NA,50487,NA,NA,NA,49409,49409,49944,NA,40104,121406,NA,NA,NA,NA,NA,NA,NA,NA,NA,NA,NA,8943,NA,NA,NA,Orientation_PSA2018,13,8294,15,no,yes,1024
Y,8016,V,V,PP_LIST4.csv,keyV.jpg,keyV.jpg,87.5,87.5,555.75,555.75,#ffffff,yes,legacy,legacy,legacy,0,uniform,1,1,undefined,1,undefined,6,j,0,0,0,0,0,0,0,0,39,0,39,10,0,0,39,39,0,0,39,39,39,39,0,10,1,10,1,1,0,0,0,0,0,0,0,0,0,0,0,0,0,0,0,0,10,10,10,10,10,39,0,0,0,0,0,0,0,0,0,0,0,0,0,0,0,12/02/19 22:07:25,no,Matching Tasks,yes,no,,no,OrientationCrossLanguages_2018PSA_PP_1.2.4.osexp,D:/PSA,no,mono,no,18,no,#0000ff,no,Español,yes,no,768,no,no,legacy,39,39,2,5,D:/PSA/raw_data/ECU_001_PP_009.csv,legacy,no,Kafkaesque Koffka,3.2.8,yes,5a7ce671e83246000deafe81,no,no,0,0,J,space,NA,J,NA,NA,NA,NA,NA,NA,NA,NA,NA,NA,NA,V,NA,NA,NA,F,NA,NA,NA,NA,NA,NA,NA,NA,NA,NA,NA,space,NA,NA,NA,598,2198,NA,598,NA,NA,NA,NA,NA,NA,NA,NA,NA,NA,NA,1168,NA,NA,NA,533,NA,NA,NA,NA,NA,NA,NA,NA,NA,NA,NA,22595,NA,NA,NA,2,legacy,no,no,1024,2,48000,-16,yes,EXP,42,even,no,no,NA,8941,4324,4325,7360,8928,8928,93534,NA,51671,121572,48909,31550,50484,122073,121570,8941,51671,122073,122673,NA,120906,31550,50445,40633,48907,40633,40632,31550,NA,NA,NA,NA,NA,NA,NA,NA,NA,NA,NA,50487,NA,NA,NA,49409,49409,49944,NA,40104,123173,NA,NA,NA,NA,NA,NA,NA,NA,NA,NA,NA,8943,NA,NA,NA,Orientation_PSA2018,14,8892,16,no,yes,1024
F,8016,F,F,PP_LIST4.csv,ring.jpg,stove.jpg,88.2352941176,88.2352941176,556.411764706,556.411764706,#ffffff,yes,legacy,legacy,legacy,0,uniform,1,1,undefined,1,undefined,6,f,0,0,0,0,0,0,0,0,40,0,40,10,0,0,40,40,0,0,40,40,40,40,0,10,1,10,1,1,0,0,0,0,0,0,0,0,0,0,0,0,0,0,0,0,10,10,10,10,10,40,0,0,0,0,0,0,0,0,0,0,0,0,0,0,0,12/02/19 22:07:25,no,Matching Tasks,yes,no,,no,OrientationCrossLanguages_2018PSA_PP_1.2.4.osexp,D:/PSA,no,mono,no,18,no,#0000ff,no,Español,yes,no,768,no,no,legacy,40,40,2,5,D:/PSA/raw_data/ECU_001_PP_009.csv,legacy,no,Kafkaesque Koffka,3.2.8,yes,5a7ce671e83246000deafe81,no,no,0,0,F,space,NA,F,NA,NA,NA,NA,NA,NA,NA,NA,NA,NA,NA,V,NA,NA,NA,F,NA,NA,NA,NA,NA,NA,NA,NA,NA,NA,NA,space,NA,NA,NA,567,2198,NA,567,NA,NA,NA,NA,NA,NA,NA,NA,NA,NA,NA,1168,NA,NA,NA,533,NA,NA,NA,NA,NA,NA,NA,NA,NA,NA,NA,22595,NA,NA,NA,2,legacy,no,no,1024,2,48000,-16,yes,EXP,42,even,no,no,NA,8941,4324,4325,7360,8928,8928,93534,NA,51671,123329,48909,31550,50484,123830,123328,8941,51671,123830,124399,NA,120906,31550,50445,40633,48907,40633,40632,31550,NA,NA,NA,NA,NA,NA,NA,NA,NA,NA,NA,50487,NA,NA,NA,49409,49409,49944,NA,40104,124899,NA,NA,NA,NA,NA,NA,NA,NA,NA,NA,NA,8943,NA,NA,NA,Orientation_PSA2018,15,9459,17,no,yes,1024
F,8016,F,F,PP_LIST4.csv,ftball.jpg,nut.jpg,88.8888888889,88.8888888889,563.833333333,563.833333333,#ffffff,yes,legacy,legacy,legacy,0,uniform,1,1,undefined,1,undefined,6,f,0,0,0,0,0,0,0,0,41,0,41,10,0,0,41,41,0,0,41,41,41,41,0,10,1,10,1,1,0,0,0,0,0,0,0,0,0,0,0,0,0,0,0,0,10,10,10,10,10,41,0,0,0,0,0,0,0,0,0,0,0,0,0,0,0,12/02/19 22:07:25,no,Matching Tasks,yes,no,,no,OrientationCrossLanguages_2018PSA_PP_1.2.4.osexp,D:/PSA,no,mono,no,18,no,#0000ff,no,Español,yes,no,768,no,no,legacy,41,41,2,5,D:/PSA/raw_data/ECU_001_PP_009.csv,legacy,no,Kafkaesque Koffka,3.2.8,yes,5a7ce671e83246000deafe81,no,no,0,0,F,space,NA,F,NA,NA,NA,NA,NA,NA,NA,NA,NA,NA,NA,V,NA,NA,NA,F,NA,NA,NA,NA,NA,NA,NA,NA,NA,NA,NA,space,NA,NA,NA,690,2198,NA,690,NA,NA,NA,NA,NA,NA,NA,NA,NA,NA,NA,1168,NA,NA,NA,533,NA,NA,NA,NA,NA,NA,NA,NA,NA,NA,NA,22595,NA,NA,NA,2,legacy,no,no,1024,2,48000,-16,yes,EXP,42,even,no,no,NA,8941,4324,4325,7360,8928,8928,93534,NA,51671,125056,48909,31550,50484,125557,125055,8941,51671,125557,126250,NA,120906,31550,50445,40633,48907,40633,40632,31550,NA,NA,NA,NA,NA,NA,NA,NA,NA,NA,NA,50487,NA,NA,NA,49409,49409,49944,NA,40104,126750,NA,NA,NA,NA,NA,NA,NA,NA,NA,NA,NA,8943,NA,NA,NA,Orientation_PSA2018,16,10149,18,no,yes,1024
N,8016,H,V,PP_LIST4.csv,tireH.jpg,tireV.jpg,89.4736842105,89.4736842105,560.157894737,560.157894737,#ffffff,yes,legacy,legacy,legacy,0,uniform,1,1,undefined,1,undefined,6,j,0,0,0,0,0,0,0,0,42,0,42,10,0,0,42,42,0,0,42,42,42,42,0,10,1,10,1,1,0,0,0,0,0,0,0,0,0,0,0,0,0,0,0,0,10,10,10,10,10,42,0,0,0,0,0,0,0,0,0,0,0,0,0,0,0,12/02/19 22:07:25,no,Matching Tasks,yes,no,,no,OrientationCrossLanguages_2018PSA_PP_1.2.4.osexp,D:/PSA,no,mono,no,18,no,#0000ff,no,Español,yes,no,768,no,no,legacy,42,42,2,5,D:/PSA/raw_data/ECU_001_PP_009.csv,legacy,no,Kafkaesque Koffka,3.2.8,yes,5a7ce671e83246000deafe81,no,no,0,0,J,space,NA,J,NA,NA,NA,NA,NA,NA,NA,NA,NA,NA,NA,V,NA,NA,NA,F,NA,NA,NA,NA,NA,NA,NA,NA,NA,NA,NA,space,NA,NA,NA,494,2198,NA,494,NA,NA,NA,NA,NA,NA,NA,NA,NA,NA,NA,1168,NA,NA,NA,533,NA,NA,NA,NA,NA,NA,NA,NA,NA,NA,NA,22595,NA,NA,NA,2,legacy,no,no,1024,2,48000,-16,yes,EXP,42,even,no,no,NA,8941,4324,4325,7360,8928,8928,93534,NA,51671,126910,48909,31550,50484,127410,126908,8941,51671,127410,127906,NA,120906,31550,50445,40633,48907,40633,40632,31550,NA,NA,NA,NA,NA,NA,NA,NA,NA,NA,NA,50487,NA,NA,NA,49409,49409,49944,NA,40104,128406,NA,NA,NA,NA,NA,NA,NA,NA,NA,NA,NA,8943,NA,NA,NA,Orientation_PSA2018,17,10643,19,no,yes,1024
N,8016,V,H,PP_LIST4.csv,bottleV.jpg,bottleH.jpg,90,90,567.8,567.8,#ffffff,yes,legacy,legacy,legacy,0,uniform,1,1,undefined,1,undefined,6,j,0,0,0,0,0,0,0,0,43,0,43,10,0,0,43,43,0,0,43,43,43,43,0,10,1,10,1,1,0,0,0,0,0,0,0,0,0,0,0,0,0,0,0,0,10,10,10,10,10,43,0,0,0,0,0,0,0,0,0,0,0,0,0,0,0,12/02/19 22:07:25,no,Matching Tasks,yes,no,,no,OrientationCrossLanguages_2018PSA_PP_1.2.4.osexp,D:/PSA,no,mono,no,18,no,#0000ff,no,Español,yes,no,768,no,no,legacy,43,43,2,5,D:/PSA/raw_data/ECU_001_PP_009.csv,legacy,no,Kafkaesque Koffka,3.2.8,yes,5a7ce671e83246000deafe81,no,no,0,0,J,space,NA,J,NA,NA,NA,NA,NA,NA,NA,NA,NA,NA,NA,V,NA,NA,NA,F,NA,NA,NA,NA,NA,NA,NA,NA,NA,NA,NA,space,NA,NA,NA,713,2198,NA,713,NA,NA,NA,NA,NA,NA,NA,NA,NA,NA,NA,1168,NA,NA,NA,533,NA,NA,NA,NA,NA,NA,NA,NA,NA,NA,NA,22595,NA,NA,NA,2,legacy,no,no,1024,2,48000,-16,yes,EXP,42,even,no,no,NA,8941,4324,4325,7360,8928,8928,93534,NA,51671,128565,48909,31550,50484,129066,128563,8941,51671,129066,129781,NA,120906,31550,50445,40633,48907,40633,40632,31550,NA,NA,NA,NA,NA,NA,NA,NA,NA,NA,NA,50487,NA,NA,NA,49409,49409,49944,NA,40104,130281,NA,NA,NA,NA,NA,NA,NA,NA,NA,NA,NA,8943,NA,NA,NA,Orientation_PSA2018,18,11356,20,no,yes,1024
F,8016,F,F,PP_LIST4.csv,watch.jpg,skirt.jpg,90.4761904762,90.4761904762,578.80952381,578.80952381,#ffffff,yes,legacy,legacy,legacy,0,uniform,1,1,undefined,1,undefined,6,f,0,0,0,0,0,0,0,0,44,0,44,10,0,0,44,44,0,0,44,44,44,44,0,10,1,10,1,1,0,0,0,0,0,0,0,0,0,0,0,0,0,0,0,0,10,10,10,10,10,44,0,0,0,0,0,0,0,0,0,0,0,0,0,0,0,12/02/19 22:07:25,no,Matching Tasks,yes,no,,no,OrientationCrossLanguages_2018PSA_PP_1.2.4.osexp,D:/PSA,no,mono,no,18,no,#0000ff,no,Español,yes,no,768,no,no,legacy,44,44,2,5,D:/PSA/raw_data/ECU_001_PP_009.csv,legacy,no,Kafkaesque Koffka,3.2.8,yes,5a7ce671e83246000deafe81,no,no,0,0,F,space,NA,F,NA,NA,NA,NA,NA,NA,NA,NA,NA,NA,NA,V,NA,NA,NA,F,NA,NA,NA,NA,NA,NA,NA,NA,NA,NA,NA,space,NA,NA,NA,799,2198,NA,799,NA,NA,NA,NA,NA,NA,NA,NA,NA,NA,NA,1168,NA,NA,NA,533,NA,NA,NA,NA,NA,NA,NA,NA,NA,NA,NA,22595,NA,NA,NA,2,legacy,no,no,1024,2,48000,-16,yes,EXP,42,even,no,no,NA,8941,4324,4325,7360,8928,8928,93534,NA,51671,130448,48909,31550,50484,130949,130447,8941,51671,130949,131750,NA,120906,31550,50445,40633,48907,40633,40632,31550,NA,NA,NA,NA,NA,NA,NA,NA,NA,NA,NA,50487,NA,NA,NA,49409,49409,49944,NA,40104,132250,NA,NA,NA,NA,NA,NA,NA,NA,NA,NA,NA,8943,NA,NA,NA,Orientation_PSA2018,19,12155,21,no,yes,1024
N,8016,H,V,PP_LIST4.csv,plateH.jpg,plateV.jpg,90.9090909091,90.9090909091,580.909090909,580.909090909,#ffffff,yes,legacy,legacy,legacy,0,uniform,1,1,undefined,1,undefined,6,j,0,0,0,0,0,0,0,0,45,0,45,10,0,0,45,45,0,0,45,45,45,45,0,10,1,10,1,1,0,0,0,0,0,0,0,0,0,0,0,0,0,0,0,0,10,10,10,10,10,45,0,0,0,0,0,0,0,0,0,0,0,0,0,0,0,12/02/19 22:07:25,no,Matching Tasks,yes,no,,no,OrientationCrossLanguages_2018PSA_PP_1.2.4.osexp,D:/PSA,no,mono,no,18,no,#0000ff,no,Español,yes,no,768,no,no,legacy,45,45,2,5,D:/PSA/raw_data/ECU_001_PP_009.csv,legacy,no,Kafkaesque Koffka,3.2.8,yes,5a7ce671e83246000deafe81,no,no,0,0,J,space,NA,J,NA,NA,NA,NA,NA,NA,NA,NA,NA,NA,NA,V,NA,NA,NA,F,NA,NA,NA,NA,NA,NA,NA,NA,NA,NA,NA,space,NA,NA,NA,625,2198,NA,625,NA,NA,NA,NA,NA,NA,NA,NA,NA,NA,NA,1168,NA,NA,NA,533,NA,NA,NA,NA,NA,NA,NA,NA,NA,NA,NA,22595,NA,NA,NA,2,legacy,no,no,1024,2,48000,-16,yes,EXP,42,even,no,no,NA,8941,4324,4325,7360,8928,8928,93534,NA,51671,132419,48909,31550,50484,132920,132417,8941,51671,132920,133547,NA,120906,31550,50445,40633,48907,40633,40632,31550,NA,NA,NA,NA,NA,NA,NA,NA,NA,NA,NA,50487,NA,NA,NA,49409,49409,49944,NA,40104,134047,NA,NA,NA,NA,NA,NA,NA,NA,NA,NA,NA,8943,NA,NA,NA,Orientation_PSA2018,20,12780,22,no,yes,1024
N,8016,V,H,PP_LIST4.csv,bowlV.jpg,bowlH.jpg,91.3043478261,91.3043478261,597.173913043,597.173913043,#ffffff,yes,legacy,legacy,legacy,0,uniform,1,1,undefined,1,undefined,6,j,0,0,0,0,0,0,0,0,46,0,46,10,0,0,46,46,0,0,46,46,46,46,0,10,1,10,1,1,0,0,0,0,0,0,0,0,0,0,0,0,0,0,0,0,10,10,10,10,10,46,0,0,0,0,0,0,0,0,0,0,0,0,0,0,0,12/02/19 22:07:25,no,Matching Tasks,yes,no,,no,OrientationCrossLanguages_2018PSA_PP_1.2.4.osexp,D:/PSA,no,mono,no,18,no,#0000ff,no,Español,yes,no,768,no,no,legacy,46,46,2,5,D:/PSA/raw_data/ECU_001_PP_009.csv,legacy,no,Kafkaesque Koffka,3.2.8,yes,5a7ce671e83246000deafe81,no,no,0,0,J,space,NA,J,NA,NA,NA,NA,NA,NA,NA,NA,NA,NA,NA,V,NA,NA,NA,F,NA,NA,NA,NA,NA,NA,NA,NA,NA,NA,NA,space,NA,NA,NA,955,2198,NA,955,NA,NA,NA,NA,NA,NA,NA,NA,NA,NA,NA,1168,NA,NA,NA,533,NA,NA,NA,NA,NA,NA,NA,NA,NA,NA,NA,22595,NA,NA,NA,2,legacy,no,no,1024,2,48000,-16,yes,EXP,42,even,no,no,NA,8941,4324,4325,7360,8928,8928,93534,NA,51671,134207,48909,31550,50484,134708,134206,8941,51671,134708,135665,NA,120906,31550,50445,40633,48907,40633,40632,31550,NA,NA,NA,NA,NA,NA,NA,NA,NA,NA,NA,50487,NA,NA,NA,49409,49409,49944,NA,40104,136165,NA,NA,NA,NA,NA,NA,NA,NA,NA,NA,NA,8943,NA,NA,NA,Orientation_PSA2018,21,13735,23,no,yes,1024
Y,8016,V,V,PP_LIST4.csv,ironV.jpg,ironV.jpg,91.6666666667,91.6666666667,607.375,607.375,#ffffff,yes,legacy,legacy,legacy,0,uniform,1,1,undefined,1,undefined,6,j,0,0,0,0,0,0,0,0,47,0,47,10,0,0,47,47,0,0,47,47,47,47,0,10,1,10,1,1,0,0,0,0,0,0,0,0,0,0,0,0,0,0,0,0,10,10,10,10,10,47,0,0,0,0,0,0,0,0,0,0,0,0,0,0,0,12/02/19 22:07:25,no,Matching Tasks,yes,no,,no,OrientationCrossLanguages_2018PSA_PP_1.2.4.osexp,D:/PSA,no,mono,no,18,no,#0000ff,no,Español,yes,no,768,no,no,legacy,47,47,2,5,D:/PSA/raw_data/ECU_001_PP_009.csv,legacy,no,Kafkaesque Koffka,3.2.8,yes,5a7ce671e83246000deafe81,no,no,0,0,J,space,NA,J,NA,NA,NA,NA,NA,NA,NA,NA,NA,NA,NA,V,NA,NA,NA,F,NA,NA,NA,NA,NA,NA,NA,NA,NA,NA,NA,space,NA,NA,NA,842,2198,NA,842,NA,NA,NA,NA,NA,NA,NA,NA,NA,NA,NA,1168,NA,NA,NA,533,NA,NA,NA,NA,NA,NA,NA,NA,NA,NA,NA,22595,NA,NA,NA,2,legacy,no,no,1024,2,48000,-16,yes,EXP,42,even,no,no,NA,8941,4324,4325,7360,8928,8928,93534,NA,51671,136326,48909,31550,50484,136827,136324,8941,51671,136827,137671,NA,120906,31550,50445,40633,48907,40633,40632,31550,NA,NA,NA,NA,NA,NA,NA,NA,NA,NA,NA,50487,NA,NA,NA,49409,49409,49944,NA,40104,138172,NA,NA,NA,NA,NA,NA,NA,NA,NA,NA,NA,8943,NA,NA,NA,Orientation_PSA2018,22,14577,24,no,yes,1024
