"Identical","LAB_SEED","Orientation1","Orientation2","PPList","Picture1","Picture2","acc","accuracy","average_response_time","avg_rt","background","bidi","canvas_backend","clock_backend","color_backend","compensation","coordinates","correct","correct_Pictures_response","correct_Start_HEB","correct_Target_response_Prac","correct_Welcome_PP_HEB","correct_count","correct_response","count_Check_This","count_Disable_Mouse","count_EXP","count_LAB_SEED","count_Language_Selection","count_List_Select","count_List_Selection","count_Pictures_Break","count_Pictures_End","count_Pictures_Exp","count_Pictures_Fixation","count_Pictures_Fixation_Prac","count_Pictures_Prac","count_Pictures_Start","count_Pictures_Target","count_Pictures_Trial","count_Pictures_Welcome","count_Pictures_loop","count_Pictures_response","count_Pictures_response_correct","count_Pictures_response_noans","count_Pictures_response_wrong","count_Prac","count_Prac_Count","count_Prac_Reset","count_Prac_Trial","count_Prac_loop","count_Prac_seq","count_Prac_setup","count_Start_DE","count_Start_E","count_Start_ELL","count_Start_HEB","count_Start_HIN","count_Start_HUN","count_Start_NOR","count_Start_PL","count_Start_POR","count_Start_SC","count_Start_SLK","count_Start_SPA","count_Start_TC","count_Start_THAI","count_Start_TUR","count_Target_Prac","count_Target_response_Prac","count_Target_response_correct_Prac","count_Target_response_noans_Prac","count_Target_response_wrong_Prac","count_Trial_logger","count_Welcome_PP_DE","count_Welcome_PP_E","count_Welcome_PP_ELL","count_Welcome_PP_HEB","count_Welcome_PP_HIN","count_Welcome_PP_HUN","count_Welcome_PP_NOR","count_Welcome_PP_PL","count_Welcome_PP_POR","count_Welcome_PP_SC","count_Welcome_PP_SLK","count_Welcome_PP_SPA","count_Welcome_PP_TC","count_Welcome_PP_THAI","count_Welcome_PP_TUR","datetime","de","description","disable_garbage_collection","ell","empty_column","en","experiment_file","experiment_path","font_bold","font_family","font_italic","font_size","font_underline","foreground","form_clicks","form_response","fullscreen","heb","height","hin","hun","keyboard_backend","live_row","live_row_Pictures_loop","live_row_Prac","live_row_Prac_loop","logfile","mouse_backend","nor","opensesame_codename","opensesame_version","osf_always_upload_experiment","osf_id","pol","por","repeat_cycle","reset_loop","response","response_Pictures_Break","response_Pictures_End","response_Pictures_response","response_Start_DE","response_Start_E","response_Start_ELL","response_Start_HEB","response_Start_HIN","response_Start_HUN","response_Start_NOR","response_Start_PL","response_Start_POR","response_Start_SC","response_Start_SLK","response_Start_SPA","response_Start_TC","response_Start_THAI","response_Start_TUR","response_Target_response_Prac","response_Welcome_PP_DE","response_Welcome_PP_E","response_Welcome_PP_ELL","response_Welcome_PP_HEB","response_Welcome_PP_HIN","response_Welcome_PP_HUN","response_Welcome_PP_NOR","response_Welcome_PP_PL","response_Welcome_PP_POR","response_Welcome_PP_SC","response_Welcome_PP_SLK","response_Welcome_PP_SPA","response_Welcome_PP_TC","response_Welcome_PP_THAI","response_Welcome_PP_TUR","response_time","response_time_Pictures_Break","response_time_Pictures_End","response_time_Pictures_response","response_time_Start_DE","response_time_Start_E","response_time_Start_ELL","response_time_Start_HEB","response_time_Start_HIN","response_time_Start_HUN","response_time_Start_NOR","response_time_Start_PL","response_time_Start_POR","response_time_Start_SC","response_time_Start_SLK","response_time_Start_SPA","response_time_Start_TC","response_time_Start_THAI","response_time_Start_TUR","response_time_Target_response_Prac","response_time_Welcome_PP_DE","response_time_Welcome_PP_E","response_time_Welcome_PP_ELL","response_time_Welcome_PP_HEB","response_time_Welcome_PP_HIN","response_time_Welcome_PP_HUN","response_time_Welcome_PP_NOR","response_time_Welcome_PP_PL","response_time_Welcome_PP_POR","response_time_Welcome_PP_SC","response_time_Welcome_PP_SLK","response_time_Welcome_PP_SPA","response_time_Welcome_PP_TC","response_time_Welcome_PP_THAI","response_time_Welcome_PP_TUR","round_decimals","sampler_backend","sc","slk","sound_buf_size","sound_channels","sound_freq","sound_sample_size","spa","start","subject_nr","subject_parity","tc","thai","time_Check_This","time_Disable_Mouse","time_EXP","time_LAB_SEED","time_Language_Selection","time_List_Select","time_List_Selection","time_Pictures_Break","time_Pictures_End","time_Pictures_Exp","time_Pictures_Fixation","time_Pictures_Fixation_Prac","time_Pictures_Prac","time_Pictures_Start","time_Pictures_Target","time_Pictures_Trial","time_Pictures_Welcome","time_Pictures_loop","time_Pictures_response","time_Pictures_response_correct","time_Pictures_response_noans","time_Pictures_response_wrong","time_Prac","time_Prac_Count","time_Prac_Reset","time_Prac_Trial","time_Prac_loop","time_Prac_seq","time_Prac_setup","time_Start_DE","time_Start_E","time_Start_ELL","time_Start_HEB","time_Start_HIN","time_Start_HUN","time_Start_NOR","time_Start_PL","time_Start_POR","time_Start_SC","time_Start_SLK","time_Start_SPA","time_Start_TC","time_Start_THAI","time_Start_TUR","time_Target_Prac","time_Target_response_Prac","time_Target_response_correct_Prac","time_Target_response_noans_Prac","time_Target_response_wrong_Prac","time_Trial_logger","time_Welcome_PP_DE","time_Welcome_PP_E","time_Welcome_PP_ELL","time_Welcome_PP_HEB","time_Welcome_PP_HIN","time_Welcome_PP_HUN","time_Welcome_PP_NOR","time_Welcome_PP_PL","time_Welcome_PP_POR","time_Welcome_PP_SC","time_Welcome_PP_SLK","time_Welcome_PP_SPA","time_Welcome_PP_TC","time_Welcome_PP_THAI","time_Welcome_PP_TUR","title","total_correct","total_response_time","total_responses","tur","uniform_coordinates","width"
"Y","5604","H","H","PP_LIST4.csv","clothespinH.jpg","clothespinH.jpg","100","100","762","762","#ffffff","yes","legacy","legacy","legacy","0","uniform","1","1","undefined","1","undefined","6","j","0","0","0","0","0","0","0","NA","0","0","0","5","0","0","0","0","0","0","0","0","0","0","0","5","0","5","0","0","0","0","0","0","0","0","0","0","0","0","0","0","0","0","0","0","5","5","5","5","5","0","0","0","0","0","0","0","0","0","0","0","0","0","0","0","0","12/31/19 11:38:26","no","Matching Tasks","yes","no","","no","OrientationCrossLanguages_2018PSA_PP_1.2.4.osexp","W:\Projects\PSA\PSA_OpenSesame\StorageOfScripts","no","mono","no","18","no","#0000ff","no","עברית‬","yes","yes","768","no","no","legacy","0","0","1","5","W:/Projects/PSA/PSA_OpenSesame/StorageDataFiles/ISR001_pp_111.csv","legacy","no","Kafkaesque Koffka","3.2.8","yes","5a7ce671e83246000deafe81","no","no","0","0","j","NA","NA","j","NA","NA","NA","space","NA","NA","NA","NA","NA","NA","NA","NA","NA","NA","NA","j","NA","NA","NA","space","NA","NA","NA","NA","NA","NA","NA","NA","NA","NA","NA","556","NA","NA","556","NA","NA","NA","3050","NA","NA","NA","NA","NA","NA","NA","NA","NA","NA","NA","680","NA","NA","NA","13710","NA","NA","NA","NA","NA","NA","NA","NA","NA","NA","NA","2","legacy","no","no","1024","2","48000","-16","no","EXP","111","odd","no","no","NA","6440","2718","2719","4950","6432","6432","NA","NA","34393","34487","29628","20161","31332","34988","34486","6441","34393","34988","35546","NA","NA","20161","31310","20174","29626","20174","20174","20161","NA","NA","NA","31334","NA","NA","NA","NA","NA","NA","NA","NA","NA","NA","NA","30129","30129","30810","NA","NA","36046","NA","NA","NA","6442","NA","NA","NA","NA","NA","NA","NA","NA","NA","NA","NA","Orientation_PSA2018","7","5334","7","no","yes","1024"
"F","5604","F","F","PP_LIST4.csv","nut.jpg","watch.jpg","100","100","760.25","760.25","#ffffff","yes","legacy","legacy","legacy","0","uniform","1","1","undefined","1","undefined","6","f","0","0","0","0","0","0","0","NA","1","0","1","5","0","0","1","1","0","0","1","1","1","1","0","5","0","5","0","0","0","0","0","0","0","0","0","0","0","0","0","0","0","0","0","0","5","5","5","5","5","1","0","0","0","0","0","0","0","0","0","0","0","0","0","0","0","12/31/19 11:38:26","no","Matching Tasks","yes","no","","no","OrientationCrossLanguages_2018PSA_PP_1.2.4.osexp","W:\Projects\PSA\PSA_OpenSesame\StorageOfScripts","no","mono","no","18","no","#0000ff","no","עברית‬","yes","yes","768","no","no","legacy","1","1","1","5","W:/Projects/PSA/PSA_OpenSesame/StorageDataFiles/ISR001_pp_111.csv","legacy","no","Kafkaesque Koffka","3.2.8","yes","5a7ce671e83246000deafe81","no","no","0","0","f","NA","NA","f","NA","NA","NA","space","NA","NA","NA","NA","NA","NA","NA","NA","NA","NA","NA","j","NA","NA","NA","space","NA","NA","NA","NA","NA","NA","NA","NA","NA","NA","NA","748","NA","NA","748","NA","NA","NA","3050","NA","NA","NA","NA","NA","NA","NA","NA","NA","NA","NA","680","NA","NA","NA","13710","NA","NA","NA","NA","NA","NA","NA","NA","NA","NA","NA","2","legacy","no","no","1024","2","48000","-16","no","EXP","111","odd","no","no","NA","6440","2718","2719","4950","6432","6432","NA","NA","34393","36136","29628","20161","31332","36637","36134","6441","34393","36637","37387","NA","NA","20161","31310","20174","29626","20174","20174","20161","NA","NA","NA","31334","NA","NA","NA","NA","NA","NA","NA","NA","NA","NA","NA","30129","30129","30810","NA","NA","37887","NA","NA","NA","6442","NA","NA","NA","NA","NA","NA","NA","NA","NA","NA","NA","Orientation_PSA2018","8","6082","8","no","yes","1024"
"N","5604","H","V","PP_LIST4.csv","tireH.jpg","tireV.jpg","100","100","742.555555556","742.555555556","#ffffff","yes","legacy","legacy","legacy","0","uniform","1","1","undefined","1","undefined","6","j","0","0","0","0","0","0","0","NA","2","0","2","5","0","0","2","2","0","0","2","2","2","2","0","5","0","5","0","0","0","0","0","0","0","0","0","0","0","0","0","0","0","0","0","0","5","5","5","5","5","2","0","0","0","0","0","0","0","0","0","0","0","0","0","0","0","12/31/19 11:38:26","no","Matching Tasks","yes","no","","no","OrientationCrossLanguages_2018PSA_PP_1.2.4.osexp","W:\Projects\PSA\PSA_OpenSesame\StorageOfScripts","no","mono","no","18","no","#0000ff","no","עברית‬","yes","yes","768","no","no","legacy","2","2","1","5","W:/Projects/PSA/PSA_OpenSesame/StorageDataFiles/ISR001_pp_111.csv","legacy","no","Kafkaesque Koffka","3.2.8","yes","5a7ce671e83246000deafe81","no","no","0","0","j","NA","NA","j","NA","NA","NA","space","NA","NA","NA","NA","NA","NA","NA","NA","NA","NA","NA","j","NA","NA","NA","space","NA","NA","NA","NA","NA","NA","NA","NA","NA","NA","NA","601","NA","NA","601","NA","NA","NA","3050","NA","NA","NA","NA","NA","NA","NA","NA","NA","NA","NA","680","NA","NA","NA","13710","NA","NA","NA","NA","NA","NA","NA","NA","NA","NA","NA","2","legacy","no","no","1024","2","48000","-16","no","EXP","111","odd","no","no","NA","6440","2718","2719","4950","6432","6432","NA","NA","34393","37978","29628","20161","31332","38479","37977","6441","34393","38479","39082","NA","NA","20161","31310","20174","29626","20174","20174","20161","NA","NA","NA","31334","NA","NA","NA","NA","NA","NA","NA","NA","NA","NA","NA","30129","30129","30810","NA","NA","39582","NA","NA","NA","6442","NA","NA","NA","NA","NA","NA","NA","NA","NA","NA","NA","Orientation_PSA2018","9","6683","9","no","yes","1024"
"F","5604","F","F","PP_LIST4.csv","buggy.jpg","glass.jpg","100","100","731.5","731.5","#ffffff","yes","legacy","legacy","legacy","0","uniform","1","1","undefined","1","undefined","6","f","0","0","0","0","0","0","0","NA","3","0","3","5","0","0","3","3","0","0","3","3","3","3","0","5","0","5","0","0","0","0","0","0","0","0","0","0","0","0","0","0","0","0","0","0","5","5","5","5","5","3","0","0","0","0","0","0","0","0","0","0","0","0","0","0","0","12/31/19 11:38:26","no","Matching Tasks","yes","no","","no","OrientationCrossLanguages_2018PSA_PP_1.2.4.osexp","W:\Projects\PSA\PSA_OpenSesame\StorageOfScripts","no","mono","no","18","no","#0000ff","no","עברית‬","yes","yes","768","no","no","legacy","3","3","1","5","W:/Projects/PSA/PSA_OpenSesame/StorageDataFiles/ISR001_pp_111.csv","legacy","no","Kafkaesque Koffka","3.2.8","yes","5a7ce671e83246000deafe81","no","no","0","0","f","NA","NA","f","NA","NA","NA","space","NA","NA","NA","NA","NA","NA","NA","NA","NA","NA","NA","j","NA","NA","NA","space","NA","NA","NA","NA","NA","NA","NA","NA","NA","NA","NA","632","NA","NA","632","NA","NA","NA","3050","NA","NA","NA","NA","NA","NA","NA","NA","NA","NA","NA","680","NA","NA","NA","13710","NA","NA","NA","NA","NA","NA","NA","NA","NA","NA","NA","2","legacy","no","no","1024","2","48000","-16","no","EXP","111","odd","no","no","NA","6440","2718","2719","4950","6432","6432","NA","NA","34393","39668","29628","20161","31332","40169","39666","6441","34393","40169","40803","NA","NA","20161","31310","20174","29626","20174","20174","20161","NA","NA","NA","31334","NA","NA","NA","NA","NA","NA","NA","NA","NA","NA","NA","30129","30129","30810","NA","NA","41303","NA","NA","NA","6442","NA","NA","NA","NA","NA","NA","NA","NA","NA","NA","NA","Orientation_PSA2018","10","7315","10","no","yes","1024"
"F","5604","F","F","PP_LIST4.csv","piano.jpg","sutcse.jpg","100","100","727.454545455","727.454545455","#ffffff","yes","legacy","legacy","legacy","0","uniform","1","1","undefined","1","undefined","6","f","0","0","0","0","0","0","0","NA","4","0","4","5","0","0","4","4","0","0","4","4","4","4","0","5","0","5","0","0","0","0","0","0","0","0","0","0","0","0","0","0","0","0","0","0","5","5","5","5","5","4","0","0","0","0","0","0","0","0","0","0","0","0","0","0","0","12/31/19 11:38:26","no","Matching Tasks","yes","no","","no","OrientationCrossLanguages_2018PSA_PP_1.2.4.osexp","W:\Projects\PSA\PSA_OpenSesame\StorageOfScripts","no","mono","no","18","no","#0000ff","no","עברית‬","yes","yes","768","no","no","legacy","4","4","1","5","W:/Projects/PSA/PSA_OpenSesame/StorageDataFiles/ISR001_pp_111.csv","legacy","no","Kafkaesque Koffka","3.2.8","yes","5a7ce671e83246000deafe81","no","no","0","0","f","NA","NA","f","NA","NA","NA","space","NA","NA","NA","NA","NA","NA","NA","NA","NA","NA","NA","j","NA","NA","NA","space","NA","NA","NA","NA","NA","NA","NA","NA","NA","NA","NA","687","NA","NA","687","NA","NA","NA","3050","NA","NA","NA","NA","NA","NA","NA","NA","NA","NA","NA","680","NA","NA","NA","13710","NA","NA","NA","NA","NA","NA","NA","NA","NA","NA","NA","2","legacy","no","no","1024","2","48000","-16","no","EXP","111","odd","no","no","NA","6440","2718","2719","4950","6432","6432","NA","NA","34393","41388","29628","20161","31332","41889","41387","6441","34393","41889","42578","NA","NA","20161","31310","20174","29626","20174","20174","20161","NA","NA","NA","31334","NA","NA","NA","NA","NA","NA","NA","NA","NA","NA","NA","30129","30129","30810","NA","NA","43078","NA","NA","NA","6442","NA","NA","NA","NA","NA","NA","NA","NA","NA","NA","NA","Orientation_PSA2018","11","8002","11","no","yes","1024"
"N","5604","V","H","PP_LIST4.csv","axeV.jpg","axeH.jpg","100","100","724.416666667","724.416666667","#ffffff","yes","legacy","legacy","legacy","0","uniform","1","1","undefined","1","undefined","6","j","0","0","0","0","0","0","0","NA","5","0","5","5","0","0","5","5","0","0","5","5","5","5","0","5","0","5","0","0","0","0","0","0","0","0","0","0","0","0","0","0","0","0","0","0","5","5","5","5","5","5","0","0","0","0","0","0","0","0","0","0","0","0","0","0","0","12/31/19 11:38:26","no","Matching Tasks","yes","no","","no","OrientationCrossLanguages_2018PSA_PP_1.2.4.osexp","W:\Projects\PSA\PSA_OpenSesame\StorageOfScripts","no","mono","no","18","no","#0000ff","no","עברית‬","yes","yes","768","no","no","legacy","5","5","1","5","W:/Projects/PSA/PSA_OpenSesame/StorageDataFiles/ISR001_pp_111.csv","legacy","no","Kafkaesque Koffka","3.2.8","yes","5a7ce671e83246000deafe81","no","no","0","0","j","NA","NA","j","NA","NA","NA","space","NA","NA","NA","NA","NA","NA","NA","NA","NA","NA","NA","j","NA","NA","NA","space","NA","NA","NA","NA","NA","NA","NA","NA","NA","NA","NA","691","NA","NA","691","NA","NA","NA","3050","NA","NA","NA","NA","NA","NA","NA","NA","NA","NA","NA","680","NA","NA","NA","13710","NA","NA","NA","NA","NA","NA","NA","NA","NA","NA","NA","2","legacy","no","no","1024","2","48000","-16","no","EXP","111","odd","no","no","NA","6440","2718","2719","4950","6432","6432","NA","NA","34393","43161","29628","20161","31332","43662","43160","6441","34393","43662","44354","NA","NA","20161","31310","20174","29626","20174","20174","20161","NA","NA","NA","31334","NA","NA","NA","NA","NA","NA","NA","NA","NA","NA","NA","30129","30129","30810","NA","NA","44854","NA","NA","NA","6442","NA","NA","NA","NA","NA","NA","NA","NA","NA","NA","NA","Orientation_PSA2018","12","8693","12","no","yes","1024"
"Y","5604","V","V","PP_LIST4.csv","ironV.jpg","ironV.jpg","100","100","721.230769231","721.230769231","#ffffff","yes","legacy","legacy","legacy","0","uniform","1","1","undefined","1","undefined","6","j","0","0","0","0","0","0","0","NA","6","0","6","5","0","0","6","6","0","0","6","6","6","6","0","5","0","5","0","0","0","0","0","0","0","0","0","0","0","0","0","0","0","0","0","0","5","5","5","5","5","6","0","0","0","0","0","0","0","0","0","0","0","0","0","0","0","12/31/19 11:38:26","no","Matching Tasks","yes","no","","no","OrientationCrossLanguages_2018PSA_PP_1.2.4.osexp","W:\Projects\PSA\PSA_OpenSesame\StorageOfScripts","no","mono","no","18","no","#0000ff","no","עברית‬","yes","yes","768","no","no","legacy","6","6","1","5","W:/Projects/PSA/PSA_OpenSesame/StorageDataFiles/ISR001_pp_111.csv","legacy","no","Kafkaesque Koffka","3.2.8","yes","5a7ce671e83246000deafe81","no","no","0","0","j","NA","NA","j","NA","NA","NA","space","NA","NA","NA","NA","NA","NA","NA","NA","NA","NA","NA","j","NA","NA","NA","space","NA","NA","NA","NA","NA","NA","NA","NA","NA","NA","NA","683","NA","NA","683","NA","NA","NA","3050","NA","NA","NA","NA","NA","NA","NA","NA","NA","NA","NA","680","NA","NA","NA","13710","NA","NA","NA","NA","NA","NA","NA","NA","NA","NA","NA","2","legacy","no","no","1024","2","48000","-16","no","EXP","111","odd","no","no","NA","6440","2718","2719","4950","6432","6432","NA","NA","34393","44936","29628","20161","31332","45438","44935","6441","34393","45438","46122","NA","NA","20161","31310","20174","29626","20174","20174","20161","NA","NA","NA","31334","NA","NA","NA","NA","NA","NA","NA","NA","NA","NA","NA","30129","30129","30810","NA","NA","46622","NA","NA","NA","6442","NA","NA","NA","NA","NA","NA","NA","NA","NA","NA","NA","Orientation_PSA2018","13","9376","13","no","yes","1024"
"F","5604","F","F","PP_LIST4.csv","couch.jpg","spider.jpg","100","100","710.857142857","710.857142857","#ffffff","yes","legacy","legacy","legacy","0","uniform","1","1","undefined","1","undefined","6","f","0","0","0","0","0","0","0","NA","7","0","7","5","0","0","7","7","0","0","7","7","7","7","0","5","0","5","0","0","0","0","0","0","0","0","0","0","0","0","0","0","0","0","0","0","5","5","5","5","5","7","0","0","0","0","0","0","0","0","0","0","0","0","0","0","0","12/31/19 11:38:26","no","Matching Tasks","yes","no","","no","OrientationCrossLanguages_2018PSA_PP_1.2.4.osexp","W:\Projects\PSA\PSA_OpenSesame\StorageOfScripts","no","mono","no","18","no","#0000ff","no","עברית‬","yes","yes","768","no","no","legacy","7","7","1","5","W:/Projects/PSA/PSA_OpenSesame/StorageDataFiles/ISR001_pp_111.csv","legacy","no","Kafkaesque Koffka","3.2.8","yes","5a7ce671e83246000deafe81","no","no","0","0","f","NA","NA","f","NA","NA","NA","space","NA","NA","NA","NA","NA","NA","NA","NA","NA","NA","NA","j","NA","NA","NA","space","NA","NA","NA","NA","NA","NA","NA","NA","NA","NA","NA","576","NA","NA","576","NA","NA","NA","3050","NA","NA","NA","NA","NA","NA","NA","NA","NA","NA","NA","680","NA","NA","NA","13710","NA","NA","NA","NA","NA","NA","NA","NA","NA","NA","NA","2","legacy","no","no","1024","2","48000","-16","no","EXP","111","odd","no","no","NA","6440","2718","2719","4950","6432","6432","NA","NA","34393","46707","29628","20161","31332","47208","46705","6441","34393","47208","47786","NA","NA","20161","31310","20174","29626","20174","20174","20161","NA","NA","NA","31334","NA","NA","NA","NA","NA","NA","NA","NA","NA","NA","NA","30129","30129","30810","NA","NA","48286","NA","NA","NA","6442","NA","NA","NA","NA","NA","NA","NA","NA","NA","NA","NA","Orientation_PSA2018","14","9952","14","no","yes","1024"
"F","5604","F","F","PP_LIST4.csv","ftball.jpg","nut.jpg","100","100","721.333333333","721.333333333","#ffffff","yes","legacy","legacy","legacy","0","uniform","1","1","undefined","1","undefined","6","f","0","0","0","0","0","0","0","NA","8","0","8","5","0","0","8","8","0","0","8","8","8","8","0","5","0","5","0","0","0","0","0","0","0","0","0","0","0","0","0","0","0","0","0","0","5","5","5","5","5","8","0","0","0","0","0","0","0","0","0","0","0","0","0","0","0","12/31/19 11:38:26","no","Matching Tasks","yes","no","","no","OrientationCrossLanguages_2018PSA_PP_1.2.4.osexp","W:\Projects\PSA\PSA_OpenSesame\StorageOfScripts","no","mono","no","18","no","#0000ff","no","עברית‬","yes","yes","768","no","no","legacy","8","8","1","5","W:/Projects/PSA/PSA_OpenSesame/StorageDataFiles/ISR001_pp_111.csv","legacy","no","Kafkaesque Koffka","3.2.8","yes","5a7ce671e83246000deafe81","no","no","0","0","f","NA","NA","f","NA","NA","NA","space","NA","NA","NA","NA","NA","NA","NA","NA","NA","NA","NA","j","NA","NA","NA","space","NA","NA","NA","NA","NA","NA","NA","NA","NA","NA","NA","868","NA","NA","868","NA","NA","NA","3050","NA","NA","NA","NA","NA","NA","NA","NA","NA","NA","NA","680","NA","NA","NA","13710","NA","NA","NA","NA","NA","NA","NA","NA","NA","NA","NA","2","legacy","no","no","1024","2","48000","-16","no","EXP","111","odd","no","no","NA","6440","2718","2719","4950","6432","6432","NA","NA","34393","48368","29628","20161","31332","48869","48366","6441","34393","48869","49738","NA","NA","20161","31310","20174","29626","20174","20174","20161","NA","NA","NA","31334","NA","NA","NA","NA","NA","NA","NA","NA","NA","NA","NA","30129","30129","30810","NA","NA","50238","NA","NA","NA","6442","NA","NA","NA","NA","NA","NA","NA","NA","NA","NA","NA","Orientation_PSA2018","15","10820","15","no","yes","1024"
"Y","5604","V","V","PP_LIST4.csv","nailV.jpg","nailV.jpg","100","100","714.4375","714.4375","#ffffff","yes","legacy","legacy","legacy","0","uniform","1","1","undefined","1","undefined","6","j","0","0","0","0","0","0","0","NA","9","0","9","5","0","0","9","9","0","0","9","9","9","9","0","5","0","5","0","0","0","0","0","0","0","0","0","0","0","0","0","0","0","0","0","0","5","5","5","5","5","9","0","0","0","0","0","0","0","0","0","0","0","0","0","0","0","12/31/19 11:38:26","no","Matching Tasks","yes","no","","no","OrientationCrossLanguages_2018PSA_PP_1.2.4.osexp","W:\Projects\PSA\PSA_OpenSesame\StorageOfScripts","no","mono","no","18","no","#0000ff","no","עברית‬","yes","yes","768","no","no","legacy","9","9","1","5","W:/Projects/PSA/PSA_OpenSesame/StorageDataFiles/ISR001_pp_111.csv","legacy","no","Kafkaesque Koffka","3.2.8","yes","5a7ce671e83246000deafe81","no","no","0","0","j","NA","NA","j","NA","NA","NA","space","NA","NA","NA","NA","NA","NA","NA","NA","NA","NA","NA","j","NA","NA","NA","space","NA","NA","NA","NA","NA","NA","NA","NA","NA","NA","NA","611","NA","NA","611","NA","NA","NA","3050","NA","NA","NA","NA","NA","NA","NA","NA","NA","NA","NA","680","NA","NA","NA","13710","NA","NA","NA","NA","NA","NA","NA","NA","NA","NA","NA","2","legacy","no","no","1024","2","48000","-16","no","EXP","111","odd","no","no","NA","6440","2718","2719","4950","6432","6432","NA","NA","34393","50320","29628","20161","31332","50821","50318","6441","34393","50821","51434","NA","NA","20161","31310","20174","29626","20174","20174","20161","NA","NA","NA","31334","NA","NA","NA","NA","NA","NA","NA","NA","NA","NA","NA","30129","30129","30810","NA","NA","51934","NA","NA","NA","6442","NA","NA","NA","NA","NA","NA","NA","NA","NA","NA","NA","Orientation_PSA2018","16","11431","16","no","yes","1024"
"N","5604","H","V","PP_LIST4.csv","saltH.jpg","saltV.jpg","100","100","719.117647059","719.117647059","#ffffff","yes","legacy","legacy","legacy","0","uniform","1","1","undefined","1","undefined","6","j","0","0","0","0","0","0","0","NA","10","0","10","5","0","0","10","10","0","0","10","10","10","10","0","5","0","5","0","0","0","0","0","0","0","0","0","0","0","0","0","0","0","0","0","0","5","5","5","5","5","10","0","0","0","0","0","0","0","0","0","0","0","0","0","0","0","12/31/19 11:38:26","no","Matching Tasks","yes","no","","no","OrientationCrossLanguages_2018PSA_PP_1.2.4.osexp","W:\Projects\PSA\PSA_OpenSesame\StorageOfScripts","no","mono","no","18","no","#0000ff","no","עברית‬","yes","yes","768","no","no","legacy","10","10","1","5","W:/Projects/PSA/PSA_OpenSesame/StorageDataFiles/ISR001_pp_111.csv","legacy","no","Kafkaesque Koffka","3.2.8","yes","5a7ce671e83246000deafe81","no","no","0","0","j","NA","NA","j","NA","NA","NA","space","NA","NA","NA","NA","NA","NA","NA","NA","NA","NA","NA","j","NA","NA","NA","space","NA","NA","NA","NA","NA","NA","NA","NA","NA","NA","NA","794","NA","NA","794","NA","NA","NA","3050","NA","NA","NA","NA","NA","NA","NA","NA","NA","NA","NA","680","NA","NA","NA","13710","NA","NA","NA","NA","NA","NA","NA","NA","NA","NA","NA","2","legacy","no","no","1024","2","48000","-16","no","EXP","111","odd","no","no","NA","6440","2718","2719","4950","6432","6432","NA","NA","34393","52017","29628","20161","31332","52518","52015","6441","34393","52518","53314","NA","NA","20161","31310","20174","29626","20174","20174","20161","NA","NA","NA","31334","NA","NA","NA","NA","NA","NA","NA","NA","NA","NA","NA","30129","30129","30810","NA","NA","53814","NA","NA","NA","6442","NA","NA","NA","NA","NA","NA","NA","NA","NA","NA","NA","Orientation_PSA2018","17","12225","17","no","yes","1024"
"F","5604","F","F","PP_LIST4.csv","knife.jpg","ladder.jpg","100","100","717.555555556","717.555555556","#ffffff","yes","legacy","legacy","legacy","0","uniform","1","1","undefined","1","undefined","6","f","0","0","0","0","0","0","0","NA","11","0","11","5","0","0","11","11","0","0","11","11","11","11","0","5","0","5","0","0","0","0","0","0","0","0","0","0","0","0","0","0","0","0","0","0","5","5","5","5","5","11","0","0","0","0","0","0","0","0","0","0","0","0","0","0","0","12/31/19 11:38:26","no","Matching Tasks","yes","no","","no","OrientationCrossLanguages_2018PSA_PP_1.2.4.osexp","W:\Projects\PSA\PSA_OpenSesame\StorageOfScripts","no","mono","no","18","no","#0000ff","no","עברית‬","yes","yes","768","no","no","legacy","11","11","1","5","W:/Projects/PSA/PSA_OpenSesame/StorageDataFiles/ISR001_pp_111.csv","legacy","no","Kafkaesque Koffka","3.2.8","yes","5a7ce671e83246000deafe81","no","no","0","0","f","NA","NA","f","NA","NA","NA","space","NA","NA","NA","NA","NA","NA","NA","NA","NA","NA","NA","j","NA","NA","NA","space","NA","NA","NA","NA","NA","NA","NA","NA","NA","NA","NA","691","NA","NA","691","NA","NA","NA","3050","NA","NA","NA","NA","NA","NA","NA","NA","NA","NA","NA","680","NA","NA","NA","13710","NA","NA","NA","NA","NA","NA","NA","NA","NA","NA","NA","2","legacy","no","no","1024","2","48000","-16","no","EXP","111","odd","no","no","NA","6440","2718","2719","4950","6432","6432","NA","NA","34393","53896","29628","20161","31332","54397","53895","6441","34393","54397","55090","NA","NA","20161","31310","20174","29626","20174","20174","20161","NA","NA","NA","31334","NA","NA","NA","NA","NA","NA","NA","NA","NA","NA","NA","30129","30129","30810","NA","NA","55590","NA","NA","NA","6442","NA","NA","NA","NA","NA","NA","NA","NA","NA","NA","NA","Orientation_PSA2018","18","12916","18","no","yes","1024"
"F","5604","F","F","PP_LIST4.csv","tapedispenser.jpg","wrench.jpg","100","100","722.421052632","722.421052632","#ffffff","yes","legacy","legacy","legacy","0","uniform","1","1","undefined","1","undefined","6","f","0","0","0","0","0","0","0","NA","12","0","12","5","0","0","12","12","0","0","12","12","12","12","0","5","0","5","0","0","0","0","0","0","0","0","0","0","0","0","0","0","0","0","0","0","5","5","5","5","5","12","0","0","0","0","0","0","0","0","0","0","0","0","0","0","0","12/31/19 11:38:26","no","Matching Tasks","yes","no","","no","OrientationCrossLanguages_2018PSA_PP_1.2.4.osexp","W:\Projects\PSA\PSA_OpenSesame\StorageOfScripts","no","mono","no","18","no","#0000ff","no","עברית‬","yes","yes","768","no","no","legacy","12","12","1","5","W:/Projects/PSA/PSA_OpenSesame/StorageDataFiles/ISR001_pp_111.csv","legacy","no","Kafkaesque Koffka","3.2.8","yes","5a7ce671e83246000deafe81","no","no","0","0","f","NA","NA","f","NA","NA","NA","space","NA","NA","NA","NA","NA","NA","NA","NA","NA","NA","NA","j","NA","NA","NA","space","NA","NA","NA","NA","NA","NA","NA","NA","NA","NA","NA","810","NA","NA","810","NA","NA","NA","3050","NA","NA","NA","NA","NA","NA","NA","NA","NA","NA","NA","680","NA","NA","NA","13710","NA","NA","NA","NA","NA","NA","NA","NA","NA","NA","NA","2","legacy","no","no","1024","2","48000","-16","no","EXP","111","odd","no","no","NA","6440","2718","2719","4950","6432","6432","NA","NA","34393","55673","29628","20161","31332","56174","55672","6441","34393","56174","56986","NA","NA","20161","31310","20174","29626","20174","20174","20161","NA","NA","NA","31334","NA","NA","NA","NA","NA","NA","NA","NA","NA","NA","NA","30129","30129","30810","NA","NA","57486","NA","NA","NA","6442","NA","NA","NA","NA","NA","NA","NA","NA","NA","NA","NA","Orientation_PSA2018","19","13726","19","no","yes","1024"
"Y","5604","H","H","PP_LIST4.csv","crayonH.jpg","crayonH.jpg","100","100","713.95","713.95","#ffffff","yes","legacy","legacy","legacy","0","uniform","1","1","undefined","1","undefined","6","j","0","0","0","0","0","0","0","NA","13","0","13","5","0","0","13","13","0","0","13","13","13","13","0","5","0","5","0","0","0","0","0","0","0","0","0","0","0","0","0","0","0","0","0","0","5","5","5","5","5","13","0","0","0","0","0","0","0","0","0","0","0","0","0","0","0","12/31/19 11:38:26","no","Matching Tasks","yes","no","","no","OrientationCrossLanguages_2018PSA_PP_1.2.4.osexp","W:\Projects\PSA\PSA_OpenSesame\StorageOfScripts","no","mono","no","18","no","#0000ff","no","עברית‬","yes","yes","768","no","no","legacy","13","13","1","5","W:/Projects/PSA/PSA_OpenSesame/StorageDataFiles/ISR001_pp_111.csv","legacy","no","Kafkaesque Koffka","3.2.8","yes","5a7ce671e83246000deafe81","no","no","0","0","j","NA","NA","j","NA","NA","NA","space","NA","NA","NA","NA","NA","NA","NA","NA","NA","NA","NA","j","NA","NA","NA","space","NA","NA","NA","NA","NA","NA","NA","NA","NA","NA","NA","553","NA","NA","553","NA","NA","NA","3050","NA","NA","NA","NA","NA","NA","NA","NA","NA","NA","NA","680","NA","NA","NA","13710","NA","NA","NA","NA","NA","NA","NA","NA","NA","NA","NA","2","legacy","no","no","1024","2","48000","-16","no","EXP","111","odd","no","no","NA","6440","2718","2719","4950","6432","6432","NA","NA","34393","57571","29628","20161","31332","58072","57569","6441","34393","58072","58627","NA","NA","20161","31310","20174","29626","20174","20174","20161","NA","NA","NA","31334","NA","NA","NA","NA","NA","NA","NA","NA","NA","NA","NA","30129","30129","30810","NA","NA","59127","NA","NA","NA","6442","NA","NA","NA","NA","NA","NA","NA","NA","NA","NA","NA","Orientation_PSA2018","20","14279","20","no","yes","1024"
"N","5604","V","H","PP_LIST4.csv","batV.jpg","batH.jpg","100","100","709.952380952","709.952380952","#ffffff","yes","legacy","legacy","legacy","0","uniform","1","1","undefined","1","undefined","6","j","0","0","0","0","0","0","0","NA","14","0","14","5","0","0","14","14","0","0","14","14","14","14","0","5","0","5","0","0","0","0","0","0","0","0","0","0","0","0","0","0","0","0","0","0","5","5","5","5","5","14","0","0","0","0","0","0","0","0","0","0","0","0","0","0","0","12/31/19 11:38:26","no","Matching Tasks","yes","no","","no","OrientationCrossLanguages_2018PSA_PP_1.2.4.osexp","W:\Projects\PSA\PSA_OpenSesame\StorageOfScripts","no","mono","no","18","no","#0000ff","no","עברית‬","yes","yes","768","no","no","legacy","14","14","1","5","W:/Projects/PSA/PSA_OpenSesame/StorageDataFiles/ISR001_pp_111.csv","legacy","no","Kafkaesque Koffka","3.2.8","yes","5a7ce671e83246000deafe81","no","no","0","0","j","NA","NA","j","NA","NA","NA","space","NA","NA","NA","NA","NA","NA","NA","NA","NA","NA","NA","j","NA","NA","NA","space","NA","NA","NA","NA","NA","NA","NA","NA","NA","NA","NA","630","NA","NA","630","NA","NA","NA","3050","NA","NA","NA","NA","NA","NA","NA","NA","NA","NA","NA","680","NA","NA","NA","13710","NA","NA","NA","NA","NA","NA","NA","NA","NA","NA","NA","2","legacy","no","no","1024","2","48000","-16","no","EXP","111","odd","no","no","NA","6440","2718","2719","4950","6432","6432","NA","NA","34393","59214","29628","20161","31332","59715","59213","6441","34393","59715","60347","NA","NA","20161","31310","20174","29626","20174","20174","20161","NA","NA","NA","31334","NA","NA","NA","NA","NA","NA","NA","NA","NA","NA","NA","30129","30129","30810","NA","NA","60847","NA","NA","NA","6442","NA","NA","NA","NA","NA","NA","NA","NA","NA","NA","NA","Orientation_PSA2018","21","14909","21","no","yes","1024"
"F","5604","F","F","PP_LIST4.csv","mitten.jpg","needle.jpg","100","100","704.681818182","704.681818182","#ffffff","yes","legacy","legacy","legacy","0","uniform","1","1","undefined","1","undefined","6","f","0","0","0","0","0","0","0","NA","15","0","15","5","0","0","15","15","0","0","15","15","15","15","0","5","0","5","0","0","0","0","0","0","0","0","0","0","0","0","0","0","0","0","0","0","5","5","5","5","5","15","0","0","0","0","0","0","0","0","0","0","0","0","0","0","0","12/31/19 11:38:26","no","Matching Tasks","yes","no","","no","OrientationCrossLanguages_2018PSA_PP_1.2.4.osexp","W:\Projects\PSA\PSA_OpenSesame\StorageOfScripts","no","mono","no","18","no","#0000ff","no","עברית‬","yes","yes","768","no","no","legacy","15","15","1","5","W:/Projects/PSA/PSA_OpenSesame/StorageDataFiles/ISR001_pp_111.csv","legacy","no","Kafkaesque Koffka","3.2.8","yes","5a7ce671e83246000deafe81","no","no","0","0","f","NA","NA","f","NA","NA","NA","space","NA","NA","NA","NA","NA","NA","NA","NA","NA","NA","NA","j","NA","NA","NA","space","NA","NA","NA","NA","NA","NA","NA","NA","NA","NA","NA","594","NA","NA","594","NA","NA","NA","3050","NA","NA","NA","NA","NA","NA","NA","NA","NA","NA","NA","680","NA","NA","NA","13710","NA","NA","NA","NA","NA","NA","NA","NA","NA","NA","NA","2","legacy","no","no","1024","2","48000","-16","no","EXP","111","odd","no","no","NA","6440","2718","2719","4950","6432","6432","NA","NA","34393","60930","29628","20161","31332","61431","60929","6441","34393","61431","62027","NA","NA","20161","31310","20174","29626","20174","20174","20161","NA","NA","NA","31334","NA","NA","NA","NA","NA","NA","NA","NA","NA","NA","NA","30129","30129","30810","NA","NA","62527","NA","NA","NA","6442","NA","NA","NA","NA","NA","NA","NA","NA","NA","NA","NA","Orientation_PSA2018","22","15503","22","no","yes","1024"
"Y","5604","H","H","PP_LIST4.csv","caterpillarH.jpg","caterpillarH.jpg","100","100","696.869565217","696.869565217","#ffffff","yes","legacy","legacy","legacy","0","uniform","1","1","undefined","1","undefined","6","j","0","0","0","0","0","0","0","NA","16","0","16","5","0","0","16","16","0","0","16","16","16","16","0","5","0","5","0","0","0","0","0","0","0","0","0","0","0","0","0","0","0","0","0","0","5","5","5","5","5","16","0","0","0","0","0","0","0","0","0","0","0","0","0","0","0","12/31/19 11:38:26","no","Matching Tasks","yes","no","","no","OrientationCrossLanguages_2018PSA_PP_1.2.4.osexp","W:\Projects\PSA\PSA_OpenSesame\StorageOfScripts","no","mono","no","18","no","#0000ff","no","עברית‬","yes","yes","768","no","no","legacy","16","16","1","5","W:/Projects/PSA/PSA_OpenSesame/StorageDataFiles/ISR001_pp_111.csv","legacy","no","Kafkaesque Koffka","3.2.8","yes","5a7ce671e83246000deafe81","no","no","0","0","j","NA","NA","j","NA","NA","NA","space","NA","NA","NA","NA","NA","NA","NA","NA","NA","NA","NA","j","NA","NA","NA","space","NA","NA","NA","NA","NA","NA","NA","NA","NA","NA","NA","525","NA","NA","525","NA","NA","NA","3050","NA","NA","NA","NA","NA","NA","NA","NA","NA","NA","NA","680","NA","NA","NA","13710","NA","NA","NA","NA","NA","NA","NA","NA","NA","NA","NA","2","legacy","no","no","1024","2","48000","-16","no","EXP","111","odd","no","no","NA","6440","2718","2719","4950","6432","6432","NA","NA","34393","62615","29628","20161","31332","63116","62613","6441","34393","63116","63642","NA","NA","20161","31310","20174","29626","20174","20174","20161","NA","NA","NA","31334","NA","NA","NA","NA","NA","NA","NA","NA","NA","NA","NA","30129","30129","30810","NA","NA","64142","NA","NA","NA","6442","NA","NA","NA","NA","NA","NA","NA","NA","NA","NA","NA","Orientation_PSA2018","23","16028","23","no","yes","1024"
"F","5604","F","F","PP_LIST4.csv","pumpkin.jpg","trmpet.jpg","100","100","692.958333333","692.958333333","#ffffff","yes","legacy","legacy","legacy","0","uniform","1","1","undefined","1","undefined","6","f","0","0","0","0","0","0","0","NA","17","0","17","5","0","0","17","17","0","0","17","17","17","17","0","5","0","5","0","0","0","0","0","0","0","0","0","0","0","0","0","0","0","0","0","0","5","5","5","5","5","17","0","0","0","0","0","0","0","0","0","0","0","0","0","0","0","12/31/19 11:38:26","no","Matching Tasks","yes","no","","no","OrientationCrossLanguages_2018PSA_PP_1.2.4.osexp","W:\Projects\PSA\PSA_OpenSesame\StorageOfScripts","no","mono","no","18","no","#0000ff","no","עברית‬","yes","yes","768","no","no","legacy","17","17","1","5","W:/Projects/PSA/PSA_OpenSesame/StorageDataFiles/ISR001_pp_111.csv","legacy","no","Kafkaesque Koffka","3.2.8","yes","5a7ce671e83246000deafe81","no","no","0","0","f","NA","NA","f","NA","NA","NA","space","NA","NA","NA","NA","NA","NA","NA","NA","NA","NA","NA","j","NA","NA","NA","space","NA","NA","NA","NA","NA","NA","NA","NA","NA","NA","NA","603","NA","NA","603","NA","NA","NA","3050","NA","NA","NA","NA","NA","NA","NA","NA","NA","NA","NA","680","NA","NA","NA","13710","NA","NA","NA","NA","NA","NA","NA","NA","NA","NA","NA","2","legacy","no","no","1024","2","48000","-16","no","EXP","111","odd","no","no","NA","6440","2718","2719","4950","6432","6432","NA","NA","34393","64225","29628","20161","31332","64726","64224","6441","34393","64726","65331","NA","NA","20161","31310","20174","29626","20174","20174","20161","NA","NA","NA","31334","NA","NA","NA","NA","NA","NA","NA","NA","NA","NA","NA","30129","30129","30810","NA","NA","65831","NA","NA","NA","6442","NA","NA","NA","NA","NA","NA","NA","NA","NA","NA","NA","Orientation_PSA2018","24","16631","24","no","yes","1024"
"N","5604","V","H","PP_LIST4.csv","bookV.jpg","bookH.jpg","96","96","689.64","689.64","#ffffff","yes","legacy","legacy","legacy","0","uniform","0","0","undefined","1","undefined","6","j","0","0","0","0","0","0","0","NA","18","0","18","5","0","0","18","18","0","0","18","18","18","18","0","5","0","5","0","0","0","0","0","0","0","0","0","0","0","0","0","0","0","0","0","0","5","5","5","5","5","18","0","0","0","0","0","0","0","0","0","0","0","0","0","0","0","12/31/19 11:38:26","no","Matching Tasks","yes","no","","no","OrientationCrossLanguages_2018PSA_PP_1.2.4.osexp","W:\Projects\PSA\PSA_OpenSesame\StorageOfScripts","no","mono","no","18","no","#0000ff","no","עברית‬","yes","yes","768","no","no","legacy","18","18","1","5","W:/Projects/PSA/PSA_OpenSesame/StorageDataFiles/ISR001_pp_111.csv","legacy","no","Kafkaesque Koffka","3.2.8","yes","5a7ce671e83246000deafe81","no","no","0","0","f","NA","NA","f","NA","NA","NA","space","NA","NA","NA","NA","NA","NA","NA","NA","NA","NA","NA","j","NA","NA","NA","space","NA","NA","NA","NA","NA","NA","NA","NA","NA","NA","NA","610","NA","NA","610","NA","NA","NA","3050","NA","NA","NA","NA","NA","NA","NA","NA","NA","NA","NA","680","NA","NA","NA","13710","NA","NA","NA","NA","NA","NA","NA","NA","NA","NA","NA","2","legacy","no","no","1024","2","48000","-16","no","EXP","111","odd","no","no","NA","6440","2718","2719","4950","6432","6432","NA","NA","34393","65913","29628","20161","31332","66414","65911","6441","34393","66414","65331","NA","67026","20161","31310","20174","29626","20174","20174","20161","NA","NA","NA","31334","NA","NA","NA","NA","NA","NA","NA","NA","NA","NA","NA","30129","30129","30810","NA","NA","67526","NA","NA","NA","6442","NA","NA","NA","NA","NA","NA","NA","NA","NA","NA","NA","Orientation_PSA2018","24","17241","25","no","yes","1024"
"F","5604","F","F","PP_LIST4.csv","tiger.jpg","wndmil.jpg","96.1538461538","96.1538461538","689","689","#ffffff","yes","legacy","legacy","legacy","0","uniform","1","1","undefined","1","undefined","6","f","0","0","0","0","0","0","0","NA","19","0","19","5","0","0","19","19","0","0","19","19","19","19","0","5","0","5","0","0","0","0","0","0","0","0","0","0","0","0","0","0","0","0","0","0","5","5","5","5","5","19","0","0","0","0","0","0","0","0","0","0","0","0","0","0","0","12/31/19 11:38:26","no","Matching Tasks","yes","no","","no","OrientationCrossLanguages_2018PSA_PP_1.2.4.osexp","W:\Projects\PSA\PSA_OpenSesame\StorageOfScripts","no","mono","no","18","no","#0000ff","no","עברית‬","yes","yes","768","no","no","legacy","19","19","1","5","W:/Projects/PSA/PSA_OpenSesame/StorageDataFiles/ISR001_pp_111.csv","legacy","no","Kafkaesque Koffka","3.2.8","yes","5a7ce671e83246000deafe81","no","no","0","0","f","NA","NA","f","NA","NA","NA","space","NA","NA","NA","NA","NA","NA","NA","NA","NA","NA","NA","j","NA","NA","NA","space","NA","NA","NA","NA","NA","NA","NA","NA","NA","NA","NA","673","NA","NA","673","NA","NA","NA","3050","NA","NA","NA","NA","NA","NA","NA","NA","NA","NA","NA","680","NA","NA","NA","13710","NA","NA","NA","NA","NA","NA","NA","NA","NA","NA","NA","2","legacy","no","no","1024","2","48000","-16","no","EXP","111","odd","no","no","NA","6440","2718","2719","4950","6432","6432","NA","NA","34393","67611","29628","20161","31332","68112","67609","6441","34393","68112","68787","NA","67026","20161","31310","20174","29626","20174","20174","20161","NA","NA","NA","31334","NA","NA","NA","NA","NA","NA","NA","NA","NA","NA","NA","30129","30129","30810","NA","NA","69287","NA","NA","NA","6442","NA","NA","NA","NA","NA","NA","NA","NA","NA","NA","NA","Orientation_PSA2018","25","17914","26","no","yes","1024"
"F","5604","F","F","PP_LIST4.csv","tlphon.jpg","knife.jpg","96.2962962963","96.2962962963","687.666666667","687.666666667","#ffffff","yes","legacy","legacy","legacy","0","uniform","1","1","undefined","1","undefined","6","f","0","0","0","0","0","0","0","NA","20","0","20","5","0","0","20","20","0","0","20","20","20","20","0","5","0","5","0","0","0","0","0","0","0","0","0","0","0","0","0","0","0","0","0","0","5","5","5","5","5","20","0","0","0","0","0","0","0","0","0","0","0","0","0","0","0","12/31/19 11:38:26","no","Matching Tasks","yes","no","","no","OrientationCrossLanguages_2018PSA_PP_1.2.4.osexp","W:\Projects\PSA\PSA_OpenSesame\StorageOfScripts","no","mono","no","18","no","#0000ff","no","עברית‬","yes","yes","768","no","no","legacy","20","20","1","5","W:/Projects/PSA/PSA_OpenSesame/StorageDataFiles/ISR001_pp_111.csv","legacy","no","Kafkaesque Koffka","3.2.8","yes","5a7ce671e83246000deafe81","no","no","0","0","f","NA","NA","f","NA","NA","NA","space","NA","NA","NA","NA","NA","NA","NA","NA","NA","NA","NA","j","NA","NA","NA","space","NA","NA","NA","NA","NA","NA","NA","NA","NA","NA","NA","653","NA","NA","653","NA","NA","NA","3050","NA","NA","NA","NA","NA","NA","NA","NA","NA","NA","NA","680","NA","NA","NA","13710","NA","NA","NA","NA","NA","NA","NA","NA","NA","NA","NA","2","legacy","no","no","1024","2","48000","-16","no","EXP","111","odd","no","no","NA","6440","2718","2719","4950","6432","6432","NA","NA","34393","69367","29628","20161","31332","69868","69365","6441","34393","69868","70522","NA","67026","20161","31310","20174","29626","20174","20174","20161","NA","NA","NA","31334","NA","NA","NA","NA","NA","NA","NA","NA","NA","NA","NA","30129","30129","30810","NA","NA","71022","NA","NA","NA","6442","NA","NA","NA","NA","NA","NA","NA","NA","NA","NA","NA","Orientation_PSA2018","26","18567","27","no","yes","1024"
"N","5604","H","V","PP_LIST4.csv","penH.jpg","penV.jpg","96.4285714286","96.4285714286","682.464285714","682.464285714","#ffffff","yes","legacy","legacy","legacy","0","uniform","1","1","undefined","1","undefined","6","j","0","0","0","0","0","0","0","NA","21","0","21","5","0","0","21","21","0","0","21","21","21","21","0","5","0","5","0","0","0","0","0","0","0","0","0","0","0","0","0","0","0","0","0","0","5","5","5","5","5","21","0","0","0","0","0","0","0","0","0","0","0","0","0","0","0","12/31/19 11:38:26","no","Matching Tasks","yes","no","","no","OrientationCrossLanguages_2018PSA_PP_1.2.4.osexp","W:\Projects\PSA\PSA_OpenSesame\StorageOfScripts","no","mono","no","18","no","#0000ff","no","עברית‬","yes","yes","768","no","no","legacy","21","21","1","5","W:/Projects/PSA/PSA_OpenSesame/StorageDataFiles/ISR001_pp_111.csv","legacy","no","Kafkaesque Koffka","3.2.8","yes","5a7ce671e83246000deafe81","no","no","0","0","j","NA","NA","j","NA","NA","NA","space","NA","NA","NA","NA","NA","NA","NA","NA","NA","NA","NA","j","NA","NA","NA","space","NA","NA","NA","NA","NA","NA","NA","NA","NA","NA","NA","542","NA","NA","542","NA","NA","NA","3050","NA","NA","NA","NA","NA","NA","NA","NA","NA","NA","NA","680","NA","NA","NA","13710","NA","NA","NA","NA","NA","NA","NA","NA","NA","NA","NA","2","legacy","no","no","1024","2","48000","-16","no","EXP","111","odd","no","no","NA","6440","2718","2719","4950","6432","6432","NA","NA","34393","71101","29628","20161","31332","71602","71100","6441","34393","71602","72146","NA","67026","20161","31310","20174","29626","20174","20174","20161","NA","NA","NA","31334","NA","NA","NA","NA","NA","NA","NA","NA","NA","NA","NA","30129","30129","30810","NA","NA","72646","NA","NA","NA","6442","NA","NA","NA","NA","NA","NA","NA","NA","NA","NA","NA","Orientation_PSA2018","27","19109","28","no","yes","1024"
"F","5604","F","F","PP_LIST4.csv","ladder.jpg","house.jpg","96.5517241379","96.5517241379","681.965517241","681.965517241","#ffffff","yes","legacy","legacy","legacy","0","uniform","1","1","undefined","1","undefined","6","f","0","0","0","0","0","0","0","NA","22","0","22","5","0","0","22","22","0","0","22","22","22","22","0","5","0","5","0","0","0","0","0","0","0","0","0","0","0","0","0","0","0","0","0","0","5","5","5","5","5","22","0","0","0","0","0","0","0","0","0","0","0","0","0","0","0","12/31/19 11:38:26","no","Matching Tasks","yes","no","","no","OrientationCrossLanguages_2018PSA_PP_1.2.4.osexp","W:\Projects\PSA\PSA_OpenSesame\StorageOfScripts","no","mono","no","18","no","#0000ff","no","עברית‬","yes","yes","768","no","no","legacy","22","22","1","5","W:/Projects/PSA/PSA_OpenSesame/StorageDataFiles/ISR001_pp_111.csv","legacy","no","Kafkaesque Koffka","3.2.8","yes","5a7ce671e83246000deafe81","no","no","0","0","f","NA","NA","f","NA","NA","NA","space","NA","NA","NA","NA","NA","NA","NA","NA","NA","NA","NA","j","NA","NA","NA","space","NA","NA","NA","NA","NA","NA","NA","NA","NA","NA","NA","668","NA","NA","668","NA","NA","NA","3050","NA","NA","NA","NA","NA","NA","NA","NA","NA","NA","NA","680","NA","NA","NA","13710","NA","NA","NA","NA","NA","NA","NA","NA","NA","NA","NA","2","legacy","no","no","1024","2","48000","-16","no","EXP","111","odd","no","no","NA","6440","2718","2719","4950","6432","6432","NA","NA","34393","72728","29628","20161","31332","73229","72727","6441","34393","73229","73898","NA","67026","20161","31310","20174","29626","20174","20174","20161","NA","NA","NA","31334","NA","NA","NA","NA","NA","NA","NA","NA","NA","NA","NA","30129","30129","30810","NA","NA","74398","NA","NA","NA","6442","NA","NA","NA","NA","NA","NA","NA","NA","NA","NA","NA","Orientation_PSA2018","28","19777","29","no","yes","1024"
"Y","5604","H","H","PP_LIST4.csv","brushH.jpg","brushH.jpg","96.6666666667","96.6666666667","678.3","678.3","#ffffff","yes","legacy","legacy","legacy","0","uniform","1","1","undefined","1","undefined","6","j","0","0","0","0","0","0","0","NA","23","0","23","5","0","0","23","23","0","0","23","23","23","23","0","5","0","5","0","0","0","0","0","0","0","0","0","0","0","0","0","0","0","0","0","0","5","5","5","5","5","23","0","0","0","0","0","0","0","0","0","0","0","0","0","0","0","12/31/19 11:38:26","no","Matching Tasks","yes","no","","no","OrientationCrossLanguages_2018PSA_PP_1.2.4.osexp","W:\Projects\PSA\PSA_OpenSesame\StorageOfScripts","no","mono","no","18","no","#0000ff","no","עברית‬","yes","yes","768","no","no","legacy","23","23","1","5","W:/Projects/PSA/PSA_OpenSesame/StorageDataFiles/ISR001_pp_111.csv","legacy","no","Kafkaesque Koffka","3.2.8","yes","5a7ce671e83246000deafe81","no","no","0","0","j","NA","NA","j","NA","NA","NA","space","NA","NA","NA","NA","NA","NA","NA","NA","NA","NA","NA","j","NA","NA","NA","space","NA","NA","NA","NA","NA","NA","NA","NA","NA","NA","NA","572","NA","NA","572","NA","NA","NA","3050","NA","NA","NA","NA","NA","NA","NA","NA","NA","NA","NA","680","NA","NA","NA","13710","NA","NA","NA","NA","NA","NA","NA","NA","NA","NA","NA","2","legacy","no","no","1024","2","48000","-16","no","EXP","111","odd","no","no","NA","6440","2718","2719","4950","6432","6432","NA","NA","34393","74479","29628","20161","31332","74980","74477","6441","34393","74980","75554","NA","67026","20161","31310","20174","29626","20174","20174","20161","NA","NA","NA","31334","NA","NA","NA","NA","NA","NA","NA","NA","NA","NA","NA","30129","30129","30810","NA","NA","76054","NA","NA","NA","6442","NA","NA","NA","NA","NA","NA","NA","NA","NA","NA","NA","Orientation_PSA2018","29","20349","30","no","yes","1024"
"Y","5604","H","H","PP_LIST4.csv","fire_extinguisherH.jpg","fire_extinguisherH.jpg","100","100","914","914","#ffffff","yes","legacy","legacy","legacy","0","uniform","1","1","undefined","1","undefined","6","j","0","0","0","0","0","0","0","0","24","0","24","5","0","0","24","24","0","0","24","24","24","24","0","5","0","5","0","0","0","0","0","0","0","0","0","0","0","0","0","0","0","0","0","0","5","5","5","5","5","24","0","0","0","0","0","0","0","0","0","0","0","0","0","0","0","12/31/19 11:38:26","no","Matching Tasks","yes","no","","no","OrientationCrossLanguages_2018PSA_PP_1.2.4.osexp","W:\Projects\PSA\PSA_OpenSesame\StorageOfScripts","no","mono","no","18","no","#0000ff","no","עברית‬","yes","yes","768","no","no","legacy","24","24","1","5","W:/Projects/PSA/PSA_OpenSesame/StorageDataFiles/ISR001_pp_111.csv","legacy","no","Kafkaesque Koffka","3.2.8","yes","5a7ce671e83246000deafe81","no","no","0","0","j","space","NA","j","NA","NA","NA","space","NA","NA","NA","NA","NA","NA","NA","NA","NA","NA","NA","j","NA","NA","NA","space","NA","NA","NA","NA","NA","NA","NA","NA","NA","NA","NA","914","1675","NA","914","NA","NA","NA","3050","NA","NA","NA","NA","NA","NA","NA","NA","NA","NA","NA","680","NA","NA","NA","13710","NA","NA","NA","NA","NA","NA","NA","NA","NA","NA","NA","2","legacy","no","no","1024","2","48000","-16","no","EXP","111","odd","no","no","NA","6440","2718","2719","4950","6432","6432","76086","NA","34393","77842","29628","20161","31332","78343","77841","6441","34393","78343","79259","NA","67026","20161","31310","20174","29626","20174","20174","20161","NA","NA","NA","31334","NA","NA","NA","NA","NA","NA","NA","NA","NA","NA","NA","30129","30129","30810","NA","NA","79759","NA","NA","NA","6442","NA","NA","NA","NA","NA","NA","NA","NA","NA","NA","NA","Orientation_PSA2018","1","914","1","no","yes","1024"
"Y","5604","H","H","PP_LIST4.csv","flashH.jpg","flashH.jpg","100","100","728.5","728.5","#ffffff","yes","legacy","legacy","legacy","0","uniform","1","1","undefined","1","undefined","6","j","0","0","0","0","0","0","0","0","25","0","25","5","0","0","25","25","0","0","25","25","25","25","0","5","0","5","0","0","0","0","0","0","0","0","0","0","0","0","0","0","0","0","0","0","5","5","5","5","5","25","0","0","0","0","0","0","0","0","0","0","0","0","0","0","0","12/31/19 11:38:26","no","Matching Tasks","yes","no","","no","OrientationCrossLanguages_2018PSA_PP_1.2.4.osexp","W:\Projects\PSA\PSA_OpenSesame\StorageOfScripts","no","mono","no","18","no","#0000ff","no","עברית‬","yes","yes","768","no","no","legacy","25","25","1","5","W:/Projects/PSA/PSA_OpenSesame/StorageDataFiles/ISR001_pp_111.csv","legacy","no","Kafkaesque Koffka","3.2.8","yes","5a7ce671e83246000deafe81","no","no","0","0","j","space","NA","j","NA","NA","NA","space","NA","NA","NA","NA","NA","NA","NA","NA","NA","NA","NA","j","NA","NA","NA","space","NA","NA","NA","NA","NA","NA","NA","NA","NA","NA","NA","543","1675","NA","543","NA","NA","NA","3050","NA","NA","NA","NA","NA","NA","NA","NA","NA","NA","NA","680","NA","NA","NA","13710","NA","NA","NA","NA","NA","NA","NA","NA","NA","NA","NA","2","legacy","no","no","1024","2","48000","-16","no","EXP","111","odd","no","no","NA","6440","2718","2719","4950","6432","6432","76086","NA","34393","79844","29628","20161","31332","80345","79842","6441","34393","80345","80890","NA","67026","20161","31310","20174","29626","20174","20174","20161","NA","NA","NA","31334","NA","NA","NA","NA","NA","NA","NA","NA","NA","NA","NA","30129","30129","30810","NA","NA","81390","NA","NA","NA","6442","NA","NA","NA","NA","NA","NA","NA","NA","NA","NA","NA","Orientation_PSA2018","2","1457","2","no","yes","1024"
"Y","5604","V","V","PP_LIST4.csv","keyV.jpg","keyV.jpg","100","100","641.666666667","641.666666667","#ffffff","yes","legacy","legacy","legacy","0","uniform","1","1","undefined","1","undefined","6","j","0","0","0","0","0","0","0","0","26","0","26","5","0","0","26","26","0","0","26","26","26","26","0","5","0","5","0","0","0","0","0","0","0","0","0","0","0","0","0","0","0","0","0","0","5","5","5","5","5","26","0","0","0","0","0","0","0","0","0","0","0","0","0","0","0","12/31/19 11:38:26","no","Matching Tasks","yes","no","","no","OrientationCrossLanguages_2018PSA_PP_1.2.4.osexp","W:\Projects\PSA\PSA_OpenSesame\StorageOfScripts","no","mono","no","18","no","#0000ff","no","עברית‬","yes","yes","768","no","no","legacy","26","26","1","5","W:/Projects/PSA/PSA_OpenSesame/StorageDataFiles/ISR001_pp_111.csv","legacy","no","Kafkaesque Koffka","3.2.8","yes","5a7ce671e83246000deafe81","no","no","0","0","j","space","NA","j","NA","NA","NA","space","NA","NA","NA","NA","NA","NA","NA","NA","NA","NA","NA","j","NA","NA","NA","space","NA","NA","NA","NA","NA","NA","NA","NA","NA","NA","NA","468","1675","NA","468","NA","NA","NA","3050","NA","NA","NA","NA","NA","NA","NA","NA","NA","NA","NA","680","NA","NA","NA","13710","NA","NA","NA","NA","NA","NA","NA","NA","NA","NA","NA","2","legacy","no","no","1024","2","48000","-16","no","EXP","111","odd","no","no","NA","6440","2718","2719","4950","6432","6432","76086","NA","34393","81472","29628","20161","31332","81973","81470","6441","34393","81973","82443","NA","67026","20161","31310","20174","29626","20174","20174","20161","NA","NA","NA","31334","NA","NA","NA","NA","NA","NA","NA","NA","NA","NA","NA","30129","30129","30810","NA","NA","82943","NA","NA","NA","6442","NA","NA","NA","NA","NA","NA","NA","NA","NA","NA","NA","Orientation_PSA2018","3","1925","3","no","yes","1024"
"N","5604","H","V","PP_LIST4.csv","screwH.jpg","screwV.jpg","100","100","621.25","621.25","#ffffff","yes","legacy","legacy","legacy","0","uniform","1","1","undefined","1","undefined","6","j","0","0","0","0","0","0","0","0","27","0","27","5","0","0","27","27","0","0","27","27","27","27","0","5","0","5","0","0","0","0","0","0","0","0","0","0","0","0","0","0","0","0","0","0","5","5","5","5","5","27","0","0","0","0","0","0","0","0","0","0","0","0","0","0","0","12/31/19 11:38:26","no","Matching Tasks","yes","no","","no","OrientationCrossLanguages_2018PSA_PP_1.2.4.osexp","W:\Projects\PSA\PSA_OpenSesame\StorageOfScripts","no","mono","no","18","no","#0000ff","no","עברית‬","yes","yes","768","no","no","legacy","27","27","1","5","W:/Projects/PSA/PSA_OpenSesame/StorageDataFiles/ISR001_pp_111.csv","legacy","no","Kafkaesque Koffka","3.2.8","yes","5a7ce671e83246000deafe81","no","no","0","0","j","space","NA","j","NA","NA","NA","space","NA","NA","NA","NA","NA","NA","NA","NA","NA","NA","NA","j","NA","NA","NA","space","NA","NA","NA","NA","NA","NA","NA","NA","NA","NA","NA","560","1675","NA","560","NA","NA","NA","3050","NA","NA","NA","NA","NA","NA","NA","NA","NA","NA","NA","680","NA","NA","NA","13710","NA","NA","NA","NA","NA","NA","NA","NA","NA","NA","NA","2","legacy","no","no","1024","2","48000","-16","no","EXP","111","odd","no","no","NA","6440","2718","2719","4950","6432","6432","76086","NA","34393","83027","29628","20161","31332","83528","83025","6441","34393","83528","84090","NA","67026","20161","31310","20174","29626","20174","20174","20161","NA","NA","NA","31334","NA","NA","NA","NA","NA","NA","NA","NA","NA","NA","NA","30129","30129","30810","NA","NA","84590","NA","NA","NA","6442","NA","NA","NA","NA","NA","NA","NA","NA","NA","NA","NA","Orientation_PSA2018","4","2485","4","no","yes","1024"
"F","5604","F","F","PP_LIST4.csv","wndmil.jpg","mitten.jpg","100","100","624.6","624.6","#ffffff","yes","legacy","legacy","legacy","0","uniform","1","1","undefined","1","undefined","6","f","0","0","0","0","0","0","0","0","28","0","28","5","0","0","28","28","0","0","28","28","28","28","0","5","0","5","0","0","0","0","0","0","0","0","0","0","0","0","0","0","0","0","0","0","5","5","5","5","5","28","0","0","0","0","0","0","0","0","0","0","0","0","0","0","0","12/31/19 11:38:26","no","Matching Tasks","yes","no","","no","OrientationCrossLanguages_2018PSA_PP_1.2.4.osexp","W:\Projects\PSA\PSA_OpenSesame\StorageOfScripts","no","mono","no","18","no","#0000ff","no","עברית‬","yes","yes","768","no","no","legacy","28","28","1","5","W:/Projects/PSA/PSA_OpenSesame/StorageDataFiles/ISR001_pp_111.csv","legacy","no","Kafkaesque Koffka","3.2.8","yes","5a7ce671e83246000deafe81","no","no","0","0","f","space","NA","f","NA","NA","NA","space","NA","NA","NA","NA","NA","NA","NA","NA","NA","NA","NA","j","NA","NA","NA","space","NA","NA","NA","NA","NA","NA","NA","NA","NA","NA","NA","638","1675","NA","638","NA","NA","NA","3050","NA","NA","NA","NA","NA","NA","NA","NA","NA","NA","NA","680","NA","NA","NA","13710","NA","NA","NA","NA","NA","NA","NA","NA","NA","NA","NA","2","legacy","no","no","1024","2","48000","-16","no","EXP","111","odd","no","no","NA","6440","2718","2719","4950","6432","6432","76086","NA","34393","84669","29628","20161","31332","85170","84668","6441","34393","85170","85810","NA","67026","20161","31310","20174","29626","20174","20174","20161","NA","NA","NA","31334","NA","NA","NA","NA","NA","NA","NA","NA","NA","NA","NA","30129","30129","30810","NA","NA","86310","NA","NA","NA","6442","NA","NA","NA","NA","NA","NA","NA","NA","NA","NA","NA","Orientation_PSA2018","5","3123","5","no","yes","1024"
"F","5604","F","F","PP_LIST4.csv","spider.jpg","couch.jpg","100","100","612","612","#ffffff","yes","legacy","legacy","legacy","0","uniform","1","1","undefined","1","undefined","6","f","0","0","0","0","0","0","0","0","29","0","29","5","0","0","29","29","0","0","29","29","29","29","0","5","0","5","0","0","0","0","0","0","0","0","0","0","0","0","0","0","0","0","0","0","5","5","5","5","5","29","0","0","0","0","0","0","0","0","0","0","0","0","0","0","0","12/31/19 11:38:26","no","Matching Tasks","yes","no","","no","OrientationCrossLanguages_2018PSA_PP_1.2.4.osexp","W:\Projects\PSA\PSA_OpenSesame\StorageOfScripts","no","mono","no","18","no","#0000ff","no","עברית‬","yes","yes","768","no","no","legacy","29","29","1","5","W:/Projects/PSA/PSA_OpenSesame/StorageDataFiles/ISR001_pp_111.csv","legacy","no","Kafkaesque Koffka","3.2.8","yes","5a7ce671e83246000deafe81","no","no","0","0","f","space","NA","f","NA","NA","NA","space","NA","NA","NA","NA","NA","NA","NA","NA","NA","NA","NA","j","NA","NA","NA","space","NA","NA","NA","NA","NA","NA","NA","NA","NA","NA","NA","549","1675","NA","549","NA","NA","NA","3050","NA","NA","NA","NA","NA","NA","NA","NA","NA","NA","NA","680","NA","NA","NA","13710","NA","NA","NA","NA","NA","NA","NA","NA","NA","NA","NA","2","legacy","no","no","1024","2","48000","-16","no","EXP","111","odd","no","no","NA","6440","2718","2719","4950","6432","6432","76086","NA","34393","86390","29628","20161","31332","86891","86388","6441","34393","86891","87442","NA","67026","20161","31310","20174","29626","20174","20174","20161","NA","NA","NA","31334","NA","NA","NA","NA","NA","NA","NA","NA","NA","NA","NA","30129","30129","30810","NA","NA","87942","NA","NA","NA","6442","NA","NA","NA","NA","NA","NA","NA","NA","NA","NA","NA","Orientation_PSA2018","6","3672","6","no","yes","1024"
"N","5604","V","H","PP_LIST4.csv","broomV.jpg","broomH.jpg","100","100","613.285714286","613.285714286","#ffffff","yes","legacy","legacy","legacy","0","uniform","1","1","undefined","1","undefined","6","j","0","0","0","0","0","0","0","0","30","0","30","5","0","0","30","30","0","0","30","30","30","30","0","5","0","5","0","0","0","0","0","0","0","0","0","0","0","0","0","0","0","0","0","0","5","5","5","5","5","30","0","0","0","0","0","0","0","0","0","0","0","0","0","0","0","12/31/19 11:38:26","no","Matching Tasks","yes","no","","no","OrientationCrossLanguages_2018PSA_PP_1.2.4.osexp","W:\Projects\PSA\PSA_OpenSesame\StorageOfScripts","no","mono","no","18","no","#0000ff","no","עברית‬","yes","yes","768","no","no","legacy","30","30","1","5","W:/Projects/PSA/PSA_OpenSesame/StorageDataFiles/ISR001_pp_111.csv","legacy","no","Kafkaesque Koffka","3.2.8","yes","5a7ce671e83246000deafe81","no","no","0","0","j","space","NA","j","NA","NA","NA","space","NA","NA","NA","NA","NA","NA","NA","NA","NA","NA","NA","j","NA","NA","NA","space","NA","NA","NA","NA","NA","NA","NA","NA","NA","NA","NA","621","1675","NA","621","NA","NA","NA","3050","NA","NA","NA","NA","NA","NA","NA","NA","NA","NA","NA","680","NA","NA","NA","13710","NA","NA","NA","NA","NA","NA","NA","NA","NA","NA","NA","2","legacy","no","no","1024","2","48000","-16","no","EXP","111","odd","no","no","NA","6440","2718","2719","4950","6432","6432","76086","NA","34393","88023","29628","20161","31332","88524","88022","6441","34393","88524","89146","NA","67026","20161","31310","20174","29626","20174","20174","20161","NA","NA","NA","31334","NA","NA","NA","NA","NA","NA","NA","NA","NA","NA","NA","30129","30129","30810","NA","NA","89646","NA","NA","NA","6442","NA","NA","NA","NA","NA","NA","NA","NA","NA","NA","NA","Orientation_PSA2018","7","4293","7","no","yes","1024"
"F","5604","F","F","PP_LIST4.csv","skirt.jpg","tlphon.jpg","100","100","606.375","606.375","#ffffff","yes","legacy","legacy","legacy","0","uniform","1","1","undefined","1","undefined","6","f","0","0","0","0","0","0","0","0","31","0","31","5","0","0","31","31","0","0","31","31","31","31","0","5","0","5","0","0","0","0","0","0","0","0","0","0","0","0","0","0","0","0","0","0","5","5","5","5","5","31","0","0","0","0","0","0","0","0","0","0","0","0","0","0","0","12/31/19 11:38:26","no","Matching Tasks","yes","no","","no","OrientationCrossLanguages_2018PSA_PP_1.2.4.osexp","W:\Projects\PSA\PSA_OpenSesame\StorageOfScripts","no","mono","no","18","no","#0000ff","no","עברית‬","yes","yes","768","no","no","legacy","31","31","1","5","W:/Projects/PSA/PSA_OpenSesame/StorageDataFiles/ISR001_pp_111.csv","legacy","no","Kafkaesque Koffka","3.2.8","yes","5a7ce671e83246000deafe81","no","no","0","0","f","space","NA","f","NA","NA","NA","space","NA","NA","NA","NA","NA","NA","NA","NA","NA","NA","NA","j","NA","NA","NA","space","NA","NA","NA","NA","NA","NA","NA","NA","NA","NA","NA","558","1675","NA","558","NA","NA","NA","3050","NA","NA","NA","NA","NA","NA","NA","NA","NA","NA","NA","680","NA","NA","NA","13710","NA","NA","NA","NA","NA","NA","NA","NA","NA","NA","NA","2","legacy","no","no","1024","2","48000","-16","no","EXP","111","odd","no","no","NA","6440","2718","2719","4950","6432","6432","76086","NA","34393","89725","29628","20161","31332","90226","89724","6441","34393","90226","90786","NA","67026","20161","31310","20174","29626","20174","20174","20161","NA","NA","NA","31334","NA","NA","NA","NA","NA","NA","NA","NA","NA","NA","NA","30129","30129","30810","NA","NA","91286","NA","NA","NA","6442","NA","NA","NA","NA","NA","NA","NA","NA","NA","NA","NA","Orientation_PSA2018","8","4851","8","no","yes","1024"
"F","5604","F","F","PP_LIST4.csv","stove.jpg","ftball.jpg","100","100","605.222222222","605.222222222","#ffffff","yes","legacy","legacy","legacy","0","uniform","1","1","undefined","1","undefined","6","f","0","0","0","0","0","0","0","0","32","0","32","5","0","0","32","32","0","0","32","32","32","32","0","5","0","5","0","0","0","0","0","0","0","0","0","0","0","0","0","0","0","0","0","0","5","5","5","5","5","32","0","0","0","0","0","0","0","0","0","0","0","0","0","0","0","12/31/19 11:38:26","no","Matching Tasks","yes","no","","no","OrientationCrossLanguages_2018PSA_PP_1.2.4.osexp","W:\Projects\PSA\PSA_OpenSesame\StorageOfScripts","no","mono","no","18","no","#0000ff","no","עברית‬","yes","yes","768","no","no","legacy","32","32","1","5","W:/Projects/PSA/PSA_OpenSesame/StorageDataFiles/ISR001_pp_111.csv","legacy","no","Kafkaesque Koffka","3.2.8","yes","5a7ce671e83246000deafe81","no","no","0","0","f","space","NA","f","NA","NA","NA","space","NA","NA","NA","NA","NA","NA","NA","NA","NA","NA","NA","j","NA","NA","NA","space","NA","NA","NA","NA","NA","NA","NA","NA","NA","NA","NA","596","1675","NA","596","NA","NA","NA","3050","NA","NA","NA","NA","NA","NA","NA","NA","NA","NA","NA","680","NA","NA","NA","13710","NA","NA","NA","NA","NA","NA","NA","NA","NA","NA","NA","2","legacy","no","no","1024","2","48000","-16","no","EXP","111","odd","no","no","NA","6440","2718","2719","4950","6432","6432","76086","NA","34393","91368","29628","20161","31332","91869","91366","6441","34393","91869","92467","NA","67026","20161","31310","20174","29626","20174","20174","20161","NA","NA","NA","31334","NA","NA","NA","NA","NA","NA","NA","NA","NA","NA","NA","30129","30129","30810","NA","NA","92967","NA","NA","NA","6442","NA","NA","NA","NA","NA","NA","NA","NA","NA","NA","NA","Orientation_PSA2018","9","5447","9","no","yes","1024"
"F","5604","F","F","PP_LIST4.csv","needle.jpg","tiger.jpg","100","100","604.4","604.4","#ffffff","yes","legacy","legacy","legacy","0","uniform","1","1","undefined","1","undefined","6","f","0","0","0","0","0","0","0","0","33","0","33","5","0","0","33","33","0","0","33","33","33","33","0","5","0","5","0","0","0","0","0","0","0","0","0","0","0","0","0","0","0","0","0","0","5","5","5","5","5","33","0","0","0","0","0","0","0","0","0","0","0","0","0","0","0","12/31/19 11:38:26","no","Matching Tasks","yes","no","","no","OrientationCrossLanguages_2018PSA_PP_1.2.4.osexp","W:\Projects\PSA\PSA_OpenSesame\StorageOfScripts","no","mono","no","18","no","#0000ff","no","עברית‬","yes","yes","768","no","no","legacy","33","33","1","5","W:/Projects/PSA/PSA_OpenSesame/StorageDataFiles/ISR001_pp_111.csv","legacy","no","Kafkaesque Koffka","3.2.8","yes","5a7ce671e83246000deafe81","no","no","0","0","f","space","NA","f","NA","NA","NA","space","NA","NA","NA","NA","NA","NA","NA","NA","NA","NA","NA","j","NA","NA","NA","space","NA","NA","NA","NA","NA","NA","NA","NA","NA","NA","NA","597","1675","NA","597","NA","NA","NA","3050","NA","NA","NA","NA","NA","NA","NA","NA","NA","NA","NA","680","NA","NA","NA","13710","NA","NA","NA","NA","NA","NA","NA","NA","NA","NA","NA","2","legacy","no","no","1024","2","48000","-16","no","EXP","111","odd","no","no","NA","6440","2718","2719","4950","6432","6432","76086","NA","34393","93046","29628","20161","31332","93548","93045","6441","34393","93548","94147","NA","67026","20161","31310","20174","29626","20174","20174","20161","NA","NA","NA","31334","NA","NA","NA","NA","NA","NA","NA","NA","NA","NA","NA","30129","30129","30810","NA","NA","94647","NA","NA","NA","6442","NA","NA","NA","NA","NA","NA","NA","NA","NA","NA","NA","Orientation_PSA2018","10","6044","10","no","yes","1024"
"F","5604","F","F","PP_LIST4.csv","umberella.jpg","flower.jpg","100","100","598.363636364","598.363636364","#ffffff","yes","legacy","legacy","legacy","0","uniform","1","1","undefined","1","undefined","6","f","0","0","0","0","0","0","0","0","34","0","34","5","0","0","34","34","0","0","34","34","34","34","0","5","0","5","0","0","0","0","0","0","0","0","0","0","0","0","0","0","0","0","0","0","5","5","5","5","5","34","0","0","0","0","0","0","0","0","0","0","0","0","0","0","0","12/31/19 11:38:26","no","Matching Tasks","yes","no","","no","OrientationCrossLanguages_2018PSA_PP_1.2.4.osexp","W:\Projects\PSA\PSA_OpenSesame\StorageOfScripts","no","mono","no","18","no","#0000ff","no","עברית‬","yes","yes","768","no","no","legacy","34","34","1","5","W:/Projects/PSA/PSA_OpenSesame/StorageDataFiles/ISR001_pp_111.csv","legacy","no","Kafkaesque Koffka","3.2.8","yes","5a7ce671e83246000deafe81","no","no","0","0","f","space","NA","f","NA","NA","NA","space","NA","NA","NA","NA","NA","NA","NA","NA","NA","NA","NA","j","NA","NA","NA","space","NA","NA","NA","NA","NA","NA","NA","NA","NA","NA","NA","538","1675","NA","538","NA","NA","NA","3050","NA","NA","NA","NA","NA","NA","NA","NA","NA","NA","NA","680","NA","NA","NA","13710","NA","NA","NA","NA","NA","NA","NA","NA","NA","NA","NA","2","legacy","no","no","1024","2","48000","-16","no","EXP","111","odd","no","no","NA","6440","2718","2719","4950","6432","6432","76086","NA","34393","94729","29628","20161","31332","95230","94728","6441","34393","95230","95770","NA","67026","20161","31310","20174","29626","20174","20174","20161","NA","NA","NA","31334","NA","NA","NA","NA","NA","NA","NA","NA","NA","NA","NA","30129","30129","30810","NA","NA","96270","NA","NA","NA","6442","NA","NA","NA","NA","NA","NA","NA","NA","NA","NA","NA","Orientation_PSA2018","11","6582","11","no","yes","1024"
"F","5604","F","F","PP_LIST4.csv","sutcse.jpg","pumpkin.jpg","100","100","597.083333333","597.083333333","#ffffff","yes","legacy","legacy","legacy","0","uniform","1","1","undefined","1","undefined","6","f","0","0","0","0","0","0","0","0","35","0","35","5","0","0","35","35","0","0","35","35","35","35","0","5","0","5","0","0","0","0","0","0","0","0","0","0","0","0","0","0","0","0","0","0","5","5","5","5","5","35","0","0","0","0","0","0","0","0","0","0","0","0","0","0","0","12/31/19 11:38:26","no","Matching Tasks","yes","no","","no","OrientationCrossLanguages_2018PSA_PP_1.2.4.osexp","W:\Projects\PSA\PSA_OpenSesame\StorageOfScripts","no","mono","no","18","no","#0000ff","no","עברית‬","yes","yes","768","no","no","legacy","35","35","1","5","W:/Projects/PSA/PSA_OpenSesame/StorageDataFiles/ISR001_pp_111.csv","legacy","no","Kafkaesque Koffka","3.2.8","yes","5a7ce671e83246000deafe81","no","no","0","0","f","space","NA","f","NA","NA","NA","space","NA","NA","NA","NA","NA","NA","NA","NA","NA","NA","NA","j","NA","NA","NA","space","NA","NA","NA","NA","NA","NA","NA","NA","NA","NA","NA","583","1675","NA","583","NA","NA","NA","3050","NA","NA","NA","NA","NA","NA","NA","NA","NA","NA","NA","680","NA","NA","NA","13710","NA","NA","NA","NA","NA","NA","NA","NA","NA","NA","NA","2","legacy","no","no","1024","2","48000","-16","no","EXP","111","odd","no","no","NA","6440","2718","2719","4950","6432","6432","76086","NA","34393","96349","29628","20161","31332","96850","96347","6441","34393","96850","97435","NA","67026","20161","31310","20174","29626","20174","20174","20161","NA","NA","NA","31334","NA","NA","NA","NA","NA","NA","NA","NA","NA","NA","NA","30129","30129","30810","NA","NA","97935","NA","NA","NA","6442","NA","NA","NA","NA","NA","NA","NA","NA","NA","NA","NA","Orientation_PSA2018","12","7165","12","no","yes","1024"
"F","5604","F","F","PP_LIST4.csv","ring.jpg","stove.jpg","100","100","585.769230769","585.769230769","#ffffff","yes","legacy","legacy","legacy","0","uniform","1","1","undefined","1","undefined","6","f","0","0","0","0","0","0","0","0","36","0","36","5","0","0","36","36","0","0","36","36","36","36","0","5","0","5","0","0","0","0","0","0","0","0","0","0","0","0","0","0","0","0","0","0","5","5","5","5","5","36","0","0","0","0","0","0","0","0","0","0","0","0","0","0","0","12/31/19 11:38:26","no","Matching Tasks","yes","no","","no","OrientationCrossLanguages_2018PSA_PP_1.2.4.osexp","W:\Projects\PSA\PSA_OpenSesame\StorageOfScripts","no","mono","no","18","no","#0000ff","no","עברית‬","yes","yes","768","no","no","legacy","36","36","1","5","W:/Projects/PSA/PSA_OpenSesame/StorageDataFiles/ISR001_pp_111.csv","legacy","no","Kafkaesque Koffka","3.2.8","yes","5a7ce671e83246000deafe81","no","no","0","0","f","space","NA","f","NA","NA","NA","space","NA","NA","NA","NA","NA","NA","NA","NA","NA","NA","NA","j","NA","NA","NA","space","NA","NA","NA","NA","NA","NA","NA","NA","NA","NA","NA","450","1675","NA","450","NA","NA","NA","3050","NA","NA","NA","NA","NA","NA","NA","NA","NA","NA","NA","680","NA","NA","NA","13710","NA","NA","NA","NA","NA","NA","NA","NA","NA","NA","NA","2","legacy","no","no","1024","2","48000","-16","no","EXP","111","odd","no","no","NA","6440","2718","2719","4950","6432","6432","76086","NA","34393","98018","29628","20161","31332","98519","98017","6441","34393","98519","98971","NA","67026","20161","31310","20174","29626","20174","20174","20161","NA","NA","NA","31334","NA","NA","NA","NA","NA","NA","NA","NA","NA","NA","NA","30129","30129","30810","NA","NA","99471","NA","NA","NA","6442","NA","NA","NA","NA","NA","NA","NA","NA","NA","NA","NA","Orientation_PSA2018","13","7615","13","no","yes","1024"
"Y","5604","V","V","PP_LIST4.csv","glassV.jpg","glassV.jpg","100","100","577.571428571","577.571428571","#ffffff","yes","legacy","legacy","legacy","0","uniform","1","1","undefined","1","undefined","6","j","0","0","0","0","0","0","0","0","37","0","37","5","0","0","37","37","0","0","37","37","37","37","0","5","0","5","0","0","0","0","0","0","0","0","0","0","0","0","0","0","0","0","0","0","5","5","5","5","5","37","0","0","0","0","0","0","0","0","0","0","0","0","0","0","0","12/31/19 11:38:26","no","Matching Tasks","yes","no","","no","OrientationCrossLanguages_2018PSA_PP_1.2.4.osexp","W:\Projects\PSA\PSA_OpenSesame\StorageOfScripts","no","mono","no","18","no","#0000ff","no","עברית‬","yes","yes","768","no","no","legacy","37","37","1","5","W:/Projects/PSA/PSA_OpenSesame/StorageDataFiles/ISR001_pp_111.csv","legacy","no","Kafkaesque Koffka","3.2.8","yes","5a7ce671e83246000deafe81","no","no","0","0","j","space","NA","j","NA","NA","NA","space","NA","NA","NA","NA","NA","NA","NA","NA","NA","NA","NA","j","NA","NA","NA","space","NA","NA","NA","NA","NA","NA","NA","NA","NA","NA","NA","471","1675","NA","471","NA","NA","NA","3050","NA","NA","NA","NA","NA","NA","NA","NA","NA","NA","NA","680","NA","NA","NA","13710","NA","NA","NA","NA","NA","NA","NA","NA","NA","NA","NA","2","legacy","no","no","1024","2","48000","-16","no","EXP","111","odd","no","no","NA","6440","2718","2719","4950","6432","6432","76086","NA","34393","99556","29628","20161","31332","100057","99554","6441","34393","100057","100530","NA","67026","20161","31310","20174","29626","20174","20174","20161","NA","NA","NA","31334","NA","NA","NA","NA","NA","NA","NA","NA","NA","NA","NA","30129","30129","30810","NA","NA","101030","NA","NA","NA","6442","NA","NA","NA","NA","NA","NA","NA","NA","NA","NA","NA","Orientation_PSA2018","14","8086","14","no","yes","1024"
"Y","5604","V","V","PP_LIST4.csv","guitarV.jpg","guitarV.jpg","100","100","572.066666667","572.066666667","#ffffff","yes","legacy","legacy","legacy","0","uniform","1","1","undefined","1","undefined","6","j","0","0","0","0","0","0","0","0","38","0","38","5","0","0","38","38","0","0","38","38","38","38","0","5","0","5","0","0","0","0","0","0","0","0","0","0","0","0","0","0","0","0","0","0","5","5","5","5","5","38","0","0","0","0","0","0","0","0","0","0","0","0","0","0","0","12/31/19 11:38:26","no","Matching Tasks","yes","no","","no","OrientationCrossLanguages_2018PSA_PP_1.2.4.osexp","W:\Projects\PSA\PSA_OpenSesame\StorageOfScripts","no","mono","no","18","no","#0000ff","no","עברית‬","yes","yes","768","no","no","legacy","38","38","1","5","W:/Projects/PSA/PSA_OpenSesame/StorageDataFiles/ISR001_pp_111.csv","legacy","no","Kafkaesque Koffka","3.2.8","yes","5a7ce671e83246000deafe81","no","no","0","0","j","space","NA","j","NA","NA","NA","space","NA","NA","NA","NA","NA","NA","NA","NA","NA","NA","NA","j","NA","NA","NA","space","NA","NA","NA","NA","NA","NA","NA","NA","NA","NA","NA","495","1675","NA","495","NA","NA","NA","3050","NA","NA","NA","NA","NA","NA","NA","NA","NA","NA","NA","680","NA","NA","NA","13710","NA","NA","NA","NA","NA","NA","NA","NA","NA","NA","NA","2","legacy","no","no","1024","2","48000","-16","no","EXP","111","odd","no","no","NA","6440","2718","2719","4950","6432","6432","76086","NA","34393","101109","29628","20161","31332","101610","101107","6441","34393","101610","102106","NA","67026","20161","31310","20174","29626","20174","20174","20161","NA","NA","NA","31334","NA","NA","NA","NA","NA","NA","NA","NA","NA","NA","NA","30129","30129","30810","NA","NA","102606","NA","NA","NA","6442","NA","NA","NA","NA","NA","NA","NA","NA","NA","NA","NA","Orientation_PSA2018","15","8581","15","no","yes","1024"
"N","5604","V","H","PP_LIST4.csv","bottleV.jpg","bottleH.jpg","100","100","572.625","572.625","#ffffff","yes","legacy","legacy","legacy","0","uniform","1","1","undefined","1","undefined","6","j","0","0","0","0","0","0","0","0","39","0","39","5","0","0","39","39","0","0","39","39","39","39","0","5","0","5","0","0","0","0","0","0","0","0","0","0","0","0","0","0","0","0","0","0","5","5","5","5","5","39","0","0","0","0","0","0","0","0","0","0","0","0","0","0","0","12/31/19 11:38:26","no","Matching Tasks","yes","no","","no","OrientationCrossLanguages_2018PSA_PP_1.2.4.osexp","W:\Projects\PSA\PSA_OpenSesame\StorageOfScripts","no","mono","no","18","no","#0000ff","no","עברית‬","yes","yes","768","no","no","legacy","39","39","1","5","W:/Projects/PSA/PSA_OpenSesame/StorageDataFiles/ISR001_pp_111.csv","legacy","no","Kafkaesque Koffka","3.2.8","yes","5a7ce671e83246000deafe81","no","no","0","0","j","space","NA","j","NA","NA","NA","space","NA","NA","NA","NA","NA","NA","NA","NA","NA","NA","NA","j","NA","NA","NA","space","NA","NA","NA","NA","NA","NA","NA","NA","NA","NA","NA","581","1675","NA","581","NA","NA","NA","3050","NA","NA","NA","NA","NA","NA","NA","NA","NA","NA","NA","680","NA","NA","NA","13710","NA","NA","NA","NA","NA","NA","NA","NA","NA","NA","NA","2","legacy","no","no","1024","2","48000","-16","no","EXP","111","odd","no","no","NA","6440","2718","2719","4950","6432","6432","76086","NA","34393","102687","29628","20161","31332","103188","102685","6441","34393","103188","103771","NA","67026","20161","31310","20174","29626","20174","20174","20161","NA","NA","NA","31334","NA","NA","NA","NA","NA","NA","NA","NA","NA","NA","NA","30129","30129","30810","NA","NA","104271","NA","NA","NA","6442","NA","NA","NA","NA","NA","NA","NA","NA","NA","NA","NA","Orientation_PSA2018","16","9162","16","no","yes","1024"
"F","5604","F","F","PP_LIST4.csv","wrench.jpg","piano.jpg","100","100","572.823529412","572.823529412","#ffffff","yes","legacy","legacy","legacy","0","uniform","1","1","undefined","1","undefined","6","f","0","0","0","0","0","0","0","0","40","0","40","5","0","0","40","40","0","0","40","40","40","40","0","5","0","5","0","0","0","0","0","0","0","0","0","0","0","0","0","0","0","0","0","0","5","5","5","5","5","40","0","0","0","0","0","0","0","0","0","0","0","0","0","0","0","12/31/19 11:38:26","no","Matching Tasks","yes","no","","no","OrientationCrossLanguages_2018PSA_PP_1.2.4.osexp","W:\Projects\PSA\PSA_OpenSesame\StorageOfScripts","no","mono","no","18","no","#0000ff","no","עברית‬","yes","yes","768","no","no","legacy","40","40","1","5","W:/Projects/PSA/PSA_OpenSesame/StorageDataFiles/ISR001_pp_111.csv","legacy","no","Kafkaesque Koffka","3.2.8","yes","5a7ce671e83246000deafe81","no","no","0","0","f","space","NA","f","NA","NA","NA","space","NA","NA","NA","NA","NA","NA","NA","NA","NA","NA","NA","j","NA","NA","NA","space","NA","NA","NA","NA","NA","NA","NA","NA","NA","NA","NA","576","1675","NA","576","NA","NA","NA","3050","NA","NA","NA","NA","NA","NA","NA","NA","NA","NA","NA","680","NA","NA","NA","13710","NA","NA","NA","NA","NA","NA","NA","NA","NA","NA","NA","2","legacy","no","no","1024","2","48000","-16","no","EXP","111","odd","no","no","NA","6440","2718","2719","4950","6432","6432","76086","NA","34393","104348","29628","20161","31332","104849","104347","6441","34393","104849","105427","NA","67026","20161","31310","20174","29626","20174","20174","20161","NA","NA","NA","31334","NA","NA","NA","NA","NA","NA","NA","NA","NA","NA","NA","30129","30129","30810","NA","NA","105927","NA","NA","NA","6442","NA","NA","NA","NA","NA","NA","NA","NA","NA","NA","NA","Orientation_PSA2018","17","9738","17","no","yes","1024"
"N","5604","H","V","PP_LIST4.csv","plateH.jpg","plateV.jpg","100","100","572.444444444","572.444444444","#ffffff","yes","legacy","legacy","legacy","0","uniform","1","1","undefined","1","undefined","6","j","0","0","0","0","0","0","0","0","41","0","41","5","0","0","41","41","0","0","41","41","41","41","0","5","0","5","0","0","0","0","0","0","0","0","0","0","0","0","0","0","0","0","0","0","5","5","5","5","5","41","0","0","0","0","0","0","0","0","0","0","0","0","0","0","0","12/31/19 11:38:26","no","Matching Tasks","yes","no","","no","OrientationCrossLanguages_2018PSA_PP_1.2.4.osexp","W:\Projects\PSA\PSA_OpenSesame\StorageOfScripts","no","mono","no","18","no","#0000ff","no","עברית‬","yes","yes","768","no","no","legacy","41","41","1","5","W:/Projects/PSA/PSA_OpenSesame/StorageDataFiles/ISR001_pp_111.csv","legacy","no","Kafkaesque Koffka","3.2.8","yes","5a7ce671e83246000deafe81","no","no","0","0","j","space","NA","j","NA","NA","NA","space","NA","NA","NA","NA","NA","NA","NA","NA","NA","NA","NA","j","NA","NA","NA","space","NA","NA","NA","NA","NA","NA","NA","NA","NA","NA","NA","566","1675","NA","566","NA","NA","NA","3050","NA","NA","NA","NA","NA","NA","NA","NA","NA","NA","NA","680","NA","NA","NA","13710","NA","NA","NA","NA","NA","NA","NA","NA","NA","NA","NA","2","legacy","no","no","1024","2","48000","-16","no","EXP","111","odd","no","no","NA","6440","2718","2719","4950","6432","6432","76086","NA","34393","106013","29628","20161","31332","106514","106011","6441","34393","106514","107082","NA","67026","20161","31310","20174","29626","20174","20174","20161","NA","NA","NA","31334","NA","NA","NA","NA","NA","NA","NA","NA","NA","NA","NA","30129","30129","30810","NA","NA","107582","NA","NA","NA","6442","NA","NA","NA","NA","NA","NA","NA","NA","NA","NA","NA","Orientation_PSA2018","18","10304","18","no","yes","1024"
"N","5604","V","H","PP_LIST4.csv","bowlV.jpg","bowlH.jpg","100","100","571.157894737","571.157894737","#ffffff","yes","legacy","legacy","legacy","0","uniform","1","1","undefined","1","undefined","6","j","0","0","0","0","0","0","0","0","42","0","42","5","0","0","42","42","0","0","42","42","42","42","0","5","0","5","0","0","0","0","0","0","0","0","0","0","0","0","0","0","0","0","0","0","5","5","5","5","5","42","0","0","0","0","0","0","0","0","0","0","0","0","0","0","0","12/31/19 11:38:26","no","Matching Tasks","yes","no","","no","OrientationCrossLanguages_2018PSA_PP_1.2.4.osexp","W:\Projects\PSA\PSA_OpenSesame\StorageOfScripts","no","mono","no","18","no","#0000ff","no","עברית‬","yes","yes","768","no","no","legacy","42","42","1","5","W:/Projects/PSA/PSA_OpenSesame/StorageDataFiles/ISR001_pp_111.csv","legacy","no","Kafkaesque Koffka","3.2.8","yes","5a7ce671e83246000deafe81","no","no","0","0","j","space","NA","j","NA","NA","NA","space","NA","NA","NA","NA","NA","NA","NA","NA","NA","NA","NA","j","NA","NA","NA","space","NA","NA","NA","NA","NA","NA","NA","NA","NA","NA","NA","548","1675","NA","548","NA","NA","NA","3050","NA","NA","NA","NA","NA","NA","NA","NA","NA","NA","NA","680","NA","NA","NA","13710","NA","NA","NA","NA","NA","NA","NA","NA","NA","NA","NA","2","legacy","no","no","1024","2","48000","-16","no","EXP","111","odd","no","no","NA","6440","2718","2719","4950","6432","6432","76086","NA","34393","107671","29628","20161","31332","108172","107670","6441","34393","108172","108722","NA","67026","20161","31310","20174","29626","20174","20174","20161","NA","NA","NA","31334","NA","NA","NA","NA","NA","NA","NA","NA","NA","NA","NA","30129","30129","30810","NA","NA","109222","NA","NA","NA","6442","NA","NA","NA","NA","NA","NA","NA","NA","NA","NA","NA","Orientation_PSA2018","19","10852","19","no","yes","1024"
"N","5604","H","V","PP_LIST4.csv","scssorH.jpg","scssorV.jpg","100","100","565.25","565.25","#ffffff","yes","legacy","legacy","legacy","0","uniform","1","1","undefined","1","undefined","6","j","0","0","0","0","0","0","0","0","43","0","43","5","0","0","43","43","0","0","43","43","43","43","0","5","0","5","0","0","0","0","0","0","0","0","0","0","0","0","0","0","0","0","0","0","5","5","5","5","5","43","0","0","0","0","0","0","0","0","0","0","0","0","0","0","0","12/31/19 11:38:26","no","Matching Tasks","yes","no","","no","OrientationCrossLanguages_2018PSA_PP_1.2.4.osexp","W:\Projects\PSA\PSA_OpenSesame\StorageOfScripts","no","mono","no","18","no","#0000ff","no","עברית‬","yes","yes","768","no","no","legacy","43","43","1","5","W:/Projects/PSA/PSA_OpenSesame/StorageDataFiles/ISR001_pp_111.csv","legacy","no","Kafkaesque Koffka","3.2.8","yes","5a7ce671e83246000deafe81","no","no","0","0","j","space","NA","j","NA","NA","NA","space","NA","NA","NA","NA","NA","NA","NA","NA","NA","NA","NA","j","NA","NA","NA","space","NA","NA","NA","NA","NA","NA","NA","NA","NA","NA","NA","453","1675","NA","453","NA","NA","NA","3050","NA","NA","NA","NA","NA","NA","NA","NA","NA","NA","NA","680","NA","NA","NA","13710","NA","NA","NA","NA","NA","NA","NA","NA","NA","NA","NA","2","legacy","no","no","1024","2","48000","-16","no","EXP","111","odd","no","no","NA","6440","2718","2719","4950","6432","6432","76086","NA","34393","109302","29628","20161","31332","109803","109300","6441","34393","109803","110258","NA","67026","20161","31310","20174","29626","20174","20174","20161","NA","NA","NA","31334","NA","NA","NA","NA","NA","NA","NA","NA","NA","NA","NA","30129","30129","30810","NA","NA","110758","NA","NA","NA","6442","NA","NA","NA","NA","NA","NA","NA","NA","NA","NA","NA","Orientation_PSA2018","20","11305","20","no","yes","1024"
"F","5604","F","F","PP_LIST4.csv","watch.jpg","skirt.jpg","100","100","569.142857143","569.142857143","#ffffff","yes","legacy","legacy","legacy","0","uniform","1","1","undefined","1","undefined","6","f","0","0","0","0","0","0","0","0","44","0","44","5","0","0","44","44","0","0","44","44","44","44","0","5","0","5","0","0","0","0","0","0","0","0","0","0","0","0","0","0","0","0","0","0","5","5","5","5","5","44","0","0","0","0","0","0","0","0","0","0","0","0","0","0","0","12/31/19 11:38:26","no","Matching Tasks","yes","no","","no","OrientationCrossLanguages_2018PSA_PP_1.2.4.osexp","W:\Projects\PSA\PSA_OpenSesame\StorageOfScripts","no","mono","no","18","no","#0000ff","no","עברית‬","yes","yes","768","no","no","legacy","44","44","1","5","W:/Projects/PSA/PSA_OpenSesame/StorageDataFiles/ISR001_pp_111.csv","legacy","no","Kafkaesque Koffka","3.2.8","yes","5a7ce671e83246000deafe81","no","no","0","0","f","space","NA","f","NA","NA","NA","space","NA","NA","NA","NA","NA","NA","NA","NA","NA","NA","NA","j","NA","NA","NA","space","NA","NA","NA","NA","NA","NA","NA","NA","NA","NA","NA","647","1675","NA","647","NA","NA","NA","3050","NA","NA","NA","NA","NA","NA","NA","NA","NA","NA","NA","680","NA","NA","NA","13710","NA","NA","NA","NA","NA","NA","NA","NA","NA","NA","NA","2","legacy","no","no","1024","2","48000","-16","no","EXP","111","odd","no","no","NA","6440","2718","2719","4950","6432","6432","76086","NA","34393","110836","29628","20161","31332","111338","110835","6441","34393","111338","111987","NA","67026","20161","31310","20174","29626","20174","20174","20161","NA","NA","NA","31334","NA","NA","NA","NA","NA","NA","NA","NA","NA","NA","NA","30129","30129","30810","NA","NA","112487","NA","NA","NA","6442","NA","NA","NA","NA","NA","NA","NA","NA","NA","NA","NA","Orientation_PSA2018","21","11952","21","no","yes","1024"
"F","5604","F","F","PP_LIST4.csv","trmpet.jpg","tapedispenser.jpg","100","100","567.181818182","567.181818182","#ffffff","yes","legacy","legacy","legacy","0","uniform","1","1","undefined","1","undefined","6","f","0","0","0","0","0","0","0","0","45","0","45","5","0","0","45","45","0","0","45","45","45","45","0","5","0","5","0","0","0","0","0","0","0","0","0","0","0","0","0","0","0","0","0","0","5","5","5","5","5","45","0","0","0","0","0","0","0","0","0","0","0","0","0","0","0","12/31/19 11:38:26","no","Matching Tasks","yes","no","","no","OrientationCrossLanguages_2018PSA_PP_1.2.4.osexp","W:\Projects\PSA\PSA_OpenSesame\StorageOfScripts","no","mono","no","18","no","#0000ff","no","עברית‬","yes","yes","768","no","no","legacy","45","45","1","5","W:/Projects/PSA/PSA_OpenSesame/StorageDataFiles/ISR001_pp_111.csv","legacy","no","Kafkaesque Koffka","3.2.8","yes","5a7ce671e83246000deafe81","no","no","0","0","f","space","NA","f","NA","NA","NA","space","NA","NA","NA","NA","NA","NA","NA","NA","NA","NA","NA","j","NA","NA","NA","space","NA","NA","NA","NA","NA","NA","NA","NA","NA","NA","NA","526","1675","NA","526","NA","NA","NA","3050","NA","NA","NA","NA","NA","NA","NA","NA","NA","NA","NA","680","NA","NA","NA","13710","NA","NA","NA","NA","NA","NA","NA","NA","NA","NA","NA","2","legacy","no","no","1024","2","48000","-16","no","EXP","111","odd","no","no","NA","6440","2718","2719","4950","6432","6432","76086","NA","34393","112566","29628","20161","31332","113067","112565","6441","34393","113067","113595","NA","67026","20161","31310","20174","29626","20174","20174","20161","NA","NA","NA","31334","NA","NA","NA","NA","NA","NA","NA","NA","NA","NA","NA","30129","30129","30810","NA","NA","114095","NA","NA","NA","6442","NA","NA","NA","NA","NA","NA","NA","NA","NA","NA","NA","Orientation_PSA2018","22","12478","22","no","yes","1024"
"Y","5604","V","V","PP_LIST4.csv","pencilV.jpg","pencilV.jpg","100","100","568.913043478","568.913043478","#ffffff","yes","legacy","legacy","legacy","0","uniform","1","1","undefined","1","undefined","6","j","0","0","0","0","0","0","0","0","46","0","46","5","0","0","46","46","0","0","46","46","46","46","0","5","0","5","0","0","0","0","0","0","0","0","0","0","0","0","0","0","0","0","0","0","5","5","5","5","5","46","0","0","0","0","0","0","0","0","0","0","0","0","0","0","0","12/31/19 11:38:26","no","Matching Tasks","yes","no","","no","OrientationCrossLanguages_2018PSA_PP_1.2.4.osexp","W:\Projects\PSA\PSA_OpenSesame\StorageOfScripts","no","mono","no","18","no","#0000ff","no","עברית‬","yes","yes","768","no","no","legacy","46","46","1","5","W:/Projects/PSA/PSA_OpenSesame/StorageDataFiles/ISR001_pp_111.csv","legacy","no","Kafkaesque Koffka","3.2.8","yes","5a7ce671e83246000deafe81","no","no","0","0","j","space","NA","j","NA","NA","NA","space","NA","NA","NA","NA","NA","NA","NA","NA","NA","NA","NA","j","NA","NA","NA","space","NA","NA","NA","NA","NA","NA","NA","NA","NA","NA","NA","607","1675","NA","607","NA","NA","NA","3050","NA","NA","NA","NA","NA","NA","NA","NA","NA","NA","NA","680","NA","NA","NA","13710","NA","NA","NA","NA","NA","NA","NA","NA","NA","NA","NA","2","legacy","no","no","1024","2","48000","-16","no","EXP","111","odd","no","no","NA","6440","2718","2719","4950","6432","6432","76086","NA","34393","114173","29628","20161","31332","114674","114172","6441","34393","114674","115283","NA","67026","20161","31310","20174","29626","20174","20174","20161","NA","NA","NA","31334","NA","NA","NA","NA","NA","NA","NA","NA","NA","NA","NA","30129","30129","30810","NA","NA","115783","NA","NA","NA","6442","NA","NA","NA","NA","NA","NA","NA","NA","NA","NA","NA","Orientation_PSA2018","23","13085","23","no","yes","1024"
"F","5604","F","F","PP_LIST4.csv","house.jpg","ring.jpg","100","100","569.75","569.75","#ffffff","yes","legacy","legacy","legacy","0","uniform","1","1","undefined","1","undefined","6","f","0","0","0","0","0","0","0","0","47","0","47","5","0","0","47","47","0","0","47","47","47","47","0","5","0","5","0","0","0","0","0","0","0","0","0","0","0","0","0","0","0","0","0","0","5","5","5","5","5","47","0","0","0","0","0","0","0","0","0","0","0","0","0","0","0","12/31/19 11:38:26","no","Matching Tasks","yes","no","","no","OrientationCrossLanguages_2018PSA_PP_1.2.4.osexp","W:\Projects\PSA\PSA_OpenSesame\StorageOfScripts","no","mono","no","18","no","#0000ff","no","עברית‬","yes","yes","768","no","no","legacy","47","47","1","5","W:/Projects/PSA/PSA_OpenSesame/StorageDataFiles/ISR001_pp_111.csv","legacy","no","Kafkaesque Koffka","3.2.8","yes","5a7ce671e83246000deafe81","no","no","0","0","f","space","NA","f","NA","NA","NA","space","NA","NA","NA","NA","NA","NA","NA","NA","NA","NA","NA","j","NA","NA","NA","space","NA","NA","NA","NA","NA","NA","NA","NA","NA","NA","NA","589","1675","NA","589","NA","NA","NA","3050","NA","NA","NA","NA","NA","NA","NA","NA","NA","NA","NA","680","NA","NA","NA","13710","NA","NA","NA","NA","NA","NA","NA","NA","NA","NA","NA","2","legacy","no","no","1024","2","48000","-16","no","EXP","111","odd","no","no","NA","6440","2718","2719","4950","6432","6432","76086","NA","34393","115862","29628","20161","31332","116363","115861","6441","34393","116363","116954","NA","67026","20161","31310","20174","29626","20174","20174","20161","NA","NA","NA","31334","NA","NA","NA","NA","NA","NA","NA","NA","NA","NA","NA","30129","30129","30810","NA","NA","117454","NA","NA","NA","6442","NA","NA","NA","NA","NA","NA","NA","NA","NA","NA","NA","Orientation_PSA2018","24","13674","24","no","yes","1024"
